-- phpMyAdmin SQL Dump
-- version 4.9.11
-- https://www.phpmyadmin.net/
--
-- Host: localhost:3306
-- Generation Time: Jun 22, 2023 at 05:50 AM
-- Server version: 10.5.20-MariaDB-cll-lve
-- PHP Version: 7.4.33

SET SQL_MODE = "NO_AUTO_VALUE_ON_ZERO";
SET AUTOCOMMIT = 0;
START TRANSACTION;
SET time_zone = "+00:00";


/*!40101 SET @OLD_CHARACTER_SET_CLIENT=@@CHARACTER_SET_CLIENT */;
/*!40101 SET @OLD_CHARACTER_SET_RESULTS=@@CHARACTER_SET_RESULTS */;
/*!40101 SET @OLD_COLLATION_CONNECTION=@@COLLATION_CONNECTION */;
/*!40101 SET NAMES utf8mb4 */;

--
-- Database: `kantggjb_lims`
--

-- --------------------------------------------------------

--
-- Table structure for table `account_customuser`
--

CREATE TABLE `account_customuser` (
  `id` bigint(20) NOT NULL,
  `password` varchar(128) NOT NULL,
  `last_login` datetime(6) DEFAULT NULL,
  `is_superuser` tinyint(1) NOT NULL,
  `first_name` varchar(150) NOT NULL,
  `last_name` varchar(150) NOT NULL,
  `is_staff` tinyint(1) NOT NULL,
  `is_active` tinyint(1) NOT NULL,
  `date_joined` datetime(6) NOT NULL,
  `phone` varchar(15) DEFAULT NULL,
  `email` varchar(255) NOT NULL,
  `username` varchar(255) NOT NULL,
  `registration_document` varchar(100) NOT NULL,
  `is_verified` int(11) NOT NULL,
  `role` smallint(5) UNSIGNED DEFAULT NULL CHECK (`role` >= 0),
  `client_category_id` bigint(20) DEFAULT NULL,
  `department_name` varchar(255) DEFAULT NULL,
  `registration_number` varchar(255) DEFAULT NULL,
  `renew_document` varchar(100) NOT NULL,
  `created_by` int(11) DEFAULT NULL,
  `remarks` varchar(200) DEFAULT NULL,
  `approved_by_id` bigint(20) DEFAULT NULL,
  `approved_date` date DEFAULT NULL,
  `created_date` datetime(6) NOT NULL,
  `updated_date` datetime(6) NOT NULL,
  `department_address` varchar(60) DEFAULT NULL
) ENGINE=InnoDB DEFAULT CHARSET=utf8mb4 COLLATE=utf8mb4_general_ci;

--
-- Dumping data for table `account_customuser`
--

INSERT INTO `account_customuser` (`id`, `password`, `last_login`, `is_superuser`, `first_name`, `last_name`, `is_staff`, `is_active`, `date_joined`, `phone`, `email`, `username`, `registration_document`, `is_verified`, `role`, `client_category_id`, `department_name`, `registration_number`, `renew_document`, `created_by`, `remarks`, `approved_by_id`, `approved_date`, `created_date`, `updated_date`, `department_address`) VALUES
(1, 'pbkdf2_sha256$390000$bGlSmlTu2EeNdN2tOlTW0e$yoEnQqHTg6KfoNXLKBT1RpGOEyG8ku81ZvdHEs8c93E=', '2023-06-22 08:23:36.715779', 0, 'Admin', 'Admin', 0, 1, '2023-05-15 06:33:02.961646', '9818780677', 'admin@gmail.com', 'admin', 'media/user/registration/da.png', 1, 1, 1, 'Test', '456789', 'media/user/renew_doument/da.png', NULL, NULL, NULL, NULL, '2023-06-13 08:01:11.977882', '2023-06-13 08:01:12.022299', ''),
(60, 'pbkdf2_sha256$390000$LSNUhGp49w643VeaULdmYH$1EQdsbamm3m1PURenax21DeVDdTWyX8PhVlefsXfcf4=', '2023-06-22 09:24:26.460291', 0, 'User', 'User', 0, 1, '2023-06-21 12:55:55.556350', '9864956214', 'user@gmail.com', 'user', 'media/user/registration/1.webp', 1, 5, 1, 'Testing Private Limited', '500533543', 'media/user/renew_doument/1.webp', NULL, NULL, NULL, NULL, '2023-06-21 12:55:55.556702', '2023-06-21 12:55:55.556722', 'f'),
(61, 'pbkdf2_sha256$390000$gaQ4zvPa4mIT0GAvEM6poV$8m3AnurvhPOmsR7+MvxCQIe/EFm9NPQItTuCIYvdoLU=', '2023-06-22 08:21:49.084152', 0, 'Supervisor', 'Supervisor', 0, 1, '2023-06-21 12:58:15.914900', '9899999999', 'supervisor@gmail.com', 'supervisor', '', 1, 3, 1, 'null', NULL, '', NULL, NULL, NULL, NULL, '2023-06-21 12:58:15.915162', '2023-06-21 12:58:15.915181', 'null'),
(62, 'pbkdf2_sha256$390000$wudjQyB9XhnrEAOopur39g$l3X0aocNm+9nwP8zSvBzzkfXlmPGJeOcbYXc9rKv5Jo=', '2023-06-22 06:08:59.647847', 0, 'Analyst', 'Analyst', 0, 1, '2023-06-21 12:59:33.838908', '9811111111', 'analyst@gmail.com', 'analyst', '', 1, 4, 1, 'null', NULL, '', NULL, NULL, NULL, NULL, '2023-06-21 12:59:33.839054', '2023-06-21 12:59:33.839066', 'null'),
(63, 'pbkdf2_sha256$390000$Bc3QjJ0fq69vUW14DBGzXm$X3iTlrbSg1LBdAj/KPY7eTwWxG7Brjr0LQMAxnVjcTg=', '2023-06-21 20:24:37.447761', 0, 'Pradeep', 'Marasini', 0, 1, '2023-06-21 13:01:19.456193', '9869469665', 'pradeep@gmail.com', 'pradeep', '', 1, 1, 1, 'null', 'null', '', NULL, NULL, NULL, NULL, '2023-06-21 13:01:19.456429', '2023-06-21 13:01:19.456447', 'null'),
(64, 'pbkdf2_sha256$390000$JJnkF4gmGh9ABBa3h1fihB$jHy1T+DwzNGrxL5sN32jUmbzexfp05B5giBcC7kBkzI=', '2023-06-21 17:00:37.896146', 0, 'Pradeep', 'User', 0, 1, '2023-06-21 13:02:55.879231', '9856456221', 'pradeepuser@gmail.com', 'upradeep', 'media/user/registration/1_pspRWRQ.webp', 1, 5, 1, 'Pradeep Private Limited', '23565465', 'media/user/renew_doument/1_cn8IUOo.webp', NULL, NULL, NULL, NULL, '2023-06-21 13:02:55.879417', '2023-06-21 13:02:55.879434', 'f'),
(65, 'pbkdf2_sha256$390000$ljGppdEqBmmUw9cn4LTcoj$XZYUXB+kD4Rhg2rq/aDvR77pyQ3s0emKG1xaLZw/5oI=', NULL, 0, 'Pradeep', 'Verifier', 0, 1, '2023-06-21 13:04:05.385788', '9845671232', 'pradeepverifier@gmail.com', 'vpradeep', '', 1, 6, 1, 'null', NULL, '', NULL, NULL, NULL, NULL, '2023-06-21 13:04:05.386082', '2023-06-21 13:04:05.386107', 'null'),
(66, 'pbkdf2_sha256$390000$eroyFmCny8ZOH0N0gH9rIB$xmi+dQoELTR0L37VQmBoD8jyMYYoRg8Nr9cgb2l0xws=', '2023-06-22 04:17:12.742358', 0, 'Pradeep', 'Analyst', 0, 1, '2023-06-21 13:05:29.176862', '9845671236', 'pradeepanalyst@gmail.com', 'apradeep', '', 1, 4, 1, 'null', 'null', '', NULL, NULL, NULL, NULL, '2023-06-21 13:05:29.177004', '2023-06-21 13:05:29.177030', 'null'),
(67, 'pbkdf2_sha256$390000$iMVpZpaScJzQ8yp0hqzJvr$x5/8+ptljtEoou7QzbUhtyLEzWbi6e2aCRr1WKN1EXI=', '2023-06-21 14:18:33.787165', 0, 'Subarna', 'Admin', 0, 1, '2023-06-21 13:06:51.384350', '9874561230', 'subarna@admin.com', 'subarna', '', 1, 1, 1, 'null', NULL, '', NULL, NULL, NULL, NULL, '2023-06-21 13:06:51.384513', '2023-06-21 13:06:51.384525', 'null'),
(68, 'pbkdf2_sha256$390000$crCs2jiSy24Zi0JuJ0b99e$hnqWfWl6dk6SU08mfMkrO8IYW3evh9WHHx+HCfHodOM=', '2023-06-22 04:09:56.056012', 0, 'Subarna', 'Supervisor', 0, 1, '2023-06-21 13:07:56.241046', '9856471230', 'subarna@supervisor.com', 'ssubarna', '', 1, 3, 1, 'null', NULL, '', NULL, NULL, NULL, NULL, '2023-06-21 13:07:56.241149', '2023-06-21 13:07:56.241159', 'null'),
(69, 'pbkdf2_sha256$390000$VVkOqN7tu70rAwzTot3Ve1$QrLm8G0ZXETi2QpHEcBpPTcSLg4aF8VrEO03Usghey0=', '2023-06-21 13:24:08.907793', 0, 'Subarna', 'Smu', 0, 1, '2023-06-21 13:09:07.029908', '9845671230', 'subarna@smu.com', 'smusubarna', '', 1, 2, 1, 'null', NULL, '', NULL, NULL, NULL, NULL, '2023-06-21 13:09:07.030069', '2023-06-21 13:09:07.030083', 'null'),
(70, 'pbkdf2_sha256$390000$pRo1HkYwiwI3L3YZ1Tp43f$P1De4z0ZYB7+2PhodFrXpGteVZvAkpyWGpc9arT9tFw=', '2023-06-21 13:26:10.773238', 0, 'Subarna', 'Verifier', 0, 1, '2023-06-21 13:23:02.840084', '9864512370', 'subarna@verifier.com', 'vsubarna', '', 1, 6, 1, 'null', NULL, '', NULL, NULL, NULL, NULL, '2023-06-21 13:23:02.840226', '2023-06-21 13:23:02.840237', 'null'),
(71, 'pbkdf2_sha256$390000$aqDxKE9ojomAUmjsGsDqnB$Y3bQtuP82K8M1g9gg6kXDRw8tyDRXmW+z53Pk9V5n2E=', '2023-06-22 05:56:56.684211', 0, 'Smu', 'Smu', 0, 1, '2023-06-21 13:25:26.025859', '9864513257', 'smu@gmail.com', 'smu', '', 1, 2, 1, 'null', NULL, '', NULL, NULL, NULL, NULL, '2023-06-21 13:25:26.025945', '2023-06-21 13:25:26.025953', 'null'),
(72, 'pbkdf2_sha256$390000$6xllsh35AX4yziKtyAXjSV$+EoOC3g0JVUzY6rv0zMANg8YoK8P7/3Q+UlO1EjPOpA=', '2023-06-22 02:19:08.982913', 0, 'Test006', 'test006', 0, 1, '2023-06-21 13:26:36.541923', '987656789', 'test006@gmail.com', 'test006', 'media/user/registration/Screenshot_2023-06-12_at_15.29.30_IUb6jpF.png', 1, 5, 1, 'Food and Technology', '12345', 'media/user/renew_doument/Screenshot_2023-06-12_at_15.23.38_jbyxqWk.png', NULL, 'New User', 71, '2023-06-21', '2023-06-21 13:26:36.542034', '2023-06-21 13:26:36.542045', 'fk'),
(73, 'pbkdf2_sha256$390000$wwvgkuO1NTEzZXNTs94c4c$4GTBMPyex6rRqBFFJDS8t6xRXywX2t51uWmNjiXuFDU=', '2023-06-22 06:15:38.012464', 0, 'Verifier', 'Verifier', 0, 1, '2023-06-21 13:28:26.135536', '9845671230', 'verifier@gmail.com', 'verifier', '', 1, 6, 1, 'null', NULL, '', NULL, NULL, NULL, NULL, '2023-06-21 13:28:26.135753', '2023-06-21 13:28:26.135775', 'null'),
(74, 'pbkdf2_sha256$390000$4Z7fnDp24WfhppOCyFTXgt$5Ig4Ipc4L0SdZhVVKF5CyYToauXJ9u5cNLahi2NxFsg=', '2023-06-21 13:31:41.787926', 0, 'Subarna', 'User', 0, 1, '2023-06-21 13:30:59.261081', '9845671230', 'subarna@user.com', 'usubarna', 'media/user/registration/1_8cplQ7M.webp', 1, 5, 1, 'The Subarna Studio', '65412398', 'media/user/renew_doument/1_2rUiBbR.webp', NULL, NULL, NULL, NULL, '2023-06-21 13:30:59.261257', '2023-06-21 13:30:59.261268', 'fdh'),
(75, 'pbkdf2_sha256$390000$Jydsv0cRE54wl8hbVYMe4g$9Nqg6ytAt/FAMVAjN8MFMNkZvamVcMa3RmJY9yMJrJo=', '2023-06-21 16:44:07.917341', 0, 'Test007', 'Test007', 0, 1, '2023-06-21 16:39:21.143927', '9861698412', 'test007@gmail.com', 'test007', 'media/user/registration/Screenshot_2023-06-12_at_15.53.48_fKJBNv6.png', 1, 5, 1, 'Gorkha', '1234', 'media/user/renew_doument/Screenshot_2023-06-12_at_15.23.38_ZOrzsu0.png', NULL, 'Test007 Added', 71, '2023-06-21', '2023-06-21 16:39:21.144076', '2023-06-21 16:39:21.144087', 'f'),
(76, 'pbkdf2_sha256$390000$vOCNDWEJ7fWXGuPsgzuWpc$FH3Jypnop2T48Q2WEDkEhOwc8lBQBpFPI9q9otVqHWc=', '2023-06-22 01:57:01.091418', 0, 'Hari', 'Dhakal', 0, 1, '2023-06-21 20:00:37.947554', '9874561230', 'hari@user.com', 'hari', 'media/user/registration/1_Ww9joGN.webp', 1, 5, 1, 'Hari Water Suppliers', '54612378', 'media/user/renew_doument/1_ykd1xNG.webp', NULL, 'Verify', NULL, '2023-06-22', '2023-06-21 20:00:37.947797', '2023-06-21 20:00:37.947814', 'fdh'),
(77, 'pbkdf2_sha256$390000$HdBDt2a59QHyDUw2UHBJQW$hV+V8+yXndLNjVomB1YF7g/Ut6ePvCwuKvPqdu8aZsw=', '2023-06-22 02:10:19.928976', 0, 'Krishna', 'Khanal', 0, 1, '2023-06-22 02:10:06.663313', '9874563210', 'krishna@gmail.com', 'krishna', 'media/user/registration/1_cyl1Eix.webp', 0, 5, 1, 'Krishna Bakery Private Limited', '654789123', 'media/user/renew_doument/1_qL4SkPk.webp', NULL, NULL, NULL, NULL, '2023-06-22 02:10:06.663523', '2023-06-22 02:10:06.663534', 'f'),
(78, 'pbkdf2_sha256$390000$78LuDkFTtsOd99juqTqDMs$LI+VqAW1Ylh9lGFHOSif8wi82XcIJkxkVuzEJoJfZds=', NULL, 0, 'Shyam', 'Kumar', 0, 1, '2023-06-22 02:12:40.407897', '9874563210', 'shyam@gmail.com', 'shyam', 'media/user/registration/1_MRjgIXt.webp', 0, 5, 1, 'Shyam Industries and Co.', '789456123', 'media/user/renew_doument/1_U8JDtnr.webp', NULL, NULL, NULL, NULL, '2023-06-22 02:12:40.408072', '2023-06-22 02:12:40.408093', 'fsur'),
(79, 'pbkdf2_sha256$390000$kS12SzDAgpTkhakJmCNXTR$CH4eb6GHQvDicECAbDrPMvFSzNGuolRTsMI1FUfm23o=', NULL, 0, 'Roshan', 'Tamang', 0, 1, '2023-06-22 02:15:23.089219', '9865471230', 'roshan@gmail.com', 'roshan', 'media/user/registration/1_XQFlpfx.webp', 0, 5, 1, 'Tamang Companies', '8745697123', 'media/user/renew_doument/1_UOiMsrm.webp', NULL, NULL, NULL, NULL, '2023-06-22 02:15:23.089366', '2023-06-22 02:15:23.089377', 'ftha'),
(80, 'pbkdf2_sha256$390000$t9Ks3nGr1zsM79OniAfpMG$aKG4AAfgp/SjFhSp75fBGNzgFiCCjST9cuA9ydZJimg=', NULL, 0, 'Sudarshan', 'Budhathoki', 0, 1, '2023-06-22 02:18:57.074422', '9851090363', 'sudarshan@gmail.com', 'sudarshan', 'media/user/registration/1_aRNeCgi.webp', 0, 5, 1, 'Budhathoki Drinking Suppliers', '741258963', 'media/user/renew_doument/1_y5oaqUJ.webp', NULL, NULL, NULL, NULL, '2023-06-22 02:18:57.074538', '2023-06-22 02:18:57.074549', 'fsur'),
(81, 'pbkdf2_sha256$390000$xDRFInJtRhsK7r3sD6DO66$OPlCjiP8wBi5Z5ZryJo6SSF30gmLev6LgX0J5oatUmk=', '2023-06-22 07:12:48.934831', 0, 'user1', 'surname', 0, 1, '2023-06-22 05:45:52.845628', '1234', 'abc@gmail.com', 'user123', 'media/user/registration/objective.png', 1, 5, 1, 'industry name123', '123445', 'media/user/renew_doument/objective.png', NULL, '123', NULL, '2023-06-22', '2023-06-22 05:45:52.845978', '2023-06-22 05:45:52.845996', 'fdh');

-- --------------------------------------------------------

--
-- Table structure for table `account_customuser_groups`
--

CREATE TABLE `account_customuser_groups` (
  `id` bigint(20) NOT NULL,
  `customuser_id` bigint(20) NOT NULL,
  `group_id` int(11) NOT NULL
) ENGINE=InnoDB DEFAULT CHARSET=utf8mb4 COLLATE=utf8mb4_general_ci;

-- --------------------------------------------------------

--
-- Table structure for table `account_customuser_user_permissions`
--

CREATE TABLE `account_customuser_user_permissions` (
  `id` bigint(20) NOT NULL,
  `customuser_id` bigint(20) NOT NULL,
  `permission_id` int(11) NOT NULL
) ENGINE=InnoDB DEFAULT CHARSET=utf8mb4 COLLATE=utf8mb4_general_ci;

-- --------------------------------------------------------

--
-- Table structure for table `auth_group`
--

CREATE TABLE `auth_group` (
  `id` int(11) NOT NULL,
  `name` varchar(150) NOT NULL
) ENGINE=InnoDB DEFAULT CHARSET=utf8mb4 COLLATE=utf8mb4_general_ci;

-- --------------------------------------------------------

--
-- Table structure for table `auth_group_permissions`
--

CREATE TABLE `auth_group_permissions` (
  `id` bigint(20) NOT NULL,
  `group_id` int(11) NOT NULL,
  `permission_id` int(11) NOT NULL
) ENGINE=InnoDB DEFAULT CHARSET=utf8mb4 COLLATE=utf8mb4_general_ci;

-- --------------------------------------------------------

--
-- Table structure for table `auth_permission`
--

CREATE TABLE `auth_permission` (
  `id` int(11) NOT NULL,
  `name` varchar(255) NOT NULL,
  `content_type_id` int(11) NOT NULL,
  `codename` varchar(100) NOT NULL
) ENGINE=InnoDB DEFAULT CHARSET=utf8mb4 COLLATE=utf8mb4_general_ci;

--
-- Dumping data for table `auth_permission`
--

INSERT INTO `auth_permission` (`id`, `name`, `content_type_id`, `codename`) VALUES
(1, 'Can add log entry', 1, 'add_logentry'),
(2, 'Can change log entry', 1, 'change_logentry'),
(3, 'Can delete log entry', 1, 'delete_logentry'),
(4, 'Can view log entry', 1, 'view_logentry'),
(5, 'Can add permission', 2, 'add_permission'),
(6, 'Can change permission', 2, 'change_permission'),
(7, 'Can delete permission', 2, 'delete_permission'),
(8, 'Can view permission', 2, 'view_permission'),
(9, 'Can add group', 3, 'add_group'),
(10, 'Can change group', 3, 'change_group'),
(11, 'Can delete group', 3, 'delete_group'),
(12, 'Can view group', 3, 'view_group'),
(13, 'Can add content type', 4, 'add_contenttype'),
(14, 'Can change content type', 4, 'change_contenttype'),
(15, 'Can delete content type', 4, 'delete_contenttype'),
(16, 'Can view content type', 4, 'view_contenttype'),
(17, 'Can add session', 5, 'add_session'),
(18, 'Can change session', 5, 'change_session'),
(19, 'Can delete session', 5, 'delete_session'),
(20, 'Can view session', 5, 'view_session'),
(21, 'Can add user', 6, 'add_customuser'),
(22, 'Can change user', 6, 'change_customuser'),
(23, 'Can delete user', 6, 'delete_customuser'),
(24, 'Can view user', 6, 'view_customuser'),
(25, 'Can add client category', 7, 'add_clientcategory'),
(26, 'Can change client category', 7, 'change_clientcategory'),
(27, 'Can delete client category', 7, 'delete_clientcategory'),
(28, 'Can view client category', 7, 'view_clientcategory'),
(29, 'Can add commodity', 8, 'add_commodity'),
(30, 'Can change commodity', 8, 'change_commodity'),
(31, 'Can delete commodity', 8, 'delete_commodity'),
(32, 'Can view commodity', 8, 'view_commodity'),
(33, 'Can add commodity category', 9, 'add_commoditycategory'),
(34, 'Can change commodity category', 9, 'change_commoditycategory'),
(35, 'Can delete commodity category', 9, 'delete_commoditycategory'),
(36, 'Can view commodity category', 9, 'view_commoditycategory'),
(37, 'Can add sample form', 10, 'add_sampleform'),
(38, 'Can change sample form', 10, 'change_sampleform'),
(39, 'Can delete sample form', 10, 'delete_sampleform'),
(40, 'Can view sample form', 10, 'view_sampleform'),
(41, 'Can add sample form parameter formula calculate', 11, 'add_sampleformparameterformulacalculate'),
(42, 'Can change sample form parameter formula calculate', 11, 'change_sampleformparameterformulacalculate'),
(43, 'Can delete sample form parameter formula calculate', 11, 'delete_sampleformparameterformulacalculate'),
(44, 'Can view sample form parameter formula calculate', 11, 'view_sampleformparameterformulacalculate'),
(45, 'Can add test result', 12, 'add_testresult'),
(46, 'Can change test result', 12, 'change_testresult'),
(47, 'Can delete test result', 12, 'delete_testresult'),
(48, 'Can view test result', 12, 'view_testresult'),
(49, 'Can add sample form has parameter', 13, 'add_sampleformhasparameter'),
(50, 'Can change sample form has parameter', 13, 'change_sampleformhasparameter'),
(51, 'Can delete sample form has parameter', 13, 'delete_sampleformhasparameter'),
(52, 'Can view sample form has parameter', 13, 'view_sampleformhasparameter'),
(53, 'Can add payment', 14, 'add_payment'),
(54, 'Can change payment', 14, 'change_payment'),
(55, 'Can delete payment', 14, 'delete_payment'),
(56, 'Can view payment', 14, 'view_payment'),
(57, 'Can add notification', 15, 'add_notification'),
(58, 'Can change notification', 15, 'change_notification'),
(59, 'Can delete notification', 15, 'delete_notification'),
(60, 'Can view notification', 15, 'view_notification'),
(61, 'Can add sample form verifier', 16, 'add_sampleformverifier'),
(62, 'Can change sample form verifier', 16, 'change_sampleformverifier'),
(63, 'Can delete sample form verifier', 16, 'delete_sampleformverifier'),
(64, 'Can view sample form verifier', 16, 'view_sampleformverifier');

-- --------------------------------------------------------

--
-- Table structure for table `django_admin_log`
--

CREATE TABLE `django_admin_log` (
  `id` int(11) NOT NULL,
  `action_time` datetime(6) NOT NULL,
  `object_id` longtext DEFAULT NULL,
  `object_repr` varchar(200) NOT NULL,
  `action_flag` smallint(5) UNSIGNED NOT NULL CHECK (`action_flag` >= 0),
  `change_message` longtext NOT NULL,
  `content_type_id` int(11) DEFAULT NULL,
  `user_id` bigint(20) NOT NULL
) ENGINE=InnoDB DEFAULT CHARSET=utf8mb4 COLLATE=utf8mb4_general_ci;

-- --------------------------------------------------------

--
-- Table structure for table `django_content_type`
--

CREATE TABLE `django_content_type` (
  `id` int(11) NOT NULL,
  `app_label` varchar(100) NOT NULL,
  `model` varchar(100) NOT NULL
) ENGINE=InnoDB DEFAULT CHARSET=utf8mb4 COLLATE=utf8mb4_general_ci;

--
-- Dumping data for table `django_content_type`
--

INSERT INTO `django_content_type` (`id`, `app_label`, `model`) VALUES
(6, 'account', 'customuser'),
(1, 'admin', 'logentry'),
(3, 'auth', 'group'),
(2, 'auth', 'permission'),
(4, 'contenttypes', 'contenttype'),
(7, 'management', 'clientcategory'),
(8, 'management', 'commodity'),
(9, 'management', 'commoditycategory'),
(14, 'management', 'payment'),
(10, 'management', 'sampleform'),
(13, 'management', 'sampleformhasparameter'),
(11, 'management', 'sampleformparameterformulacalculate'),
(16, 'management', 'sampleformverifier'),
(12, 'management', 'testresult'),
(5, 'sessions', 'session'),
(15, 'websocket', 'notification');

-- --------------------------------------------------------

--
-- Table structure for table `django_migrations`
--

CREATE TABLE `django_migrations` (
  `id` bigint(20) NOT NULL,
  `app` varchar(255) NOT NULL,
  `name` varchar(255) NOT NULL,
  `applied` datetime(6) NOT NULL
) ENGINE=InnoDB DEFAULT CHARSET=utf8mb4 COLLATE=utf8mb4_general_ci;

--
-- Dumping data for table `django_migrations`
--

INSERT INTO `django_migrations` (`id`, `app`, `name`, `applied`) VALUES
(1, 'management', '0001_initial', '2023-05-29 08:36:37.381227'),
(2, 'contenttypes', '0001_initial', '2023-05-29 08:36:37.988553'),
(3, 'contenttypes', '0002_remove_content_type_name', '2023-05-29 08:36:39.257916'),
(4, 'auth', '0001_initial', '2023-05-29 08:36:47.736365'),
(5, 'auth', '0002_alter_permission_name_max_length', '2023-05-29 08:36:49.917966'),
(6, 'auth', '0003_alter_user_email_max_length', '2023-05-29 08:36:49.954722'),
(7, 'auth', '0004_alter_user_username_opts', '2023-05-29 08:36:50.005979'),
(8, 'auth', '0005_alter_user_last_login_null', '2023-05-29 08:36:50.041667'),
(9, 'auth', '0006_require_contenttypes_0002', '2023-05-29 08:36:50.076517'),
(10, 'auth', '0007_alter_validators_add_error_messages', '2023-05-29 08:36:50.123417'),
(11, 'auth', '0008_alter_user_username_max_length', '2023-05-29 08:36:50.158914'),
(12, 'auth', '0009_alter_user_last_name_max_length', '2023-05-29 08:36:50.198846'),
(13, 'auth', '0010_alter_group_name_max_length', '2023-05-29 08:36:50.312669'),
(14, 'auth', '0011_update_proxy_permissions', '2023-05-29 08:36:50.372484'),
(15, 'auth', '0012_alter_user_first_name_max_length', '2023-05-29 08:36:50.519004'),
(16, 'account', '0001_initial', '2023-05-29 08:37:04.604591'),
(17, 'account', '0002_remove_customuser_image_and_more', '2023-05-29 08:37:05.494334'),
(18, 'account', '0003_alter_customuser_role', '2023-05-29 08:37:05.579657'),
(19, 'admin', '0001_initial', '2023-05-29 08:37:08.910140'),
(20, 'admin', '0002_logentry_remove_auto_add', '2023-05-29 08:37:08.971089'),
(21, 'admin', '0003_logentry_add_action_flag_choices', '2023-05-29 08:37:09.050123'),
(22, 'management', '0002_sampleformparameterformulacalculate_remark', '2023-05-29 08:37:09.282977'),
(23, 'management', '0003_sampleform_supervisor_user_and_more', '2023-05-29 08:37:22.817756'),
(24, 'management', '0004_remove_sampleform_supervisor_user_and_more', '2023-05-29 08:37:25.203082'),
(25, 'management', '0005_alter_sampleformhasparameter_analyst_user', '2023-05-29 08:37:31.173218'),
(26, 'management', '0006_alter_sampleform_supervisor_user', '2023-05-29 08:37:37.649326'),
(27, 'management', '0007_remove_sampleform_supervisor_user', '2023-05-29 08:37:38.753953'),
(28, 'management', '0008_sampleform_supervisor_user', '2023-05-29 08:37:41.024325'),
(29, 'management', '0009_alter_sampleformhasparameter_analyst_user', '2023-05-29 08:37:48.242585'),
(30, 'management', '0010_alter_sampleformhasparameter_analyst_user', '2023-05-29 08:37:52.795799'),
(31, 'management', '0011_remove_sampleform_commodity_id_sampleform_commodity', '2023-05-29 08:37:54.772706'),
(32, 'management', '0012_alter_sampleform_commodity', '2023-05-29 08:37:54.870569'),
(33, 'management', '0013_remove_sampleform_commodity', '2023-05-29 08:37:57.561820'),
(34, 'management', '0014_sampleform_commodity', '2023-05-29 08:37:59.028152'),
(35, 'management', '0015_alter_sampleform_commodity', '2023-05-29 08:38:03.767275'),
(36, 'management', '0016_remove_sampleform_commodity', '2023-05-29 08:38:04.834628'),
(37, 'management', '0017_sampleform_commodity_id', '2023-05-29 08:38:05.412679'),
(38, 'management', '0018_alter_sampleform_commodity_id', '2023-05-29 08:38:16.213180'),
(39, 'management', '0019_remove_sampleform_commodity_id', '2023-05-29 08:38:16.976467'),
(40, 'management', '0020_sampleform_commodity_id', '2023-05-29 08:38:18.356085'),
(41, 'sessions', '0001_initial', '2023-05-29 08:38:20.287275'),
(42, 'websocket', '0001_initial', '2023-05-29 08:38:27.982941'),
(43, 'websocket', '0002_rename_notification_name_notification_model_name_and_more', '2023-05-29 08:38:28.936218'),
(44, 'management', '0021_rename_commodity_id_sampleform_commodity', '2023-05-29 09:38:38.331322'),
(45, 'management', '0022_sampleformparameterformulacalculate_is_verified', '2023-05-30 09:37:03.262730'),
(46, 'management', '0023_alter_sampleformhasparameter_status_and_more', '2023-05-31 10:06:52.270537'),
(47, 'management', '0024_sampleform_is_commodity_select', '2023-05-31 10:06:52.336753'),
(48, 'management', '0025_alter_sampleform_parameters', '2023-05-31 10:06:52.374396'),
(49, 'management', '0025_alter_sampleform_parameters_sampleformverifier', '2023-06-01 06:25:32.692885'),
(50, 'management', '0026_merge_20230601_0625', '2023-06-01 06:25:32.697644'),
(51, 'management', '0026_alter_sampleformverifier_sample_form', '2023-06-01 09:02:19.873352'),
(52, 'management', '0027_merge_20230601_0901', '2023-06-01 09:02:19.879813'),
(53, 'account', '0004_alter_customuser_is_active', '2023-06-02 05:54:10.325068'),
(54, 'account', '0005_alter_customuser_username', '2023-06-06 06:58:25.515499'),
(55, 'management', '0027_alter_sampleform_status', '2023-06-06 06:58:25.538825'),
(56, 'management', '0028_merge_20230606_0658', '2023-06-06 06:58:25.541918'),
(57, 'management', '0028_alter_sampleformverifier_sample_form', '2023-06-06 12:25:49.730922'),
(58, 'management', '0029_merge_20230606_1225', '2023-06-06 12:25:49.736317'),
(59, 'management', '0029_sampleformhasparameter_is_tested_and_more', '2023-06-07 12:01:54.637318'),
(60, 'management', '0030_rename_is_tested_sampleformhasparameter_is_supervisor_sent', '2023-06-07 12:01:54.663941'),
(61, 'management', '0031_sampleform_is_analyst_test', '2023-06-07 12:01:54.702950'),
(62, 'management', '0032_sampleformparameterformulacalculate_status', '2023-06-07 12:01:54.735009'),
(63, 'management', '0033_alter_sampleformparameterformulacalculate_status', '2023-06-07 12:01:54.809173'),
(64, 'management', '0034_alter_sampleformparameterformulacalculate_status', '2023-06-07 12:01:54.829869'),
(65, 'management', '0035_merge_20230607_1201', '2023-06-07 12:01:54.833321'),
(66, 'account', '0006_customuser_created_by_customuser_remarks', '2023-06-09 07:13:23.231002'),
(67, 'account', '0007_alter_customuser_created_by', '2023-06-09 07:13:23.253719'),
(68, 'management', '0035_alter_sampleform_amendments_alter_sampleform_note_and_more', '2023-06-12 09:16:39.254497'),
(69, 'management', '0036_merge_20230612_0916', '2023-06-12 09:16:39.257100'),
(70, 'account', '0008_customuser_approved_by_customuser_approved_date', '2023-06-13 05:40:32.862434'),
(71, 'account', '0009_alter_customuser_approved_by', '2023-06-13 05:40:32.997749'),
(72, 'management', '0036_sampleform_approved_by_sampleform_approved_date', '2023-06-13 05:59:16.928704'),
(73, 'management', '0037_merge_20230613_0559', '2023-06-13 05:59:16.933434'),
(74, 'account', '0010_customuser_created_date_customuser_updated_date', '2023-06-13 08:01:12.035203'),
(75, 'management', '0037_alter_sampleformparameterformulacalculate_result', '2023-06-13 20:13:49.770119'),
(76, 'management', '0038_alter_sampleformhasparameter_status_and_more', '2023-06-13 20:13:49.823088'),
(77, 'management', '0039_merge_20230613_2013', '2023-06-13 20:13:49.826482'),
(78, 'management', '0039_sampleform_completed_date', '2023-06-14 12:24:13.367791'),
(79, 'management', '0040_merge_20230614_1224', '2023-06-14 12:24:13.372969'),
(80, 'management', '0040_sampleform_verified_by', '2023-06-15 07:17:29.437695'),
(81, 'management', '0041_merge_20230615_0717', '2023-06-15 07:17:29.440892'),
(82, 'management', '0041_alter_sampleform_amendments_alter_sampleform_note', '2023-06-16 05:46:37.172919'),
(83, 'management', '0042_merge_20230616_0546', '2023-06-16 05:46:37.177283'),
(84, 'account', '0011_alter_customuser_registration_document_and_more', '2023-06-16 06:11:16.646213'),
(85, 'management', '0042_sampleformverifier_created_date_and_more', '2023-06-16 12:53:51.080931'),
(86, 'management', '0043_merge_20230616_1253', '2023-06-16 12:53:51.085231'),
(87, 'management', '0043_rename_ammount_payment_amount', '2023-06-17 11:19:34.578415'),
(88, 'management', '0044_merge_20230617_1119', '2023-06-17 11:19:34.582021'),
(89, 'management', '0044_sampleform_remarks', '2023-06-17 14:51:42.015438'),
(90, 'management', '0045_merge_20230617_1451', '2023-06-17 14:51:42.018912'),
(91, 'management', '0045_alter_sampleform_approved_date_and_more', '2023-06-17 15:22:44.951540'),
(92, 'management', '0046_merge_20230617_1522', '2023-06-17 15:22:44.961968'),
(93, 'account', '0012_customuser_department_type', '2023-06-18 08:15:46.676251'),
(94, 'management', '0046_sampleform_requested_export', '2023-06-18 08:15:46.712434'),
(95, 'management', '0047_merge_20230618_0815', '2023-06-18 08:15:46.716076'),
(96, 'account', '0002_customuser_department_address', '2023-06-18 09:01:44.410224'),
(97, 'account', '0013_remove_customuser_department_type_and_more', '2023-06-18 09:03:18.139527'),
(98, 'account', '0014_rename_department_address_customuser_department_type', '2023-06-18 09:03:18.160744'),
(99, 'account', '0015_remove_customuser_department_type', '2023-06-18 09:03:18.184477'),
(100, 'account', '0016_customuser_department_address', '2023-06-18 09:03:18.206479'),
(101, 'account', '0017_remove_customuser_department_address', '2023-06-18 09:03:18.228915'),
(102, 'account', '0018_customuser_department_address', '2023-06-18 09:03:18.254749'),
(103, 'account', '0019_merge_20230618_0902', '2023-06-18 09:03:18.258846'),
(104, 'account', '0020_alter_customuser_department_address', '2023-06-18 09:09:30.974819'),
(105, 'account', '0019_alter_customuser_department_address', '2023-06-18 18:55:05.853973'),
(106, 'account', '0021_merge_20230618_1854', '2023-06-18 18:55:05.868673'),
(107, 'management', '0047_sampleform_analyst_encode_id_and_more', '2023-06-18 18:55:06.040566'),
(108, 'management', '0048_alter_sampleform_requested_export', '2023-06-18 19:18:38.999363'),
(109, 'management', '0049_alter_sampleform_requested_export', '2023-06-20 05:39:42.059852'),
(110, 'websocket', '0003_notification_created_date_notification_updated_date', '2023-06-20 07:13:44.008899'),
(111, 'websocket', '0004_notification_isinstance_id', '2023-06-20 07:13:44.044346'),
(112, 'websocket', '0005_notification_particular_message_and_more', '2023-06-20 07:13:44.111454'),
(113, 'websocket', '0006_alter_notification_group_notification', '2023-06-20 19:44:21.947252'),
(114, 'account', '0022_merge_20230621_0751', '2023-06-21 07:52:42.441863'),
(115, 'account', '0021_alter_customuser_department_address_and_more', '2023-06-21 12:52:50.238473'),
(116, 'account', '0023_merge_20230621_1252', '2023-06-21 12:52:50.241513'),
(117, 'management', '0050_alter_sampleform_remarks', '2023-06-22 03:51:04.707751');

-- --------------------------------------------------------

--
-- Table structure for table `django_session`
--

CREATE TABLE `django_session` (
  `session_key` varchar(40) NOT NULL,
  `session_data` longtext NOT NULL,
  `expire_date` datetime(6) NOT NULL
) ENGINE=InnoDB DEFAULT CHARSET=utf8mb4 COLLATE=utf8mb4_general_ci;

--
-- Dumping data for table `django_session`
--

INSERT INTO `django_session` (`session_key`, `session_data`, `expire_date`) VALUES
('007umxtkyqba6mdddql10c8xd9zgf2mp', '.eJxVi8sKwjAUBf8laylpcpM2LgU_wXW4r5KiVrDNSvx3I3ShZzkz52Uy1q3kuuozz2KOpk_m8AsJ-arL1yDzoy5bt5PufMf5dmnNaU_-fgXX0k4ORj8msMKMoOQj9wTOk5NIoY2cnyCoDaoy2eAHELIuNjtIshrN-wPTsTSc:1qAXyl:yS9yq5iT5RbF_tOGhILv8LZOOaXuIEhwGTS7sm5bATc', '2023-07-01 15:36:43.089786'),
('00i7sotinkwqwgriw261nvjxhck2xvtg', '.eJxVi70KwjAQgN8ls5S7tJc0joKP4BwulxwpagXbTOK7W6GDrt_Py0Rua41tKc84ZXM0aA6_LLFcy_wVLPJo89rtpDvfebpdtua0J39f5aVuU0H1MvpMmogdiSjo2IMNrEiKGUKgPPRWlaAAWl-gHxwwJnDEJOb9AcYbNGA:1qC4Y1:MB2aPl0a2p24IRngQkDSHMa8vGbDuL36LrLGI8n8Em8', '2023-07-05 20:35:25.183741'),
('00mwgiosbntbjbsvend9eq7b9u6ktjmv', '.eJxVi70KwjAQgN8ls5Tc5UKio-AjdA53uYQUtYJtJvHdrdBB1-_nZRL3taW-lGea1JwMHs3hFwrna5m_hnN-9HkddjJc7jzdxq0578nf13hp26SxkBDVUIWAo8Pog1iI4hkUFAW9EtkqOYgrDoIjzh5r8eKArZr3B-IHNOg:1qB7SA:J-5wqrnTDPyB9IKCcv72Cg8aJWSQa2Mfw5H7Ls_i1Hs', '2023-07-03 05:29:26.167560'),
('011nshcgbfjumobmqzbpprp6tt2ylq7x', '.eJxVi70OwiAQgN-F2TQHB1dxNPERnMlxQGjUmrRlMr5726SDrt_PRwVuSw1tzlMYkroo3avTL4wsjzzuhkXebVy6g3S3Fw_P-9Zcj-TvqzzXbcrIaBCiYW2ppAQOwHkDDILalrMHgB58iZGMsT5pDeIskSNCZBL1XQGunzMp:1qA9sT:iLcOQ-B_JmhF2XAcejvQghp4f7h_Bofxbdkj6KheaaY', '2023-06-30 13:52:37.716276'),
('01qip0fcg7cp9qpqc0e0vrh8v6ma4cy0', '.eJxVi70KwjAQgN8ls5S7tJc0joKP4BwulxwpagXbTOK7W6GDrt_Py0Rua41tKc84ZXM0aA6_LLFcy_wVLPJo89rtpDvfebpdtua0J39f5aVuU0H1MvpMmogdiSjo2IMNrEiKGUKgPPRWlaAAWl-gHxwwJnDEJOb9AcYbNGA:1qAlN7:E3ehKArSHxpWyYEWzlhwFWBbOtJY6YdkDYq_k4NLpGE', '2023-07-02 05:54:45.081974'),
('02s7t2kj0n5svpj9vtdpopqofegzwoss', '.eJxVi80KwjAMgN-lZxkr2drEo-AjeC5pk9ChTnDrSXx3J-yg1-_n5RK3taa26DNN4o5ucIdflrlcdf4KLuXR5rXbSXe-83S7bM1pT_6-ykvdJvQgvRgjBEHJijJYAFP1vrBRBAwDZQ5jVjIAQymgPSHGkTUSufcH2uU1NQ:1q7WXt:aXANK59yrH4UP9XEY5o2Nh69NdwvyAfWt7-gXNj_iRI', '2023-06-23 07:28:29.623738'),
('0313lqqu7bgvyxo13iagyskdvgs8d4bn', '.eJxVi70KwjAQgN8ls5S7tJc0joKP4BwulxwpagXbTOK7W6GDrt_Py0Rua41tKc84ZXM0aA6_LLFcy_wVLPJo89rtpDvfebpdtua0J39f5aVuU0H1MvpMmogdiSjo2IMNrEiKGUKgPPRWlaAAWl-gHxwwJnDEJOb9AcYbNGA:1qC3mj:DxEpvkyJk5-8zrqiv6nXd1TExlQK1hQ4Rom5RZc9jfs', '2023-07-05 19:46:33.343631'),
('04rmlxv3fntyqfc5e4yas1p9vh55f93s', '.eJxVi80KwjAMgN-lZxkr2drEo-AjeC5pk9ChTnDrSXx3J-yg1-_n5RK3taa26DNN4o5ucIdflrlcdf4KLuXR5rXbSXe-83S7bM1pT_6-ykvdJvQgvRgjBEHJijJYAFP1vrBRBAwDZQ5jVjIAQymgPSHGkTUSufcH2uU1NQ:1q7ESk:7j6V5zho5J-4WPvEw2Fv1fOYFH0QTXfk_P3_CYIpr3Y', '2023-06-22 12:09:58.556373'),
('05syl14wa5p2w606vmquxikqisjzf4or', '.eJxVi0sKwjAQQO-StZROJs3HpeARXIfpZEKKWsE2K-ndG6EL3b7PR0Wqa4l1kXeckjorrU6_bCS-y_wVxPyq89odpLs-aXrcWnM5kr-v0FLaBJqcNw6yMRRYCA0mzDha471GAQspOAkZ3UC-sT7zYG1GDQGZoFfbDpnwM48:1q8gj7:v0a608OThf8Z__TCCe28AilPDd2t7Wh4ZgRu489KGPo', '2023-06-26 12:32:53.458046'),
('05u8aeumo3f93eo6ffi5r5t4y29qnk86', '.eJxVi0sKwjAQhu-StRQzpn9bl4JHcB0mMxNa1Aq2WYl3N0IXuv0eLxe5rGMsiz3jpO7o4Ha_LLFcbf4KFnmUeW020pzvPN0utTltyd838jLWqUdmGDFlT0mDgrwE2zOZQBFAOYgKYFWztUktkfadH_IBA7rWvT_ZzTUz:1q92b6:kuXAn867EhEVieIqgGaTTLJ-qcQ87anuDZilw1ce9EE', '2023-06-27 11:54:04.204515'),
('0631nlt2cz0vdokdye2b8it2opny78il', '.eJxVi0sKwjAQQO-StZROJs3HpeARXIfpZEKKWsE2K-ndG6EL3b7PR0Wqa4l1kXeckjorrU6_bCS-y_wVxPyq89odpLs-aXrcWnM5kr-v0FLaBJqcNw6yMRRYCA0mzDha471GAQspOAkZ3UC-sT7zYG1GDQGZoFfbDpnwM48:1q90jQ:a9hENFgG42vjjECuct-0U-AWxRNGiHMwhf9QCLvTGT4', '2023-06-27 09:54:32.449298'),
('07b06hw0vfn3pf6bppu00st3rfegfofy', '.eJxVi0kKwjAUQO-StRS_yc_gUvAIrsMfElLUCrZZiXe3Qhe6fcPLZOpLy30uzzyqORpndr-MSa5l-goSefRpGTYynO803i5rc9qSv6_R3Nap-pCYAjgNKSQEVlCPHjHEKMqJWRUOlRCdqCaLNqLsAahGtIW8eX8AtgA0ig:1qAXth:_oFFZBtzqv1BILRQcGcuM2upknJNA5dwkuXdqJwsa_c', '2023-07-01 15:31:29.142644'),
('07btgxvfcudjdrmo9g0jqy25ustz2g8h', '.eJxVi7sOwiAUht-F2TTcDlBHEx_BmfxwIDRqTWyZjO-uTTro-l1eIqKvLfalPOPE4iicEodfmJCvZd4Mcn70eR12MpzvmG6Xb3Pak7-vYWnblJgKe7LSAQQTRnj2owRppwvnWl21xgadismKwORNZajATFraJN4f9181XQ:1qC4G7:P68rj065nwwehJVNqWADg2Ld9kaTNsUNI7AaEfJf1lA', '2023-07-05 20:16:55.583302'),
('07o1w0l3ll4grctwg2cydeh4jtbi4ikc', '.eJxVi70KwjAQgN8ls5S7tJc0joKP4BwulxwpagXbTOK7W6GDrt_Py0Rua41tKc84ZXM0aA6_LLFcy_wVLPJo89rtpDvfebpdtua0J39f5aVuU0H1MvpMmogdiSjo2IMNrEiKGUKgPPRWlaAAWl-gHxwwJnDEJOb9AcYbNGA:1q3YnJ:AN7juwTzyJobzfveA7-iE7GnRRH1vXtZYFMtdqksmIo', '2023-06-12 09:04:01.756767'),
('0810a60pshjwjl2eqlmjycouxxl5y70v', '.eJxVizsOwjAQBe-yNYr8wVkvJRJHoLbWXluOgCAlcYW4O0ZKAeWbN_OCwG2roa15CZPACVDD4RdGTrc8fx9O6dnmbdjJcHnwdL9257wrf13ltfbIsLNazNF6rSxFK9mzIUTSxB5JikSjc7EqjcRkaBRSxFhc8n04hPcHutMz2w:1qC0TE:dlUGBE-rLzOJL1FmtTIfphUEt74LqMe02i-IW9F76yQ', '2023-07-05 16:14:12.197088'),
('089x4cjk4tjo1rh6wr37vboi181sw44y', '.eJxVi0EKwjAQRe-StZRMmkxSl4JHcB0mkwkpagXbrMS7G6ELXX14_72XitS2GtsqzzhndVRo1OEXJuKrLN-HmB9t2YadDOc7zbdLd0678tdVWmuPtACA01MoTkYxbhpTloTFcvHAjJitDim5jH0IMrI2oCV4KsWz9er9Ad0LNQA:1qC0Hx:ljN_T9kqUGIvMQrBuUSG_88RNBJqDUaUctBNWP9zP3w', '2023-07-05 16:02:33.743593'),
('09b0r6t0wteutv32q8imncru0wfibr1c', '.eJxVi0sKwjAQQO-StZTmMzFxKXgE12FmMiFFrdA2K_HuRuhCt-_zUgnbVlNbZUlTVifl1eGXEfJN5q9A5mebt2Enw-WB0_3am_Oe_H0V19onCESQvXUQrBESU9BkEMaAdmTWpEVG4xhQwNnoegzReDrqyEUXr94fzqI0-Q:1q3aMs:13pBrfZbwFX7rDKQ50VpJ4cHN29NRF_cLOQocefJ9vQ', '2023-06-12 10:44:50.834425'),
('09giqi8qgzkud9zpgbies65yovxsfa0l', '.eJxVi70KwjAQgN8ls5S7tJc0joKP4BwulxwpagXbTOK7W6GDrt_Py0Rua41tKc84ZXM0aA6_LLFcy_wVLPJo89rtpDvfebpdtua0J39f5aVuU0H1MvpMmogdiSjo2IMNrEiKGUKgPPRWlaAAWl-gHxwwJnDEJOb9AcYbNGA:1qAP3e:RfY5dNRyAKwR0FB6Uk3YVmfCGW4sBEhRIiiCRM8HqXk', '2023-07-01 06:05:10.797137'),
('0a1w5t6x40b4y8w246v4q2mx30c0frs4', '.eJxVy0EOwiAQheG7sDYNdYABlyYewTUZhk5o1Jq0ZWW8e2nShW7_972PilTXEusyzHHM6qLAqNNvTMSPYdoXYn7Xae2O0t1eND7vzVwP8vcrtJR2QgcagrWCAYKgTex9n4Omc7AsYCyioEPvnM_YZBM-mSyakXoUUN8NpZczkQ:1q7WgR:qwbQFfEDi_5QJ1H4JDWpGrLD6VGcqmdrBsBaxL2Duq4', '2023-06-23 07:37:19.712275'),
('0aft4wn9c6qwrq43auw50fdqe2ou8yu2', '.eJxVi70KwjAQgN8ls5S7tJc0joKP4BwulxwpagXbTOK7W6GDrt_Py0Rua41tKc84ZXM0aA6_LLFcy_wVLPJo89rtpDvfebpdtua0J39f5aVuU0H1MvpMmogdiSjo2IMNrEiKGUKgPPRWlaAAWl-gHxwwJnDEJOb9AcYbNGA:1qC14V:Xg6JxtqIfKGyfOZ3ky-qsy-c4EFWY1QI5K2A00m23xs', '2023-07-05 16:52:43.809983'),
('0bm4vo57ob82598sohlqxdpk6xxtb8ff', '.eJxVjDEOwjAMRe-SGVUJrZ2EEYkjdI5sx1EqoEi0mRB3h0odYH3_vf8yidpaU1v0maZsTgbN4ZcxyVXnbSCRR5vXbifd5U7Tbfw651356yotdXtj54HAW4EwlHBUEc4xOwdBFIsEQEfIPTBL7FkQbCRvIwBp8YDm_QHBRjS0:1q7UOk:41A1lsA2284mpjR5iaKt1q01xIVQMQ4VQdGy4M9SDnw', '2023-06-23 05:10:54.326511'),
('0cnxvqiai13gk4x9s554kjnct9xxpaqq', '.eJxVizsOwjAQBe_iGkVO_GMpkTgCtfW8a8sREKR8KsTdMVIKaF4xb-alIra1xm3JcxxFnZQz6vALE_iWp-8D5uc2rd1OussD4_3anPOu_HUVS21Rb0whGQJ0z4mybyv6yDSwywKwJ0MEYQpsnc0o4JIhPlitnU9WvT_8TTXE:1qBBFI:ZwM29pNga9sjcUZkDxZ8L0VE4yaYnIyWCrK3CfhAGRc', '2023-07-03 09:32:24.619478'),
('0dfbepkhpcumr4sr2qfck48vycqvfins', '.eJxVi0sKwjAQQO-StZROJs3HpeARXIfpZEKKWsE2K-ndG6EL3b7PR0Wqa4l1kXeckjorrU6_bCS-y_wVxPyq89odpLs-aXrcWnM5kr-v0FLaBJqcNw6yMRRYCA0mzDha471GAQspOAkZ3UC-sT7zYG1GDQGZoFfbDpnwM48:1q4E52:T4BpsIpfthfqmfL8Lneef1gHlRARQoFtevkqf-RMWUU', '2023-06-14 05:09:04.162952'),
('0dybxymchpojvse9oqi6ese4qz1r5d7n', '.eJxVi0sKwjAQQO8yaylO_nEpeATXYTKTkKJWaJuVeHcrdKHb93lBor621Jcyp1HgBBjh8Asz8a1MX0PMzz6tw06Gy4PG-3Vrznvy9zVa2jZZIW8z-hKMZg7CupairBOvxCEGpWKkesRQ0ZB3JmbUujrMpMiJFXh_AOCeNKk:1q6sAh:kNDAGNQ1HY-sgn2Sb2qxNjTESffuIrF4o3hT224nTtE', '2023-06-21 12:21:51.231205'),
('0egtroogdy0v04tnp3s0pduwc0g7tqsm', '.eJxVi8sKwjAUBf8laylpcpM2LgU_wXW4r5KiVrDNSvx3I3ShZzkz52Uy1q3kuuozz2KOpk_m8AsJ-arL1yDzoy5bt5PufMf5dmnNaU_-fgXX0k4ORj8msMKMoOQj9wTOk5NIoY2cnyCoDaoy2eAHELIuNjtIshrN-wPTsTSc:1q8gjZ:LBNU155ZvAhK3di-hj964I1YVDl6ikEUI1-tF_23gJQ', '2023-06-26 12:33:21.481815'),
('0fz6ql3eizsn6vemncnx3mekiu7qm78o', '.eJxVi0sKwjAQQO-StZROJs3HpeARXIfpZEKKWsE2K-ndG6EL3b7PR0Wqa4l1kXeckjorrU6_bCS-y_wVxPyq89odpLs-aXrcWnM5kr-v0FLaBJqcNw6yMRRYCA0mzDha471GAQspOAkZ3UC-sT7zYG1GDQGZoFfbDpnwM48:1q9zs7:UIIPKQ7QSAltmUynkNwzyOmHiJYEZB5FBkSrY-A6WK4', '2023-06-30 03:11:35.981801'),
('0ietuweipv5lt0iomwe698ct9admvkro', '.eJxVi0sKwjAQQO-StZROJs3HpeARXIfpZEKKWsE2K-ndG6EL3b7PR0Wqa4l1kXeckjorrU6_bCS-y_wVxPyq89odpLs-aXrcWnM5kr-v0FLaBJqcNw6yMRRYCA0mzDha471GAQspOAkZ3UC-sT7zYG1GDQGZoFfbDpnwM48:1q3svx:h4tPChS3zOaLI26esyDBmiWC4IC9Uuc4JIilCpXhAuY', '2023-06-13 06:34:17.675177'),
('0iz7bknnk4r3pk461fk7wsrn4sxy7bkj', '.eJxVi70OwiAQgN-F2TQHB1dxNPERnMlxQGjUmrRlMr5726SDrt_PRwVuSw1tzlMYkroo3avTL4wsjzzuhkXebVy6g3S3Fw_P-9Zcj-TvqzzXbcrIaBCiYW2ppAQOwHkDDILalrMHgB58iZGMsT5pDeIskSNCZBL1XQGunzMp:1q90pc:pH0De3xTjpl4Ju52TTPHuVP49a1_sN5ckkzUGqOjJeE', '2023-06-27 10:00:56.149484'),
('0kk4k4weeo4etr9pgszer9mol0q5vbo9', '.eJxVi70KwjAQgN8ls5S7tJc0joKP4BwulxwpagXbTOK7W6GDrt_Py0Rua41tKc84ZXM0aA6_LLFcy_wVLPJo89rtpDvfebpdtua0J39f5aVuU0H1MvpMmogdiSjo2IMNrEiKGUKgPPRWlaAAWl-gHxwwJnDEJOb9AcYbNGA:1q6Pfb:1WtlUR0vhMad4DzNm2H7iQrOlyqRw6iqSHRJ96CyzY0', '2023-06-20 05:55:51.753779'),
('0l12ylwgw5od66f8nlla1okthw558een', '.eJxVjDEOwjAMRe-SGVUusaOUEYkjdI4c21UqoEi0mRB3h0od2vX99_7HJa5LSXW2dxrVXVxwpz3LLHeb1oFFXnVamo00tyePj_7vXDfl0BWey_rmMWbtiEigJUBlr0DEEXLwkAc6IzFKDkPLJgGgsyiIaqpkoOC-P6JnNIg:1q4xP6:tkvLaCnkkUHWufPsuJYOAZMd4ZVZd4tgewbq1XEpwhQ', '2023-06-16 05:32:48.926170'),
('0leert5nhjm7lqwozu07dmxztnmjsz8m', '.eJxViz0OwjAMRu_iGVUmTkrMiMQRmCPXcZUKKBJtJsTdCVIH2L6f916QpK4l1cWeacpwBA-7320Qvdr8PUT1Uee125bufJfpdmnMaUP-vCJLaZJjUmEOXvYaW3CBI7G2rnlkjJSDY2_BsmCPB2QyswHJ9y7qiAjvD6KaM_M:1q4mb7:HclMNd_g_leWRm93zoFF3VRm6CeDB3WRqPnShZYfPgg', '2023-06-15 18:00:29.571700'),
('0liqr2joogh8rrls548qkr5hab85heg6', '.eJxVi0EOwiAQRe_C2jRQKMO4NPEIrskwDKFRa2LLynh3MelCl__9914qUttqbKs845zVUY2oDr8wEV9l-T7E_GjLNuxkON9pvl26c9qVv67SWnuUJ-s0ueCT0wBIKCkICHBf1he2drJJyHFxhgG0wUIew4iM2Rcx6v0B0Ik0lw:1q8h4i:Iy6J2lr_paa62bdEEL41IUI9AOIrtV-DMsniQjRtdCE', '2023-06-26 12:55:12.375494'),
('0lomesp0iur0vr9h6a97p7pvv1lsbnrx', '.eJxVi70KwjAQgN8ls5TcpTlyjoKP4ByuyYUUtYJtJvHdjdBB1-_nZaK0rca26jPO2RwNenP4hZOkqy5fIyk92rINOxnOd5lvl96c9uTvq7LWPtGkpIWZbUgcAChDKjlIQVVHXjOQG4msx2IDI6L1MHZYPATK1pn3B9XLM8Y:1q6Vzz:oUd85-tTqzUBfViDD94xg15Aupb2-5HTE6VfpLb8XpU', '2023-06-20 12:41:19.489659'),
('0lweufny5l3cx09s6p0u2ikcu7pdxnpj', '.eJxVi8sKwjAQRf8layl5Ncm4FPwE12EmmZCiVrDNSvrvjdCFri6ce85HRGxrjW3hd5yyOAvtxekXEqY7z98HU3q1eR0OMlyfOD1u3bkcyl9Xcak9IgbI6ElJW6wqiSzovnLUxFyCM1DyaACM4pxRe-28cSGAL4ZYBhbbDuoQNMY:1q7WZH:EHFVxyIUMA3sbfjxj_YY1mm6BOzYLklzbp10dEn9MRE', '2023-06-23 07:29:55.653775'),
('0m1vuxm4q3ruwqr0a0leea225bpl0id0', '.eJxVi0sKwjAQQO-StZROJs3HpeARXIfpZEKKWsE2K-ndG6EL3b7PR0Wqa4l1kXeckjorrU6_bCS-y_wVxPyq89odpLs-aXrcWnM5kr-v0FLaBJqcNw6yMRRYCA0mzDha471GAQspOAkZ3UC-sT7zYG1GDQGZoFfbDpnwM48:1q9Pb8:n4XLmaIHmIbutCSLWJWQQOIKQxsN1ZsdLjkoYMi5vXw', '2023-06-28 12:27:38.401319'),
('0nzbm0lgnqnuepduszs3pm37obxei4es', '.eJxVi70KwjAQgN8ls5S7tJc0joKP4BwulxwpagXbTOK7W6GDrt_Py0Rua41tKc84ZXM0aA6_LLFcy_wVLPJo89rtpDvfebpdtua0J39f5aVuU0H1MvpMmogdiSjo2IMNrEiKGUKgPPRWlaAAWl-gHxwwJnDEJOb9AcYbNGA:1q8fyf:7PdZWWbAdNTMj_QzwwrXLUM8pLvYgalukfj6jsd3ndw', '2023-06-26 11:44:53.924269'),
('0oqm6dqjk4b7fdr6da46pu0513fdeig4', '.eJxVi0EOwiAQRe_C2jRQKMO4NPEIrskwDKFRa2LLynh3MelCl__9914qUttqbKs845zVUY2oDr8wEV9l-T7E_GjLNuxkON9pvl26c9qVv67SWnuUJ-s0ueCT0wBIKCkICHBf1he2drJJyHFxhgG0wUIew4iM2Rcx6v0B0Ik0lw:1q8gk6:AXe239Rm69AXDSn8zHskzjbMaOU5zSwtj2OBiY0JEvU', '2023-06-26 12:33:54.937590'),
('0qux3j3zoew1x4ei4e9ri59mg4es2hn8', '.eJxVizsOwjAQBe-yNYr8wVkvJRJHoLbWXluOgCAlcYW4O0ZKAeWbN_OCwG2roa15CZPACVDD4RdGTrc8fx9O6dnmbdjJcHnwdL9257wrf13ltfbIsLNazNF6rSxFK9mzIUTSxB5JikSjc7EqjcRkaBRSxFhc8n04hPcHutMz2w:1qCD9m:JyDZXLEWokHbphtNvp6knQrEKoYVpD0cKGQqi2boiN8', '2023-07-06 05:46:58.613706'),
('0rhwlhj0w9j4hxm02ffehshpcyhge3wc', '.eJxVi80KwjAMgN-lZxkr2drEo-AjeC5pk9ChTnDrSXx3J-yg1-_n5RK3taa26DNN4o5ucIdflrlcdf4KLuXR5rXbSXe-83S7bM1pT_6-ykvdJvQgvRgjBEHJijJYAFP1vrBRBAwDZQ5jVjIAQymgPSHGkTUSufcH2uU1NQ:1q8h9b:Z9bJcjChxDRaSyrY7u7lrW-XJCvrke5dl6OYei0rsJI', '2023-06-26 13:00:15.508191'),
('0s3coga2go90qsodctehl9t3tz5mqjti', '.eJxVi70KwjAQgN8ls5S7tJc0joKP4BwulxwpagXbTOK7W6GDrt_Py0Rua41tKc84ZXM0aA6_LLFcy_wVLPJo89rtpDvfebpdtua0J39f5aVuU0H1MvpMmogdiSjo2IMNrEiKGUKgPPRWlaAAWl-gHxwwJnDEJOb9AcYbNGA:1q6U3y:tYivOjIMGp0o_3OFpZpqs7r2-lNxBmgJmpIvw3wIptE', '2023-06-20 10:37:18.334902'),
('0s4esathewl0p6g4wsp835cpxd5lhlak', '.eJxVi0sKwjAQQO-StZROJs3HpeARXIfpZEKKWsE2K-ndG6EL3b7PR0Wqa4l1kXeckjorrU6_bCS-y_wVxPyq89odpLs-aXrcWnM5kr-v0FLaBJqcNw6yMRRYCA0mzDha471GAQspOAkZ3UC-sT7zYG1GDQGZoFfbDpnwM48:1qAYHo:YadxwOjKUAfQUnmFYnl4jvaseAsaudT6r15fLIvKT2s', '2023-07-01 15:56:24.419738'),
('0s6ez6cqmhfqqisdy20q53erfhdpbbha', '.eJxVi70OwiAQgN-F2TQHB1dxNPERnMlxQGjUmrRlMr5726SDrt_PRwVuSw1tzlMYkroo3avTL4wsjzzuhkXebVy6g3S3Fw_P-9Zcj-TvqzzXbcrIaBCiYW2ppAQOwHkDDILalrMHgB58iZGMsT5pDeIskSNCZBL1XQGunzMp:1q63GA:iauTU4uBIRWEJLYETktQQXYX_1S3XhihBPk67u6ziDA', '2023-06-19 06:00:06.516764'),
('0swfxvj89mmoiq4uyfevz6cy1tlw3f0j', '.eJxVi70KwjAQgN8ls5S7tJc0joKP4BwulxwpagXbTOK7W6GDrt_Py0Rua41tKc84ZXM0aA6_LLFcy_wVLPJo89rtpDvfebpdtua0J39f5aVuU0H1MvpMmogdiSjo2IMNrEiKGUKgPPRWlaAAWl-gHxwwJnDEJOb9AcYbNGA:1q91iM:rk2EBNfhtSxhlsNHCL-tiP7CR9t9Mtntcb52nw5eAt8', '2023-06-27 10:57:30.901435'),
('0tavdyxzxdgnjwidzbpgl1f7swv3ee2z', '.eJxVi80KwjAMgN-lZxkr2drEo-AjeC5pk9ChTnDrSXx3J-yg1-_n5RK3taa26DNN4o5ucIdflrlcdf4KLuXR5rXbSXe-83S7bM1pT_6-ykvdJvQgvRgjBEHJijJYAFP1vrBRBAwDZQ5jVjIAQymgPSHGkTUSufcH2uU1NQ:1q6Eir:cWdOpKF2qGXSl-3C4OawAjHH7yPJY4gPSfQB_-cngUs', '2023-06-19 18:14:29.704116'),
('0ukn51ng3xh39rh9i1ouli7pp3scpb8r', '.eJxVi0sKwjAQQO-StZROJs3HpeARXIfpZEKKWsE2K-ndG6EL3b7PR0Wqa4l1kXeckjorrU6_bCS-y_wVxPyq89odpLs-aXrcWnM5kr-v0FLaBJqcNw6yMRRYCA0mzDha471GAQspOAkZ3UC-sT7zYG1GDQGZoFfbDpnwM48:1q8gUO:2SEkhHDVEVPXQnqspsTginy4VBDE18kUrBnlp09I_p8', '2023-06-26 12:17:40.016298'),
('0vcfagpj4t7pblhu8fscgmlfw37q0nao', '.eJxVi0kKwjAUQO-StRS_yc_gUvAIrsMfElLUCrZZiXe3Qhe6fcPLZOpLy30uzzyqORpndr-MSa5l-goSefRpGTYynO803i5rc9qSv6_R3Nap-pCYAjgNKSQEVlCPHjHEKMqJWRUOlRCdqCaLNqLsAahGtIW8eX8AtgA0ig:1qAQW7:pqgMFpGQIIehDCkbm5e5saIP2K0VMn94Xcsso2IV92M', '2023-07-01 07:38:39.639617'),
('0vrrk7yc1q87iiwimaua74v9hij2w60e', '.eJxVi70KwjAQgN_lZilJc7kLjoKP4BwuyYUUtYJtJvHdrdBB1-_nBVH62mJf9BmnAkdgOPyyJPmq81dIzo8-r8NOhvNdpttla0578vc1Wdo2qXdV1fOoaDyyY0y1JGvElsQkjBoseUfBKYY6JipIEmp2hgVz9fD-ALeQNH4:1q91cz:RmjMWWIHRW89Rf1H6HQEqqopcvBFQbwPVRNSs4L6Css', '2023-06-27 10:51:57.543733'),
('0wos1qcst4wbg8tdmpjt8o9wigguco1j', '.eJxVi0sKwjAQQO-StZROJs3HpeARXIfpZEKKWsE2K-ndG6EL3b7PR0Wqa4l1kXeckjorrU6_bCS-y_wVxPyq89odpLs-aXrcWnM5kr-v0FLaBJqcNw6yMRRYCA0mzDha471GAQspOAkZ3UC-sT7zYG1GDQGZoFfbDpnwM48:1q8cMH:v9uIweY-8IEsNIhn7lleuQ5o9slAG4V9aEwnXP0ZQzU', '2023-06-26 07:53:01.379739'),
('0wren0n9nh6263arb7j1oqt6ccz9ahtf', '.eJxVi8sKwjAQRf8laylpOnm5FPwE12FmkiFFrWCblfjvRuhC4a7OPeelEratpraWZ5qzOioT1OEXEvK1LN8HmR9t2YadDOc7zrdLd0678tdVXGuPKFqGkidBEyenIZggQRO57EocXQEkziLg0UfbF8ZMmixa0Cg2evX-AOpGNPA:1q8eXb:KmuHp2TQPHLg4Hn6TLSv7vItHnE0n0288m09PUnGeHY', '2023-06-26 10:12:51.000262'),
('0wtpni65vfxe1w6o9v71e5d588s3rhj5', '.eJxVi80KwjAMgN-lZxkr2drEo-AjeC5pk9ChTnDrSXx3J-yg1-_n5RK3taa26DNN4o5ucIdflrlcdf4KLuXR5rXbSXe-83S7bM1pT_6-ykvdJvQgvRgjBEHJijJYAFP1vrBRBAwDZQ5jVjIAQymgPSHGkTUSufcH2uU1NQ:1q8mEN:pUeY8Y-ZrbPq0q3uCp0I75523GoH6Jl41FaCXhBaNww', '2023-06-26 18:25:31.721545'),
('0xnv1e0py6069rxkdv11atvuhpzpf8en', '.eJxVi70KwjAQgN8ls5TcpTlyjoKP4ByuyYUUtYJtJvHdjdBB1-_nZaK0rca26jPO2RwNenP4hZOkqy5fIyk92rINOxnOd5lvl96c9uTvq7LWPtGkpIWZbUgcAChDKjlIQVVHXjOQG4msx2IDI6L1MHZYPATK1pn3B9XLM8Y:1q6Rwf:zqI3LwGzNxTyEI1Ockf9UVBOIXMcp-enLIosUnefqQw', '2023-06-20 08:21:37.584814'),
('0xof5ofaws0jqf2nw8qqn2td845gaawa', '.eJxVi0EKwjAQRe-StZRMmkxSl4JHcB0mkwkpagXbrMS7G6ELXX14_72XitS2GtsqzzhndVRo1OEXJuKrLN-HmB9t2YadDOc7zbdLd0678tdVWmuPtACA01MoTkYxbhpTloTFcvHAjJitDim5jH0IMrI2oCV4KsWz9er9Ad0LNQA:1qBxzN:X6qYsdQH0NNPiTCG1AjSFfeCN1dkoigqG385-WoMw_Y', '2023-07-05 13:35:13.784898'),
('0z9y44mjnm34ikbhoimhvldecnvhtb3g', '.eJxVi0kKwjAUQO-StRS_yc_gUvAIrsMfElLUCrZZiXe3Qhe6fcPLZOpLy30uzzyqORpndr-MSa5l-goSefRpGTYynO803i5rc9qSv6_R3Nap-pCYAjgNKSQEVlCPHjHEKMqJWRUOlRCdqCaLNqLsAahGtIW8eX8AtgA0ig:1qAXBe:ItzUCPNwbu2IGUJGq7wj2g406-jMISOGUW2xB4gcs08', '2023-07-01 14:45:58.499068'),
('10bkc7793jf8nquw4lzhbq4g8rokiu5j', '.eJxVi0sKwjAQQO-StZRM_nEpeATXYWY6IUWtYJuVeHcrdKHb93mpgn1tpS_yLNOojipodfiFhHyV-WuQ-dHnddjJcL7jdLtszWlP_r6GS9umGsEKWwMCKRICeck6ENkEWEfUFBNXDC64DKGCYeNtTl47MToZBvX-AN0dNDM:1qCFaG:CmwF4iy0K-FzDlnj7bi9GoTm9LOn8SwTKTkaImmMPlg', '2023-07-06 08:22:28.906649'),
('10shid45z1wogctpjn706eoqb4f3s2i6', '.eJxVi70KwjAQgN8ls5Tc5UKio-AjdA53uYQUtYJtJvHdrdBB1-_nZRL3taW-lGea1JwMHs3hFwrna5m_hnN-9HkddjJc7jzdxq0578nf13hp26SxkBDVUIWAo8Pog1iI4hkUFAW9EtkqOYgrDoIjzh5r8eKArZr3B-IHNOg:1qAlbX:o6XqXHcxOH50Rd-jSWpGBG3vthJV-7T6C0VbcJsHKz0', '2023-07-02 06:09:39.236309'),
('110jfcai8fo5qfzxak1qv6mxz2lv5f2t', '.eJxVi0EKwjAQRe-StRSSdCaJS8EjuA6TmYQUtYJtVtK7N0IXuvrw_nsfFamtNbYlv-Mk6qw0qNMvTMT3PH8fYn61eR0OMlyfND1u3bkcyl9Xaak98hwQTMk69_HWidhgUFJmb4PzY0pcWIwQmYJhRKCktUEIBICOndp24bM0wQ:1qAly9:uZU5u8TI_Lb45j9DdCUghNvqYU_bbDiDLhZjAJTh2j4', '2023-07-02 06:33:01.066759'),
('11m1pnxuwyr7ifeono7gshadq40bkrrr', '.eJxVi70KwjAQgN8ls5Tc5UKio-AjdA53uYQUtYJtJvHdrdBB1-_nZRL3taW-lGea1JwMHs3hFwrna5m_hnN-9HkddjJc7jzdxq0578nf13hp26SxkBDVUIWAo8Pog1iI4hkUFAW9EtkqOYgrDoIjzh5r8eKArZr3B-IHNOg:1qBtWT:ngP2X6JIq2-C-wJIA9MtCFRQLkWJ6fAFZpAX0p3XUXc', '2023-07-05 08:49:05.623147'),
('11qghi8q8my9jcylcbf7kchcbsps35yy', '.eJxVi70OwiAQgN-F2TQHB1dxNPERnMlxQGjUmrRlMr5726SDrt_PRwVuSw1tzlMYkroo3avTL4wsjzzuhkXebVy6g3S3Fw_P-9Zcj-TvqzzXbcrIaBCiYW2ppAQOwHkDDILalrMHgB58iZGMsT5pDeIskSNCZBL1XQGunzMp:1q6VGl:BiqnNZv51uZqhcc0g0UnjIQdC6hSTeJZaXxBtYxZmjs', '2023-06-20 11:54:35.122831'),
('1202dbxzm3lwbpsozelw18fjx1vx7p9g', '.eJxVi0sKwjAQQO-StZROJs3HpeARXIfpZEKKWsE2K-ndG6EL3b7PR0Wqa4l1kXeckjorrU6_bCS-y_wVxPyq89odpLs-aXrcWnM5kr-v0FLaBJqcNw6yMRRYCA0mzDha471GAQspOAkZ3UC-sT7zYG1GDQGZoFfbDpnwM48:1q7WBK:bLuw09nUtoTA1T2_aZURyuSKfd0r_fxmch-AIN73HBM', '2023-06-23 07:05:10.848097'),
('12um7m8e9uj35jv6gl6hvzoc11n6mayh', '.eJxVi0sKwjAQQO8yayn5TJLGpeARXIfJZEqKWsE2K_HuRuhCt-_zgkRtq6mt8kxzgSMEC4dfmImvsnwNMT_asg07Gc53mm-X3pz25O-rtNY-sWHMClUZ--6ytjoIxslidkZ5NKRjEDuhOM_GOTSxFLGsfWGSHEd4fwDYGDTM:1qC9Y2:c6lQV-MANxHNzdlSrTwjWG-rG8mnCO3JUJ4ddg81uj0', '2023-07-06 01:55:46.401770'),
('13i30mf42bkf25d2qjahkjfv0apawm0g', '.eJxVi0sKwjAQQO-StZROJs3HpeARXIfpZEKKWsE2K-ndG6EL3b7PR0Wqa4l1kXeckjorrU6_bCS-y_wVxPyq89odpLs-aXrcWnM5kr-v0FLaBJqcNw6yMRRYCA0mzDha471GAQspOAkZ3UC-sT7zYG1GDQGZoFfbDpnwM48:1q9Pgz:Bprt7OJNoi270lgowJQed0WoBV9zsALzXiAbNBbjwqw', '2023-06-28 12:33:41.074560'),
('14480hkz0x2issfu9w6qjlzeipbkixwf', '.eJxVi80KwjAMgN-lZxkr2drEo-AjeC5pk9ChTnDrSXx3J-yg1-_n5RK3taa26DNN4o5ucIdflrlcdf4KLuXR5rXbSXe-83S7bM1pT_6-ykvdJvQgvRgjBEHJijJYAFP1vrBRBAwDZQ5jVjIAQymgPSHGkTUSufcH2uU1NQ:1q8aPL:J6ayqQAkX3IJN0OTBuqHg62DKPbBDoXg3kX_A9hVZoE', '2023-06-26 05:48:03.778643'),
('14hm1v1xu45lgn8fd36ycl7mqvy7a2yt', '.eJxVi8sKwjAUBf8laylpcpM2LgU_wXW4r5KiVrDNSvx3I3ShZzkz52Uy1q3kuuozz2KOpk_m8AsJ-arL1yDzoy5bt5PufMf5dmnNaU_-fgXX0k4ORj8msMKMoOQj9wTOk5NIoY2cnyCoDaoy2eAHELIuNjtIshrN-wPTsTSc:1q90od:ISEtdvLiBoTNbpSqjK6yxUer5i2T81oqgEdxbNpoUMU', '2023-06-27 09:59:55.706455'),
('158ecngt2vn92dl54l84xf1alb0cajms', '.eJxVi0sKwjAQQO-StZTmMzFxKXgE12FmMiFFrdA2K_HuRuhCt-_zUgnbVlNbZUlTVifl1eGXEfJN5q9A5mebt2Enw-WB0_3am_Oe_H0V19onCESQvXUQrBESU9BkEMaAdmTWpEVG4xhQwNnoegzReDrqyEUXr94fzqI0-Q:1q4FZc:7i_kGI2MMr4bJ2Qe-JcpHv7isWD6oeXrFK1yGiRIiBg', '2023-06-14 06:44:44.980244'),
('15vipec6go1b865pj0kqca4uerns6uh2', '.eJxVi70KwjAQgN8ls5S7tJc0joKP4BwulxwpagXbTOK7W6GDrt_Py0Rua41tKc84ZXM0aA6_LLFcy_wVLPJo89rtpDvfebpdtua0J39f5aVuU0H1MvpMmogdiSjo2IMNrEiKGUKgPPRWlaAAWl-gHxwwJnDEJOb9AcYbNGA:1qAkKz:mM7S_21RBqB90-MCCwM4_dOjvXWPOQZe4O3uB5E6LMQ', '2023-07-02 04:48:29.421656'),
('1647q8nquwrruqjfdab2pplip41brlhn', '.eJxVi70KwjAQgN_lZilJc7kLjoKP4BwuyYUUtYJtJvHdrdBB1-_nBVH62mJf9BmnAkdgOPyyJPmq81dIzo8-r8NOhvNdpttla0578vc1Wdo2qXdV1fOoaDyyY0y1JGvElsQkjBoseUfBKYY6JipIEmp2hgVz9fD-ALeQNH4:1q91ky:avRe5ZSfP2yiakuzwNUUWUZhI6notbncO5ivFI67kgw', '2023-06-27 11:00:12.932090'),
('16h9oktfc29m7egutpjja7nhtnjavitq', '.eJxVi70KwjAQgN8ls5S7tJc0joKP4BwulxwpagXbTOK7W6GDrt_Py0Rua41tKc84ZXM0aA6_LLFcy_wVLPJo89rtpDvfebpdtua0J39f5aVuU0H1MvpMmogdiSjo2IMNrEiKGUKgPPRWlaAAWl-gHxwwJnDEJOb9AcYbNGA:1qBxwT:K44rWGNy0jaD5e6stppycj-mFMA6qx0slg47gfiFzDk', '2023-07-05 13:32:13.836300'),
('16tfqcj4seyc08g4pv45mc9x52hlw481', '.eJxVi70KwjAQgN8ls5S7tJc0joKP4BwulxwpagXbTOK7W6GDrt_Py0Rua41tKc84ZXM0aA6_LLFcy_wVLPJo89rtpDvfebpdtua0J39f5aVuU0H1MvpMmogdiSjo2IMNrEiKGUKgPPRWlaAAWl-gHxwwJnDEJOb9AcYbNGA:1q6S7O:lldUDHgE3nhPD45e4YhPpvKbdM2SbOmTKCHk1oiSz4U', '2023-06-20 08:32:42.685892'),
('19enw3rk5prgnhtft87icxc5h9cuqb4c', '.eJxVi0sKwjAQQO-StZROJs3HpeARXIfpZEKKWsE2K-ndG6EL3b7PR0Wqa4l1kXeckjorrU6_bCS-y_wVxPyq89odpLs-aXrcWnM5kr-v0FLaBJqcNw6yMRRYCA0mzDha471GAQspOAkZ3UC-sT7zYG1GDQGZoFfbDpnwM48:1q8erk:av1h_FIc2zMPfxx6l9xHOn4JekpOMo2CCQd2Wm8P0dA', '2023-06-26 10:33:40.875104'),
('19nnz5w4x4qfb5bsyvpvsijoeyszjznf', '.eJxVi70KwjAQgN8ls5S7tJc0joKP4BwulxwpagXbTOK7W6GDrt_Py0Rua41tKc84ZXM0aA6_LLFcy_wVLPJo89rtpDvfebpdtua0J39f5aVuU0H1MvpMmogdiSjo2IMNrEiKGUKgPPRWlaAAWl-gHxwwJnDEJOb9AcYbNGA:1q7JCp:2YawUkRNsIGAcCaPaMK3d96ce5u6r9pY2IeLLhNoCfM', '2023-06-22 17:13:51.895548'),
('1ampkmjsg6ycr1tezt7grmvrtxarcano', '.eJxVi0sKwjAQQO-StZROJs3HpeARXIfpZEKKWsE2K-ndG6EL3b7PR0Wqa4l1kXeckjorrU6_bCS-y_wVxPyq89odpLs-aXrcWnM5kr-v0FLaBJqcNw6yMRRYCA0mzDha471GAQspOAkZ3UC-sT7zYG1GDQGZoFfbDpnwM48:1qA1PS:7KkQdF6hvG7tr0aggBmxJrTSsiboo7Gd63TaZHjBLiM', '2023-06-30 04:50:06.118688'),
('1biov4kubwmst9xio86mhtrfziuxk8gl', '.eJxVi70KwjAQgN_lZilJc7kLjoKP4BwuyYUUtYJtJvHdrdBB1-_nBVH62mJf9BmnAkdgOPyyJPmq81dIzo8-r8NOhvNdpttla0578vc1Wdo2qXdV1fOoaDyyY0y1JGvElsQkjBoseUfBKYY6JipIEmp2hgVz9fD-ALeQNH4:1qBe3o:ztG9C98Ldd25h12EUHf23SBOGsdplEfTcKEj6gEkhoM', '2023-07-04 16:18:28.711086'),
('1c920fcw7fh69j5osmle0ifuicg54j1o', '.eJxVi8sKwjAQRf8laymTyROXgp_gOkwmU1LUCrZZSf-9EbrQ5T33nI9K1Naa2iLvNBV1VqjV6Rdm4rvM34eYX21eh4MM1ydNj1t3Lofy11Vaao8cZM-RnQgEQItZ-wLWgAlgsRgpMY-CPAIWAWb23msdYh9Rk0NW2w7LDDR-:1q3sua:rYSigpvAa6pgd-exQq_dDFz34tQVpcWkcZBZNm-bi2Q', '2023-06-13 06:32:52.408068'),
('1cno1ltrjatb00y2v9o3zy7tz1dn242p', '.eJxVi0sKwjAQQO-StZROJs3HpeARXIfpZEKKWsE2K-ndG6EL3b7PR0Wqa4l1kXeckjorrU6_bCS-y_wVxPyq89odpLs-aXrcWnM5kr-v0FLaBJqcNw6yMRRYCA0mzDha471GAQspOAkZ3UC-sT7zYG1GDQGZoFfbDpnwM48:1q91Hq:M2HMvCCqe8URIPjI1y-b_mC8nRHHdHzUvWNTbp6wMwA', '2023-06-27 10:30:06.569055'),
('1cur63o7x7c0m6czbw7f9q2ov9k8aeo2', '.eJxVi70OwiAQgN-F2TQHB1dxNPERnMlxQGjUmrRlMr5726SDrt_PRwVuSw1tzlMYkroo3avTL4wsjzzuhkXebVy6g3S3Fw_P-9Zcj-TvqzzXbcrIaBCiYW2ppAQOwHkDDILalrMHgB58iZGMsT5pDeIskSNCZBL1XQGunzMp:1q9mSi:vLV3rEvW0yVKViwjltgWQqhII56QNA0ZmIHDmBDKKcs', '2023-06-29 12:52:28.858926'),
('1dga3xk5q5wcdcdpckkugiyyf02x9xdb', '.eJxVi70KwjAQgN8ls5S7tJc0joKP4BwulxwpagXbTOK7W6GDrt_Py0Rua41tKc84ZXM0aA6_LLFcy_wVLPJo89rtpDvfebpdtua0J39f5aVuU0H1MvpMmogdiSjo2IMNrEiKGUKgPPRWlaAAWl-gHxwwJnDEJOb9AcYbNGA:1q63qe:55usy5km2H8k8LJvLgWTTgcDntHhUGmol-FIFQIZmaI', '2023-06-19 06:37:48.884614'),
('1drtmi07zwk81a7j6skou6yop3hrgt5x', '.eJxVi80KwjAMgN-lZxkr2drEo-AjeC5pk9ChTnDrSXx3J-yg1-_n5RK3taa26DNN4o5ucIdflrlcdf4KLuXR5rXbSXe-83S7bM1pT_6-ykvdJvQgvRgjBEHJijJYAFP1vrBRBAwDZQ5jVjIAQymgPSHGkTUSufcH2uU1NQ:1q8WO3:ALeIMYV-oZQFSAbCi1C8iI2wY9Z8MOWLXDpIJXfO2c4', '2023-06-26 01:30:27.440063'),
('1gul017al4otcyj528dvdfxvfpxobrpq', '.eJxVi0sKwjAQhu-StRQzpn9bl4JHcB0mMxNa1Aq2WYl3N0IXuv0eLxe5rGMsiz3jpO7o4Ha_LLFcbf4KFnmUeW020pzvPN0utTltyd838jLWqUdmGDFlT0mDgrwE2zOZQBFAOYgKYFWztUktkfadH_IBA7rWvT_ZzTUz:1qAkmN:5NIwBIYyCUtEqmaRHFNnXHrs5DIt26yCTXjvMxeBprI', '2023-07-02 05:16:47.438842'),
('1hkaht3r4pusng2vn09kf18v0quy24fs', '.eJxVi70KwjAQgN8ls5S7tJc0joKP4BwulxwpagXbTOK7W6GDrt_Py0Rua41tKc84ZXM0aA6_LLFcy_wVLPJo89rtpDvfebpdtua0J39f5aVuU0H1MvpMmogdiSjo2IMNrEiKGUKgPPRWlaAAWl-gHxwwJnDEJOb9AcYbNGA:1q8mfc:LkLg3iUV1MUmQrMPA8om2fVz8cM4IT4HaVUpMro3jhU', '2023-06-26 18:53:40.729158'),
('1hw7czyuyzu3146u5yqndnck0siiir0j', '.eJxVi0sKwjAQQO-StZROJs3HpeARXIfpZEKKWsE2K-ndG6EL3b7PR0Wqa4l1kXeckjorrU6_bCS-y_wVxPyq89odpLs-aXrcWnM5kr-v0FLaBJqcNw6yMRRYCA0mzDha471GAQspOAkZ3UC-sT7zYG1GDQGZoFfbDpnwM48:1qBYHK:eRPtDsaZlDl-1wqS4ahv3XmxES8ibxooMa7OQ1ea30U', '2023-07-04 10:08:02.158320'),
('1lyw5k12az65n1g8wegtkgqjmy8gxq4d', '.eJxVi0kKwjAUQO-StRS_yc_gUvAIrsMfElLUCrZZiXe3Qhe6fcPLZOpLy30uzzyqORpndr-MSa5l-goSefRpGTYynO803i5rc9qSv6_R3Nap-pCYAjgNKSQEVlCPHjHEKMqJWRUOlRCdqCaLNqLsAahGtIW8eX8AtgA0ig:1qAXUM:8mWrLP-SikBXXtfQGxTRinwOamnpsIUNnEcPj8N-3k0', '2023-07-01 15:05:18.448757'),
('1nb24u907n8ims3fego0wctlx93dsic1', '.eJxVi70KwjAQgN8ls5S7tJc0joKP4BwulxwpagXbTOK7W6GDrt_Py0Rua41tKc84ZXM0aA6_LLFcy_wVLPJo89rtpDvfebpdtua0J39f5aVuU0H1MvpMmogdiSjo2IMNrEiKGUKgPPRWlaAAWl-gHxwwJnDEJOb9AcYbNGA:1qARyy:MdyxdrzGV_kUT_TtA-ox40_dQluuZbH1OCUoJMbpx2Q', '2023-07-01 09:12:32.113349'),
('1ne1o010abugxkkhge72c2sr3c9a9lsa', '.eJxVi70KwjAQgN8ls5S7tJc0joKP4BwulxwpagXbTOK7W6GDrt_Py0Rua41tKc84ZXM0aA6_LLFcy_wVLPJo89rtpDvfebpdtua0J39f5aVuU0H1MvpMmogdiSjo2IMNrEiKGUKgPPRWlaAAWl-gHxwwJnDEJOb9AcYbNGA:1qA1fx:to_pG72pS-8yH58WDz0BMHyk-M35XGyQLNGi3nwEF10', '2023-06-30 05:07:09.817989'),
('1p4tw7te0pz2tsqxllhthnd6xy26ifpi', '.eJxVi70KwjAQgN8ls5S7tJc0joKP4BwulxwpagXbTOK7W6GDrt_Py0Rua41tKc84ZXM0aA6_LLFcy_wVLPJo89rtpDvfebpdtua0J39f5aVuU0H1MvpMmogdiSjo2IMNrEiKGUKgPPRWlaAAWl-gHxwwJnDEJOb9AcYbNGA:1qAkGx:fIRwoq3xLCCKILLdh-Qh8v_Tdyl4XEeitP9sku4zvoQ', '2023-07-02 04:44:19.700519'),
('1phcap2avox5t1h7fogiq7c82nwved40', '.eJxVi8sKwjAUBf8laylpcpM2LgU_wXW4r5KiVrDNSvx3I3ShZzkz52Uy1q3kuuozz2KOpk_m8AsJ-arL1yDzoy5bt5PufMf5dmnNaU_-fgXX0k4ORj8msMKMoOQj9wTOk5NIoY2cnyCoDaoy2eAHELIuNjtIshrN-wPTsTSc:1q9m8H:q5-AZcKXMIQA9eUsQdHuxvlRfeyBtEWeCWefw5vacTs', '2023-06-29 12:31:21.314370'),
('1q41ersw4u0l8s0pj4glo72ieiet6qx2', '.eJxVi0sKwjAQQO-StZRM_nEpeATXYWY6IUWtYJuVeHcrdKHb93mpgn1tpS_yLNOojipodfiFhHyV-WuQ-dHnddjJcL7jdLtszWlP_r6GS9umGsEKWwMCKRICeck6ENkEWEfUFBNXDC64DKGCYeNtTl47MToZBvX-AN0dNDM:1qC3oK:e79Xkkk-nXF7eQ4zILniptCc87wB9Jr6x39d77V8TjQ', '2023-07-05 19:48:12.968111'),
('1qflkmi9avupwolqmcvni4vghsa3fu6d', '.eJxVi0sKwjAQQO8yayn5TJLGpeARXIfJZEqKWsE2K_HuRuhCt-_zgkRtq6mt8kxzgSMEC4dfmImvsnwNMT_asg07Gc53mm-X3pz25O-rtNY-sWHMClUZ--6ytjoIxslidkZ5NKRjEDuhOM_GOTSxFLGsfWGSHEd4fwDYGDTM:1qCBjI:FNDDr14g9tz7CPt0iP9y3Wu6-13se_tNG94E2QQojYw', '2023-07-06 04:15:32.537813'),
('1rm98d9te63j198ptbr1902lp8rhvzot', '.eJxVi80KwjAMgN-lZxkr2drEo-AjeC5pk9ChTnDrSXx3J-yg1-_n5RK3taa26DNN4o5ucIdflrlcdf4KLuXR5rXbSXe-83S7bM1pT_6-ykvdJvQgvRgjBEHJijJYAFP1vrBRBAwDZQ5jVjIAQymgPSHGkTUSufcH2uU1NQ:1q6ngt:uknViWPKuhLso-HVfe4Y-qEUAFSMhGQVj-LR_OnOzeE', '2023-06-21 07:34:47.931252'),
('1rp9ijf090e5rrsfub9s6ev3oeb7vlxg', '.eJxVi70KwjAQgN8ls5S7tJc0joKP4BwulxwpagXbTOK7W6GDrt_Py0Rua41tKc84ZXM0aA6_LLFcy_wVLPJo89rtpDvfebpdtua0J39f5aVuU0H1MvpMmogdiSjo2IMNrEiKGUKgPPRWlaAAWl-gHxwwJnDEJOb9AcYbNGA:1qCA3w:SSw0WLuSFwb44d9Cz1LU8POFOcHqtgEVpP2R64cEv04', '2023-07-06 02:28:44.748176'),
('1sm0w99iul9qe1cs1mu81t4daml87hb4', '.eJxVi0sKwjAQQO-StZROJs3HpeARXIfpZEKKWsE2K-ndG6EL3b7PR0Wqa4l1kXeckjorrU6_bCS-y_wVxPyq89odpLs-aXrcWnM5kr-v0FLaBJqcNw6yMRRYCA0mzDha471GAQspOAkZ3UC-sT7zYG1GDQGZoFfbDpnwM48:1q8h4J:2lSItp1ML7UY8AiOYzPJTG7UIIkjYDSiIy8Blkk_ouo', '2023-06-26 12:54:47.278368'),
('1ucm1gbs5z5l60vupoz8qerv4c34qab8', '.eJxVi0sKwjAQQO-StZROJs3HpeARXIfpZEKKWsE2K-ndG6EL3b7PR0Wqa4l1kXeckjorrU6_bCS-y_wVxPyq89odpLs-aXrcWnM5kr-v0FLaBJqcNw6yMRRYCA0mzDha471GAQspOAkZ3UC-sT7zYG1GDQGZoFfbDpnwM48:1q92Zy:H6Ry32677uwi79fVKRTNe5ZGsu5iKFoDaagTA1L-7l8', '2023-06-27 11:52:54.957992'),
('1v12feeeyg2jr3a374l0hi3ir1h4u403', '.eJxVi80KwjAMgN-lZxkr2drEo-AjeC5pk9ChTnDrSXx3J-yg1-_n5RK3taa26DNN4o5ucIdflrlcdf4KLuXR5rXbSXe-83S7bM1pT_6-ykvdJvQgvRgjBEHJijJYAFP1vrBRBAwDZQ5jVjIAQymgPSHGkTUSufcH2uU1NQ:1q6ErG:sIejviNfniLSjB5l8zVmLICQN22ZKdWTXVtsvy2QvSo', '2023-06-19 18:23:10.944978'),
('1v4o6qjsvdygzjxk4er20alick44htqh', '.eJxVi0kKwjAUQO-StRS_yc_gUvAIrsMfElLUCrZZiXe3Qhe6fcPLZOpLy30uzzyqORpndr-MSa5l-goSefRpGTYynO803i5rc9qSv6_R3Nap-pCYAjgNKSQEVlCPHjHEKMqJWRUOlRCdqCaLNqLsAahGtIW8eX8AtgA0ig:1qBX5d:d8jgba0yqN3y9xAgR1P-y2FoOI8MgfdOrq9B9852cPo', '2023-07-04 08:51:53.295753'),
('1vsqllclbwgmzomwxor3ym6m6mowrqgv', '.eJxVizsOwjAQBe-yNYr8wVkvJRJHoLbWXluOgCAlcYW4O0ZKAeWbN_OCwG2roa15CZPACVDD4RdGTrc8fx9O6dnmbdjJcHnwdL9257wrf13ltfbIsLNazNF6rSxFK9mzIUTSxB5JikSjc7EqjcRkaBRSxFhc8n04hPcHutMz2w:1qCBXs:tJjMTkPhXDlIdgadZsIBmrrJNOsS3_KKBymRdUH5shw', '2023-07-06 04:03:44.742051'),
('1wawv5mkhsco57kds8ewwr14h0m853f0', '.eJxVi70KwjAQgN8ls5S7tJc0joKP4BwulxwpagXbTOK7W6GDrt_Py0Rua41tKc84ZXM0aA6_LLFcy_wVLPJo89rtpDvfebpdtua0J39f5aVuU0H1MvpMmogdiSjo2IMNrEiKGUKgPPRWlaAAWl-gHxwwJnDEJOb9AcYbNGA:1qCDj8:Nfq7FMfj4mSO6Ww52RXzp5SGzncPjz2gmhKFhp0MB3k', '2023-07-06 06:23:30.369936'),
('1yfrv14uc89sgjef57l086chthqo8n02', '.eJxVi70KwjAQgN8ls5S7tJc0joKP4BwulxwpagXbTOK7W6GDrt_Py0Rua41tKc84ZXM0aA6_LLFcy_wVLPJo89rtpDvfebpdtua0J39f5aVuU0H1MvpMmogdiSjo2IMNrEiKGUKgPPRWlaAAWl-gHxwwJnDEJOb9AcYbNGA:1qBvSK:8pgNKvUe_s_SxvZaEm-0vN0c5KNkEG84DkSwOBQL0Gc', '2023-07-05 10:52:56.462011'),
('1z4bx56z24xh29o47ulchom7k9665wvu', '.eJxVi70KwjAQgN8ls5S7tJc0joKP4BwulxwpagXbTOK7W6GDrt_Py0Rua41tKc84ZXM0aA6_LLFcy_wVLPJo89rtpDvfebpdtua0J39f5aVuU0H1MvpMmogdiSjo2IMNrEiKGUKgPPRWlaAAWl-gHxwwJnDEJOb9AcYbNGA:1q9ggI:Psh8zMfmu5skuGPytRnvc-oLJv2-agL2tUYZsJ7h6FM', '2023-06-29 06:42:06.899008'),
('1zce1hpemidmkq3om1pbbhhc6b14fb9q', '.eJxVi80KwjAMgN-lZxkr2drEo-AjeC5pk9ChTnDrSXx3J-yg1-_n5RK3taa26DNN4o5ucIdflrlcdf4KLuXR5rXbSXe-83S7bM1pT_6-ykvdJvQgvRgjBEHJijJYAFP1vrBRBAwDZQ5jVjIAQymgPSHGkTUSufcH2uU1NQ:1q9m6N:gtFUcVHOWUD_Y06c5Uc_wTWdLFhMn0fzlLiLd9Mi2yI', '2023-06-29 12:29:23.453299'),
('1zp8x0eg465aj457ie8uvrv3ktn6emyy', '.eJxVizsOwjAQBe-yNYr8wVkvJRJHoLbWXluOgCAlcYW4O0ZKAeWbN_OCwG2roa15CZPACVDD4RdGTrc8fx9O6dnmbdjJcHnwdL9257wrf13ltfbIsLNazNF6rSxFK9mzIUTSxB5JikSjc7EqjcRkaBRSxFhc8n04hPcHutMz2w:1qCC0C:eyqKzBwVF38E4B2xbfQA8lqGf3yCgOfkPxk5pLnF_oM', '2023-07-06 04:33:00.409475'),
('1zuah37c61f42y73rlnhriwec3hixxi5', '.eJxVi70KwjAQgN_lZilJc7kLjoKP4BwuyYUUtYJtJvHdrdBB1-_nBVH62mJf9BmnAkdgOPyyJPmq81dIzo8-r8NOhvNdpttla0578vc1Wdo2qXdV1fOoaDyyY0y1JGvElsQkjBoseUfBKYY6JipIEmp2hgVz9fD-ALeQNH4:1q91Em:OeAv6QMJrr1FZXARcKqdCspWaO7fDe9p2o_FZCR-g0M', '2023-06-27 10:26:56.897028'),
('204r7ocr3iosb5dxjhsxwx0u2519gqwt', '.eJxVi70KwjAQgN8ls5TcpTlyjoKP4ByuyYUUtYJtJvHdjdBB1-_nZaK0rca26jPO2RwNenP4hZOkqy5fIyk92rINOxnOd5lvl96c9uTvq7LWPtGkpIWZbUgcAChDKjlIQVVHXjOQG4msx2IDI6L1MHZYPATK1pn3B9XLM8Y:1q6sTN:NAosbDTrZ6Uup7gwk9xEU6-LqktXIN3JR0hWCYJAYVc', '2023-06-21 12:41:09.701267'),
('206cgmx8vzswk9js3812uflunybx52a5', '.eJxVi70KwjAQgN8ls5S7tJc0joKP4BwulxwpagXbTOK7W6GDrt_Py0Rua41tKc84ZXM0aA6_LLFcy_wVLPJo89rtpDvfebpdtua0J39f5aVuU0H1MvpMmogdiSjo2IMNrEiKGUKgPPRWlaAAWl-gHxwwJnDEJOb9AcYbNGA:1qC4Kp:p9HXMuSrhIJV19cFaOUb-QUhbo0QUCVn3GXdwIIglSE', '2023-07-05 20:21:47.203902'),
('21k30tknnid2mfmwg2u8obkljhzairr9', '.eJxVizsOwjAMQO-SGVXOx4UwInEE5sh2HKUCikSbCXF3gtQB1vd5mURtrakt-kxTNkezd2b3C5nkqvPXkMijzeuwkeF8p-l26c1pS_6-SkvtU-DiHUcFDjiC54MPBRiR1UaHObNi6UggWnJCmh0CjEwhRJuxoHl_AOMPNO0:1qBxrh:AmfEqgZc0PqhUqK5rvtSQvBDkZhMEUbtdZKfGsG_t0I', '2023-07-05 13:27:17.227542'),
('21nvp2xevrgzrjum1syt5nmz8xn611vd', '.eJxVi8sKwjAUBf8laylpcpM2LgU_wXW4r5KiVrDNSvx3I3ShZzkz52Uy1q3kuuozz2KOpk_m8AsJ-arL1yDzoy5bt5PufMf5dmnNaU_-fgXX0k4ORj8msMKMoOQj9wTOk5NIoY2cnyCoDaoy2eAHELIuNjtIshrN-wPTsTSc:1qAY9i:9p9UryTUTquJOh8XjfQBZ3wqpyxjtte76s2Vp6Fismg', '2023-07-01 15:48:02.983410'),
('21o5v0bwn7ml43bu0hs6us2khtxrumim', '.eJxVi8sKwjAUBf8laylpcpM2LgU_wXW4r5KiVrDNSvx3I3ShZzkz52Uy1q3kuuozz2KOpk_m8AsJ-arL1yDzoy5bt5PufMf5dmnNaU_-fgXX0k4ORj8msMKMoOQj9wTOk5NIoY2cnyCoDaoy2eAHELIuNjtIshrN-wPTsTSc:1qBJXs:Ty4nBHH1ZSLEyJGUBqyBfgM3EsToVufLijJEX8-EadM', '2023-07-03 18:24:08.734420'),
('22cvxn71aj54hnx4v46jt1enz3hfxjfe', '.eJxVi70OwiAQgN-F2TQHB1dxNPERnMlxQGjUmrRlMr5726SDrt_PRwVuSw1tzlMYkroo3avTL4wsjzzuhkXebVy6g3S3Fw_P-9Zcj-TvqzzXbcrIaBCiYW2ppAQOwHkDDILalrMHgB58iZGMsT5pDeIskSNCZBL1XQGunzMp:1q8czC:OhtRv4o1JKBvmrfGnRaeBKtPEZpNmfO4qRg_929sI-8', '2023-06-26 08:33:14.514887'),
('22e3kha4ch13qnq8f4zha8aa2ql33j5k', '.eJxVizsOwjAQBe_iGkXOxusPJRJHoLZ210aOgCAlcYW4exwpBbxy3sxHRapriXXJcxyTOitAdfqFTPLI0_6QyLtOa3eQ7vqi8XlrzuVQ_rpCS2mRI0jBBcA7gLbsg6Q2Z4j9oJk9a6MNcs7I1GvpUWwYPAYWMATWqO8G3iM0mg:1qBwU9:JlLsbyEO0PHY33SPFYHEIUW6xwYHhjSI1vnyHvQDIIk', '2023-07-05 11:58:53.994980'),
('22vo9z1sr6os7joq972j0dwmd1dvhhvs', '.eJxVi8sKwjAQRf8laylpOnm5FPwE12FmkiFFrWCblfjvRuhC4a7OPeelEratpraWZ5qzOioT1OEXEvK1LN8HmR9t2YadDOc7zrdLd0678tdVXGuPKFqGkidBEyenIZggQRO57EocXQEkziLg0UfbF8ZMmixa0Cg2evX-AOpGNPA:1q6s6d:e3r1iiG_s6Wy2Z8OHW5TZrCi05DyB5elZA27htcu2jU', '2023-06-21 12:17:39.536460'),
('23nf66yug1zm6h9uvj0etn9u5ib9y8hu', '.eJxVi0sKwjAQQO-StZROJs3HpeARXIfpZEKKWsE2K-ndG6EL3b7PR0Wqa4l1kXeckjorrU6_bCS-y_wVxPyq89odpLs-aXrcWnM5kr-v0FLaBJqcNw6yMRRYCA0mzDha471GAQspOAkZ3UC-sT7zYG1GDQGZoFfbDpnwM48:1qAXTZ:oGWZ1kAFd1RO5d8Z0mi2pyS9C5HA0gx9r0rFAku61gw', '2023-07-01 15:04:29.680536'),
('249u67vcwh19xmp1zlyba5ynmxn8phvq', '.eJxVi0sOgjAQQO8ya0Moln5cmngE183MdCYlKiZAV8a7AwkL3b7PBxLWpaQ6y5SGDBdwcPplhPyQcRfI_K7j0hykub1weN635nokf1_BuWyTp1aDIcSzooag1nfsesekKtYY8uzQR-uieO1DNpE7oaBtjmiFjcJ3Bd_2Na0:1qBsMe:WJT-Z8bg03mLnuWECxCkjvNw4Ve8uE9RfiU3yBcAdaI', '2023-07-05 07:34:52.773019'),
('24nanjkvomu1sjjifb564quctepjnt8r', '.eJxVi7sOwiAUht-F2TTcDlBHEx_BmfxwIDRqTWyZjO-uTTro-l1eIqKvLfalPOPE4iicEodfmJCvZd4Mcn70eR12MpzvmG6Xb3Pak7-vYWnblJgKe7LSAQQTRnj2owRppwvnWl21xgadismKwORNZajATFraJN4f9181XQ:1qCBLV:n3kCseG3sDr06HH1SDru4aUaS3hcEng7pc8MKaF-rec', '2023-07-06 03:50:57.967116'),
('261jzb2fk0f1sm5528yhojshanric938', '.eJxVi70KwjAQgN8ls5Tc5UKio-AjdA53uYQUtYJtJvHdrdBB1-_nZRL3taW-lGea1JwMHs3hFwrna5m_hnN-9HkddjJc7jzdxq0578nf13hp26SxkBDVUIWAo8Pog1iI4hkUFAW9EtkqOYgrDoIjzh5r8eKArZr3B-IHNOg:1qAl0M:fMrg2p3-5chQJyFgRGl_e0QeMHxsmDCTG2Ut7U-dwU8', '2023-07-02 05:31:14.867889'),
('269vxnq9q028ntdd0z3lwqmovr7q8x89', '.eJxVi0sKwjAQhu-StRQzpn9bl4JHcB0mMxNa1Aq2WYl3N0IXuv0eLxe5rGMsiz3jpO7o4Ha_LLFcbf4KFnmUeW020pzvPN0utTltyd838jLWqUdmGDFlT0mDgrwE2zOZQBFAOYgKYFWztUktkfadH_IBA7rWvT_ZzTUz:1q90xL:GlUJI-CsUfI4yu2rnKs1c6GWM4ol6vx55oneI90AlZ4', '2023-06-27 10:08:55.946634'),
('26h2bcivrxrvsg3se8gxo1qgihi8n7x3', '.eJxVi0sKwjAQQO-StZRM_nEpeATXYWY6IUWtYJuVeHcrdKHb93mpgn1tpS_yLNOojipodfiFhHyV-WuQ-dHnddjJcL7jdLtszWlP_r6GS9umGsEKWwMCKRICeck6ENkEWEfUFBNXDC64DKGCYeNtTl47MToZBvX-AN0dNDM:1qCBZK:ot187KvH5NnsiuvzrJ97P-2CV28-vLKrv0bO90TSKjE', '2023-07-06 04:05:14.139032'),
('26jcfetr0hexk6g8w05gv4ct44c5c0sm', '.eJxVi70KwjAQgN8ls5Tc5UKio-AjdA53uYQUtYJtJvHdrdBB1-_nZRL3taW-lGea1JwMHs3hFwrna5m_hnN-9HkddjJc7jzdxq0578nf13hp26SxkBDVUIWAo8Pog1iI4hkUFAW9EtkqOYgrDoIjzh5r8eKArZr3B-IHNOg:1qBvDz:W5sTQeuF9TB-xWCP_2bbpeH5nf5CWse2EBdR82yg3xI', '2023-07-05 10:38:07.248781'),
('26sekt1zui3xeno6wq5w9qdond67bq0q', '.eJxVi70OwiAQgN-F2TQHB1dxNPERnMlxQGjUmrRlMr5726SDrt_PRwVuSw1tzlMYkroo3avTL4wsjzzuhkXebVy6g3S3Fw_P-9Zcj-TvqzzXbcrIaBCiYW2ppAQOwHkDDILalrMHgB58iZGMsT5pDeIskSNCZBL1XQGunzMp:1q6V3i:-a3Ats7bOxpJShBE16IzEv0crhjwYRWhL1D8urIovco', '2023-06-20 11:41:06.163408'),
('27yskp9vn88tu3tlhk5bg9cupsbzh86w', '.eJxVi0sKwjAQQO-StZROJs3HpeARXIfpZEKKWsE2K-ndG6EL3b7PR0Wqa4l1kXeckjorrU6_bCS-y_wVxPyq89odpLs-aXrcWnM5kr-v0FLaBJqcNw6yMRRYCA0mzDha471GAQspOAkZ3UC-sT7zYG1GDQGZoFfbDpnwM48:1qAXIW:-B-xKSo9H77Lv4B00GQHIyqbpBG3KZWWD-JH7Epc5jk', '2023-07-01 14:53:04.827663'),
('27z06l1rn06bt8k7dn7jzb5z3i3164u0', '.eJxVi70KwjAQgN8ls5S7tJc0joKP4BwulxwpagXbTOK7W6GDrt_Py0Rua41tKc84ZXM0aA6_LLFcy_wVLPJo89rtpDvfebpdtua0J39f5aVuU0H1MvpMmogdiSjo2IMNrEiKGUKgPPRWlaAAWl-gHxwwJnDEJOb9AcYbNGA:1q3YyF:64wNvRxmj-FHtWsk2AXXCdERL21PKHafkWzWsR0Bkpo', '2023-06-12 09:15:19.380558'),
('28fpn7yip3q2bgjrcykgpeafwsefii8e', '.eJxVi70KwjAQgN8ls5TcpTlyjoKP4ByuyYUUtYJtJvHdjdBB1-_nZaK0rca26jPO2RwNenP4hZOkqy5fIyk92rINOxnOd5lvl96c9uTvq7LWPtGkpIWZbUgcAChDKjlIQVVHXjOQG4msx2IDI6L1MHZYPATK1pn3B9XLM8Y:1q7A4h:t3IxHZ5AAdqs5hFDYH58JoXR5wDIbg-3wsma33AOd7o', '2023-06-22 07:28:51.110658'),
('29n0h4ukcvksyb98x8hzzy6dq7dbodbs', '.eJxVi0sKwjAQhu-StRQzpn9bl4JHcB0mMxNa1Aq2WYl3N0IXuv0eLxe5rGMsiz3jpO7o4Ha_LLFcbf4KFnmUeW020pzvPN0utTltyd838jLWqUdmGDFlT0mDgrwE2zOZQBFAOYgKYFWztUktkfadH_IBA7rWvT_ZzTUz:1q9mKh:zm-n3sXABu2d45d2djs114JAPmOSlC8IAWGshGwMEYM', '2023-06-29 12:44:11.680798'),
('2cd0q72vudcczb698szu5ucivcmi3yvz', '.eJxVi0sKwjAQQO-StZTmMzFxKXgE12FmMiFFrdA2K_HuRuhCt-_zUgnbVlNbZUlTVifl1eGXEfJN5q9A5mebt2Enw-WB0_3am_Oe_H0V19onCESQvXUQrBESU9BkEMaAdmTWpEVG4xhQwNnoegzReDrqyEUXr94fzqI0-Q:1q3Yqu:ipVNcC8Wh07rHhIbtMm_jTfS78EIaPPWorrUFR0homA', '2023-06-12 09:07:44.190729'),
('2cdopg98iqiu27cag4pafg53mmxc6p3g', '.eJxVi70KwjAQgN8ls5Tc5UKio-AjdA53uYQUtYJtJvHdrdBB1-_nZRL3taW-lGea1JwMHs3hFwrna5m_hnN-9HkddjJc7jzdxq0578nf13hp26SxkBDVUIWAo8Pog1iI4hkUFAW9EtkqOYgrDoIjzh5r8eKArZr3B-IHNOg:1qAlPm:-N7E0588qhoJwkcS1vmNUyxOACA8kljIicwuVXbvRYU', '2023-07-02 05:57:30.459398'),
('2cldy06gudmzedec8ozlnyqqvw21uqpu', '.eJxVi70OwiAQgN-F2TQHB1dxNPERnMlxQGjUmrRlMr5726SDrt_PRwVuSw1tzlMYkroo3avTL4wsjzzuhkXebVy6g3S3Fw_P-9Zcj-TvqzzXbcrIaBCiYW2ppAQOwHkDDILalrMHgB58iZGMsT5pDeIskSNCZBL1XQGunzMp:1q6PV2:pCgtrJb0UURlgmAQB7tP0WgKX5yY2ctNndhWqE-cfsA', '2023-06-20 05:44:56.841824'),
('2d8dfb384ohj0ki71yr3qf5zhxzzhtmo', '.eJxVi70KwjAQgN8ls5S7tJc0joKP4BwulxwpagXbTOK7W6GDrt_Py0Rua41tKc84ZXM0aA6_LLFcy_wVLPJo89rtpDvfebpdtua0J39f5aVuU0H1MvpMmogdiSjo2IMNrEiKGUKgPPRWlaAAWl-gHxwwJnDEJOb9AcYbNGA:1q8ytB:vjMscdq7yUFV8GnsSN4WmGsQ5Wdc_hdJ4UUjIJATTIg', '2023-06-27 07:56:29.189306'),
('2ez1e07iph1fmegfq1n6z12y6flkkr8i', '.eJxVi0sKwjAQQO-StZROJs3HpeARXIfpZEKKWsE2K-ndG6EL3b7PR0Wqa4l1kXeckjorrU6_bCS-y_wVxPyq89odpLs-aXrcWnM5kr-v0FLaBJqcNw6yMRRYCA0mzDha471GAQspOAkZ3UC-sT7zYG1GDQGZoFfbDpnwM48:1qBx5D:XlZ93chfIdFLCg2WXUvP5N8lSkD4FPUx7Lk3sOdM-zI', '2023-07-05 12:37:11.687552'),
('2gd0qfp3ixg86u9i38n0jkouei9l8m56', '.eJxVi80KwjAMgN-lZxm02ZrGo-Aj7FySNNKhTnDrSXx3J-yg1-_n5TK3tea22DNPxR1dn9zhFwrr1eavYdVHm9duJ935ztNt3JrTnvx9lZe6TVh0ID946gMhBgxGyUgDRFCTlMQukDgW8ojAChIV1Augp6Bixb0_wtw0lg:1qA2af:Gt0qzHPQcRD4i0T5ibJN8P97hRr6pweJXz38R8NosU8', '2023-06-30 06:05:45.461722'),
('2ha0l7kneum2c08joil4yy64wmgicy1p', '.eJxVi0sKwjAQQO-StZROJs3HpeARXIfpZEKKWsE2K-ndG6EL3b7PR0Wqa4l1kXeckjorrU6_bCS-y_wVxPyq89odpLs-aXrcWnM5kr-v0FLaBJqcNw6yMRRYCA0mzDha471GAQspOAkZ3UC-sT7zYG1GDQGZoFfbDpnwM48:1q9m8O:8t32Mu_W-AxqBmxMeZgro0ikjMbhTO8Nl3TtA_kvNAg', '2023-06-29 12:31:28.965451'),
('2iu9rk8yezfr2ygh0znh31vuc6uusbvz', '.eJxVi70KwjAQgN8ls5S7tJc0joKP4BwulxwpagXbTOK7W6GDrt_Py0Rua41tKc84ZXM0aA6_LLFcy_wVLPJo89rtpDvfebpdtua0J39f5aVuU0H1MvpMmogdiSjo2IMNrEiKGUKgPPRWlaAAWl-gHxwwJnDEJOb9AcYbNGA:1qBwHU:fwph-_-IIodgwP6HY2BubAszAwlEpjqKuMZ_19BLr6g', '2023-07-05 11:45:48.876198'),
('2iuzroxktp057nh5d4urji2hnlusksba', '.eJxVi70KwjAQgN8ls5QzCZeco-AjdA6X3IUUtYJtJvHdrdBB1-_nZRL3taW-6DNNYk7Gojn8wszlqvPXcCmPPq_DTobLnafbuDXnPfn7Gi9tm5RiDJ4yQhXvINZjUCF0DJrReqoC4sCRuohVRTEHJLUFJFjR4s37A9W6NPc:1q92PB:0c_WNNfIkIFIH4wLcSgKsMhy5KhGDW0MXiBPyOSqZcw', '2023-06-27 11:41:45.013548'),
('2izt1icwo3n7a66edl504zeojwb2wive', '.eJxVi0sKwjAQQO-StZROJs3HpeARXIfpZEKKWsE2K-ndG6EL3b7PR0Wqa4l1kXeckjorrU6_bCS-y_wVxPyq89odpLs-aXrcWnM5kr-v0FLaBJqcNw6yMRRYCA0mzDha471GAQspOAkZ3UC-sT7zYG1GDQGZoFfbDpnwM48:1q8etx:8-RnnN_FIGdNv3Cx8Vhi9UnA0XKpv8-rlmZgUCbHQA4', '2023-06-26 10:35:57.274875'),
('2j3yt99jm6q3ds4g5r0w7igyt6ir4tbp', '.eJxVi70KwjAQgN8ls5S7tJc0joKP4BwulxwpagXbTOK7W6GDrt_Py0Rua41tKc84ZXM0aA6_LLFcy_wVLPJo89rtpDvfebpdtua0J39f5aVuU0H1MvpMmogdiSjo2IMNrEiKGUKgPPRWlaAAWl-gHxwwJnDEJOb9AcYbNGA:1qAkIb:yPuqXfIi4Vmc5qD7vk-SWkNCKDtOlx-UehZBTHK5gNc', '2023-07-02 04:46:01.271541'),
('2jcfs5dp9jgtr4acd2hmvoemtzbga2xh', '.eJxVi0kKwjAUQO-StRS_yc_gUvAIrsMfElLUCrZZiXe3Qhe6fcPLZOpLy30uzzyqORpndr-MSa5l-goSefRpGTYynO803i5rc9qSv6_R3Nap-pCYAjgNKSQEVlCPHjHEKMqJWRUOlRCdqCaLNqLsAahGtIW8eX8AtgA0ig:1qA9E4:kGoZQNuTZn_QEEiDQwizDqBAhhzL_woSyFzI0WUQ9dc', '2023-06-30 13:10:52.386462'),
('2kzn553wnx9jlu3d3tw3c8q0k12dp3vj', '.eJxVi0sKwjAQQO-StZROJs3HpeARXIfpZEKKWsE2K-ndG6EL3b7PR0Wqa4l1kXeckjorrU6_bCS-y_wVxPyq89odpLs-aXrcWnM5kr-v0FLaBJqcNw6yMRRYCA0mzDha471GAQspOAkZ3UC-sT7zYG1GDQGZoFfbDpnwM48:1q6n4v:-CPab19U2gcKi7g_b3v6WWgl4DgpyMx0InUMjbuMsQA', '2023-06-21 06:55:33.255534'),
('2lor11h1oj6tznzqlfos1aoh1tm1q8zp', '.eJxVjDEOwjAMRe-SGVUusaOUEYkjdI4c21UqoEi0mRB3h0od2vX99_7HJa5LSXW2dxrVXVxwpz3LLHeb1oFFXnVamo00tyePj_7vXDfl0BWey_rmMWbtiEigJUBlr0DEEXLwkAc6IzFKDkPLJgGgsyiIaqpkoOC-P6JnNIg:1q6VXE:01ZwZnmOdgHWUpYJO-lx6te0ZKZsBsm5bLwcTvgeC90', '2023-06-20 12:11:36.283904'),
('2m3p42e9qt6a41k9u624uasyjhj20710', '.eJxVi70OwiAQgN-F2TTAAYeOJj6CM7k7IDRqTdoyGd_dmnTQ9ft5qUR9bakvZU5jVicFXh1-IZPcyvQ1JPLs0zrsZLg8aLxft-a8J39fo6VtExMgcNSUOQQTBTyBBae5RGdzNgapoJARrKUGCxqZizNcCcjDEdX7A-WANRg:1q8ekl:TfLADQwwE0kEeDiUBiMpdztrbXmbv5mcKr67sx8iwLQ', '2023-06-26 10:26:27.453252'),
('2o5y7l27qfqwev1x6ebhln7hdhvedw1c', '.eJxVi0EKwjAQRe-StZRMmkxSl4JHcB0mkwkpagXbrMS7G6ELXX14_72XitS2GtsqzzhndVRo1OEXJuKrLN-HmB9t2YadDOc7zbdLd0678tdVWmuPtACA01MoTkYxbhpTloTFcvHAjJitDim5jH0IMrI2oCV4KsWz9er9Ad0LNQA:1qCDV5:dStW0J8AYdYWZjwR_mte9iOhrMELs13tfPckxd9A4Aw', '2023-07-06 06:08:59.662113'),
('2o6h5gybalzpzq21b0epaf89d3mc2mnz', '.eJxVi70KwjAQgN8ls5S7tJc0joKP4BwulxwpagXbTOK7W6GDrt_Py0Rua41tKc84ZXM0aA6_LLFcy_wVLPJo89rtpDvfebpdtua0J39f5aVuU0H1MvpMmogdiSjo2IMNrEiKGUKgPPRWlaAAWl-gHxwwJnDEJOb9AcYbNGA:1q6EcU:OEm87dOWWkEiudUm65OtcxuZoNs3fSK2ZvGmZ7SplWs', '2023-06-19 18:07:54.237087'),
('2obbakuds0wo49y73iv06nyq8drzynnb', '.eJxVi70KwjAQgN8ls5S7tJc0joKP4BwulxwpagXbTOK7W6GDrt_Py0Rua41tKc84ZXM0aA6_LLFcy_wVLPJo89rtpDvfebpdtua0J39f5aVuU0H1MvpMmogdiSjo2IMNrEiKGUKgPPRWlaAAWl-gHxwwJnDEJOb9AcYbNGA:1q64E1:vy0wrjAyCn3idHo3pEtqnGeNsxQbNUm0llbVKr7T5u0', '2023-06-19 07:01:57.081346'),
('2oh850vc7jqul2bti79wqxsh5r4thx6y', '.eJxVi0kKwjAUQO-StRS_yc_gUvAIrsMfElLUCrZZiXe3Qhe6fcPLZOpLy30uzzyqORpndr-MSa5l-goSefRpGTYynO803i5rc9qSv6_R3Nap-pCYAjgNKSQEVlCPHjHEKMqJWRUOlRCdqCaLNqLsAahGtIW8eX8AtgA0ig:1qBTRB:is4tW35TeBfWq6ZG2KliFPRQy3s4thaY3RP7q66OqDY', '2023-07-04 04:57:53.258367'),
('2p8r6bcuu66xi41so6ju2100rvpvpz8w', '.eJxVi0sKwjAQQO-StZROJs3HpeARXIfpZEKKWsE2K-ndG6EL3b7PR0Wqa4l1kXeckjorrU6_bCS-y_wVxPyq89odpLs-aXrcWnM5kr-v0FLaBJqcNw6yMRRYCA0mzDha471GAQspOAkZ3UC-sT7zYG1GDQGZoFfbDpnwM48:1q7aJB:gL9emrTr2hGquWHiKRMgQ2rsITJ1wtWascAm77h-spw', '2023-06-23 11:29:33.732345'),
('2pa7its5z87dpan8hpuod4w1e9wviuym', '.eJxVi70KwjAQgN8ls5S7tJc0joKP4BwulxwpagXbTOK7W6GDrt_Py0Rua41tKc84ZXM0aA6_LLFcy_wVLPJo89rtpDvfebpdtua0J39f5aVuU0H1MvpMmogdiSjo2IMNrEiKGUKgPPRWlaAAWl-gHxwwJnDEJOb9AcYbNGA:1qAlD3:Dm0ZtIajM5Pj4OisYQvNHKTJbPyE13F6N7ARJfc7rxQ', '2023-07-02 05:44:21.090507'),
('2pd6eg6nt9hzn67kpyfhieznvafnlh5p', '.eJxVi8sKwjAUBf8laylpcpM2LgU_wXW4r5KiVrDNSvx3I3ShZzkz52Uy1q3kuuozz2KOpk_m8AsJ-arL1yDzoy5bt5PufMf5dmnNaU_-fgXX0k4ORj8msMKMoOQj9wTOk5NIoY2cnyCoDaoy2eAHELIuNjtIshrN-wPTsTSc:1qAY5G:v96hwOqpn7U661HizZEloebn2Lzr34yUkwzJOn9wiMQ', '2023-07-01 15:43:26.341866'),
('2pjh26tv7g3b06vdz7tbzj2u6usi9n8j', '.eJxVi0sKwjAQQO-StZROJs3HpeARXIfpZEKKWsE2K-ndG6EL3b7PR0Wqa4l1kXeckjorrU6_bCS-y_wVxPyq89odpLs-aXrcWnM5kr-v0FLaBJqcNw6yMRRYCA0mzDha471GAQspOAkZ3UC-sT7zYG1GDQGZoFfbDpnwM48:1q4amh:fu_JDfg1CKB1KXui4PZA8J-4FbvWxfhMAivYCrkd33k', '2023-06-15 05:23:39.656371'),
('2pvuzu1wdh570orj9kji1tlkqac41a9f', '.eJxVi0sKwjAQQO-StZROJs3HpeARXIfpZEKKWsE2K-ndG6EL3b7PR0Wqa4l1kXeckjorrU6_bCS-y_wVxPyq89odpLs-aXrcWnM5kr-v0FLaBJqcNw6yMRRYCA0mzDha471GAQspOAkZ3UC-sT7zYG1GDQGZoFfbDpnwM48:1q6Sw8:UoYQ1nLClz9qfrUpSCYNw-1AczO8HkDCFRvdo2l_bZY', '2023-06-20 09:25:08.289095'),
('2pxifvw98oxlzfo91vgosg1rx9hwfrkg', '.eJxVi0sKwjAQQO-StZSYyWfiUvAIrsPMpCFFrdA2K_HubaEL3b7PRyVqS01t7qc0ZHVRwavTL2SSRz_uhkTebVy6g3S3Fw3P-9Zcj-TvqzTXbbIhAxQC0c5SBgfomXUpKJoJdADvHUfKxriI1ljRMRcGiwbx7Aqp7wrVsTRG:1qC4Y0:xC9U4mA0N40L0OoxhTM66Qsepp8v7mM9-kI8mjhEmqI', '2023-07-05 20:35:24.682936'),
('2r2fgm66ous9i4fn0io0yigkkrktjtkf', '.eJxVi70KwjAQgN8ls5TctUnuHAUfwTlcLikpagXbTOK7W6GDrt_Py0Rpa41tKc84ZXM0wObwC5PotcxfI6qPNq_dTrrzXabbZWtOe_L3VVnqNo1Fc0ZBYS_kOSBaVvKJhVAckAQoNoEndCNCGobc92SdC4yaFci8P904NBs:1q7aIN:QEoE5GN_Sg3vpeTzplcYeLqbWBcd2-fghd0IJUcceP8', '2023-06-23 11:28:43.218228'),
('2rkhp9ldyvgiu00t3awppg9fierpv301', '.eJxVi70OwiAQgN-F2TQHB1dxNPERnMlxQGjUmrRlMr5726SDrt_PRwVuSw1tzlMYkroo3avTL4wsjzzuhkXebVy6g3S3Fw_P-9Zcj-TvqzzXbcrIaBCiYW2ppAQOwHkDDILalrMHgB58iZGMsT5pDeIskSNCZBL1XQGunzMp:1q8dv1:KFrhMTU0FIgkOmXTIyRm_EuAk1Ik2gp28mRnP10SfpA', '2023-06-26 09:32:59.843508'),
('2sr0c1pfniycrng15cpsheo3y3qgjr1w', '.eJxVi0sKwjAQQO-StZRM_nEpeATXYWY6IUWtYJuVeHcrdKHb93mpgn1tpS_yLNOojipodfiFhHyV-WuQ-dHnddjJcL7jdLtszWlP_r6GS9umGsEKWwMCKRICeck6ENkEWEfUFBNXDC64DKGCYeNtTl47MToZBvX-AN0dNDM:1qC0kY:U5G1qutgb3FEskNZT8DjJctmXikbLbn9xMtMeC5bPV8', '2023-07-05 16:32:06.155883'),
('2t3eo67wppym6c47dmlktt3zxogn99p5', '.eJxVi0EKwjAQRe-StZRMmkxSl4JHcB0mkwkpagXbrMS7G6ELXX14_72XitS2GtsqzzhndVRo1OEXJuKrLN-HmB9t2YadDOc7zbdLd0678tdVWmuPtACA01MoTkYxbhpTloTFcvHAjJitDim5jH0IMrI2oCV4KsWz9er9Ad0LNQA:1qC9xq:1WT9rmzKe7KI4gDHFrKOeXR8cdbvGOmS5OIH-mMcOAo', '2023-07-06 02:22:26.750349'),
('2t51uywi9iap9rk7ysk7dfjy9iv29gcp', '.eJxVi80KwjAMgN-lZxkr2drEo-AjeC5pk9ChTnDrSXx3J-yg1-_n5RK3taa26DNN4o5ucIdflrlcdf4KLuXR5rXbSXe-83S7bM1pT_6-ykvdJvQgvRgjBEHJijJYAFP1vrBRBAwDZQ5jVjIAQymgPSHGkTUSufcH2uU1NQ:1q911m:x66Y2-aMsLaLe9Y1vCOMEpStY6O_V3qYPrEc3ojDm1Y', '2023-06-27 10:13:30.259849'),
('2umuets0raq16do8y38zjxc0xf69v311', '.eJxVi70KwjAQgN8ls5S7tJc0joKP4BwulxwpagXbTOK7W6GDrt_Py0Rua41tKc84ZXM0aA6_LLFcy_wVLPJo89rtpDvfebpdtua0J39f5aVuU0H1MvpMmogdiSjo2IMNrEiKGUKgPPRWlaAAWl-gHxwwJnDEJOb9AcYbNGA:1qBeLA:6JaH9uyC-6_2tVFjHO-V9fKzB1zZP_6wwC-RjVyjRWQ', '2023-07-04 16:36:24.288890'),
('2up3v52xgzufncjf4i6yon7578r2h1ly', '.eJxVi8sKwjAQRf8laylpOnm5FPwE12FmkiFFrWCblfjvRuhC4a7OPeelEratpraWZ5qzOioT1OEXEvK1LN8HmR9t2YadDOc7zrdLd0678tdVXGuPKFqGkidBEyenIZggQRO57EocXQEkziLg0UfbF8ZMmixa0Cg2evX-AOpGNPA:1q8eFn:cWwh743t_vjbz-8aA1giJrZepqlZlwZ0eG3k264XDMQ', '2023-06-26 09:54:27.938874'),
('2vcg25cqmgk1wls7rej0z2s0skuzuujt', '.eJxVi70KwjAQgN8ls5TcpTlyjoKP4ByuyYUUtYJtJvHdjdBB1-_nZaK0rca26jPO2RwNenP4hZOkqy5fIyk92rINOxnOd5lvl96c9uTvq7LWPtGkpIWZbUgcAChDKjlIQVVHXjOQG4msx2IDI6L1MHZYPATK1pn3B9XLM8Y:1q8hGQ:D6aOjNdgsf7BHKMhIIvNMVmeZEdCQA6YKOPfb9s7sKU', '2023-06-26 13:07:18.953373'),
('2vok1pjqa2q8cu921cfjnq9vo9gqtulx', '.eJxVi8sKwjAQRf8layl5Ncm4FPwE12EmmZCiVrDNSvrvjdCFri6ce85HRGxrjW3hd5yyOAvtxekXEqY7z98HU3q1eR0OMlyfOD1u3bkcyl9Xcak9IgbI6ElJW6wqiSzovnLUxFyCM1DyaACM4pxRe-28cSGAL4ZYBhbbDuoQNMY:1q6Swj:v4ltKPMLuVE75MylXdw2bGHPoKZ74Z3IkC7xgZV6fFs', '2023-06-20 09:25:45.440351'),
('2wj4a2sz93kypgh4mftlt4tmmiojkvnt', '.eJxVi8sKwjAQRf9l1lImTZo4LoV-QtdhJg9S1AptsxL_3Qhd6O4-znmB57oXX7e0-jnCBfoBTr-jcLil5ftwCM-67N2xdOOD5_vUmOuB_HmFt9IkJQG1pcFxIEWmV4YZrWEkZ-xZNBlNTkR0q4iUcszZWtTELVF08P4Asjc0Jg:1qBo9H:0ASAXWufdHUs017h7xmreVPgbpKO9OHuHSQpNyKEkqg', '2023-07-05 03:04:47.257915'),
('2xjbklzj0nvforqqc6d8og32u3uiq84p', '.eJxVizsOwjAQBe_iGkXOxusPJRJHoLZ210aOgCAlcYW4exwpBbxy3sxHRapriXXJcxyTOitAdfqFTPLI0_6QyLtOa3eQ7vqi8XlrzuVQ_rpCS2mRI0jBBcA7gLbsg6Q2Z4j9oJk9a6MNcs7I1GvpUWwYPAYWMATWqO8G3iM0mg:1qBvKN:Brj1DurtZPd5YzYE3snu8pcJ1UdTTtaqoD82R5z6LXg', '2023-07-05 10:44:43.801766'),
('2xpmgkr9qhm9qvjsahsrgwfidj1x5yl3', '.eJxVi70OwiAQgN-F2TQHB1dxNPERnMlxQGjUmrRlMr5726SDrt_PRwVuSw1tzlMYkroo3avTL4wsjzzuhkXebVy6g3S3Fw_P-9Zcj-TvqzzXbcrIaBCiYW2ppAQOwHkDDILalrMHgB58iZGMsT5pDeIskSNCZBL1XQGunzMp:1qBKZZ:q93lRbhrfjf9DldGN9UpTYthnKw0xjWJ9nDBk5nHECc', '2023-07-03 19:29:57.986817'),
('2xuuzcrqwhhry68ehslznrdpo85476wj', '.eJxVi0EKwjAQRe-StRSSdCaJS8EjuA6TmYQUtYJtVtK7N0IXuvrw_nsfFamtNbYlv-Mk6qw0qNMvTMT3PH8fYn61eR0OMlyfND1u3bkcyl9Xaak98hwQTMk69_HWidhgUFJmb4PzY0pcWIwQmYJhRKCktUEIBICOndp24bM0wQ:1q92aX:K22UQHSMhMzB1SdoanFOBMoCqixT2oBY1-oKY6_9RS4', '2023-06-27 11:53:29.975805'),
('2yx1vnhlvq75cybndz61kti391mqk5l3', '.eJxVi0EKwjAQRe-StZRMmkxSl4JHcB0mkwkpagXbrMS7G6ELXX14_72XitS2GtsqzzhndVRo1OEXJuKrLN-HmB9t2YadDOc7zbdLd0678tdVWmuPtACA01MoTkYxbhpTloTFcvHAjJitDim5jH0IMrI2oCV4KsWz9er9Ad0LNQA:1qC0NQ:qx181xd5h2NmEIFv7fCMLPegDZ9AKMtXnK3fr8t8suw', '2023-07-05 16:08:12.425245'),
('306p77ewywhw0p7fr59w7tgdsrv00ozs', '.eJxVi8sKwjAQRf8laylpOnm5FPwE12FmkiFFrWCblfjvRuhC4a7OPeelEratpraWZ5qzOioT1OEXEvK1LN8HmR9t2YadDOc7zrdLd0678tdVXGuPKFqGkidBEyenIZggQRO57EocXQEkziLg0UfbF8ZMmixa0Cg2evX-AOpGNPA:1q91y0:Sec9XEbdwdebcJ5MrshV80gmTFS3SNjx65XMwWvew9g', '2023-06-27 11:13:40.824928'),
('3296yqfy342ttq8dd6qtjy9lixnufq2s', '.eJxVizsOwjAQBe_iGkXOxusPJRJHoLZ210aOgCAlcYW4exwpBbxy3sxHRapriXXJcxyTOitAdfqFTPLI0_6QyLtOa3eQ7vqi8XlrzuVQ_rpCS2mRI0jBBcA7gLbsg6Q2Z4j9oJk9a6MNcs7I1GvpUWwYPAYWMATWqO8G3iM0mg:1qBvHV:NvpElD0q_HAtOtfUlcBaUit_zrQXejuR43usw9XxOXM', '2023-07-05 10:41:45.538454'),
('32atfjc5q17wzkabvrbqxjwvu69f2zxc', '.eJxVi0EKwjAQRe-StZRMmkxSl4JHcB0mkwkpagXbrMS7G6ELXX14_72XitS2GtsqzzhndVRo1OEXJuKrLN-HmB9t2YadDOc7zbdLd0678tdVWmuPtACA01MoTkYxbhpTloTFcvHAjJitDim5jH0IMrI2oCV4KsWz9er9Ad0LNQA:1qC2ga:oqES0PsgSHFVUSmqQe6BdLk2_sDf6Jr4t7SFdAWHByQ', '2023-07-05 18:36:08.772757'),
('33lpt9vwvcxruc4yy17hymoh1zv3x2rk', '.eJxVi8sKwjAQRf9l1lImTZo4LoV-QtdhJg9S1AptsxL_3Qhd6O4-znmB57oXX7e0-jnCBfoBTr-jcLil5ftwCM-67N2xdOOD5_vUmOuB_HmFt9IkJQG1pcFxIEWmV4YZrWEkZ-xZNBlNTkR0q4iUcszZWtTELVF08P4Asjc0Jg:1q9msR:TIJIg7kPqxRw7k6Hx2p8LyyPkXKvvJ5jx81n3AoeUt8', '2023-06-29 13:19:03.182808'),
('34m23u0ntmexkpozaybhfgms4w5pc9y8', '.eJxVi70KwjAQgN8ls5Tc5UKio-AjdA53uYQUtYJtJvHdrdBB1-_nZRL3taW-lGea1JwMHs3hFwrna5m_hnN-9HkddjJc7jzdxq0578nf13hp26SxkBDVUIWAo8Pog1iI4hkUFAW9EtkqOYgrDoIjzh5r8eKArZr3B-IHNOg:1qBwMn:O1Wtn_09fAL_gw4qRMzCM8Gu_dIZeVpf-pqt6hMxW4k', '2023-07-05 11:51:17.196994'),
('34mkz1xamz207uvxij2c718siopqz3f8', '.eJxVi70KwjAQgN8ls5QzCZeco-AjdA6X3IUUtYJtJvHdrdBB1-_nZRL3taW-6DNNYk7Gojn8wszlqvPXcCmPPq_DTobLnafbuDXnPfn7Gi9tm5RiDJ4yQhXvINZjUCF0DJrReqoC4sCRuohVRTEHJLUFJFjR4s37A9W6NPc:1q6Rtj:N6RrozOhKDBX56evquCVzmF9FOiliczCUdNs-Re5Ikk', '2023-06-20 08:18:35.900681'),
('357z375w4lb09erao5w3ydjb0zzjrl2i', '.eJxVi0EKwjAQRe-StZRMmkxSl4JHcB0mkwkpagXbrMS7G6ELXX14_72XitS2GtsqzzhndVRo1OEXJuKrLN-HmB9t2YadDOc7zbdLd0678tdVWmuPtACA01MoTkYxbhpTloTFcvHAjJitDim5jH0IMrI2oCV4KsWz9er9Ad0LNQA:1qC1Np:MKb7vi0RGoC60oew9CTL5z0YpAFCp62K2KyqLQNzQYQ', '2023-07-05 17:12:41.016588'),
('358uoor6yx5qlvyfvifc37p9qz5xrbqa', '.eJxVi70OwiAQgN-F2TQHB1dxNPERnMlxQGjUmrRlMr5726SDrt_PRwVuSw1tzlMYkroo3avTL4wsjzzuhkXebVy6g3S3Fw_P-9Zcj-TvqzzXbcrIaBCiYW2ppAQOwHkDDILalrMHgB58iZGMsT5pDeIskSNCZBL1XQGunzMp:1q7ACO:rSOhXoF3_czVY197qSw-yTaP03QguoTqZpmqHHlKqQ0', '2023-06-22 07:36:48.472527'),
('35lze86ktp20ia6de5wzbhik5vpijjqh', '.eJxVi70KwjAQgN_lZilJc7kLjoKP4BwuyYUUtYJtJvHdrdBB1-_nBVH62mJf9BmnAkdgOPyyJPmq81dIzo8-r8NOhvNdpttla0578vc1Wdo2qXdV1fOoaDyyY0y1JGvElsQkjBoseUfBKYY6JipIEmp2hgVz9fD-ALeQNH4:1q91gH:6JqkQ_ml7lSPTD8WK6qAGktRcYzj6mXnxac3QU8MVA0', '2023-06-27 10:55:21.071559'),
('35qyri96y3w5inekzw0bkue5jc36v4qk', '.eJxVi70KwjAQgN8ls5S7tJc0joKP4BwulxwpagXbTOK7W6GDrt_Py0Rua41tKc84ZXM0aA6_LLFcy_wVLPJo89rtpDvfebpdtua0J39f5aVuU0H1MvpMmogdiSjo2IMNrEiKGUKgPPRWlaAAWl-gHxwwJnDEJOb9AcYbNGA:1qC3qU:GNLQarcmUXZKWzEw81tTzHxo9jM7vHIWo4omEMwD7aA', '2023-07-05 19:50:26.912338'),
('36184t56x7wl149fxgrlbjajihdj4obj', '.eJxVi70KwjAQgN8ls5S7tJc0joKP4BwulxwpagXbTOK7W6GDrt_Py0Rua41tKc84ZXM0aA6_LLFcy_wVLPJo89rtpDvfebpdtua0J39f5aVuU0H1MvpMmogdiSjo2IMNrEiKGUKgPPRWlaAAWl-gHxwwJnDEJOb9AcYbNGA:1q6Ovu:65QpkCHjseOfTtrQScqKzAZaTFiC-6biKxvOeiRNxr4', '2023-06-20 05:08:38.535618'),
('3634edfsc95eztwzpfolbskq8nyfww0w', '.eJxVizsOwjAQBe-yNYr8wVkvJRJHoLbWXluOgCAlcYW4O0ZKAeWbN_OCwG2roa15CZPACVDD4RdGTrc8fx9O6dnmbdjJcHnwdL9257wrf13ltfbIsLNazNF6rSxFK9mzIUTSxB5JikSjc7EqjcRkaBRSxFhc8n04hPcHutMz2w:1qCBCQ:DJ8Rn1rC5eWZF7SUUSCFzjzrV6B-eO_huuPI-PEG4wk', '2023-07-06 03:41:34.337242'),
('37rdcgscepa4s7v3o57bzyq9muqejpf0', '.eJxVi0sKwjAQQO-StZQkZjLWpeARXIf5JKSoFWyzEu9uhC50-z4vk6itNbUlP9Ok5mgCmN0vZJJrnr-GRB5tXoeNDOc7TbdLb05b8vdVWmqfrDBwZH8oggAjKHkNGYFVnBJldAHHfWFb0NqIhNEq-4DKrn8o5v0B9lQ1Lg:1q9K8p:4zZ2ho-0xyn4zAttAoaSiRakT6zQRJtCqBonek3QuLA', '2023-06-28 06:38:03.040581');
INSERT INTO `django_session` (`session_key`, `session_data`, `expire_date`) VALUES
('388gma96kcnhp35zk13k920ul7yswy5b', '.eJxVi70KwjAQgN8ls5S7tJc0joKP4BwulxwpagXbTOK7W6GDrt_Py0Rua41tKc84ZXM0aA6_LLFcy_wVLPJo89rtpDvfebpdtua0J39f5aVuU0H1MvpMmogdiSjo2IMNrEiKGUKgPPRWlaAAWl-gHxwwJnDEJOb9AcYbNGA:1q5j6g:4jYj7IwKTUZMng9lZlDVaeQTXv3ZdxjtxlMfykM0ceg', '2023-06-18 08:28:58.379453'),
('3a27d44trzw5wcr4epysfc46i8h3nhk8', '.eJxVi70KwjAQgN8ls5S7tJc0joKP4BwulxwpagXbTOK7W6GDrt_Py0Rua41tKc84ZXM0aA6_LLFcy_wVLPJo89rtpDvfebpdtua0J39f5aVuU0H1MvpMmogdiSjo2IMNrEiKGUKgPPRWlaAAWl-gHxwwJnDEJOb9AcYbNGA:1q8h7A:h0aNJvd0TPg2-gqb7DvqgScQTysy0WHD-Ok_NhXSc_s', '2023-06-26 12:57:44.804757'),
('3a3fmqjy32iwqq7edjyzfq43pbml5nwj', '.eJxVi0sKwjAQQO-StZRM_nEpeATXYWY6IUWtYJuVeHcrdKHb93mpgn1tpS_yLNOojipodfiFhHyV-WuQ-dHnddjJcL7jdLtszWlP_r6GS9umGsEKWwMCKRICeck6ENkEWEfUFBNXDC64DKGCYeNtTl47MToZBvX-AN0dNDM:1qC8e4:DCmIpvFwymwpEDut_nD1io3GZF3ecaTK9nDF6D_mZm8', '2023-07-06 00:57:56.285139'),
('3b7an8cluwuc0c0ovtvzdc358zl67mzq', '.eJxVi0sKwjAQhu-StRQzpn9bl4JHcB0mMxNa1Aq2WYl3N0IXuv0eLxe5rGMsiz3jpO7o4Ha_LLFcbf4KFnmUeW020pzvPN0utTltyd838jLWqUdmGDFlT0mDgrwE2zOZQBFAOYgKYFWztUktkfadH_IBA7rWvT_ZzTUz:1qBKeh:OmirlU4PGTmRvKEvd981HLtJA4MviMh5vvIK7JLtVrg', '2023-07-03 19:35:15.853163'),
('3ceymtnrft92qf8u7mqpu90udzwsgsj9', '.eJxVi8sKwjAUBf8laylpcpM2LgU_wXW4r5KiVrDNSvx3I3ShZzkz52Uy1q3kuuozz2KOpk_m8AsJ-arL1yDzoy5bt5PufMf5dmnNaU_-fgXX0k4ORj8msMKMoOQj9wTOk5NIoY2cnyCoDaoy2eAHELIuNjtIshrN-wPTsTSc:1q8geA:cViK7Zf56IIW79HN8Eh4lJN-OP-GPxzaeNpVNxMAx7I', '2023-06-26 12:27:46.224244'),
('3e6ao9gxkpj56lm5w4iyx0ggxgxyj5qv', '.eJxVi70KwjAQgN8ls5S7tJc0joKP4BwulxwpagXbTOK7W6GDrt_Py0Rua41tKc84ZXM0aA6_LLFcy_wVLPJo89rtpDvfebpdtua0J39f5aVuU0H1MvpMmogdiSjo2IMNrEiKGUKgPPRWlaAAWl-gHxwwJnDEJOb9AcYbNGA:1q6U18:pjv_83EqgXi63iVSVYLTYHQLkhnlt2fTfHobme7z5I8', '2023-06-20 10:34:22.007839'),
('3ghxfqjfayf0baxijlpp0nhoowe3bx3b', '.eJxVi70KwjAQgN8ls5S7tJc0joKP4BwulxwpagXbTOK7W6GDrt_Py0Rua41tKc84ZXM0aA6_LLFcy_wVLPJo89rtpDvfebpdtua0J39f5aVuU0H1MvpMmogdiSjo2IMNrEiKGUKgPPRWlaAAWl-gHxwwJnDEJOb9AcYbNGA:1q7Yto:Muztvjzb4c59H37GmvwTTDRUqzlkRta5OEkhV_e5VmI', '2023-06-23 09:59:16.830365'),
('3gjzndjdi9kx9r8h26c0h5qs8clwxij9', '.eJxVi0sKwjAQQO-StZROJs3HpeARXIfpZEKKWsE2K-ndG6EL3b7PR0Wqa4l1kXeckjorrU6_bCS-y_wVxPyq89odpLs-aXrcWnM5kr-v0FLaBJqcNw6yMRRYCA0mzDha471GAQspOAkZ3UC-sT7zYG1GDQGZoFfbDpnwM48:1q4Kzi:-XA8nwIDrDeUsRYilhRVpjTuFWGoOboTQvNizxlhIV0', '2023-06-14 12:32:02.494867'),
('3h8sqjw8g91mkm10uhby1c7ca3u1hkqy', '.eJxVi0EKwjAQRe-StZRMmkxSl4JHcB0mkwkpagXbrMS7G6ELXX14_72XitS2GtsqzzhndVRo1OEXJuKrLN-HmB9t2YadDOc7zbdLd0678tdVWmuPtACA01MoTkYxbhpTloTFcvHAjJitDim5jH0IMrI2oCV4KsWz9er9Ad0LNQA:1qByIZ:j_wYfyc554rigX-NovjWuQbZlXPOVpe8DeF72PWVeIs', '2023-07-05 13:55:03.274693'),
('3i4bxp1e4wyswehi40zr0kgqsv4rl6bj', '.eJxVi7sOwiAUht-F2TTcDlBHEx_BmfxwIDRqTWyZjO-uTTro-l1eIqKvLfalPOPE4iicEodfmJCvZd4Mcn70eR12MpzvmG6Xb3Pak7-vYWnblJgKe7LSAQQTRnj2owRppwvnWl21xgadismKwORNZajATFraJN4f9181XQ:1qC4aC:n6mt-Phd9y5cZZP9fnZvfmSyRZqexDJf5CfyVBiox6Q', '2023-07-05 20:37:40.726446'),
('3i8ykqqtrvicq0gsblfvvurqrvjkh1n9', '.eJxVjDEOwjAMRe-SGVUusaOUEYkjdI4c21UqoEi0mRB3h0od2vX99_7HJa5LSXW2dxrVXVxwpz3LLHeb1oFFXnVamo00tyePj_7vXDfl0BWey_rmMWbtiEigJUBlr0DEEXLwkAc6IzFKDkPLJgGgsyiIaqpkoOC-P6JnNIg:1q4eQJ:-DKKvJJ-HSvonk8CSoSnskRMylw5RT4jUKKclFeMOLI', '2023-06-15 09:16:47.296748'),
('3iqro36gnaefhsu0umvzmljz7lzhz4eb', '.eJxVi8sKwjAQRf8laylpOnm5FPwE12FmkiFFrWCblfjvRuhC4a7OPeelEratpraWZ5qzOioT1OEXEvK1LN8HmR9t2YadDOc7zrdLd0678tdVXGuPKFqGkidBEyenIZggQRO57EocXQEkziLg0UfbF8ZMmixa0Cg2evX-AOpGNPA:1q8dm2:7EyWwopf2FtsAP4Ujq-J8R_3MoBkI7uQgPCgSA6UwBE', '2023-06-26 09:23:42.782311'),
('3jc85wur2s2qmfdvvgvlftm6gk1fsdn7', '.eJxVi0sKwjAQQO-StZROJs3HpeARXIfpZEKKWsE2K-ndG6EL3b7PR0Wqa4l1kXeckjorrU6_bCS-y_wVxPyq89odpLs-aXrcWnM5kr-v0FLaBJqcNw6yMRRYCA0mzDha471GAQspOAkZ3UC-sT7zYG1GDQGZoFfbDpnwM48:1qAXuF:V7SUe20_bRflOGQoZwqzqnT6b_cLNR94Inc1Q6bMJhA', '2023-07-01 15:32:03.880736'),
('3jnf145welmpeougdm6qyd2lhc8ehj3e', '.eJxVjDEOwjAMRe-SGVUusaOUEYkjdI4c21UqoEi0mRB3h0od2vX99_7HJa5LSXW2dxrVXVxwpz3LLHeb1oFFXnVamo00tyePj_7vXDfl0BWey_rmMWbtiEigJUBlr0DEEXLwkAc6IzFKDkPLJgGgsyiIaqpkoOC-P6JnNIg:1q4bBi:0t_nzweBWalxa8WStUDHSzGg-_ruziVzVeC9yGkxq2Q', '2023-06-15 05:49:30.160579'),
('3kg5a510rh3apg1ol4665mieosgv45v9', '.eJxVi70KwjAQgN8ls5S7tJc0joKP4BwulxwpagXbTOK7W6GDrt_Py0Rua41tKc84ZXM0aA6_LLFcy_wVLPJo89rtpDvfebpdtua0J39f5aVuU0H1MvpMmogdiSjo2IMNrEiKGUKgPPRWlaAAWl-gHxwwJnDEJOb9AcYbNGA:1q7A4S:MPxpBrT1qt1LHJ5VZNnQtWwi_264V6mt2yHcte2VvGQ', '2023-06-22 07:28:36.320598'),
('3kr7h9c202gh4cg4py5na26tgxwey1ju', '.eJxVi70KwjAQgN8ls5S7tJc0joKP4BwulxwpagXbTOK7W6GDrt_Py0Rua41tKc84ZXM0aA6_LLFcy_wVLPJo89rtpDvfebpdtua0J39f5aVuU0H1MvpMmogdiSjo2IMNrEiKGUKgPPRWlaAAWl-gHxwwJnDEJOb9AcYbNGA:1q6P2E:_G1jQW3RmFVCOdXMqtxPHSsXmv1VCvSUW25L9TqeWw8', '2023-06-20 05:15:10.574097'),
('3l3avy8q8xymdtrtqngiqs1j8iywje6d', '.eJxVi0sKwjAQQO-StZROJs3HpeARXIfpZEKKWsE2K-ndG6EL3b7PR0Wqa4l1kXeckjorrU6_bCS-y_wVxPyq89odpLs-aXrcWnM5kr-v0FLaBJqcNw6yMRRYCA0mzDha471GAQspOAkZ3UC-sT7zYG1GDQGZoFfbDpnwM48:1q8aDA:PPd00cs5Ja5sEcPVEgwIr-6vO9Lirfe1KfhE7kyWFcY', '2023-06-26 05:35:28.215960'),
('3lm39b2i6mheakeva09orbelm68cqoil', '.eJxVi0EOwiAQRe_C2jRQKMO4NPEIrskwDKFRa2LLynh3MelCl__9914qUttqbKs845zVUY2oDr8wEV9l-T7E_GjLNuxkON9pvl26c9qVv67SWnuUJ-s0ueCT0wBIKCkICHBf1he2drJJyHFxhgG0wUIew4iM2Rcx6v0B0Ik0lw:1q93Dw:-Dn2N_kE3SUFUm90sHz3j9xG9XsckshNfS1RsWQeCI0', '2023-06-27 12:34:12.686227'),
('3lvad4pfz5il7ofvc6h8s3ewzy0n5vvo', '.eJxVi70KwjAQgN8ls5S7tJc0joKP4BwulxwpagXbTOK7W6GDrt_Py0Rua41tKc84ZXM0aA6_LLFcy_wVLPJo89rtpDvfebpdtua0J39f5aVuU0H1MvpMmogdiSjo2IMNrEiKGUKgPPRWlaAAWl-gHxwwJnDEJOb9AcYbNGA:1qBKYb:hr3a4CohRuuREVLqcNaTGegkFyhnLF4gNrfKwVsX9m0', '2023-07-03 19:28:57.778279'),
('3lz4cd0aic0jgehcg4ru0vcakwxqxefl', '.eJxVi70OwiAQgN-F2TQHB1dxNPERnMlxQGjUmrRlMr5726SDrt_PRwVuSw1tzlMYkroo3avTL4wsjzzuhkXebVy6g3S3Fw_P-9Zcj-TvqzzXbcrIaBCiYW2ppAQOwHkDDILalrMHgB58iZGMsT5pDeIskSNCZBL1XQGunzMp:1q6SWf:iiHZgCzryt9Cj-Bmg4HV_cf6DwVDPhcwz6SGZfc8UIw', '2023-06-20 08:58:49.939631'),
('3m9aitmx4k00f073xos7w6jxcv4ahu4m', '.eJxVi0sKwjAQQO-StZROJs3HpeARXIfpZEKKWsE2K-ndG6EL3b7PR0Wqa4l1kXeckjorrU6_bCS-y_wVxPyq89odpLs-aXrcWnM5kr-v0FLaBJqcNw6yMRRYCA0mzDha471GAQspOAkZ3UC-sT7zYG1GDQGZoFfbDpnwM48:1q8c3V:gW5S2s6iYv6KujzWsIjLz6AyGLxgcTiWpmcr8Vzfz3U', '2023-06-26 07:33:37.690115'),
('3n6uc4fbycqi0rupvcus7kmm0muitlf4', '.eJxVi8sKwjAQRf8laylpOnm5FPwE12FmkiFFrWCblfjvRuhC4a7OPeelEratpraWZ5qzOioT1OEXEvK1LN8HmR9t2YadDOc7zrdLd0678tdVXGuPKFqGkidBEyenIZggQRO57EocXQEkziLg0UfbF8ZMmixa0Cg2evX-AOpGNPA:1q92xm:_LCjGx9Tze8GwzpiVTt8HFNdMYLLeo4cFyFORkEtKDM', '2023-06-27 12:17:30.707283'),
('3n9uzqy3h8rfmm8123vygk3nrw0xfvzq', '.eJxVi70KwjAQgN8ls5S7tJc0joKP4BwulxwpagXbTOK7W6GDrt_Py0Rua41tKc84ZXM0aA6_LLFcy_wVLPJo89rtpDvfebpdtua0J39f5aVuU0H1MvpMmogdiSjo2IMNrEiKGUKgPPRWlaAAWl-gHxwwJnDEJOb9AcYbNGA:1qC1Qj:3vKkN8P87m5ERV6Xx9thU4EvstojP6i0JdmBLZ010kA', '2023-07-05 17:15:41.951060'),
('3pdq8a29wlwct721fexbbere5lv8aakh', '.eJxVi80KwjAMgN-lZxm02ZrGo-Aj7FySNNKhTnDrSXx3J-yg1-_n5TK3tea22DNPxR1dn9zhFwrr1eavYdVHm9duJ935ztNt3JrTnvx9lZe6TVh0ID946gMhBgxGyUgDRFCTlMQukDgW8ojAChIV1Augp6Bixb0_wtw0lg:1qA1qY:K84Wat_5nXzIsqr4KPMII3OOdGnN8Cl1Ohy8F4hW7RE', '2023-06-30 05:18:06.107525'),
('3qp9qkmz7q20ye2efa9u31cx0wryhsl6', '.eJxVi0sKwjAQQO-StZROJs3HpeARXIfpZEKKWsE2K-ndG6EL3b7PR0Wqa4l1kXeckjorrU6_bCS-y_wVxPyq89odpLs-aXrcWnM5kr-v0FLaBJqcNw6yMRRYCA0mzDha471GAQspOAkZ3UC-sT7zYG1GDQGZoFfbDpnwM48:1q6Efh:iCxZZFYsQ8bXx1mWIZ5pHe83cG_0YUfOUz8SZ9Lx6Ys', '2023-06-19 18:11:13.846119'),
('3tj41ml0jn1pop4b44mdinc33w7b2jk3', '.eJxVi0sKwjAQQO-StZRMZpqPS8EjuA6TSUKKWsE2K_HuVuhCt-_zUpH72mJfyjNOWR0Vojr8wsRyLfPXsMijz-uwk-F85-l22ZrTnvx9jZe2TRJ8EhSoiMnZMWvK5ISgVle8N2C9CZmAQqIRjAROGsRr51CkWBPU-wPRATQf:1q7PKy:kZ6q5-ghFfD2FdCwP1FD8-VJdT_c4vKVe9g5g7KadpY', '2023-06-22 23:46:40.885757'),
('3tpxdqf37htc9xxfdi0c5c5zgxm28dim', '.eJxVi0sKwjAQQO-StZROJs3HpeARXIfpZEKKWsE2K-ndG6EL3b7PR0Wqa4l1kXeckjorrU6_bCS-y_wVxPyq89odpLs-aXrcWnM5kr-v0FLaBJqcNw6yMRRYCA0mzDha471GAQspOAkZ3UC-sT7zYG1GDQGZoFfbDpnwM48:1qBJU1:pzZKqBEWSIS4IbKkquGdTsHU6AOYp0d7kB6--lCmsPU', '2023-07-03 18:20:09.133100'),
('3v7obpohnjfuzn7c7atchebqoqjgvbb5', '.eJxVi0sKwjAQhu-StRQzpn9bl4JHcB0mMxNa1Aq2WYl3N0IXuv0eLxe5rGMsiz3jpO7o4Ha_LLFcbf4KFnmUeW020pzvPN0utTltyd838jLWqUdmGDFlT0mDgrwE2zOZQBFAOYgKYFWztUktkfadH_IBA7rWvT_ZzTUz:1qAOXs:54VC20LK8Y65SK_S6xm4R2nZbryBklUoseIaqT4q4N4', '2023-07-01 05:32:20.908494'),
('3vs902qyvu6o5nsc65mtw3yj6t0wpi93', '.eJxVi70KwjAQgN_lZilJc7kLjoKP4BwuyYUUtYJtJvHdrdBB1-_nBVH62mJf9BmnAkdgOPyyJPmq81dIzo8-r8NOhvNdpttla0578vc1Wdo2qXdV1fOoaDyyY0y1JGvElsQkjBoseUfBKYY6JipIEmp2hgVz9fD-ALeQNH4:1qBvD7:fnl9Tj31A-WCdLkQYTUSR8WY1tBFFmWUzh1OkaUjV6Q', '2023-07-05 10:37:13.376305'),
('3wqn749iv753cc0bfpx56el5lh1zwd5m', '.eJxVi70KwjAQgN8ls5S7tJc0joKP4BwulxwpagXbTOK7W6GDrt_Py0Rua41tKc84ZXM0aA6_LLFcy_wVLPJo89rtpDvfebpdtua0J39f5aVuU0H1MvpMmogdiSjo2IMNrEiKGUKgPPRWlaAAWl-gHxwwJnDEJOb9AcYbNGA:1qA4OP:Hl8dJLczkBPHAR8f4PyYsHO30ULcVNQ9NwTX_pz7O30', '2023-06-30 08:01:13.929296'),
('3xhftv87kizgdssyvkrjoivn2rueg3id', '.eJxVi0sKwjAQQO-StZROJs3HpeARXIfpZEKKWsE2K-ndG6EL3b7PR0Wqa4l1kXeckjorrU6_bCS-y_wVxPyq89odpLs-aXrcWnM5kr-v0FLaBJqcNw6yMRRYCA0mzDha471GAQspOAkZ3UC-sT7zYG1GDQGZoFfbDpnwM48:1q7X4P:LNRpOH1o1hvtbxE4UmwVysKaJZLDFtx4uhLQaNzYLuI', '2023-06-23 08:02:05.487141'),
('3yied3kfkmdud3jw36hgyo3ts5fbeuxq', '.eJxVi0sKwjAQQO-StZROJs3HpeARXIfpZEKKWsE2K-ndG6EL3b7PR0Wqa4l1kXeckjorrU6_bCS-y_wVxPyq89odpLs-aXrcWnM5kr-v0FLaBJqcNw6yMRRYCA0mzDha471GAQspOAkZ3UC-sT7zYG1GDQGZoFfbDpnwM48:1q6Vcp:lE-EaoqO9ONcv90cGx0mOKmgNruCqvYwL65FC9ilG7Q', '2023-06-20 12:17:23.502866'),
('41zdx75uxk7dobcn7qpflpy3vahbyh9i', '.eJxVi70OwiAQgN-F2TQIRwFHkz5CZ3LcHaFRa9KWyfju1qSDrt_PSyVsW01tlSVNrC4K1OmXZaSbzF-BRM82b91BuuGB033cm-uR_H0V17pPAb0VKDoKkslitGX2juUsnkRn6RFMz8zgMMSigy0ZXPG5CBBE0er9AeVgNcg:1q3YkM:OtvcTHORFNI1Lnm5VBw9nLruHHZ2tp5EIDAnsiKf-aI', '2023-06-12 09:00:58.655766'),
('421oc6dlgwyt9b4icvhkd3shoetqsth5', '.eJxVi8sKwjAQRf9l1lImTZo4LoV-QtdhJg9S1AptsxL_3Qhd6O4-znmB57oXX7e0-jnCBfoBTr-jcLil5ftwCM-67N2xdOOD5_vUmOuB_HmFt9IkJQG1pcFxIEWmV4YZrWEkZ-xZNBlNTkR0q4iUcszZWtTELVF08P4Asjc0Jg:1qBeJy:MQQCIEZYhH6XtH6TbHh-UJamgYU8Ko7uqlpmZ5bKGks', '2023-07-04 16:35:10.582693'),
('42pqi8pfbojj9kqn6bbqxl5deb3jyf33', '.eJxVi0sKwjAQhu-StZRMElvjUvAIrsNk8g8pagXbrMS7W6EL3X6Pl0nclprajGcaizmaQGb3CzPLFdPXsMijTUu3ke585_F2WZvTlvx9lee6TiR7dQrlmInEUuYQ6RDgyQHknNVBhaBqUWz0pY9w8CWjl-IHJfP-APg5NbI:1q8yqt:bXQtJRsVvcaXK2MzmUcTHqkae6f7wms0Ceu3W8i2I6U', '2023-06-27 07:54:07.970280'),
('43480y7xmnmd753fa24kxgjl3umg49i0', '.eJxVi8sKwjAUBf8laylpcpM2LgU_wXW4r5KiVrDNSvx3I3ShZzkz52Uy1q3kuuozz2KOpk_m8AsJ-arL1yDzoy5bt5PufMf5dmnNaU_-fgXX0k4ORj8msMKMoOQj9wTOk5NIoY2cnyCoDaoy2eAHELIuNjtIshrN-wPTsTSc:1qBTDt:IgV3zWOFKYlpOtDMxKleClANY5rNpbhGLMbIShCuaVc', '2023-07-04 04:44:09.345765'),
('43cyi8dzztj3ragf5qi3a52yz2ls87gu', '.eJxVizsOwjAQBe-yNYr8wVkvJRJHoLbWXluOgCAlcYW4O0ZKAeWbN_OCwG2roa15CZPACVDD4RdGTrc8fx9O6dnmbdjJcHnwdL9257wrf13ltfbIsLNazNF6rSxFK9mzIUTSxB5JikSjc7EqjcRkaBRSxFhc8n04hPcHutMz2w:1qByJV:C0EsudcIE9VvaqTcmFAhNDv04w7_SKLPiCXOOKMspoU', '2023-07-05 13:56:01.576204'),
('43pnj6wmrrx22jug6zsht9eqiayq1nhp', '.eJxVi7sOwiAUht-F2TTcDlBHEx_BmfxwIDRqTWyZjO-uTTro-l1eIqKvLfalPOPE4iicEodfmJCvZd4Mcn70eR12MpzvmG6Xb3Pak7-vYWnblJgKe7LSAQQTRnj2owRppwvnWl21xgadismKwORNZajATFraJN4f9181XQ:1qC1B8:Wz37I_rjhNkQBOt9Eefp6AsqMkrLf-GNCpCqvBQZ9JA', '2023-07-05 16:59:34.191585'),
('4419sewlohapofixxqy92jvokyyogtim', '.eJxVi0sKwjAQQO-StZROJs3HpeARXIfpZEKKWsE2K-ndG6EL3b7PR0Wqa4l1kXeckjorrU6_bCS-y_wVxPyq89odpLs-aXrcWnM5kr-v0FLaBJqcNw6yMRRYCA0mzDha471GAQspOAkZ3UC-sT7zYG1GDQGZoFfbDpnwM48:1q62js:1gCkTPfaSSBo6NZLJQm1cqfirvv4h5_8g_NDsC02mB8', '2023-06-19 05:26:44.325299'),
('44434ls5bocosudqbkbzm96tyd9l1mzu', '.eJxVi70OwiAQgN-F2TQHB1dxNPERnMlxQGjUmrRlMr5726SDrt_PRwVuSw1tzlMYkroo3avTL4wsjzzuhkXebVy6g3S3Fw_P-9Zcj-TvqzzXbcrIaBCiYW2ppAQOwHkDDILalrMHgB58iZGMsT5pDeIskSNCZBL1XQGunzMp:1q92un:YbW2tG55UDQF9TpmroLq4xjnvOQfhrv0q66pW1Pgo2Y', '2023-06-27 12:14:25.972801'),
('4487umf717btdgvpclvq4f3y3k4czfd2', '.eJxVi70KwjAQgN8ls5S7tJc0joKP4BwulxwpagXbTOK7W6GDrt_Py0Rua41tKc84ZXM0aA6_LLFcy_wVLPJo89rtpDvfebpdtua0J39f5aVuU0H1MvpMmogdiSjo2IMNrEiKGUKgPPRWlaAAWl-gHxwwJnDEJOb9AcYbNGA:1q8HQc:qhEIsc0WSnaBnxamlK78mtPFCEJidJ_t5qNnxhkX5VM', '2023-06-25 09:32:06.091200'),
('44dw8261gzg8bwrcxzwpb45kjjggbmp1', '.eJxVi0sKwjAQhu-StRQzpn9bl4JHcB0mMxNa1Aq2WYl3N0IXuv0eLxe5rGMsiz3jpO7o4Ha_LLFcbf4KFnmUeW020pzvPN0utTltyd838jLWqUdmGDFlT0mDgrwE2zOZQBFAOYgKYFWztUktkfadH_IBA7rWvT_ZzTUz:1qAkoL:ylEva8tFuLWlgIKkrt9SpTC4o1MEyKLtmcFjYJFKIT8', '2023-07-02 05:18:49.300625'),
('45tsnjr70rdm6rx0fdd0o5fenf134stp', '.eJxVi0kKwjAUQO-StRS_yc_gUvAIrsMfElLUCrZZiXe3Qhe6fcPLZOpLy30uzzyqORpndr-MSa5l-goSefRpGTYynO803i5rc9qSv6_R3Nap-pCYAjgNKSQEVlCPHjHEKMqJWRUOlRCdqCaLNqLsAahGtIW8eX8AtgA0ig:1qBBOZ:Oumj7xOaN6yP3VV8Pj3uEFMxyCRLUFB-Qyu5j-Ifxak', '2023-07-03 09:41:59.008892'),
('45twv73i2okvm3yir9gxas3phj6kdr18', '.eJxVi70KwjAQgN8ls5Tkwl0ujoKP4Bwul5QUtYJtJvHdrdBB1-_nZZL0taW-1Geaijka8ubwC7Potc5fI6qPPq_DTobzXabbZWtOe_L3NVnaNjkMXDIocXEBiq_iHQOOlV2JIMEL2YojonoSIrTWhagArEwAMZv3B8WtM7w:1qBxgL:6m7epe00RMsKxN-h3gSxqibprNvTgdDybwDzbsB5SXI', '2023-07-05 13:15:33.977837'),
('46induzzhoeygpxtj5t7q4lu7giz1tak', '.eJxVi70KwjAQgN8lsxRzuV5yjoKP4Byul4QUtULbTOK7a6GDrt_Py0Rpa41tyXMckzkZZHP4hYPoLU-bEdVnm9ZuJ93lIeP9-m3Oe_L3VVnqNllCwEG8QyggIfRqXfJIgQsxWPCeoBxBM6CQswkDpcLI7FFz6c37A7A7M6U:1qA4MZ:ql1zHICy5VzkuU8m-zjzJfPhYM8BK9WeE8nWhnxNTeY', '2023-06-30 07:59:19.283585'),
('46xlqljzjpukffmnl11qiymqsseramg2', '.eJxVi0sKwjAQQO-StZTJ5Ne4FDyC6zBJJqSoFWyzkt69EbrQ7ft8RKC21tAWfocpi7Ow4vTLIqU7z19BKb3avA4HGa5Pmh633lyO5O-rtNQ-oQF2jBZVjIpVlk46spE9FAaTNPikHCjKCKNGD6PRujjZ85I9ei22HZ5GM3k:1q4Ffq:9HsRLB1kOGT2cCNkJfMeSGOvm1EIcBCqVUCUz13QWQk', '2023-06-14 06:51:10.014949'),
('485xfkw9j3yzlmtewdo6sqe73xglsvbh', '.eJxVi70KwjAQgN8ls5TcpTlyjoKP4ByuyYUUtYJtJvHdjdBB1-_nZaK0rca26jPO2RwNenP4hZOkqy5fIyk92rINOxnOd5lvl96c9uTvq7LWPtGkpIWZbUgcAChDKjlIQVVHXjOQG4msx2IDI6L1MHZYPATK1pn3B9XLM8Y:1q8eYs:efl34-xOG6BG1b0yib_1D6am_DH14rLe8g5wECGElBw', '2023-06-26 10:14:10.862534'),
('493elolwrurzfsl7lsm9eywmmz4e5ony', '.eJxVi70KwjAQgN8ls5S7tJc0joKP4BwulxwpagXbTOK7W6GDrt_Py0Rua41tKc84ZXM0aA6_LLFcy_wVLPJo89rtpDvfebpdtua0J39f5aVuU0H1MvpMmogdiSjo2IMNrEiKGUKgPPRWlaAAWl-gHxwwJnDEJOb9AcYbNGA:1qCFW2:9b4gI3Hnk0MMuy2XRPR4R8eFdlBjpTA5Tiem2jxkKcg', '2023-07-06 08:18:06.144855'),
('4988vvhncqq4y6uxgzoau2f9sr0v828k', '.eJxVi0sKwjAQhu-StRQzpn9bl4JHcB0mMxNa1Aq2WYl3N0IXuv0eLxe5rGMsiz3jpO7o4Ha_LLFcbf4KFnmUeW020pzvPN0utTltyd838jLWqUdmGDFlT0mDgrwE2zOZQBFAOYgKYFWztUktkfadH_IBA7rWvT_ZzTUz:1q9KhT:DcQHONM6yL2qA6pj8waw7t0i53cOi94XP8GQ5YYchF8', '2023-06-28 07:13:51.384047'),
('4a9gzkmj8mjpsqlpivr28kwncnty5g4i', '.eJxVjDEOwjAMRe-SGVUusaOUEYkjdI4c21UqoEi0mRB3h0od2vX99_7HJa5LSXW2dxrVXVxwpz3LLHeb1oFFXnVamo00tyePj_7vXDfl0BWey_rmMWbtiEigJUBlr0DEEXLwkAc6IzFKDkPLJgGgsyiIaqpkoOC-P6JnNIg:1q4aK9:NdcZug1toNu3k-ThWRSqzTzzvKZFP-xBVbSBw02ut_w', '2023-06-15 04:54:09.622503'),
('4b7cyxk7vvfis3hu9uc5b8mnije8uxm4', '.eJxVi0sKwjAQQO-StZR8ZhLGpeARXIdpZkKKWsE2K_HuVuhCt-_zMpn72nJf9JknMUcDwRx-4cjlqvPXcCmPPq_DTobznafbZWtOe_L3NV7aNjkaUV1QzzZ5qkQUMVah4EbHABVUUqhoLYoHF6WAaCpok1UUFjTvD8coNHo:1q91Ze:gl607NVzxlQSWr8KVn3RZMelniQC2Xb3XQYChq0DvQU', '2023-06-27 10:48:30.009891'),
('4bmqf727egdc2kxnar0ehlhf9p5excce', '.eJxVi70KwjAQgN8ls5S7tJc0joKP4BwulxwpagXbTOK7W6GDrt_Py0Rua41tKc84ZXM0aA6_LLFcy_wVLPJo89rtpDvfebpdtua0J39f5aVuU0H1MvpMmogdiSjo2IMNrEiKGUKgPPRWlaAAWl-gHxwwJnDEJOb9AcYbNGA:1q8mCh:V1h4fO87iKooyrIRUmGKDRmzfmya5UZHc5Zu_90CYyk', '2023-06-26 18:23:47.177290'),
('4brcs104pmic56rt1mfpiw96muyajvwy', '.eJxVizsOwjAMQO_iGVX54KRhROIIzJHtuEoFFKltJsTdKVIHWN_nBZnaWnNbdM5jgRM4hMMvZJKbTl9DIs82rd1OusuDxvt1a8578vdVWuo2qZcQg43RMIbh6JP4gSkI9UWQvVpFjD2rDc4ZKTYaI2ITO-akRhHeH9-aNPg:1q6Ruc:O7s12jHxJZ0A7zsBTJRa_xkm2XmdEjAy3bOiFbru0x0', '2023-06-20 08:19:30.604285'),
('4dh9pie38xu00utbsnu67103lj3sueqj', '.eJxVi0sKwjAQQO-StZROJs3HpeARXIfpZEKKWsE2K-ndG6EL3b7PR0Wqa4l1kXeckjorrU6_bCS-y_wVxPyq89odpLs-aXrcWnM5kr-v0FLaBJqcNw6yMRRYCA0mzDha471GAQspOAkZ3UC-sT7zYG1GDQGZoFfbDpnwM48:1qAXyJ:vWYB-n-S_qxpHnB2R9Cwv8IuQeLFidoQPohBeTxZ6ak', '2023-07-01 15:36:15.806057'),
('4ehok5pnd5pzb72ldznv7dvx9ajky16a', '.eJxVi0sKwjAQQO-StZROJs3HpeARXIfpZEKKWsE2K-ndG6EL3b7PR0Wqa4l1kXeckjorrU6_bCS-y_wVxPyq89odpLs-aXrcWnM5kr-v0FLaBJqcNw6yMRRYCA0mzDha471GAQspOAkZ3UC-sT7zYG1GDQGZoFfbDpnwM48:1q7Zki:pMo-xeTub_3bwEWK6Mes_gyBc3CqDpfkerQS8_YOSlI', '2023-06-23 10:53:56.099081'),
('4ezs0p5rr6g6l25541sff495lt72pln6', '.eJxVi70KwjAQgN8ls5S7tJc0joKP4BwulxwpagXbTOK7W6GDrt_Py0Rua41tKc84ZXM0aA6_LLFcy_wVLPJo89rtpDvfebpdtua0J39f5aVuU0H1MvpMmogdiSjo2IMNrEiKGUKgPPRWlaAAWl-gHxwwJnDEJOb9AcYbNGA:1q3YfG:Df4K7slQNhsHv-umxUPT7fzbY6u77xyO9zdWheQVmTY', '2023-06-12 08:55:42.401986'),
('4fehtwoixz9pzjt6rm7qg7p5pi84nhi7', '.eJxVi80KwjAMgN-lZxkr2drEo-AjeC5pk9ChTnDrSXx3J-yg1-_n5RK3taa26DNN4o5ucIdflrlcdf4KLuXR5rXbSXe-83S7bM1pT_6-ykvdJvQgvRgjBEHJijJYAFP1vrBRBAwDZQ5jVjIAQymgPSHGkTUSufcH2uU1NQ:1q6nbn:RpJcgssNKZTq_MTx_yUoUu-Bztp-26kLjLafFU5VMRI', '2023-06-21 07:29:31.392812'),
('4g8pso035coxlstturdnt09ujhf8byls', '.eJxVi0sKwjAQQO-StZROJs3HpeARXIfpZEKKWsE2K-ndG6EL3b7PR0Wqa4l1kXeckjorrU6_bCS-y_wVxPyq89odpLs-aXrcWnM5kr-v0FLaBJqcNw6yMRRYCA0mzDha471GAQspOAkZ3UC-sT7zYG1GDQGZoFfbDpnwM48:1q6rvq:gnGvy1azGzh3GW-GuhzYbVwQO2LWO4DLIRAZAkGmpAw', '2023-06-21 12:06:30.767072'),
('4hosbwhkqy4u6jc18vzpqo2tqzsgleeg', '.eJxVi0sKwjAQQO-StZROJs3HpeARXIfpZEKKWsE2K-ndG6EL3b7PR0Wqa4l1kXeckjorrU6_bCS-y_wVxPyq89odpLs-aXrcWnM5kr-v0FLaBJqcNw6yMRRYCA0mzDha471GAQspOAkZ3UC-sT7zYG1GDQGZoFfbDpnwM48:1q8bm0:mdHDKinGYwx73gRMVBuioybz2CALs8Via1kJPGWHJvo', '2023-06-26 07:15:32.185265'),
('4hz6a9n4rzk1ok1ff345w25ponr5uecb', '.eJxVi70KwjAQgN8ls5S7tJc0joKP4BwulxwpagXbTOK7W6GDrt_Py0Rua41tKc84ZXM0aA6_LLFcy_wVLPJo89rtpDvfebpdtua0J39f5aVuU0H1MvpMmogdiSjo2IMNrEiKGUKgPPRWlaAAWl-gHxwwJnDEJOb9AcYbNGA:1q8K17:h-etlksyjE77K1PJMaXOhtr66Zj1Gx2XqAstLdBv2mI', '2023-06-25 12:17:57.811354'),
('4lm06u1aw0qopgf31qsfcaob7ogp9pad', '.eJxVi0kKwjAUQO-StRS_yc_gUvAIrsMfElLUCrZZiXe3Qhe6fcPLZOpLy30uzzyqORpndr-MSa5l-goSefRpGTYynO803i5rc9qSv6_R3Nap-pCYAjgNKSQEVlCPHjHEKMqJWRUOlRCdqCaLNqLsAahGtIW8eX8AtgA0ig:1qARWL:5eVTrwSAcluBMAqPDRhhhj-OC0cORXWfZKUZvM8Lcds', '2023-07-01 08:42:57.142669'),
('4n6zv1mnzbzjns2x6ylde34ma666mz8m', '.eJxVi0EKwjAQRe-StZRMmkxSl4JHcB0mkwkpagXbrMS7G6ELXX14_72XitS2GtsqzzhndVRo1OEXJuKrLN-HmB9t2YadDOc7zbdLd0678tdVWmuPtACA01MoTkYxbhpTloTFcvHAjJitDim5jH0IMrI2oCV4KsWz9er9Ad0LNQA:1qC0J0:egzJM9vwbiOWWLpapxn9gJqTsdDhA7r1Di2llot1xwk', '2023-07-05 16:03:38.410892'),
('4ntdgdye67lmei3ae5vzpyp8f20rjwhr', '.eJxVi0sKwjAQQO-StZRM_nEpeATXYWY6IUWtYJuVeHcrdKHb93mpgn1tpS_yLNOojipodfiFhHyV-WuQ-dHnddjJcL7jdLtszWlP_r6GS9umGsEKWwMCKRICeck6ENkEWEfUFBNXDC64DKGCYeNtTl47MToZBvX-AN0dNDM:1qC2Ow:QpOlgBHF-JTubrjs0IGnQjIrk0fYYRi8X2UhNXa_AlY', '2023-07-05 18:17:54.127581'),
('4nvhqtubuopej92jqt8ma2fhkq8peo3r', '.eJxVi70KwjAQgN8ls5S7tJc0joKP4BwulxwpagXbTOK7W6GDrt_Py0Rua41tKc84ZXM0aA6_LLFcy_wVLPJo89rtpDvfebpdtua0J39f5aVuU0H1MvpMmogdiSjo2IMNrEiKGUKgPPRWlaAAWl-gHxwwJnDEJOb9AcYbNGA:1qC2al:mkf-eo3qhBHE7u2NlyeXag2W4wT0so109NcY1729VDg', '2023-07-05 18:30:07.587969'),
('4pgmw3eyere77vyjh3p6ulv9smxx5xfu', '.eJxVi0EOwiAQRe_C2jRQKMO4NPEIrskwDKFRa2LLynh3MelCl__9914qUttqbKs845zVUY2oDr8wEV9l-T7E_GjLNuxkON9pvl26c9qVv67SWnuUJ-s0ueCT0wBIKCkICHBf1he2drJJyHFxhgG0wUIew4iM2Rcx6v0B0Ik0lw:1qA20J:ffVreqxg_K2Kl77prQknMZIYKbw9px-vsdd1Tqn7T8U', '2023-06-30 05:28:11.584574'),
('4qhpnj4ljxc0j1pbk2yl47067c8z32nu', '.eJxVi70KwjAQgN8ls5S7tJc0joKP4BwulxwpagXbTOK7W6GDrt_Py0Rua41tKc84ZXM0aA6_LLFcy_wVLPJo89rtpDvfebpdtua0J39f5aVuU0H1MvpMmogdiSjo2IMNrEiKGUKgPPRWlaAAWl-gHxwwJnDEJOb9AcYbNGA:1qBqH6:pbSUo3T6vKM-CXXFoQ47fj8ccA6joUK7sBiUCSZIEmc', '2023-07-05 05:21:00.216000'),
('4qruk3onowu9tnv3dz4nqdis9v3d5bou', '.eJxVi80KwjAMgN-lZxkr2drEo-AjeC5pk9ChTnDrSXx3J-yg1-_n5RK3taa26DNN4o5ucIdflrlcdf4KLuXR5rXbSXe-83S7bM1pT_6-ykvdJvQgvRgjBEHJijJYAFP1vrBRBAwDZQ5jVjIAQymgPSHGkTUSufcH2uU1NQ:1q8mso:cMncz4Dbk8e__9MJQvgwoH7CCpIeHqXZUTXqFN-3R84', '2023-06-26 19:07:18.586114'),
('4r2klbvv4r21bvqgq6d160u1cqpvhcq0', '.eJxVi70KwjAQgN8ls5S7tJc0joKP4BwulxwpagXbTOK7W6GDrt_Py0Rua41tKc84ZXM0aA6_LLFcy_wVLPJo89rtpDvfebpdtua0J39f5aVuU0H1MvpMmogdiSjo2IMNrEiKGUKgPPRWlaAAWl-gHxwwJnDEJOb9AcYbNGA:1qC2Md:CDk1F3tr1or8_DBHR7zcaaR0setPEc6yZPMj31-CMN8', '2023-07-05 18:15:31.208040'),
('4rr5oc4t8ry2n9dt680hv5xau8dlt867', '.eJxVi0sKwjAQQO-StZROJs3HpeARXIfpZEKKWsE2K-ndG6EL3b7PR0Wqa4l1kXeckjorrU6_bCS-y_wVxPyq89odpLs-aXrcWnM5kr-v0FLaBJqcNw6yMRRYCA0mzDha471GAQspOAkZ3UC-sT7zYG1GDQGZoFfbDpnwM48:1qBwzt:H85tb9G6SN5eXm1cuF3ZsrS8EJcV9J07iSD8hfkTt1s', '2023-07-05 12:31:41.072316'),
('4tver4cm09bpv87bfdxgu64fn1jrqjlf', '.eJxVi70KwjAQgN8ls5S7tJc0joKP4BwulxwpagXbTOK7W6GDrt_Py0Rua41tKc84ZXM0aA6_LLFcy_wVLPJo89rtpDvfebpdtua0J39f5aVuU0H1MvpMmogdiSjo2IMNrEiKGUKgPPRWlaAAWl-gHxwwJnDEJOb9AcYbNGA:1qC2Gc:jnsXpRXcQpf161LXgim_rE4dwcpbx7vRnqwnze5Zi00', '2023-07-05 18:09:18.669362'),
('4u0i2g452lu4es2q0tp05htaxz1uq1ts', '.eJxVi70KwjAQgN8ls5S7tJc0joKP4BwulxwpagXbTOK7W6GDrt_Py0Rua41tKc84ZXM0aA6_LLFcy_wVLPJo89rtpDvfebpdtua0J39f5aVuU0H1MvpMmogdiSjo2IMNrEiKGUKgPPRWlaAAWl-gHxwwJnDEJOb9AcYbNGA:1q78rc:7xrTLvsU6k8v_E927hzS--_BP-4adDyrwV-bPKZ9G1Y', '2023-06-22 06:11:16.723070'),
('4uchigi5iluhdfg169daltf9qyooxrov', '.eJxVi70KwjAQgN8ls5S7tJc0joKP4BwulxwpagXbTOK7W6GDrt_Py0Rua41tKc84ZXM0aA6_LLFcy_wVLPJo89rtpDvfebpdtua0J39f5aVuU0H1MvpMmogdiSjo2IMNrEiKGUKgPPRWlaAAWl-gHxwwJnDEJOb9AcYbNGA:1qBDR1:ToGxgtdDq1NWNRn0s71PWjnq7-1ELTChj9d9VO1lUyY', '2023-07-03 11:52:39.546054'),
('4uv55q7vy2oe8y48rapjfi8ibcs3o3ao', '.eJxVi0EOwiAQRe_C2jTDIFBcmngE12QYmNCoNWnLynh3MelCdz_vv_dSkdpWY1vLEqesTsqN6vALE_GtzN-HmJ9t3oadDJcHTfdrd8678tdVWmuPjPcgRTQGQG_QhYQekFlMytaRkMG-WScWK5RdcIxCRzvqbAgA1PsD3FE08w:1qBxqx:kQJ-qK2zgRxDywb3cCFt1HXT6NEi-3_OhIuOW9lNVu4', '2023-07-05 13:26:31.105508'),
('4vak9o3npo9peboj2i6iotxsebdnxv0n', '.eJxVi0sKwjAQQO-StZROJs3HpeARXIfpZEKKWsE2K-ndG6EL3b7PR0Wqa4l1kXeckjorrU6_bCS-y_wVxPyq89odpLs-aXrcWnM5kr-v0FLaBJqcNw6yMRRYCA0mzDha471GAQspOAkZ3UC-sT7zYG1GDQGZoFfbDpnwM48:1q6Txr:f-_rjSJIFp45qPMgD4uKWtc1bt9v2D6PwXvmEm3hkKw', '2023-06-20 10:30:59.275743'),
('4vhvdumm35m7iyebedlfibtflgettozu', '.eJxVi0EOwiAQRe_C2jRQKMO4NPEIrskwDKFRa2LLynh3MelCl__9914qUttqbKs845zVUY2oDr8wEV9l-T7E_GjLNuxkON9pvl26c9qVv67SWnuUJ-s0ueCT0wBIKCkICHBf1he2drJJyHFxhgG0wUIew4iM2Rcx6v0B0Ik0lw:1q91q3:uTeV0Germ2v_3FD6tmkqj_dTMJIbgBeB-f7bz-9uCi4', '2023-06-27 11:05:27.456077'),
('4we7mq0prktvpb2u89fqt7uq1fs09wga', '.eJxVi0sKwjAQQO-StZROJs3HpeARXIfpZEKKWsE2K-ndG6EL3b7PR0Wqa4l1kXeckjorrU6_bCS-y_wVxPyq89odpLs-aXrcWnM5kr-v0FLaBJqcNw6yMRRYCA0mzDha471GAQspOAkZ3UC-sT7zYG1GDQGZoFfbDpnwM48:1q7a3s:l7mDLdxX6rbvYy76viChY-qotBhh9BeX8iMmFayPnZ0', '2023-06-23 11:13:44.891863'),
('4whlf1vglh3ft0uki2geum1229489pcd', '.eJxVjsEKwjAQRP8lZylpN9kuHgU_wXPYbDakqBVsc5L-eyP0oDCnN29gPiZwXUuoi77DlMzZIJrTL4wsd52_DYu86rx2B-muT54et-ZcDuVvV3gpbZRdz9mTOicek4wUnW3piX2GSKrCFi0ONOZIyUuyA2BWUAIHqZ3ZduqXNN8:1qBxg2:f6nr_D4zMSiqZvVLNaeSUV_1oiH3_QH2Zh4UOb1yReY', '2023-07-05 13:15:14.335323'),
('4xbhbst1wd86jf2ebmrxk2mjx42ghcit', '.eJxVi0sKwjAQQO-StZROJs3HpeARXIfpZEKKWsE2K-ndG6EL3b7PR0Wqa4l1kXeckjorrU6_bCS-y_wVxPyq89odpLs-aXrcWnM5kr-v0FLaBJqcNw6yMRRYCA0mzDha471GAQspOAkZ3UC-sT7zYG1GDQGZoFfbDpnwM48:1qA4YA:TPM1MSL61BZuwZw8jtuAycQVLe5tTGSgxJ7ZRT-1My0', '2023-06-30 08:11:18.382185'),
('4ybt58n7vz21h4jj5mx02wy1xwqgia9k', '.eJxVi70KwjAQgN8ls5S7tJc0joKP4BwulxwpagXbTOK7W6GDrt_Py0Rua41tKc84ZXM0aA6_LLFcy_wVLPJo89rtpDvfebpdtua0J39f5aVuU0H1MvpMmogdiSjo2IMNrEiKGUKgPPRWlaAAWl-gHxwwJnDEJOb9AcYbNGA:1q6QSt:CcCFQjv2PnSllwPqthDzqRiGgewfGgwUXYA0YFVmMS8', '2023-06-20 06:46:47.129594'),
('4ygivz8b74fp2a4cyvn8jk5kbbsr06ed', '.eJxVi70KwjAQgN8ls5S7tJc0joKP4BwulxwpagXbTOK7W6GDrt_Py0Rua41tKc84ZXM0aA6_LLFcy_wVLPJo89rtpDvfebpdtua0J39f5aVuU0H1MvpMmogdiSjo2IMNrEiKGUKgPPRWlaAAWl-gHxwwJnDEJOb9AcYbNGA:1qBssf:KjrYycPnsmNDy7UtnmXJU9JEsf-4Yh468Lt7Pv1j5nA', '2023-07-05 08:07:57.340938'),
('4yoo604pquak7533ir4bugxnd9z1vryj', '.eJxVi70KwjAQgN8ls5S7tJc0joKP4BwulxwpagXbTOK7W6GDrt_Py0Rua41tKc84ZXM0aA6_LLFcy_wVLPJo89rtpDvfebpdtua0J39f5aVuU0H1MvpMmogdiSjo2IMNrEiKGUKgPPRWlaAAWl-gHxwwJnDEJOb9AcYbNGA:1qBny0:ucxShTaaUKRaoR-mmvrcCgb94700WYHfYqU7jtxkN9Y', '2023-07-05 02:53:08.952635'),
('4yrgt2katq9ykmljlbu1s17ri2v3ymgj', '.eJxVi0sKwjAQQO8yaylO_nEpeATXYTKTkKJWaJuVeHcrdKHb93lBor621Jcyp1HgBBjh8Asz8a1MX0PMzz6tw06Gy4PG-3Vrznvy9zVa2jZZIW8z-hKMZg7CupairBOvxCEGpWKkesRQ0ZB3JmbUujrMpMiJFXh_AOCeNKk:1q6nf4:TY8bBxu4Q38Bpd2KtY5O2wBvtwZoN7bH_NxvT6x5l1A', '2023-06-21 07:32:54.969697'),
('4yy1lnw365svg9d57p4259pc4ilrlpat', '.eJxVi0kKwjAUQO-StRS_yc_gUvAIrsMfElLUCrZZiXe3Qhe6fcPLZOpLy30uzzyqORpndr-MSa5l-goSefRpGTYynO803i5rc9qSv6_R3Nap-pCYAjgNKSQEVlCPHjHEKMqJWRUOlRCdqCaLNqLsAahGtIW8eX8AtgA0ig:1qBwgd:527WMxNDzzVFuczuT4d3LCgbDUUaIbJD_XBwpL-IfTQ', '2023-07-05 12:11:47.275311'),
('4z5u92nfw4v4tsm0vet1n3zax1pen43e', '.eJxVi0sKwjAQQO-StZROJs3HpeARXIfpZEKKWsE2K-ndG6EL3b7PR0Wqa4l1kXeckjorrU6_bCS-y_wVxPyq89odpLs-aXrcWnM5kr-v0FLaBJqcNw6yMRRYCA0mzDha471GAQspOAkZ3UC-sT7zYG1GDQGZoFfbDpnwM48:1q4xJ0:Ut6e0kJzoIlSZz22geoaqhH85HPXG_Jt5OI7yLxtQV8', '2023-06-16 05:26:30.320739'),
('5017qg836cos7dpeaz6fbuhdzy2p4zv1', '.eJxVi7sOwiAUht-F2TTcDlBHEx_BmfxwIDRqTWyZjO-uTTro-l1eIqKvLfalPOPE4iicEodfmJCvZd4Mcn70eR12MpzvmG6Xb3Pak7-vYWnblJgKe7LSAQQTRnj2owRppwvnWl21xgadismKwORNZajATFraJN4f9181XQ:1qC0ZL:hYo33oW57Wf94RYq_SUdD4LYmvSCA6rbJEOBXtjbAXg', '2023-07-05 16:20:31.787330'),
('5032qsycjflxaj3j9vb46ru9s5cnidpc', '.eJxVi80KwjAMgN-lZxkr2drEo-AjeC5pk9ChTnDrSXx3J-yg1-_n5RK3taa26DNN4o5ucIdflrlcdf4KLuXR5rXbSXe-83S7bM1pT_6-ykvdJvQgvRgjBEHJijJYAFP1vrBRBAwDZQ5jVjIAQymgPSHGkTUSufcH2uU1NQ:1q8fpG:Ak5rmJoNnsjGlpUh99qmXgxEtiqKbS83YFscb_AgIu0', '2023-06-26 11:35:10.861093'),
('507f9f8o80jsld3ij5wqjfkwx03mdbu0', '.eJxVi0sKwjAQQO-StZROPibjUvAIrsNkkiFFrdA2K_HubaEL3b7PR0VqS41tLlMcsroo49TpFybiRxl3Q8zvNi7dQbrbi4bnfWuuR_L3VZrrNnljCKgHkBTQ65QZrT8jO07i2WqyKGJJKFASAMha616cD8ZlxJLVdwXilTUK:1q8gBJ:f0CI_Ary1uqnUNpyGKN7ho46MCABj9WWxWFfg6kf_iA', '2023-06-26 11:57:57.776114'),
('51fotwgjzk73lop0zjsmvdbw8qzdyelh', '.eJxVi70KwjAQgN8ls5S7tJc0joKP4BwulxwpagXbTOK7W6GDrt_Py0Rua41tKc84ZXM0aA6_LLFcy_wVLPJo89rtpDvfebpdtua0J39f5aVuU0H1MvpMmogdiSjo2IMNrEiKGUKgPPRWlaAAWl-gHxwwJnDEJOb9AcYbNGA:1q6T2I:xvNJBr-erU2kZNoWsNgBx3RcTI2QelBjoKDKGba4tes', '2023-06-20 09:31:30.770294'),
('52jlnplww49jx2epjraaxg9h4fc49kkb', '.eJxVi0sKwjAQQO-StZROJs3HpeARXIfpZEKKWsE2K-ndG6EL3b7PR0Wqa4l1kXeckjorrU6_bCS-y_wVxPyq89odpLs-aXrcWnM5kr-v0FLaBJqcNw6yMRRYCA0mzDha471GAQspOAkZ3UC-sT7zYG1GDQGZoFfbDpnwM48:1qAYH4:TO_x-KriVCUPV7LI_AlWvmP67j4esDd9dCuKmzCtPvc', '2023-07-01 15:55:38.649409'),
('54hto7mu4gq0nw2anpcezgr0txa9b69w', '.eJxVi0sKwjAQQO-StZR8mxmXgkdwHSaTCSlqBdusxLtboQvdvs9LJeprS32RZ5qKOqrRq8MvzMRXmb-GmB99XoedDOc7TbfL1pz25O9rtLRtAiA2saILyCwBrM8YRwO62hqqmCoABo1n61BnLBgtoQHhYEt1uqj3B9C9NG0:1qBxfX:W_CBU5H4XggOddoGYbKCLIs_JDF-44ZivB9mG475mIw', '2023-07-05 13:14:43.113149'),
('54w9jwndsuij92w0mksquoxqoycmk31r', '.eJxVi80KwjAMgN-lZxkr2drEo-AjeC5pk9ChTnDrSXx3J-yg1-_n5RK3taa26DNN4o5ucIdflrlcdf4KLuXR5rXbSXe-83S7bM1pT_6-ykvdJvQgvRgjBEHJijJYAFP1vrBRBAwDZQ5jVjIAQymgPSHGkTUSufcH2uU1NQ:1q92la:0u5VaPFiAmHvSp5_GyOPwEpozd0r8BJgBGEAzlQ1GR0', '2023-06-27 12:04:54.641046'),
('55h35x7eqm48jn45hag6aojqftirfxbu', '.eJxVi70KwjAQgN8ls5S7tJc0joKP4BwulxwpagXbTOK7W6GDrt_Py0Rua41tKc84ZXM0aA6_LLFcy_wVLPJo89rtpDvfebpdtua0J39f5aVuU0H1MvpMmogdiSjo2IMNrEiKGUKgPPRWlaAAWl-gHxwwJnDEJOb9AcYbNGA:1q3e0Q:_jC7y4Hy4TIzaWIl5AXfLRF6Yd72ni1MmQJJSlCCs0o', '2023-06-12 14:37:54.526834'),
('55y1it89rprb5cc9rs0t3ug4dfcrbd7n', '.eJxVi70KwjAQgN8ls5S7tJc0joKP4BwulxwpagXbTOK7W6GDrt_Py0Rua41tKc84ZXM0aA6_LLFcy_wVLPJo89rtpDvfebpdtua0J39f5aVuU0H1MvpMmogdiSjo2IMNrEiKGUKgPPRWlaAAWl-gHxwwJnDEJOb9AcYbNGA:1q9wYa:GpmvHbz83yhez0hXoOf0A0msIzTvxS9H2k4q5D1oa5s', '2023-06-29 23:39:12.843446'),
('57qvk6e100r6nlerlm0wg5bmyift6ach', '.eJxVi70KwjAQgN8ls5S7tJc0joKP4BwulxwpagXbTOK7W6GDrt_Py0Rua41tKc84ZXM0aA6_LLFcy_wVLPJo89rtpDvfebpdtua0J39f5aVuU0H1MvpMmogdiSjo2IMNrEiKGUKgPPRWlaAAWl-gHxwwJnDEJOb9AcYbNGA:1q8xNh:qeyPbjC9_W-dwXzNnb1bbxt7qGyEPp9oEfTWfJ_6QKc', '2023-06-27 06:19:53.549223'),
('57vlvypecxsnmz8r6xy3yzfvjfy1rj33', '.eJxVi70KwjAQgN_lZilJc7kLjoKP4BwuyYUUtYJtJvHdrdBB1-_nBVH62mJf9BmnAkdgOPyyJPmq81dIzo8-r8NOhvNdpttla0578vc1Wdo2qXdV1fOoaDyyY0y1JGvElsQkjBoseUfBKYY6JipIEmp2hgVz9fD-ALeQNH4:1qBwGq:LXprGXkFCFGXQ85mSs_vzzMN-VlVL23_MNTZJJkgkSc', '2023-07-05 11:45:08.187822'),
('595lzk5pli2rfm1v5c1sxpmqf7l0uvfw', '.eJxVi70KwjAQgN_lZilJc7kLjoKP4BwuyYUUtYJtJvHdrdBB1-_nBVH62mJf9BmnAkdgOPyyJPmq81dIzo8-r8NOhvNdpttla0578vc1Wdo2qXdV1fOoaDyyY0y1JGvElsQkjBoseUfBKYY6JipIEmp2hgVz9fD-ALeQNH4:1q8gg5:CLpuJZJRA9X6fALxOAM111bJXgIvnUi8L8NDLGpwpcA', '2023-06-26 12:29:45.977204'),
('59cy9lfqb0vaoz689n9zm88l7tpo5vtp', '.eJxVi70OwiAQgN-F2TQcB1zraOIjOJPjgNCoNbFlMn331qSDrt_PRwVuSw1tzu8wJnVWxqrTL4ws9zx9DYu82rR0B-muTx4ft725HMnfV3mu-4QQPQ6kc3GefE-FHAyFCjoBLRGKNYyRWSNYxISSfO7FgNfOGaGo1g28zzQJ:1qAlCT:p0cMb2u2cde2UFAnH7ynv4Ts2I6z8P_YCqAYnEVJ7ck', '2023-07-02 05:43:45.532773'),
('59hm9vuadfgzv64eb5l0yc90cw4cahss', '.eJxViz0OwjAMRu_iGVUmTkrMiMQRmCPXcZUKKBJtJsTdCVIH2L6f916QpK4l1cWeacpwBA-7320Qvdr8PUT1Uee125bufJfpdmnMaUP-vCJLaZJjUmEOXvYaW3CBI7G2rnlkjJSDY2_BsmCPB2QyswHJ9y7qiAjvD6KaM_M:1q4mQR:NVzorm1rJ_6XE7TIvcTD_QrvTN1_VhZf6Oz3dOeQf-s', '2023-06-15 17:49:27.552415'),
('59kmr5hv8bbk1ztigio7oa54tmqyhxbb', '.eJxVi70OwiAQgN-F2TQHB1dxNPERnMlxQGjUmrRlMr5726SDrt_PRwVuSw1tzlMYkroo3avTL4wsjzzuhkXebVy6g3S3Fw_P-9Zcj-TvqzzXbcrIaBCiYW2ppAQOwHkDDILalrMHgB58iZGMsT5pDeIskSNCZBL1XQGunzMp:1qARYH:6OkM9hA9g4jSow0rQMT0EPCCgjs6tWqmLe2TmXaiB2Q', '2023-07-01 08:44:57.883697'),
('59puerq8zs1qj0a4x9yjvtzhosaa2urq', '.eJxVizkOwjAUBe_iGkV2vHybEokjUFt_ceQICFISV4i7E1AKeOW8mafK2Naa21LmPIo6KgPq8AsJ-Vqmz4PMjzat3U668x3H22VzTrvy11Vc6jfSUQq6KOSSLUmEgo9QLAlg6K0hBOLeuuC3JcCBB5fYExqwRmv1egP9VTUE:1q3ZE4:CT2wIsG84hSdA5stUnXhxjW1a00WHxT4ClA-qRvAxOI', '2023-06-12 09:31:40.706732'),
('5a91st3g7r5f6rvi9wvptit9usfg0hsl', '.eJxVi0sKwjAQQO-StZROJs3HpeARXIfpZEKKWsE2K-ndG6EL3b7PR0Wqa4l1kXeckjorrU6_bCS-y_wVxPyq89odpLs-aXrcWnM5kr-v0FLaBJqcNw6yMRRYCA0mzDha471GAQspOAkZ3UC-sT7zYG1GDQGZoFfbDpnwM48:1qAMKY:9IBZ1mAv0x-D_Aov1w27ojB7HJw-OIyHsbFs0V3X0kY', '2023-07-01 03:10:26.219735'),
('5adieblj1f0jnp8wjcjb2e4miw10l3o8', '.eJxVi0sKwjAQQO-StZROJs3HpeARXIfpZEKKWsE2K-ndG6EL3b7PR0Wqa4l1kXeckjorrU6_bCS-y_wVxPyq89odpLs-aXrcWnM5kr-v0FLaBJqcNw6yMRRYCA0mzDha471GAQspOAkZ3UC-sT7zYG1GDQGZoFfbDpnwM48:1q6cYd:dF3M8fs4LewMaYg7VBcOGKofHYEQzHHOn1sQR8c9LxM', '2023-06-20 19:41:31.563727'),
('5aic47tdnc6hiqxkdhdje403uaq8fu3w', '.eJxVi0EOwiAQRe_C2jRQKMO4NPEIrskwDKFRa2LLynh3MelCl__9914qUttqbKs845zVUY2oDr8wEV9l-T7E_GjLNuxkON9pvl26c9qVv67SWnuUJ-s0ueCT0wBIKCkICHBf1he2drJJyHFxhgG0wUIew4iM2Rcx6v0B0Ik0lw:1q8e6i:Gw_pZ5dE-9oqRuXNu-qdJjp2Hm5A8sJlelLASbi-GDA', '2023-06-26 09:45:04.397586'),
('5b0gkkggl8qy5ib9x5vdwqz0annbbw59', '.eJxVi70KwjAQgN8ls5S7tJc0joKP4BwulxwpagXbTOK7W6GDrt_Py0Rua41tKc84ZXM0aA6_LLFcy_wVLPJo89rtpDvfebpdtua0J39f5aVuU0H1MvpMmogdiSjo2IMNrEiKGUKgPPRWlaAAWl-gHxwwJnDEJOb9AcYbNGA:1q9ktO:jgZqrxawyDsukdg4Ndyn8bo8cyVO3o9VZniYJZauKGM', '2023-06-29 11:11:54.303691'),
('5c01t8lnspp0ohfjjgaey6oqt1rfbxgb', '.eJxVi80KwjAMgN-lZxkr2drEo-AjeC5pk9ChTnDrSXx3J-yg1-_n5RK3taa26DNN4o5ucIdflrlcdf4KLuXR5rXbSXe-83S7bM1pT_6-ykvdJvQgvRgjBEHJijJYAFP1vrBRBAwDZQ5jVjIAQymgPSHGkTUSufcH2uU1NQ:1q8cDT:58Gk87S9kNCFyx0gSQBXb4ZGvYV4iwukvp9WrDY5PWI', '2023-06-26 07:43:55.882536'),
('5ccvezmfkajd8ez7h3fnu9mr1m47ff0p', '.eJxVi70KwjAQgN8ls5S7tJc0joKP4BwulxwpagXbTOK7W6GDrt_Py0Rua41tKc84ZXM0aA6_LLFcy_wVLPJo89rtpDvfebpdtua0J39f5aVuU0H1MvpMmogdiSjo2IMNrEiKGUKgPPRWlaAAWl-gHxwwJnDEJOb9AcYbNGA:1qC0jU:ICn-ZnxX4011z0QymI5pHeEjFiN6jchVUhCh9WNZct4', '2023-07-05 16:31:00.588581'),
('5d7u141ap6piofdml7x8s63ci005ue71', '.eJxVi70KwjAQgN8ls5S7tJc0joKP4BwulxwpagXbTOK7W6GDrt_Py0Rua41tKc84ZXM0aA6_LLFcy_wVLPJo89rtpDvfebpdtua0J39f5aVuU0H1MvpMmogdiSjo2IMNrEiKGUKgPPRWlaAAWl-gHxwwJnDEJOb9AcYbNGA:1qAYC5:SUdvfPnksmYCamQneEpqrEViWh9dNOBMazrzW5xnKEs', '2023-07-01 15:50:29.589554'),
('5dl0rgcevn37wgoosyxugq8yysrtuxr3', '.eJxVi0sKwjAQQO-StZROJs3HpeARXIfpZEKKWsE2K-ndG6EL3b7PR0Wqa4l1kXeckjorrU6_bCS-y_wVxPyq89odpLs-aXrcWnM5kr-v0FLaBJqcNw6yMRRYCA0mzDha471GAQspOAkZ3UC-sT7zYG1GDQGZoFfbDpnwM48:1qBwqQ:Juyo_TGhP_qqkYnBa91ylEpZKSF8ZO_xWUxkH4Q9mBw', '2023-07-05 12:21:54.230087'),
('5dvlg5omlgdf04oz7irwylpqb5hmirkf', '.eJxVjDEOwjAMRe-SGVUusaOUEYkjdI4c21UqoEi0mRB3h0od2vX99_7HJa5LSXW2dxrVXVxwpz3LLHeb1oFFXnVamo00tyePj_7vXDfl0BWey_rmMWbtiEigJUBlr0DEEXLwkAc6IzFKDkPLJgGgsyiIaqpkoOC-P6JnNIg:1q6VxY:LzqoamMPs88_hqqTfXdgZ7uTUs2n5BMivSdPjXvfPAo', '2023-06-20 12:38:48.023404'),
('5fqlt0qh2egfr4ul3hynb91lsnpg08m8', '.eJxVi8sKwjAQRf8laylpOnm5FPwE12FmkiFFrWCblfjvRuhC4a7OPeelEratpraWZ5qzOioT1OEXEvK1LN8HmR9t2YadDOc7zrdLd0678tdVXGuPKFqGkidBEyenIZggQRO57EocXQEkziLg0UfbF8ZMmixa0Cg2evX-AOpGNPA:1q9MIA:kmj3nulNKPBBSkVFP-yr_yny1Yfn3piDKw7Mi-iqklk', '2023-06-28 08:55:50.467124'),
('5fxq9kqi6s7xvhp25g8egkyvtjz46252', '.eJxVi0kKwjAUQO-StRS_yc_gUvAIrsMfElLUCrZZiXe3Qhe6fcPLZOpLy30uzzyqORpndr-MSa5l-goSefRpGTYynO803i5rc9qSv6_R3Nap-pCYAjgNKSQEVlCPHjHEKMqJWRUOlRCdqCaLNqLsAahGtIW8eX8AtgA0ig:1qBe9p:l-QiPyDFQ0Z9gmKV60uRCy399-QQVtTtvjPFx0YXALQ', '2023-07-04 16:24:41.318354'),
('5g3ebop6tsji6zx08twbz168s8w1gjve', '.eJxVi0sKwjAQhu-StRQnzdTEpeARXIc_kwkpagXbrMS7a6EL3X6Pl4loS41t1mccszkaJrP7hQly1Wk1EHm0aek20p3vGG-Xb3Pakr-vYq7rhMEHRaGQBDn7kpxKTzZwcbkHwcIyWVYV9lrY9YPs4TgLeUr-YN4fDvE1iQ:1qAQr4:ZXinAQaVUlt3QAtkOEU-2bS1Mpd1fO28IJqLWMgnTcQ', '2023-07-01 08:00:18.927335'),
('5h9jbf7wdqr0nk3tkg4lu7if46cd9bci', '.eJxVi70KwjAQgN8ls5S7tJc0joKP4BwulxwpagXbTOK7W6GDrt_Py0Rua41tKc84ZXM0aA6_LLFcy_wVLPJo89rtpDvfebpdtua0J39f5aVuU0H1MvpMmogdiSjo2IMNrEiKGUKgPPRWlaAAWl-gHxwwJnDEJOb9AcYbNGA:1q6VGa:EWYZMpRuAL4Iy5-1mzTaHWa2KviJayxxqU4ISfQTV9Q', '2023-06-20 11:54:24.201868'),
('5ij2g46kghtmwob00cbc1k8kudu0ikfw', '.eJxVi7sOwiAUht-F2TTcDlBHEx_BmfxwIDRqTWyZjO-uTTro-l1eIqKvLfalPOPE4iicEodfmJCvZd4Mcn70eR12MpzvmG6Xb3Pak7-vYWnblJgKe7LSAQQTRnj2owRppwvnWl21xgadismKwORNZajATFraJN4f9181XQ:1qC16e:3o8zAF9GZeJeAr_wQHp2dSlgxfAbEkax3L9t-qHB2X4', '2023-07-05 16:54:56.031073'),
('5j6cyw9h2udzejx85g0y1mab57mpbyv3', '.eJxVi70KwjAQgN8ls5S7tJc0joKP4BwulxwpagXbTOK7W6GDrt_Py0Rua41tKc84ZXM0aA6_LLFcy_wVLPJo89rtpDvfebpdtua0J39f5aVuU0H1MvpMmogdiSjo2IMNrEiKGUKgPPRWlaAAWl-gHxwwJnDEJOb9AcYbNGA:1q7IfU:yE_qDLQYlJ-D0Lfu6QBZMsn2rtS2mrQp2PxxQ_SgZME', '2023-06-22 16:39:24.096390'),
('5jvyu2hnoeh68a6qp2z7ug4azgj8dbnu', '.eJxVi80KwjAMgN-lZxkr2drEo-AjeC5pk9ChTnDrSXx3J-yg1-_n5RK3taa26DNN4o5ucIdflrlcdf4KLuXR5rXbSXe-83S7bM1pT_6-ykvdJvQgvRgjBEHJijJYAFP1vrBRBAwDZQ5jVjIAQymgPSHGkTUSufcH2uU1NQ:1q91bD:3wUPASUJj935gjOKXrSGML6DALGfrYQDxIyQdVLjBBQ', '2023-06-27 10:50:07.581247'),
('5k7ilwft0lf8cxr4b1u4m3w5xzzbxykk', '.eJxVi0sKwjAQQO-StZROJs3HpeARXIfpZEKKWsE2K-ndG6EL3b7PR0Wqa4l1kXeckjorrU6_bCS-y_wVxPyq89odpLs-aXrcWnM5kr-v0FLaBJqcNw6yMRRYCA0mzDha471GAQspOAkZ3UC-sT7zYG1GDQGZoFfbDpnwM48:1qAY0H:ai3hKFQ78T8r7Gpdxi3L4DHvCOT9mcRjCA9yfe3Clko', '2023-07-01 15:38:17.407971'),
('5k91orpkj3qp9qyfd5c9x3hsskwv2plo', '.eJxVi0sKwjAQhu-StRQzpn9bl4JHcB0mMxNa1Aq2WYl3N0IXuv0eLxe5rGMsiz3jpO7o4Ha_LLFcbf4KFnmUeW020pzvPN0utTltyd838jLWqUdmGDFlT0mDgrwE2zOZQBFAOYgKYFWztUktkfadH_IBA7rWvT_ZzTUz:1q9mQX:anvbWz-8_symz1-JjW3ay5MFYZXi_IpGiUCp97yDw4s', '2023-06-29 12:50:13.668737'),
('5ki4wrrt3slxr1wtfvagymbsun377cas', '.eJxVi70KwjAQgN_lZilJc7kLjoKP4BwuyYUUtYJtJvHdrdBB1-_nBVH62mJf9BmnAkdgOPyyJPmq81dIzo8-r8NOhvNdpttla0578vc1Wdo2qXdV1fOoaDyyY0y1JGvElsQkjBoseUfBKYY6JipIEmp2hgVz9fD-ALeQNH4:1qA1sM:TMEjYPCxv_wfeuyCdPpI-7J-DZC_aC_2p-w7NG1mGpw', '2023-06-30 05:19:58.246133'),
('5kidxcroypza6sbk4we5sjd6hblzeel8', '.eJxVi70OwiAQgN-F2TQHB1dxNPERnMlxQGjUmrRlMr5726SDrt_PRwVuSw1tzlMYkroo3avTL4wsjzzuhkXebVy6g3S3Fw_P-9Zcj-TvqzzXbcrIaBCiYW2ppAQOwHkDDILalrMHgB58iZGMsT5pDeIskSNCZBL1XQGunzMp:1qAmB5:Vvq61ZH4Fder_2UqPz3mI6hC2Tnn0qVsjhIspJetrT0', '2023-07-02 06:46:23.262694'),
('5kkpmrva8hwygxngzd0a13d7goy991z0', '.eJxVi0sKwjAQhu-StRQzpn9bl4JHcB0mMxNa1Aq2WYl3N0IXuv0eLxe5rGMsiz3jpO7o4Ha_LLFcbf4KFnmUeW020pzvPN0utTltyd838jLWqUdmGDFlT0mDgrwE2zOZQBFAOYgKYFWztUktkfadH_IBA7rWvT_ZzTUz:1qAq23:1BbryE6THoaj2FjHiz__svdtwBPFgfYAGNItf-Gpw6I', '2023-07-02 10:53:19.090561'),
('5lfvb02bkcb2scnfk72ru1ga3jrkz7c3', '.eJxVi70KwjAQgN8ls5S7tJc0joKP4BwulxwpagXbTOK7W6GDrt_Py0Rua41tKc84ZXM0aA6_LLFcy_wVLPJo89rtpDvfebpdtua0J39f5aVuU0H1MvpMmogdiSjo2IMNrEiKGUKgPPRWlaAAWl-gHxwwJnDEJOb9AcYbNGA:1q8aNJ:Z5B4NMfjk9avhykPnjy23VOUfXxa9qiQLLctNmN-sZE', '2023-06-26 05:45:57.504804'),
('5m31iv05e14szc8nu9n4unsk2a1l36mj', '.eJxVi70KwjAQgN8ls5S7tJc0joKP4BwulxwpagXbTOK7W6GDrt_Py0Rua41tKc84ZXM0aA6_LLFcy_wVLPJo89rtpDvfebpdtua0J39f5aVuU0H1MvpMmogdiSjo2IMNrEiKGUKgPPRWlaAAWl-gHxwwJnDEJOb9AcYbNGA:1q6S0n:saCSL3Nl7MFfaJ06VJFVNgXIfoqQUnkQTlJORJEMKdc', '2023-06-20 08:25:53.869897'),
('5manp2i7x1gfkep6guxwiwr7l6s4pj6a', '.eJxVi0sKwjAQQO-StZROJs3HpeARXIfpZEKKWsE2K-ndG6EL3b7PR0Wqa4l1kXeckjorrU6_bCS-y_wVxPyq89odpLs-aXrcWnM5kr-v0FLaBJqcNw6yMRRYCA0mzDha471GAQspOAkZ3UC-sT7zYG1GDQGZoFfbDpnwM48:1q6rxw:MM7JIka9dUFczA3qqb76yduZdRz8J8i4vbiC0HlUVMM', '2023-06-21 12:08:40.139260'),
('5nanhgx017lhxuo4icixg38ospd880ql', '.eJxVi70KwjAQgN8ls5Tc5UKio-AjdA53uYQUtYJtJvHdrdBB1-_nZRL3taW-lGea1JwMHs3hFwrna5m_hnN-9HkddjJc7jzdxq0578nf13hp26SxkBDVUIWAo8Pog1iI4hkUFAW9EtkqOYgrDoIjzh5r8eKArZr3B-IHNOg:1qBqP4:f2UeOCyl-KV9pOY34v4S9ZaAK7zMIDPRlYG0QbzPh5Q', '2023-07-05 05:29:14.515611'),
('5nq5tofpfwn2pauhzwxnl2hs94sqfec4', '.eJxVi7sOwiAUht-F2TTcDlBHEx_BmfxwIDRqTWyZjO-uTTro-l1eIqKvLfalPOPE4iicEodfmJCvZd4Mcn70eR12MpzvmG6Xb3Pak7-vYWnblJgKe7LSAQQTRnj2owRppwvnWl21xgadismKwORNZajATFraJN4f9181XQ:1qC4Op:XFyKb0vv-wyp1XuANdQlZWYXngdJtYJVf3E09N-XCuI', '2023-07-05 20:25:55.860512'),
('5pg3h71wh74iro6mvpu2roqg20s2kk6k', '.eJxVi0sKwjAQQO-StZROJs3HpeARXIfpZEKKWsE2K-ndG6EL3b7PR0Wqa4l1kXeckjorrU6_bCS-y_wVxPyq89odpLs-aXrcWnM5kr-v0FLaBJqcNw6yMRRYCA0mzDha471GAQspOAkZ3UC-sT7zYG1GDQGZoFfbDpnwM48:1qBspf:U6g1RH3N9fvxuS-KTUURYXdW6hY1kpwxG7QdtglaVPU', '2023-07-05 08:04:51.319585'),
('5qtgacrc3gi2vr3o97432zitaoxfjc3l', '.eJxVi70KwjAQgN8ls5S7tJc0joKP4BwulxwpagXbTOK7W6GDrt_Py0Rua41tKc84ZXM0aA6_LLFcy_wVLPJo89rtpDvfebpdtua0J39f5aVuU0H1MvpMmogdiSjo2IMNrEiKGUKgPPRWlaAAWl-gHxwwJnDEJOb9AcYbNGA:1qC9rM:6fLVL3R1gt0yKF3r6c3ndDoxTPN33K7YqTN-2zUE1qI', '2023-07-06 02:15:44.605672'),
('5qtwlttrrnie8aqa9jwd5a19aimu6f9f', '.eJxVi8sKwjAQRf9l1lImTZo4LoV-QtdhJg9S1AptsxL_3Qhd6O4-znmB57oXX7e0-jnCBfoBTr-jcLil5ftwCM-67N2xdOOD5_vUmOuB_HmFt9IkJQG1pcFxIEWmV4YZrWEkZ-xZNBlNTkR0q4iUcszZWtTELVF08P4Asjc0Jg:1qB7P8:sfwKcNJlP-OWrfPrRBKUKHpkKXwL8CWR_Mep33Vpi6U', '2023-07-03 05:26:18.088341'),
('5rkgj2zahux1f5qb0ozcp44v7enrslk2', '.eJxVi0sKwjAQhu-StZQJacfGpeARug5_ZiakqBVsuxLvboUudPs9Xi5hXWpaZ3umUd3JteQOvzBDrjZ9DUQe67Q0O2kud4y3YWvOe_L3Vcx1m4RUczGzgEgkubc-mAi8UjxmVQYzK9RTkM5n9aUzGFshjmhjcO8PLA82cg:1q8glM:CEExDhbptIrYoA7Qn8XmbCmEQ2ebhUHAsu1f_JfHoLI', '2023-06-26 12:35:12.514595'),
('5rkuc73fgzkge1aa0zfjwdckvmakjcli', '.eJxVi0sKwjAQhu-StRQzpn9bl4JHcB0mMxNa1Aq2WYl3N0IXuv0eLxe5rGMsiz3jpO7o4Ha_LLFcbf4KFnmUeW020pzvPN0utTltyd838jLWqUdmGDFlT0mDgrwE2zOZQBFAOYgKYFWztUktkfadH_IBA7rWvT_ZzTUz:1q9mHx:LxxLd7f8NjvaXo0dIbVs0cGUANgj4SS9jdOdczcBdMo', '2023-06-29 12:41:21.033714'),
('5svf9odmzvx9moek5kr0ico10wg8xp5w', '.eJxVjsEKwjAQRP8lZylpN9kuHgU_wXPYbDakqBVsc5L-eyP0oDCnN29gPiZwXUuoi77DlMzZIJrTL4wsd52_DYu86rx2B-muT54et-ZcDuVvV3gpbZRdz9mTOicek4wUnW3piX2GSKrCFi0ONOZIyUuyA2BWUAIHqZ3ZduqXNN8:1qC15k:-Ys4KoCtO5XAFhaTJwPOU2iDYnkzfoI9H-W6H6XsgqM', '2023-07-05 16:54:00.186125'),
('5t38ur5mb0zs2qfmeceupp7s9vv67sol', '.eJxVi70KwjAQgN8ls5S7tJc0joKP4BwulxwpagXbTOK7W6GDrt_Py0Rua41tKc84ZXM0aA6_LLFcy_wVLPJo89rtpDvfebpdtua0J39f5aVuU0H1MvpMmogdiSjo2IMNrEiKGUKgPPRWlaAAWl-gHxwwJnDEJOb9AcYbNGA:1q4Eaz:UT4hxi0zI2ayanAN2sWOi33p82b3VolHdfLgPjVysKM', '2023-06-14 05:42:05.294780'),
('5t4bzaa1q3txq0mdjb6fyogvro472512', '.eJxVi70KwjAQgN8ls5Tc5UKio-AjdA53uYQUtYJtJvHdrdBB1-_nZRL3taW-lGea1JwMHs3hFwrna5m_hnN-9HkddjJc7jzdxq0578nf13hp26SxkBDVUIWAo8Pog1iI4hkUFAW9EtkqOYgrDoIjzh5r8eKArZr3B-IHNOg:1qBwZK:Q5Zrfd30SIMnRwouEajPEpQ5yMTqLXZvKwAOzNlL2lU', '2023-07-05 12:04:14.923998'),
('5vl7dbvkg8vljctftrko7t3v4ft13sfu', '.eJxVi70KwjAQgN8ls5S7tJc0joKP4BwulxwpagXbTOK7W6GDrt_Py0Rua41tKc84ZXM0aA6_LLFcy_wVLPJo89rtpDvfebpdtua0J39f5aVuU0H1MvpMmogdiSjo2IMNrEiKGUKgPPRWlaAAWl-gHxwwJnDEJOb9AcYbNGA:1qCBH0:SjPrMQL899sKnKxADC0IcOBTLsyY19wOFGwH3Lj23SE', '2023-07-06 03:46:18.464619'),
('5xdzi59u3fzr6earkcwyl31zsqjzz9hv', '.eJxVizsOwjAQBe-yNYr8wVkvJRJHoLbWXluOgCAlcYW4O0ZKAeWbN_OCwG2roa15CZPACVDD4RdGTrc8fx9O6dnmbdjJcHnwdL9257wrf13ltfbIsLNazNF6rSxFK9mzIUTSxB5JikSjc7EqjcRkaBRSxFhc8n04hPcHutMz2w:1qCDJQ:_reS_ZkkWqJEivvqRLUnX03NkTWnHk2pSq7gFD_AK58', '2023-07-06 05:56:56.700427'),
('5xet3p8ackctfq95zgmbgiy81s2vct2g', '.eJxVi70KwjAQgN8ls5T0cklzjoKP4BzuLikpagXbTOK7W6GDrt_PyyRua01tKc80ZXM04MzhFwrrtcxfw6qPNq_dTrrznafbZWtOe_L3VV7qNqFG8YNID-h5YIwWlUckAIo2aFYmzp6KdxqiuABIGUnG4PoYBax5fwDUmzRN:1q6QZ3:wUyuolQmuyCs0hnfRp5sz2oDmcA-k9B2tB_nbOYhUE0', '2023-06-20 06:53:09.261063'),
('5y2sex6lgxa5qqkdri5xu314od1iqi2a', '.eJxVi0sKwjAQhu-StRQzpn9bl4JHcB0mMxNa1Aq2WYl3N0IXuv0eLxe5rGMsiz3jpO7o4Ha_LLFcbf4KFnmUeW020pzvPN0utTltyd838jLWqUdmGDFlT0mDgrwE2zOZQBFAOYgKYFWztUktkfadH_IBA7rWvT_ZzTUz:1q92eK:gqHcDISrzoQahFgPYTEE13EQgSiYRRbu-TQKbxzOO3s', '2023-06-27 11:57:24.432452'),
('5y3gbteejdtwkjgk4wu7twh9ty7l3h3l', '.eJxVi70KwjAQgN8ls5S7tJc0joKP4BwulxwpagXbTOK7W6GDrt_Py0Rua41tKc84ZXM0aA6_LLFcy_wVLPJo89rtpDvfebpdtua0J39f5aVuU0H1MvpMmogdiSjo2IMNrEiKGUKgPPRWlaAAWl-gHxwwJnDEJOb9AcYbNGA:1q914r:ui6FpaVBK1ciEoYAnbeNHrx2qusE-rdu-O0CL9rqkb4', '2023-06-27 10:16:41.370155'),
('5yegdh1x02cbhf1yvzj06u7vk80fe5sn', '.eJxVi0kKwjAUQO-StRS_yc_gUvAIrsMfElLUCrZZiXe3Qhe6fcPLZOpLy30uzzyqORpndr-MSa5l-goSefRpGTYynO803i5rc9qSv6_R3Nap-pCYAjgNKSQEVlCPHjHEKMqJWRUOlRCdqCaLNqLsAahGtIW8eX8AtgA0ig:1qAY6R:C2mXgduFX_KybzlsRAeQEDLE1CCaFODpGoSt-OK06ZU', '2023-07-01 15:44:39.141254'),
('611l8jyhikvbcqcn53dn5x8y50l4g1hf', '.eJxVi70KwjAQgN8ls5S7tJc0joKP4BwulxwpagXbTOK7W6GDrt_Py0Rua41tKc84ZXM0aA6_LLFcy_wVLPJo89rtpDvfebpdtua0J39f5aVuU0H1MvpMmogdiSjo2IMNrEiKGUKgPPRWlaAAWl-gHxwwJnDEJOb9AcYbNGA:1q6cWo:5IsFhnmGH9noZj9hA84Msnh9RbPfSVXZcezFl7zbc-0', '2023-06-20 19:39:38.378422'),
('648aq9bsuf6cbrb6fmorzpz76vot39vp', '.eJxVi0sKwjAQQO-StZSYyWfiUvAIrsPMpCFFrdA2K_HubaEL3b7PRyVqS01t7qc0ZHVRwavTL2SSRz_uhkTebVy6g3S3Fw3P-9Zcj-TvqzTXbbIhAxQC0c5SBgfomXUpKJoJdADvHUfKxriI1ljRMRcGiwbx7Aqp7wrVsTRG:1qC40d:wKRv37-tG9mUPLak-zkSblIy_U8SzHx1yiG1owi0u8Q', '2023-07-05 20:00:55.259846'),
('649wwr5otk5d8vyvp312wm1fbrqztfms', '.eJxVi70OwiAQgN-F2TQHB1dxNPERnMlxQGjUmrRlMr5726SDrt_PRwVuSw1tzlMYkroo3avTL4wsjzzuhkXebVy6g3S3Fw_P-9Zcj-TvqzzXbcrIaBCiYW2ppAQOwHkDDILalrMHgB58iZGMsT5pDeIskSNCZBL1XQGunzMp:1q8eF4:n2Rp3vMOW1ytDl4giGquKe4riMG6VG_yRbU0qZ8SZ6M', '2023-06-26 09:53:42.312672'),
('64hn8bohpkfadtt3gd8u1l6x545plwyn', '.eJxVi0sKwjAQQO-StZROJs3HpeARXIfpZEKKWsE2K-ndG6EL3b7PR0Wqa4l1kXeckjorrU6_bCS-y_wVxPyq89odpLs-aXrcWnM5kr-v0FLaBJqcNw6yMRRYCA0mzDha471GAQspOAkZ3UC-sT7zYG1GDQGZoFfbDpnwM48:1q6n72:VlIUvRD4UmMv0EicqPAzcuvup0YAMnj4xR0yhqIHrJE', '2023-06-21 06:57:44.568432'),
('65k5v4u8ey1ce73iuhc2q7yd0wk8jyy3', '.eJxVi0sOgjAQQO8ya0Moln5cmngE183MdCYlKiZAV8a7AwkL3b7PBxLWpaQ6y5SGDBdwcPplhPyQcRfI_K7j0hykub1weN635nokf1_BuWyTp1aDIcSzooag1nfsesekKtYY8uzQR-uieO1DNpE7oaBtjmiFjcJ3Bd_2Na0:1qBYCF:mv6-WW9fpmIZLP1YLCl68acjRqE8XJOTch_-r912CeY', '2023-07-04 10:02:47.823672'),
('65qiyp72knvo7tp0yqc026f5xiry6o7h', '.eJxVi0sKwjAQQO-StZROJs3HpeARXIfpZEKKWsE2K-ndG6EL3b7PR0Wqa4l1kXeckjorrU6_bCS-y_wVxPyq89odpLs-aXrcWnM5kr-v0FLaBJqcNw6yMRRYCA0mzDha471GAQspOAkZ3UC-sT7zYG1GDQGZoFfbDpnwM48:1qBtwI:o11XC_Il4cJDpNyAx30-FNtcuC_bkmjw_WvOvxUQ4cY', '2023-07-05 09:15:46.746716'),
('65w1o1j43xvipngf7uc3znbq3rw1mh9c', '.eJxVi70KwjAQgN8ls5S7tJc0joKP4BwulxwpagXbTOK7W6GDrt_Py0Rua41tKc84ZXM0aA6_LLFcy_wVLPJo89rtpDvfebpdtua0J39f5aVuU0H1MvpMmogdiSjo2IMNrEiKGUKgPPRWlaAAWl-gHxwwJnDEJOb9AcYbNGA:1q8HX7:yRP8r_9tpa0gtI-4LosYrdvFcePeaTeVnMUEpEifK04', '2023-06-25 09:38:49.489549'),
('6614we4c7sgtbak9zmh6wi74b8wpwpz2', '.eJxVi0sKwjAQQO-StZROJs3HpeARXIfpZEKKWsE2K-ndG6EL3b7PR0Wqa4l1kXeckjorrU6_bCS-y_wVxPyq89odpLs-aXrcWnM5kr-v0FLaBJqcNw6yMRRYCA0mzDha471GAQspOAkZ3UC-sT7zYG1GDQGZoFfbDpnwM48:1q3ZIz:AI5JJIHaemtFeQrg6pJmVQSd_LetAOEClaN1_Gunz_Q', '2023-06-12 09:36:45.862076'),
('668ivcolxrgctv543qfo6m1mscr6cuto', '.eJxVi0sKwjAQhu-StRQzpn9bl4JHcB0mMxNa1Aq2WYl3N0IXuv0eLxe5rGMsiz3jpO7o4Ha_LLFcbf4KFnmUeW020pzvPN0utTltyd838jLWqUdmGDFlT0mDgrwE2zOZQBFAOYgKYFWztUktkfadH_IBA7rWvT_ZzTUz:1qBV8k:J0QNB9NwG62alJDmfCfweK-ISC68Zpq_yIOlNxnJN5Y', '2023-07-04 06:46:58.863222'),
('67p0z145kt6pmzafmre04nzzyfi9l3ku', '.eJxVi0sOgjAQQO8ya0Moln5cmngE183MdCYlKiZAV8a7AwkL3b7PBxLWpaQ6y5SGDBdwcPplhPyQcRfI_K7j0hykub1weN635nokf1_BuWyTp1aDIcSzooag1nfsesekKtYY8uzQR-uieO1DNpE7oaBtjmiFjcJ3Bd_2Na0:1qBtLo:pVP5u5glHO7FBnoRozEC_ABHriwk15HowcQTOgHYUww', '2023-07-05 08:38:04.630113'),
('68pw4e0iwfegq71dcxrztsv44b8eivjc', '.eJxVi0sKwjAQQO-StZROJs3HpeARXIfpZEKKWsE2K-ndG6EL3b7PR0Wqa4l1kXeckjorrU6_bCS-y_wVxPyq89odpLs-aXrcWnM5kr-v0FLaBJqcNw6yMRRYCA0mzDha471GAQspOAkZ3UC-sT7zYG1GDQGZoFfbDpnwM48:1q8mOI:vbcbtwiRF7F6QSnSltUTLHv636J7-cr14D06DYkgX9k', '2023-06-26 18:35:46.909948'),
('69imohiazssbeluel8wq68jdfwglok6c', '.eJxVi70KwjAQgN8ls5S7tJc0joKP4BwulxwpagXbTOK7W6GDrt_Py0Rua41tKc84ZXM0aA6_LLFcy_wVLPJo89rtpDvfebpdtua0J39f5aVuU0H1MvpMmogdiSjo2IMNrEiKGUKgPPRWlaAAWl-gHxwwJnDEJOb9AcYbNGA:1q62Ho:FrapM398X4LoF2w8SaFOMRLUI7kHX6-8cDV_BGNZ53M', '2023-06-19 04:57:44.836372'),
('69lg0or9ueb11t1oz2gciizqjwx48jmg', '.eJxVi70KwjAQgN8ls5S7tJc0joKP4BwulxwpagXbTOK7W6GDrt_Py0Rua41tKc84ZXM0aA6_LLFcy_wVLPJo89rtpDvfebpdtua0J39f5aVuU0H1MvpMmogdiSjo2IMNrEiKGUKgPPRWlaAAWl-gHxwwJnDEJOb9AcYbNGA:1qBw1K:5Q2qxsU2gxakNj1X2smkZb16SriNQeKX8d6JwZate7w', '2023-07-05 11:29:06.059300'),
('69mhgjvr4s8f59uiu020muizqo4eyd3u', '.eJxVi70KwjAQgN8ls5S7tJc0joKP4BwulxwpagXbTOK7W6GDrt_Py0Rua41tKc84ZXM0aA6_LLFcy_wVLPJo89rtpDvfebpdtua0J39f5aVuU0H1MvpMmogdiSjo2IMNrEiKGUKgPPRWlaAAWl-gHxwwJnDEJOb9AcYbNGA:1qBy4I:POha9qDMnldiP4HFOANo25J7-siwjovifNFX8aDCm6M', '2023-07-05 13:40:18.126638'),
('69t172ur3ybsubi24rtihdf1ag64grg4', '.eJxVi70KwjAQgN8ls5TcpTlyjoKP4ByuyYUUtYJtJvHdjdBB1-_nZaK0rca26jPO2RwNenP4hZOkqy5fIyk92rINOxnOd5lvl96c9uTvq7LWPtGkpIWZbUgcAChDKjlIQVVHXjOQG4msx2IDI6L1MHZYPATK1pn3B9XLM8Y:1q91X8:79SSKC25guQa9l16zdqs4HvlG5BPi7dI-cKoB6yuRrg', '2023-06-27 10:45:54.411849'),
('6akb6ihniiktkfnx7yq48uegtrvwr73g', '.eJxVi0sKwjAQQO-StZRM_nEpeATXYWY6IUWtYJuVeHcrdKHb93mpgn1tpS_yLNOojipodfiFhHyV-WuQ-dHnddjJcL7jdLtszWlP_r6GS9umGsEKWwMCKRICeck6ENkEWEfUFBNXDC64DKGCYeNtTl47MToZBvX-AN0dNDM:1qCB62:YFwN0xt_0wUWYr2fPMwNOfvwTRJvbyQjDyBy1_kxoL4', '2023-07-06 03:34:58.741350'),
('6dk2b400zblcreclwuu523p3zcsi1rwc', '.eJxVi70KwjAQgN8ls5S7tJc0joKP4BwulxwpagXbTOK7W6GDrt_Py0Rua41tKc84ZXM0aA6_LLFcy_wVLPJo89rtpDvfebpdtua0J39f5aVuU0H1MvpMmogdiSjo2IMNrEiKGUKgPPRWlaAAWl-gHxwwJnDEJOb9AcYbNGA:1qBkiA:6pB5VIgLIjrAorKfGqmLUc5tS2HQ68ly9H2GILCrtIU', '2023-07-04 23:24:34.525364'),
('6e9c42aa29moxl75692q9j7xzroypyqf', '.eJxVi0sKwjAQQO-StZRM_nEpeATXYWY6IUWtYJuVeHcrdKHb93mpgn1tpS_yLNOojipodfiFhHyV-WuQ-dHnddjJcL7jdLtszWlP_r6GS9umGsEKWwMCKRICeck6ENkEWEfUFBNXDC64DKGCYeNtTl47MToZBvX-AN0dNDM:1qBxUd:PGekQqQtDm0srcsKQDcqQwkDllG6B7oNZTOVdBgC_ik', '2023-07-05 13:03:27.199745'),
('6f8wz4zv1yq4pplkdfl87nvh7otqohfd', '.eJxVi70OwiAQgN-F2TQHB1dxNPERnMlxQGjUmrRlMr5726SDrt_PRwVuSw1tzlMYkroo3avTL4wsjzzuhkXebVy6g3S3Fw_P-9Zcj-TvqzzXbcrIaBCiYW2ppAQOwHkDDILalrMHgB58iZGMsT5pDeIskSNCZBL1XQGunzMp:1q6OuU:auINBBtRzbU3LZ9f_XTLEvBVdrEZlxD-LvVeTzD3kMw', '2023-06-20 05:07:10.912657'),
('6fjba5l68t5ggztjmdoajgf6co0qoh9w', '.eJxVi8sKwjAQRf8layl5Ncm4FPwE12EmmZCiVrDNSvrvjdCFri6ce85HRGxrjW3hd5yyOAvtxekXEqY7z98HU3q1eR0OMlyfOD1u3bkcyl9Xcak9IgbI6ElJW6wqiSzovnLUxFyCM1DyaACM4pxRe-28cSGAL4ZYBhbbDuoQNMY:1q6TUh:9ay6Lw3bDOWBd1vcHIqyMyNhm9wLSCBhuS17Un5PHSI', '2023-06-20 10:00:51.102443'),
('6h29d9kd107bv3mpgh63qtiwuxtgrhk8', '.eJxVi8sKwjAUBf8laylpcpM2LgU_wXW4r5KiVrDNSvx3I3ShZzkz52Uy1q3kuuozz2KOpk_m8AsJ-arL1yDzoy5bt5PufMf5dmnNaU_-fgXX0k4ORj8msMKMoOQj9wTOk5NIoY2cnyCoDaoy2eAHELIuNjtIshrN-wPTsTSc:1qAYAn:qwRxuAyTihFvCRr5QJQ2AtSO229r1H2I6GJtt09zwv8', '2023-07-01 15:49:09.112224'),
('6icdtsu4ju4im1zmttaz0e5y6srwpudt', '.eJxVi0kKwjAUQO-StRS_yc_gUvAIrsMfElLUCrZZiXe3Qhe6fcPLZOpLy30uzzyqORpndr-MSa5l-goSefRpGTYynO803i5rc9qSv6_R3Nap-pCYAjgNKSQEVlCPHjHEKMqJWRUOlRCdqCaLNqLsAahGtIW8eX8AtgA0ig:1qBqJj:Qg3Q5jbbi_LrsqeCtSP5-oVE_AbBdGDF3wQB-ZDzJbM', '2023-07-05 05:23:43.499714'),
('6jodqndb901pxboetj016whz7kopqzhf', '.eJxVjDEOwjAMRe-SGVUusaOUEYkjdI4c21UqoEi0mRB3h0od2vX99_7HJa5LSXW2dxrVXVxwpz3LLHeb1oFFXnVamo00tyePj_7vXDfl0BWey_rmMWbtiEigJUBlr0DEEXLwkAc6IzFKDkPLJgGgsyiIaqpkoOC-P6JnNIg:1q6QQd:33Rt5Er_CvryAKzCaaHbrE0BDtyf4Osy8FNS_uUtM5I', '2023-06-20 06:44:27.787368'),
('6l79s8q7xui2rvbqnv3ojuf4pdeqdyw0', '.eJxVi70KwjAQgN8ls5TcpTlyjoKP4ByuyYUUtYJtJvHdjdBB1-_nZaK0rca26jPO2RwNenP4hZOkqy5fIyk92rINOxnOd5lvl96c9uTvq7LWPtGkpIWZbUgcAChDKjlIQVVHXjOQG4msx2IDI6L1MHZYPATK1pn3B9XLM8Y:1q8gpa:cOAwTAcTLpEtEtTR7j3SNKaawTCSjajdVJf06voJykQ', '2023-06-26 12:39:34.469688'),
('6lv186nzskjk5uaxzwoe6h872co3xcto', '.eJxVi70KwjAQgN8ls5S7tJc0joKP4BwulxwpagXbTOK7W6GDrt_Py0Rua41tKc84ZXM0aA6_LLFcy_wVLPJo89rtpDvfebpdtua0J39f5aVuU0H1MvpMmogdiSjo2IMNrEiKGUKgPPRWlaAAWl-gHxwwJnDEJOb9AcYbNGA:1qC9G6:D-obdAMoCnFJJDJtNPlqLALDCRye-AlSLJr2k-zLeQ8', '2023-07-06 01:37:14.816482'),
('6m2o4sgquzdh8xbmsd3iw4zr0014ia7l', '.eJxVjDsOwjAQBe_iGkWOvf5RInEEamu93pUjIEgkrhB3h0gpoJ03814qY19b7gs_81TVUQWtDr-wIF153hYkevR5HXYynO843S5f57Qrf13DpW130dtorQEUCeIECpHxiTlGiiVpPSYvDizTqKk6DTYYBpHq2QQIRr0_0Uo0YA:1qBxqc:snwnlkywJFpKGhCF1TPoVlnvqmVBD4sD8uLHwEj8eXo', '2023-07-05 13:26:10.830988'),
('6n0z78a0usprh8temuy1ds3epz7u6cke', '.eJxVi8sKwjAQRf8layl5Ncm4FPwE12EmmZCiVrDNSvrvjdCFri6ce85HRGxrjW3hd5yyOAvtxekXEqY7z98HU3q1eR0OMlyfOD1u3bkcyl9Xcak9IgbI6ElJW6wqiSzovnLUxFyCM1DyaACM4pxRe-28cSGAL4ZYBhbbDuoQNMY:1q8eBF:_I1RM5xp1CNdLL4yHsK02Xs50qWlpYGNM01ylPwij_0', '2023-06-26 09:49:45.767248'),
('6p3tibdd3wnh95cdwjxpv3jw21vy40ph', '.eJxVi0sKwjAQQO-StZROJs3HpeARXIfpZEKKWsE2K-ndG6EL3b7PR0Wqa4l1kXeckjorrU6_bCS-y_wVxPyq89odpLs-aXrcWnM5kr-v0FLaBJqcNw6yMRRYCA0mzDha471GAQspOAkZ3UC-sT7zYG1GDQGZoFfbDpnwM48:1q9zde:CYOOJs4hDqs2eeIOv7kenPNLGpKGhWHKU9hfUdQP3oI', '2023-06-30 02:56:38.556428'),
('6s7eyk5hix6zunw3g5l2hee57jb1ubsk', '.eJxVi80KwjAMgN-lZxkr2drEo-AjeC5pk9ChTnDrSXx3J-yg1-_n5RK3taa26DNN4o5ucIdflrlcdf4KLuXR5rXbSXe-83S7bM1pT_6-ykvdJvQgvRgjBEHJijJYAFP1vrBRBAwDZQ5jVjIAQymgPSHGkTUSufcH2uU1NQ:1q6rwg:2sfg98MLJIR4PWQoPLKeMSVGblZGLIowgHF_Ef0Tr7Q', '2023-06-21 12:07:22.076854'),
('6slnynvwr7y05slfgjf47r1878iqdcso', '.eJxVi0sKwjAQQO-StZROJs3HpeARXIfpZEKKWsE2K-ndG6EL3b7PR0Wqa4l1kXeckjorrU6_bCS-y_wVxPyq89odpLs-aXrcWnM5kr-v0FLaBJqcNw6yMRRYCA0mzDha471GAQspOAkZ3UC-sT7zYG1GDQGZoFfbDpnwM48:1q3vZx:sPTTU48RRjmp6LJL_rEr0Rt4mvkKRTJJE9GLS_2fvzg', '2023-06-13 09:23:45.811014'),
('6tjmnxs4q285wmgfwu8umwcspbx94l0n', '.eJxVi8sKwjAQRf9l1lImTZo4LoV-QtdhJg9S1AptsxL_3Qhd6O4-znmB57oXX7e0-jnCBfoBTr-jcLil5ftwCM-67N2xdOOD5_vUmOuB_HmFt9IkJQG1pcFxIEWmV4YZrWEkZ-xZNBlNTkR0q4iUcszZWtTELVF08P4Asjc0Jg:1qA9KH:qnuhrb5nwtMCVl3pynAXpdevmzF8-1I-Lh5X2LlQw4o', '2023-06-30 13:17:17.554574'),
('6ula64u7lw4d84mnncrfo8y92zkd91lp', '.eJxVi0sKwjAQQO-StZR8ZpqMS8EjuA4zSUqKWsE2K-ndW6EL3b7PR0VuS41tLu84ZnVWHtXpFwqne5m-hlN6tWnpDtJdnzw-bntzOZK_r_Jc9ykTaQphEI8FIAWDQgFLsnZAjR56Nr11hOzBCOjADrJkcOSLFnJGrRu7mDOf:1qC0wB:W0vZX0Du3wDwtF-hUWoPHidhZCtKDBWsk-ibIgHcFGM', '2023-07-05 16:44:07.937037');
INSERT INTO `django_session` (`session_key`, `session_data`, `expire_date`) VALUES
('6wr00v2okdrjlca7ashs92jnofhhb9g9', '.eJxVi0sKwjAQQO-StZROJs3HpeARXIfpZEKKWsE2K-ndG6EL3b7PR0Wqa4l1kXeckjorrU6_bCS-y_wVxPyq89odpLs-aXrcWnM5kr-v0FLaBJqcNw6yMRRYCA0mzDha471GAQspOAkZ3UC-sT7zYG1GDQGZoFfbDpnwM48:1qBDmD:TgaEmQUaCMIxvx9Wi3Fq875RVh6xtjeSDAFZKAIQyvI', '2023-07-03 12:14:33.899137'),
('6wrg5nhqmoau63q74ksy9fibfjhkhp19', '.eJxVi70KwjAQgN8ls5S7tJc0joKP4BwulxwpagXbTOK7W6GDrt_Py0Rua41tKc84ZXM0aA6_LLFcy_wVLPJo89rtpDvfebpdtua0J39f5aVuU0H1MvpMmogdiSjo2IMNrEiKGUKgPPRWlaAAWl-gHxwwJnDEJOb9AcYbNGA:1qC0my:ShQJVAgzV4BqYlMgwPp0uEoXULyaKFauCjQgfkvKp6o', '2023-07-05 16:34:36.662405'),
('6ynpx6uc5vwcm4nthu25r73lwjnasu6q', '.eJxVi70KwjAQgN8ls5S7tJc0joKP4BwulxwpagXbTOK7W6GDrt_Py0Rua41tKc84ZXM0aA6_LLFcy_wVLPJo89rtpDvfebpdtua0J39f5aVuU0H1MvpMmogdiSjo2IMNrEiKGUKgPPRWlaAAWl-gHxwwJnDEJOb9AcYbNGA:1qAksx:YDDrd5sr5Rm4Nq0aO57nk07rDC0t5DILe-LydRzsudI', '2023-07-02 05:23:35.723139'),
('6zp96x4thr3ieuz3z2c9sctzk3w0zvh5', '.eJxVi0sKwjAQQO-StZROJs3HpeARXIfpZEKKWsE2K-ndG6EL3b7PR0Wqa4l1kXeckjorrU6_bCS-y_wVxPyq89odpLs-aXrcWnM5kr-v0FLaBJqcNw6yMRRYCA0mzDha471GAQspOAkZ3UC-sT7zYG1GDQGZoFfbDpnwM48:1qAXSv:Nar8ZO0jJlu6kuyTvJACabAbxCXkRe_7cFhNOgRv_94', '2023-07-01 15:03:49.283813'),
('6zpyl9szuroewebxy1wrfxepyveldmuv', '.eJxVi0sKwjAQhu-StRQzpn9bl4JHcB0mMxNa1Aq2WYl3N0IXuv0eLxe5rGMsiz3jpO7o4Ha_LLFcbf4KFnmUeW020pzvPN0utTltyd838jLWqUdmGDFlT0mDgrwE2zOZQBFAOYgKYFWztUktkfadH_IBA7rWvT_ZzTUz:1q9mQp:HIt2oSJTwXTYAmbXJAW4TZDJvZERWOjiCzpWUWn_Zi4', '2023-06-29 12:50:31.325601'),
('710shrcv8q6wn1goo6brlniw8tiuj1w2', '.eJxVi70KwjAQgN8ls5S7tJc0joKP4BwulxwpagXbTOK7W6GDrt_Py0Rua41tKc84ZXM0aA6_LLFcy_wVLPJo89rtpDvfebpdtua0J39f5aVuU0H1MvpMmogdiSjo2IMNrEiKGUKgPPRWlaAAWl-gHxwwJnDEJOb9AcYbNGA:1qBspF:_EAc1VRtIO4P-97h0Kq4I55ys1Sh3rgxbzzEXo3pT7k', '2023-07-05 08:04:25.692190'),
('71wg05vryg9j9hotpdhcycul8f4inyn4', '.eJxVi0sKwjAQhu-StRQzpn9bl4JHcB0mMxNa1Aq2WYl3N0IXuv0eLxe5rGMsiz3jpO7o4Ha_LLFcbf4KFnmUeW020pzvPN0utTltyd838jLWqUdmGDFlT0mDgrwE2zOZQBFAOYgKYFWztUktkfadH_IBA7rWvT_ZzTUz:1qBUBb:Ph_RvzDfMiVMa2GMY23xXQtxqHJmv2skx09j2EG8ulA', '2023-07-04 05:45:51.397047'),
('726e0q1konorxf6h299hf7fqkaoxt7wi', '.eJxVi70KwjAQgN8ls5S7tJc0joKP4BwulxwpagXbTOK7W6GDrt_Py0Rua41tKc84ZXM0aA6_LLFcy_wVLPJo89rtpDvfebpdtua0J39f5aVuU0H1MvpMmogdiSjo2IMNrEiKGUKgPPRWlaAAWl-gHxwwJnDEJOb9AcYbNGA:1q6SP7:ey-d9d9ZmWcB3zraaPp8svco6-jHcIqgkyiWBk9tc10', '2023-06-20 08:51:01.206083'),
('72nlfsbzzkzb2vp4vhcez6gu93gujqgk', '.eJxVi0sKwjAQQO-StZROJs3HpeARXIfpZEKKWsE2K-ndG6EL3b7PR0Wqa4l1kXeckjorrU6_bCS-y_wVxPyq89odpLs-aXrcWnM5kr-v0FLaBJqcNw6yMRRYCA0mzDha471GAQspOAkZ3UC-sT7zYG1GDQGZoFfbDpnwM48:1qAls2:gJIhUfGqje4XLLtDqiJBh56pAix01S2NViP2gQVKgEY', '2023-07-02 06:26:42.387502'),
('736elr0mpbak3a3s1z9kqhhtp8wz824o', '.eJxVi70OwiAQgN-F2TQHB1dxNPERnMlxQGjUmrRlMr5726SDrt_PRwVuSw1tzlMYkroo3avTL4wsjzzuhkXebVy6g3S3Fw_P-9Zcj-TvqzzXbcrIaBCiYW2ppAQOwHkDDILalrMHgB58iZGMsT5pDeIskSNCZBL1XQGunzMp:1qBqY2:zGFn4pNPlkcFWY80wUUiUHSJU4OJHlqEqHNUbgokryo', '2023-07-05 05:38:30.811210'),
('736pfzsuq7fz1805aigw508knzffkzm5', '.eJxVi70OwiAQgN-F2TQHB1dxNPERnMlxQGjUmrRlMr5726SDrt_PRwVuSw1tzlMYkroo3avTL4wsjzzuhkXebVy6g3S3Fw_P-9Zcj-TvqzzXbcrIaBCiYW2ppAQOwHkDDILalrMHgB58iZGMsT5pDeIskSNCZBL1XQGunzMp:1q6sCT:Sdt4260RnRpYuN6Hib6cyhGcdzEXEKyt2CmDSwMUgWI', '2023-06-21 12:23:41.788904'),
('73wg21h04a5kpgxdqg38s7yugjavh9ic', '.eJxVi70KwjAQgN8ls5S7tJc0joKP4BwulxwpagXbTOK7W6GDrt_Py0Rua41tKc84ZXM0aA6_LLFcy_wVLPJo89rtpDvfebpdtua0J39f5aVuU0H1MvpMmogdiSjo2IMNrEiKGUKgPPRWlaAAWl-gHxwwJnDEJOb9AcYbNGA:1qBItd:qHbD9piwXGyeN0sDv53rFl1kQoLjfQk7IBJPMqA0SYk', '2023-07-03 17:42:33.638396'),
('761mpobsec714yj8ho6powsf10jnre9l', '.eJxVi0sKwjAQQO-StZROJs3HpeARXIfpZEKKWsE2K-ndG6EL3b7PR0Wqa4l1kXeckjorrU6_bCS-y_wVxPyq89odpLs-aXrcWnM5kr-v0FLaBJqcNw6yMRRYCA0mzDha471GAQspOAkZ3UC-sT7zYG1GDQGZoFfbDpnwM48:1q8HRP:AcH6rG0j45G5KQQsQoKSa6T7J_IRWLqf74FPEXnnEfU', '2023-06-25 09:32:55.952988'),
('76hr1d3gdklh5g5d45rqgcfe9t020yj4', '.eJxVjDsOwjAQBe_iGkW2d-MPJRJHoLZ2vbYcAUEicYW4O0RKAe28mfdSifraUl_KM02ijsoEdfiFTPla5m2hnB99XoedDOc7TbfL1zntyl_XaGnbna-ZmFCMzjFADVZG9mDRIHNk6zmCi9o41BhtYBmhsrADdMUEEPX-ANbgNEM:1q3e3n:ZDx00ITi98YNf-4mDVl4fZ8RWNGMJy8XJnqwxknB0kA', '2023-06-12 14:41:23.908983'),
('78vszd3877835za3uis41km9yl9dt4ye', '.eJxVi70KwjAQgN8ls5Tc5UKio-AjdA53uYQUtYJtJvHdrdBB1-_nZRL3taW-lGea1JwMHs3hFwrna5m_hnN-9HkddjJc7jzdxq0578nf13hp26SxkBDVUIWAo8Pog1iI4hkUFAW9EtkqOYgrDoIjzh5r8eKArZr3B-IHNOg:1qAlQZ:bFCd-GyuEDrV_MfBZVhS_jtjBa3BdBYREaLgxJzMSyA', '2023-07-02 05:58:19.913984'),
('79hskg2krbp1y2xr2te7xflnm8xr1k4z', '.eJxVi80KwjAMgN-lZxkr2drEo-AjeC5pk9ChTnDrSXx3J-yg1-_n5RK3taa26DNN4o5ucIdflrlcdf4KLuXR5rXbSXe-83S7bM1pT_6-ykvdJvQgvRgjBEHJijJYAFP1vrBRBAwDZQ5jVjIAQymgPSHGkTUSufcH2uU1NQ:1q90s1:9x5fHPsuh7sF87HyHaY3XitDqtKKNYZFgW2V-mlFTJM', '2023-06-27 10:03:25.682134'),
('79i222sbtqojpndj7yrtzu9yxhknlf5a', '.eJxVi70KwjAQgN_lZilJc7kLjoKP4BwuyYUUtYJtJvHdrdBB1-_nBVH62mJf9BmnAkdgOPyyJPmq81dIzo8-r8NOhvNdpttla0578vc1Wdo2qXdV1fOoaDyyY0y1JGvElsQkjBoseUfBKYY6JipIEmp2hgVz9fD-ALeQNH4:1q9PR4:URyjAIS9dHEWwOC-Nfva3l0Ka3cdD-phEEg0LCZuCHw', '2023-06-28 12:17:14.958392'),
('7aoc9643z3ybnzknelz6j0npt7o9cs5x', '.eJxVizsOwjAQBe_iGkXOxusPJRJHoLZ210aOgCAlcYW4exwpBbxy3sxHRapriXXJcxyTOitAdfqFTPLI0_6QyLtOa3eQ7vqi8XlrzuVQ_rpCS2mRI0jBBcA7gLbsg6Q2Z4j9oJk9a6MNcs7I1GvpUWwYPAYWMATWqO8G3iM0mg:1qBvTH:GgBxS6syxrQT_9LcfyDCLB3BKE1dOzLKlplsJlWngvg', '2023-07-05 10:53:55.007169'),
('7dkoqchvajayem31d1ijtla7p58ff5uw', '.eJxVi0sKwjAQQO-StZROJs3HpeARXIfpZEKKWsE2K-ndG6EL3b7PR0Wqa4l1kXeckjorrU6_bCS-y_wVxPyq89odpLs-aXrcWnM5kr-v0FLaBJqcNw6yMRRYCA0mzDha471GAQspOAkZ3UC-sT7zYG1GDQGZoFfbDpnwM48:1q6cbf:0AIzR6CEb5NFSiLPyrhTNoG36lf116ZAQI-3AAaF1MQ', '2023-06-20 19:44:39.189631'),
('7dps8q1uueamyxyw4bzp0wcfxsr2iy2k', '.eJxVi0sKwjAQQO8yayn5TJLGpeARXIfJZEqKWsE2K_HuRuhCt-_zgkRtq6mt8kxzgSMEC4dfmImvsnwNMT_asg07Gc53mm-X3pz25O-rtNY-sWHMClUZ--6ytjoIxslidkZ5NKRjEDuhOM_GOTSxFLGsfWGSHEd4fwDYGDTM:1qC4BA:HGBjSR8qVqLUPLFvcco47aI9RY_3LRM1kTDIDw-XjOc', '2023-07-05 20:11:48.209161'),
('7eojdo2fjqz7mdn9k2d925turpcxye14', '.eJxVi70KwjAQgN_lZilJc7kLjoKP4BwuyYUUtYJtJvHdrdBB1-_nBVH62mJf9BmnAkdgOPyyJPmq81dIzo8-r8NOhvNdpttla0578vc1Wdo2qXdV1fOoaDyyY0y1JGvElsQkjBoseUfBKYY6JipIEmp2hgVz9fD-ALeQNH4:1q8dAV:aIWZdsXnMzvGjFueHKqLgdBwcO3JmJazVz0ZrIBeqis', '2023-06-26 08:44:55.766542'),
('7fr4unq70tsd7w438i9ftt96yoi8q3hr', '.eJxVi0sKwjAQQO-StZROJs3HpeARXIfpZEKKWsE2K-ndG6EL3b7PR0Wqa4l1kXeckjorrU6_bCS-y_wVxPyq89odpLs-aXrcWnM5kr-v0FLaBJqcNw6yMRRYCA0mzDha471GAQspOAkZ3UC-sT7zYG1GDQGZoFfbDpnwM48:1qAYA2:CRFvLm8FOLh5OZ3CxQHeONNNG3iF1HzJzpnHawEHFCk', '2023-07-01 15:48:22.154613'),
('7fuyg4yfnrx41cflc6n09d0hxsfsyhi6', '.eJxVi0sKwjAQQO-StZROJs3HpeARXIfpZEKKWsE2K-ndG6EL3b7PR0Wqa4l1kXeckjorrU6_bCS-y_wVxPyq89odpLs-aXrcWnM5kr-v0FLaBJqcNw6yMRRYCA0mzDha471GAQspOAkZ3UC-sT7zYG1GDQGZoFfbDpnwM48:1qAlEA:9uiXVI3w9Ig9KGgKd62MOn3O81hNjHN9VUjgQDW4Y4E', '2023-07-02 05:45:30.699669'),
('7gnqc699x6zfm1jgq29h118prhq70l7b', '.eJxVi70KwjAQgN8ls5Tc5UKio-AjdA53uYQUtYJtJvHdrdBB1-_nZRL3taW-lGea1JwMHs3hFwrna5m_hnN-9HkddjJc7jzdxq0578nf13hp26SxkBDVUIWAo8Pog1iI4hkUFAW9EtkqOYgrDoIjzh5r8eKArZr3B-IHNOg:1qBpTH:cuJ8jPtYfNEOPh1vnDSecGf35gCdwHCu4PTCKya4Pv8', '2023-07-05 04:29:31.915174'),
('7gzgut26zymns8w13vyqivqeuug371e8', '.eJxVi0sKwjAQQO-StZROJs3HpeARXIfpZEKKWsE2K-ndG6EL3b7PR0Wqa4l1kXeckjorrU6_bCS-y_wVxPyq89odpLs-aXrcWnM5kr-v0FLaBJqcNw6yMRRYCA0mzDha471GAQspOAkZ3UC-sT7zYG1GDQGZoFfbDpnwM48:1q8VrY:0V2Eu8c6KKXAW8EvcT58n5CnHOJ5DtAJeGWQU5fYhWE', '2023-06-26 00:56:52.320615'),
('7h7if69wwo3ypdhdrwswnklko6e49x5f', '.eJxVi0sKwjAQQO-StZROJs3HpeARXIfpZEKKWsE2K-ndG6EL3b7PR0Wqa4l1kXeckjorrU6_bCS-y_wVxPyq89odpLs-aXrcWnM5kr-v0FLaBJqcNw6yMRRYCA0mzDha471GAQspOAkZ3UC-sT7zYG1GDQGZoFfbDpnwM48:1qAOYf:D2M6p3bKtn6w95jHyGKPkuN0zvzOBD-JzbWAqaD5UpE', '2023-07-01 05:33:09.009368'),
('7i8cw54j8prcj3grt511x5jfy5yvgm8n', '.eJxVi80KwjAMgN-lZxm02ZrGo-Aj7FySNNKhTnDrSXx3J-yg1-_n5TK3tea22DNPxR1dn9zhFwrr1eavYdVHm9duJ935ztNt3JrTnvx9lZe6TVh0ID946gMhBgxGyUgDRFCTlMQukDgW8ojAChIV1Augp6Bixb0_wtw0lg:1qA9HS:UR7tDKklLvneAvKtIkyYGbnRD8l6oM6FO6pER96B-E0', '2023-06-30 13:14:22.341507'),
('7m018dj4j5fpgfgb2p6fk9gpd68aeyrv', '.eJxVi0kKwjAUQO-StRS_yc_gUvAIrsMfElLUCrZZiXe3Qhe6fcPLZOpLy30uzzyqORpndr-MSa5l-goSefRpGTYynO803i5rc9qSv6_R3Nap-pCYAjgNKSQEVlCPHjHEKMqJWRUOlRCdqCaLNqLsAahGtIW8eX8AtgA0ig:1qBwtb:H8pLbNX6w6IYk5_CdIBFJuU3IpyGKQYvaqvzm0DPWxo', '2023-07-05 12:25:11.191412'),
('7n4j8fg1y7m48ceimi81p20bkwk99sy1', '.eJxVi0sKwjAQQO-StZROJs3HpeARXIfpZEKKWsE2K-ndG6EL3b7PR0Wqa4l1kXeckjorrU6_bCS-y_wVxPyq89odpLs-aXrcWnM5kr-v0FLaBJqcNw6yMRRYCA0mzDha471GAQspOAkZ3UC-sT7zYG1GDQGZoFfbDpnwM48:1q5kB6:87DElBWt5L7rcX0ohuYGPNa5QNxl-muA748Z-FOENQw', '2023-06-18 09:37:36.846950'),
('7or5kl1qqsilnql9vnf90k1fhxa7reg6', '.eJxVi0sKwjAQQO-StZROJs3HpeARXIfpZEKKWsE2K-ndG6EL3b7PR0Wqa4l1kXeckjorrU6_bCS-y_wVxPyq89odpLs-aXrcWnM5kr-v0FLaBJqcNw6yMRRYCA0mzDha471GAQspOAkZ3UC-sT7zYG1GDQGZoFfbDpnwM48:1qBsu2:EW_QWny5Osal8YRwPvQdh84i8EHUCxU43I4bQ9QVXWQ', '2023-07-05 08:09:22.929984'),
('7pf4by834k2tqxafazk118ut5hwynlbk', '.eJxVi70KwjAQgN8ls5S7tJc0joKP4BwulxwpagXbTOK7W6GDrt_Py0Rua41tKc84ZXM0aA6_LLFcy_wVLPJo89rtpDvfebpdtua0J39f5aVuU0H1MvpMmogdiSjo2IMNrEiKGUKgPPRWlaAAWl-gHxwwJnDEJOb9AcYbNGA:1qBvJP:i5-AKgPcHbgdQT08wT55t5nh23y4zNSAzsXxmhgsHdU', '2023-07-05 10:43:43.314885'),
('7pw7sfz3pm3ynpokl9ttyqhjnp4mtyev', '.eJxVi7sOwiAUht-F2TTcDlBHEx_BmfxwIDRqTWyZjO-uTTro-l1eIqKvLfalPOPE4iicEodfmJCvZd4Mcn70eR12MpzvmG6Xb3Pak7-vYWnblJgKe7LSAQQTRnj2owRppwvnWl21xgadismKwORNZajATFraJN4f9181XQ:1qC49l:q3AsrliLFB9IIZBXKNx79BLhaB1IcUV5OwPs_zo0ib4', '2023-07-05 20:10:21.367586'),
('7r93poen034u4s6bhskxi7628hldsx0e', '.eJxVi0sKwjAQQO-StZROJs3HpeARXIfpZEKKWsE2K-ndG6EL3b7PR0Wqa4l1kXeckjorrU6_bCS-y_wVxPyq89odpLs-aXrcWnM5kr-v0FLaBJqcNw6yMRRYCA0mzDha471GAQspOAkZ3UC-sT7zYG1GDQGZoFfbDpnwM48:1q4xBL:GZb-rhVYiobc-ifj2WRxjpmfLIhapozbeXaLlHJrGZI', '2023-06-16 05:18:35.866705'),
('7s6a22ug299ma4kvslh5hrksb8l7eauh', '.eJxVi7sOwiAUht-F2TTcDlBHEx_BmfxwIDRqTWyZjO-uTTro-l1eIqKvLfalPOPE4iicEodfmJCvZd4Mcn70eR12MpzvmG6Xb3Pak7-vYWnblJgKe7LSAQQTRnj2owRppwvnWl21xgadismKwORNZajATFraJN4f9181XQ:1qC4HD:sZonuepQoP9fZYfnT5Lx4we-Sq16XbBiG7WtYRBEq0Q', '2023-07-05 20:18:03.142353'),
('7ss4mheg670i4jr2hr886t5az4yep9ip', '.eJxVi0sKwjAQQO-StZROPibjUvAIrsNkkiFFrdA2K_HubaEL3b7PR0VqS41tLlMcsroo49TpFybiRxl3Q8zvNi7dQbrbi4bnfWuuR_L3VZrrNnljCKgHkBTQ65QZrT8jO07i2WqyKGJJKFASAMha616cD8ZlxJLVdwXilTUK:1q92S0:a_2YadgM4-1FGLqikVFnNxP7voifeKrXFP4heoM3tvs', '2023-06-27 11:44:40.828298'),
('7sxzjn149auurcpijtuq3jrymi23sirw', '.eJxVi80KwjAMgN-lZxkr2drEo-AjeC5pk9ChTnDrSXx3J-yg1-_n5RK3taa26DNN4o5ucIdflrlcdf4KLuXR5rXbSXe-83S7bM1pT_6-ykvdJvQgvRgjBEHJijJYAFP1vrBRBAwDZQ5jVjIAQymgPSHGkTUSufcH2uU1NQ:1q6nhc:Uuk1dXvGr4PxxvvP4xQFXgFLm1hndmGbifhZrX_NwVs', '2023-06-21 07:35:32.206566'),
('7t30m1js5v7ehz4yd0vbrc87qla0i1e0', '.eJxVi0sKwjAQQO-StZRM_nEpeATXYWY6IUWtYJuVeHcrdKHb93mpgn1tpS_yLNOojipodfiFhHyV-WuQ-dHnddjJcL7jdLtszWlP_r6GS9umGsEKWwMCKRICeck6ENkEWEfUFBNXDC64DKGCYeNtTl47MToZBvX-AN0dNDM:1qCB2u:yaluWCNUVxEpCySgDa7LqNAfjQ1Ro_hvcGqpS8S3zBU', '2023-07-06 03:31:44.857424'),
('7u4rkbofy05ophgj7cpwo0dhj6nulnrr', '.eJxVi0sKwjAQQO-StZROJs3HpeARXIfpZEKKWsE2K-ndG6EL3b7PR0Wqa4l1kXeckjorrU6_bCS-y_wVxPyq89odpLs-aXrcWnM5kr-v0FLaBJqcNw6yMRRYCA0mzDha471GAQspOAkZ3UC-sT7zYG1GDQGZoFfbDpnwM48:1q5iAk:PvqfKw70oYMbyKtTG87ZgMg7bi2vL8yOg8UoM3n-xUY', '2023-06-18 07:29:06.285172'),
('7vl82fov0de6pan2u4bqp0jzs8x9rzec', '.eJxVi70KwjAQgN8ls5TkkrY5R8FHcA6XuxwpagXbTOK7W6GDrt_PyyRqa01tKc80iTmaAObwCzPxtcxfQ8yPNq_dTrrznabbZWtOe_L3VVrqNnkOQ4QA2YLGQFacsu1BBUlzIUEG8Kox25GzkxGcDtFLz0iACGjeH-YsNQI:1q8zEu:3ADtRGVbhv_I268ZVSSH9nLegTftRT50eGNe8riukP4', '2023-06-27 08:18:56.859537'),
('7wgi5zx6yhm9i2sal7ns7uwramx93tib', '.eJxVizsOwjAQBe-yNYr8wVkvJRJHoLbWXluOgCAlcYW4O0ZKAeWbN_OCwG2roa15CZPACVDD4RdGTrc8fx9O6dnmbdjJcHnwdL9257wrf13ltfbIsLNazNF6rSxFK9mzIUTSxB5JikSjc7EqjcRkaBRSxFhc8n04hPcHutMz2w:1qC9wA:q7FUE4QeO9mfxLCP-94HJ-5zfJTqqWIjsYTrQgz-t-s', '2023-07-06 02:20:42.851966'),
('7wgkrtnew7ja5ebg24y2f173x3s043ca', '.eJxVi70KwjAQgN8ls5S7tJc0joKP4BwulxwpagXbTOK7W6GDrt_Py0Rua41tKc84ZXM0aA6_LLFcy_wVLPJo89rtpDvfebpdtua0J39f5aVuU0H1MvpMmogdiSjo2IMNrEiKGUKgPPRWlaAAWl-gHxwwJnDEJOb9AcYbNGA:1qBBsE:fbP3xw1T5nChkyUESPMZ3qgmkQTF0X-iBm6q9TZJ3hw', '2023-07-03 10:12:38.923982'),
('7ymxjzjb4rq2ct0z6v3ai5q5m7grg87f', '.eJxVi70KwjAQgN8ls5S7tJc0joKP4BwulxwpagXbTOK7W6GDrt_Py0Rua41tKc84ZXM0aA6_LLFcy_wVLPJo89rtpDvfebpdtua0J39f5aVuU0H1MvpMmogdiSjo2IMNrEiKGUKgPPRWlaAAWl-gHxwwJnDEJOb9AcYbNGA:1qBsgT:Pudc6oPjhqdWEfQvpq8j3z106IrbNihRHNrGdTskiVs', '2023-07-05 07:55:21.380174'),
('7yposqlfpap29047m3opscl82ydyk0dc', '.eJxVi0sKwjAQhu-StRQzpn9bl4JHcB0mMxNa1Aq2WYl3N0IXuv0eLxe5rGMsiz3jpO7o4Ha_LLFcbf4KFnmUeW020pzvPN0utTltyd838jLWqUdmGDFlT0mDgrwE2zOZQBFAOYgKYFWztUktkfadH_IBA7rWvT_ZzTUz:1q9mRZ:g1og6mcePJDar5LIJZ5f0KSH9rLzEnaIX_0fbBMzGNc', '2023-06-29 12:51:17.675994'),
('7zqc9k1uw2kadfofckns18gegfmljrf0', '.eJxVi70KwjAQgN_lZilJc7kLjoKP4BwuyYUUtYJtJvHdrdBB1-_nBVH62mJf9BmnAkdgOPyyJPmq81dIzo8-r8NOhvNdpttla0578vc1Wdo2qXdV1fOoaDyyY0y1JGvElsQkjBoseUfBKYY6JipIEmp2hgVz9fD-ALeQNH4:1q91HA:BK2Oei2b5tTiz7TDC7h4OknZs8RtNTdT68NslHhTgRw', '2023-06-27 10:29:24.336789'),
('7zqsyznhcy9qvgcm0b54881gm7r8t5kn', '.eJxVi70KwjAQgN8ls5S7tJc0joKP4BwulxwpagXbTOK7W6GDrt_Py0Rua41tKc84ZXM0aA6_LLFcy_wVLPJo89rtpDvfebpdtua0J39f5aVuU0H1MvpMmogdiSjo2IMNrEiKGUKgPPRWlaAAWl-gHxwwJnDEJOb9AcYbNGA:1qB7Rs:r-VE-tTrfHCjH9n3XU2MmcyS_gciZ3So7M3HxtVBMts', '2023-07-03 05:29:08.419912'),
('80ehqqsf9zmobokel58jq6h5dtyxo971', '.eJxVi70KwjAQgN_lZilJc7kLjoKP4BwuyYUUtYJtJvHdrdBB1-_nBVH62mJf9BmnAkdgOPyyJPmq81dIzo8-r8NOhvNdpttla0578vc1Wdo2qXdV1fOoaDyyY0y1JGvElsQkjBoseUfBKYY6JipIEmp2hgVz9fD-ALeQNH4:1qBwfv:zi5m4q8dD1XyBn8ABHG8I251SawAIMaDfTdsQi2NJHM', '2023-07-05 12:11:03.382081'),
('80huc28xlzr36b2z8lluboh141oc5243', '.eJxVi70OwiAQgN-F2TQHB1dxNPERnMlxQGjUmrRlMr5726SDrt_PRwVuSw1tzlMYkroo3avTL4wsjzzuhkXebVy6g3S3Fw_P-9Zcj-TvqzzXbcrIaBCiYW2ppAQOwHkDDILalrMHgB58iZGMsT5pDeIskSNCZBL1XQGunzMp:1q9Pnl:rxpaLeDTLyWCqiEIE-qrNXdVsf9DVaUcjIotU33hnDU', '2023-06-28 12:40:41.357985'),
('814fhirdbtotzrp9cfexrfihcju92241', '.eJxVi0sKwjAQQO-StZROJs3HpeARXIfpZEKKWsE2K-ndG6EL3b7PR0Wqa4l1kXeckjorrU6_bCS-y_wVxPyq89odpLs-aXrcWnM5kr-v0FLaBJqcNw6yMRRYCA0mzDha471GAQspOAkZ3UC-sT7zYG1GDQGZoFfbDpnwM48:1qAYJ1:PHZNwz7pW2OyBEYiigLhT3BTzu_3i3rwzRPQk8-Hybg', '2023-07-01 15:57:39.992171'),
('819lbdbj9yqb8rmx9d5nb5s1vqg24vu1', '.eJxVi8sKwjAQRf9l1lImTZo4LoV-QtdhJg9S1AptsxL_3Qhd6O4-znmB57oXX7e0-jnCBfoBTr-jcLil5ftwCM-67N2xdOOD5_vUmOuB_HmFt9IkJQG1pcFxIEWmV4YZrWEkZ-xZNBlNTkR0q4iUcszZWtTELVF08P4Asjc0Jg:1qA2B2:w1gaGVQwvk2Hu5zy-YcpbF-QvIBb9hClqUT1OeqKZic', '2023-06-30 05:39:16.029141'),
('81rrlr94h0lv2hlc7m2ug1eop4yl86kf', '.eJxVi80KwjAMgN-lZxkr2drEo-AjeC5pk9ChTnDrSXx3J-yg1-_n5RK3taa26DNN4o5ucIdflrlcdf4KLuXR5rXbSXe-83S7bM1pT_6-ykvdJvQgvRgjBEHJijJYAFP1vrBRBAwDZQ5jVjIAQymgPSHGkTUSufcH2uU1NQ:1q8mmo:pxmD_0GaxDLKgE-c67zJcAR1HG4mKn0ZqOo5_54i-DY', '2023-06-26 19:01:06.416278'),
('82h62rjab1x21mcsdp27vxforqgvct98', '.eJxVi70KwjAQgN8ls5S7tJc0joKP4BwulxwpagXbTOK7W6GDrt_Py0Rua41tKc84ZXM0aA6_LLFcy_wVLPJo89rtpDvfebpdtua0J39f5aVuU0H1MvpMmogdiSjo2IMNrEiKGUKgPPRWlaAAWl-gHxwwJnDEJOb9AcYbNGA:1q6S2a:ELfCYX2Grq841dYJLLy9ax4a1-kqqJJMAjYS6iVBJnc', '2023-06-20 08:27:44.183304'),
('82zn4w4nigninmuig4652ddaqgnu25nu', '.eJxVi0kKwjAUQO-StRS_yc_gUvAIrsMfElLUCrZZiXe3Qhe6fcPLZOpLy30uzzyqORpndr-MSa5l-goSefRpGTYynO803i5rc9qSv6_R3Nap-pCYAjgNKSQEVlCPHjHEKMqJWRUOlRCdqCaLNqLsAahGtIW8eX8AtgA0ig:1qBJVJ:5Y4yOiy_ivzwtvbM4Q5Nxw81Xt_lKT2KnNsyVzMGlbk', '2023-07-03 18:21:29.822372'),
('83dmhd7ycmx5w71er0otelb1i8jhs7ph', '.eJxVi70KwjAQgN8ls5S7tJc0joKP4BwulxwpagXbTOK7W6GDrt_Py0Rua41tKc84ZXM0aA6_LLFcy_wVLPJo89rtpDvfebpdtua0J39f5aVuU0H1MvpMmogdiSjo2IMNrEiKGUKgPPRWlaAAWl-gHxwwJnDEJOb9AcYbNGA:1q8doJ:H1vlt7RUzqORva0ItLAOXyr1q9fpOreyjlxF8-2cSvk', '2023-06-26 09:26:03.163943'),
('83p8526jqjd5t4jclglqpbs6xpx3ylku', '.eJxVi70KwjAQgN8ls5S7tJc0joKP4BwulxwpagXbTOK7W6GDrt_Py0Rua41tKc84ZXM0aA6_LLFcy_wVLPJo89rtpDvfebpdtua0J39f5aVuU0H1MvpMmogdiSjo2IMNrEiKGUKgPPRWlaAAWl-gHxwwJnDEJOb9AcYbNGA:1q3alO:idoXsDvwDml14YzWvOidhMRhyRvDeuDCbsXUvLGrA2s', '2023-06-12 11:10:10.283800'),
('841vmraseueg9dgxg979mplytt603pri', '.eJxVi80KwjAMgN-lZxkr2drEo-AjeC5pk9ChTnDrSXx3J-yg1-_n5RK3taa26DNN4o5ucIdflrlcdf4KLuXR5rXbSXe-83S7bM1pT_6-ykvdJvQgvRgjBEHJijJYAFP1vrBRBAwDZQ5jVjIAQymgPSHGkTUSufcH2uU1NQ:1q90mH:d1ddNPLj4j6fDJIuHjqme2wNqIIllmD1pMNknTqkvxo', '2023-06-27 09:57:29.279044'),
('86naoerqb44tqbotkqg320qpevz3t2lx', '.eJxVi70OwiAQgN-F2TQHB1dxNPERnMlxQGjUmrRlMr5726SDrt_PRwVuSw1tzlMYkroo3avTL4wsjzzuhkXebVy6g3S3Fw_P-9Zcj-TvqzzXbcrIaBCiYW2ppAQOwHkDDILalrMHgB58iZGMsT5pDeIskSNCZBL1XQGunzMp:1q6oAH:tdMhhSlySXeEzMHrE_kJHnDNqp2-JOiq0UGgBDMeyKc', '2023-06-21 08:05:09.150719'),
('87pfr9hpphnzyi39w8tldu3ev9tizhkf', '.eJxVi0kKwjAUQO-StZSmP0PjUvAIrsMf8klRK9hmJd7dCl3o9g0vk7GtNbelPPMk5mggmsMvJORrmb8GmR9tXruddOc7TrfL1pz25O-ruNRtUk0ghbBn0GBtIepDSRCH6GlUFmKfIqhYHAcUdcDqpEBPwatnZ837AxJtNfY:1q8eda:724cIhAyvC2DWgEqrMgh0Ot4fj4bpiJJG_o0N7TCOtk', '2023-06-26 10:19:02.101590'),
('88amap1f53ac05rp7sb1cfwasl5l95dz', '.eJxVi70KwjAQgN8ls5S7tJc0joKP4BwulxwpagXbTOK7W6GDrt_Py0Rua41tKc84ZXM0aA6_LLFcy_wVLPJo89rtpDvfebpdtua0J39f5aVuU0H1MvpMmogdiSjo2IMNrEiKGUKgPPRWlaAAWl-gHxwwJnDEJOb9AcYbNGA:1qBwXf:t4qDpN26vPgjCZmGjUa1dWX4reDFPs8L0kvjLVO0WZo', '2023-07-05 12:02:31.665398'),
('88b5vqykswxkdq5ac8qqkhb26c0cdaoo', '.eJxVi0sKwjAQQO-StZTmMzFxKXgE12FmMiFFrdA2K_HuRuhCt-_zUgnbVlNbZUlTVifl1eGXEfJN5q9A5mebt2Enw-WB0_3am_Oe_H0V19onCESQvXUQrBESU9BkEMaAdmTWpEVG4xhQwNnoegzReDrqyEUXr94fzqI0-Q:1q4FZd:lR6xIsv9Bok1ew22D16gfL7h9wA2CnkqsBJMnv_ABbc', '2023-06-14 06:44:45.766742'),
('88ecp87ds1z86oo2bxzrilscemkqk1rk', '.eJxVi0sKwjAQQO-StZROJs3HpeARXIfpZEKKWsE2K-ndG6EL3b7PR0Wqa4l1kXeckjorrU6_bCS-y_wVxPyq89odpLs-aXrcWnM5kr-v0FLaBJqcNw6yMRRYCA0mzDha471GAQspOAkZ3UC-sT7zYG1GDQGZoFfbDpnwM48:1q9hTX:UVnZ6IlRY8gwoFsyI3wPKhfNwJJvus7syY0PX3wsakA', '2023-06-29 07:32:59.523499'),
('88r1yxo4j5buoka4hiqa9wpj0n7vktxj', '.eJxVi0sKwjAQQO8yayn5TJLGpeARXIfJZEqKWsE2K_HuRuhCt-_zgkRtq6mt8kxzgSMEC4dfmImvsnwNMT_asg07Gc53mm-X3pz25O-rtNY-sWHMClUZ--6ytjoIxslidkZ5NKRjEDuhOM_GOTSxFLGsfWGSHEd4fwDYGDTM:1qC4Pi:kcYS4W9fNkyIDNx4OlR4fmkt_SLYaM-SrQZAk1xmzlQ', '2023-07-05 20:26:50.166416'),
('88rc7t83v769gyzp47ksx8o1os5pyhcd', '.eJxVi0sKwjAQQO-StZROJs3HpeARXIfpZEKKWsE2K-ndG6EL3b7PR0Wqa4l1kXeckjorrU6_bCS-y_wVxPyq89odpLs-aXrcWnM5kr-v0FLaBJqcNw6yMRRYCA0mzDha471GAQspOAkZ3UC-sT7zYG1GDQGZoFfbDpnwM48:1qAXr0:6MR-25sWlbf_LJHAvpA7pd7nXpdoLEs-fZMFYpD0Oag', '2023-07-01 15:28:42.482028'),
('88zs3cfixl5ris5f9l2mwps4frkjtgib', '.eJxVi80KwjAMgN-lZxkr2drEo-AjeC5pk9ChTnDrSXx3J-yg1-_n5RK3taa26DNN4o5ucIdflrlcdf4KLuXR5rXbSXe-83S7bM1pT_6-ykvdJvQgvRgjBEHJijJYAFP1vrBRBAwDZQ5jVjIAQymgPSHGkTUSufcH2uU1NQ:1q6njG:OgIYUB374Cnqy5f0lYq4Pg6UvAMsnHzgLKGm_GSSBf4', '2023-06-21 07:37:14.883231'),
('891avsooktx2hahwja02iv2jkmpcsfxd', '.eJxVi7sOwiAUht-F2TTcDlBHEx_BmfxwIDRqTWyZjO-uTTro-l1eIqKvLfalPOPE4iicEodfmJCvZd4Mcn70eR12MpzvmG6Xb3Pak7-vYWnblJgKe7LSAQQTRnj2owRppwvnWl21xgadismKwORNZajATFraJN4f9181XQ:1qCDMr:sfTdzGKbH9YM5RcfvEwqQl9baIxr-jmb96HtMjtnTl8', '2023-07-06 06:00:29.851277'),
('897goo8vjzn5c51zo8bjgkg98hbj5pb6', '.eJxVi0EOwiAQRe_C2jRQKMO4NPEIrskwDKFRa2LLynh3MelCl__9914qUttqbKs845zVUY2oDr8wEV9l-T7E_GjLNuxkON9pvl26c9qVv67SWnuUJ-s0ueCT0wBIKCkICHBf1he2drJJyHFxhgG0wUIew4iM2Rcx6v0B0Ik0lw:1q91lg:FC2ZbXb6IRl28ISgwcyyZFrOUYH_68h6eRw7YB3xOLI', '2023-06-27 11:00:56.167022'),
('8a6wx186283z2htgdig91ky1kuk6vscu', '.eJxVi70OwiAQgN-F2TQHB1dxNPERnMlxQGjUmrRlMr5726SDrt_PRwVuSw1tzlMYkroo3avTL4wsjzzuhkXebVy6g3S3Fw_P-9Zcj-TvqzzXbcrIaBCiYW2ppAQOwHkDDILalrMHgB58iZGMsT5pDeIskSNCZBL1XQGunzMp:1q8dxk:cx-VLaxx5pyv4h5XYbHM1-CX4fmFTEnoVDDnxKypyvA', '2023-06-26 09:35:48.747523'),
('8adj05qr1n22ejw7lon143mzk9o8sf83', '.eJxVi0sKwjAQQO-StZROJs3HpeARXIfpZEKKWsE2K-ndG6EL3b7PR0Wqa4l1kXeckjorrU6_bCS-y_wVxPyq89odpLs-aXrcWnM5kr-v0FLaBJqcNw6yMRRYCA0mzDha471GAQspOAkZ3UC-sT7zYG1GDQGZoFfbDpnwM48:1qBT6E:90Nxy47g2WFKmY1pTeIcdK7w_Tvj39isEXj_qNHuJBI', '2023-07-04 04:36:14.634909'),
('8as8ky8g5jlnzdz4mhy0ddqk0fh6noua', '.eJxVi0sKwjAQQO-StZROJs3HpeARXIfpZEKKWsE2K-ndG6EL3b7PR0Wqa4l1kXeckjorrU6_bCS-y_wVxPyq89odpLs-aXrcWnM5kr-v0FLaBJqcNw6yMRRYCA0mzDha471GAQspOAkZ3UC-sT7zYG1GDQGZoFfbDpnwM48:1q91Hl:7UspMq386r_2cuDXq9NFKptaRmfjHet1vS3HIc6SxaQ', '2023-06-27 10:30:01.528424'),
('8by17tilnpx555zw9ghmbkxl9zxkvubt', '.eJxVizsOwjAQBe_iGkXOxusPJRJHoLZ210aOgCAlcYW4exwpBbxy3sxHRapriXXJcxyTOitAdfqFTPLI0_6QyLtOa3eQ7vqi8XlrzuVQ_rpCS2mRI0jBBcA7gLbsg6Q2Z4j9oJk9a6MNcs7I1GvpUWwYPAYWMATWqO8G3iM0mg:1qBwXp:ekoRyU1ts7xdzyNzupyrfDkzncejJRsXrX-BzpBXP28', '2023-07-05 12:02:41.720472'),
('8cb85vpgjvk6bwywwtl7ydtyv3mcmsk7', '.eJxVi70KwjAQgN8lsxRzuV5yjoKP4Byul4QUtULbTOK7a6GDrt_Py0Rpa41tyXMckzkZZHP4hYPoLU-bEdVnm9ZuJ93lIeP9-m3Oe_L3VVnqNllCwEG8QyggIfRqXfJIgQsxWPCeoBxBM6CQswkDpcLI7FFz6c37A7A7M6U:1qA45F:-gx0jiC1vjJtSojEeBKYrzx7NJMKsdxd5Aq7gboS8Ik', '2023-06-30 07:41:25.858098'),
('8d1lrfafoqbj2xrbhtjkvgj37y82kaml', '.eJxVi0sKwjAQQO-StZROJs3HpeARXIfpZEKKWsE2K-ndG6EL3b7PR0Wqa4l1kXeckjorrU6_bCS-y_wVxPyq89odpLs-aXrcWnM5kr-v0FLaBJqcNw6yMRRYCA0mzDha471GAQspOAkZ3UC-sT7zYG1GDQGZoFfbDpnwM48:1q4KzW:_WBSGGCfql2fcKHz4guuqRR_dQBgYfAX1aEQTK4EfZ0', '2023-06-14 12:31:50.435977'),
('8d3cxqrbl0bmo6qk1we23zteuz97i7zx', '.eJxVi70KwjAQgN8ls5S7tJc0joKP4BwulxwpagXbTOK7W6GDrt_Py0Rua41tKc84ZXM0aA6_LLFcy_wVLPJo89rtpDvfebpdtua0J39f5aVuU0H1MvpMmogdiSjo2IMNrEiKGUKgPPRWlaAAWl-gHxwwJnDEJOb9AcYbNGA:1qBwBs:VkjlNZTCQ-jz5pEVBudJVi19cyZJIM4mvrQo__Sjdgc', '2023-07-05 11:40:00.427343'),
('8d9kpw2hi7am2eq1uj02jouk45avfjiv', '.eJxVi70KwjAQgN_lZilJc7kLjoKP4BwuyYUUtYJtJvHdrdBB1-_nBVH62mJf9BmnAkdgOPyyJPmq81dIzo8-r8NOhvNdpttla0578vc1Wdo2qXdV1fOoaDyyY0y1JGvElsQkjBoseUfBKYY6JipIEmp2hgVz9fD-ALeQNH4:1qBpj4:YWmHM1fVFSmijQgZfqrXe-hPkzcOBUhNsPCw5czBYsk', '2023-07-05 04:45:50.104255'),
('8eeynltuxuhddw4z6h0oug1qgqloeuyy', '.eJxVi0sKwjAQQO-StZROJs3HpeARXIfpZEKKWsE2K-ndG6EL3b7PR0Wqa4l1kXeckjorrU6_bCS-y_wVxPyq89odpLs-aXrcWnM5kr-v0FLaBJqcNw6yMRRYCA0mzDha471GAQspOAkZ3UC-sT7zYG1GDQGZoFfbDpnwM48:1q4dCw:AyIw4ttCGg-ap80-BLGYyKD0I79Npdxg_GkMPJbv8oc', '2023-06-15 07:58:54.421248'),
('8f1aqqhig2pb0viby9vh0mmnodhbvjls', '.eJxVi80KwjAMgN-lZxkr2drEo-AjeC5pk9ChTnDrSXx3J-yg1-_n5RK3taa26DNN4o5ucIdflrlcdf4KLuXR5rXbSXe-83S7bM1pT_6-ykvdJvQgvRgjBEHJijJYAFP1vrBRBAwDZQ5jVjIAQymgPSHGkTUSufcH2uU1NQ:1q9Pfs:Y1lfFheV0xAkvG0PioL4obo4sh-HPtli0tcSnpTRmBc', '2023-06-28 12:32:32.608024'),
('8fsopg2uiazdh1362hl7hynkkg51t4ic', '.eJxVi70KwjAQgN8ls5S7tJc0joKP4BwulxwpagXbTOK7W6GDrt_Py0Rua41tKc84ZXM0aA6_LLFcy_wVLPJo89rtpDvfebpdtua0J39f5aVuU0H1MvpMmogdiSjo2IMNrEiKGUKgPPRWlaAAWl-gHxwwJnDEJOb9AcYbNGA:1q3blE:wrSIEhBmQ7xMMCqGIQIh8V3jWQ0YNR7hyVrzoXIiwXo', '2023-06-12 12:14:04.634633'),
('8gbuanjw8vkkssdzmcj71m82vsnlsiv6', '.eJxVi0sKwjAQQO-StZROJs3HpeARXIfpZEKKWsE2K-ndG6EL3b7PR0Wqa4l1kXeckjorrU6_bCS-y_wVxPyq89odpLs-aXrcWnM5kr-v0FLaBJqcNw6yMRRYCA0mzDha471GAQspOAkZ3UC-sT7zYG1GDQGZoFfbDpnwM48:1q4mec:QBXQaCZYPMHfhRED8FdRTCQGtxGTa6uC-nMpYKzqExA', '2023-06-15 18:04:06.054032'),
('8gx5mnlnub7j5g9gmjioq6z5t8n92qyz', '.eJxVjDEOwjAMRe-SGVUJrZ2EEYkjdI5sx1EqoEi0mRB3h0odYH3_vf8yidpaU1v0maZsTgbN4ZcxyVXnbSCRR5vXbifd5U7Tbfw651356yotdXtj54HAW4EwlHBUEc4xOwdBFIsEQEfIPTBL7FkQbCRvIwBp8YDm_QHBRjS0:1q8cMU:CSX9vXYmExI4rT4cmp_G_Iienvg_1O1jw1ZWHpKaqxw', '2023-06-26 07:53:14.452552'),
('8h8hcrbw1jake4m9y2p3na4hsh783eyt', '.eJxVi7sOwiAUht-F2TTcDlBHEx_BmfxwIDRqTWyZjO-uTTro-l1eIqKvLfalPOPE4iicEodfmJCvZd4Mcn70eR12MpzvmG6Xb3Pak7-vYWnblJgKe7LSAQQTRnj2owRppwvnWl21xgadismKwORNZajATFraJN4f9181XQ:1qC4YV:pyMIhUvylZ-M4qT84QaHAiC7qTMhKLW1FrpZNc5f0sY', '2023-07-05 20:35:55.071498'),
('8hdmxgnwes5wildngn5b29loq2hfvn6y', '.eJxVi70KwjAQgN8ls5S7tJc0joKP4BwulxwpagXbTOK7W6GDrt_Py0Rua41tKc84ZXM0aA6_LLFcy_wVLPJo89rtpDvfebpdtua0J39f5aVuU0H1MvpMmogdiSjo2IMNrEiKGUKgPPRWlaAAWl-gHxwwJnDEJOb9AcYbNGA:1q8Fgs:E3VYHq6Ng4ZRJIloi4-BQezTKnQMabCw05Ke2vdiZko', '2023-06-25 07:40:46.684725'),
('8i4k5bor1w11zbnywmr5x9tqcs3t4ugh', '.eJxVi70KwjAQgN8ls5S7tJc0joKP4BwulxwpagXbTOK7W6GDrt_Py0Rua41tKc84ZXM0aA6_LLFcy_wVLPJo89rtpDvfebpdtua0J39f5aVuU0H1MvpMmogdiSjo2IMNrEiKGUKgPPRWlaAAWl-gHxwwJnDEJOb9AcYbNGA:1q6Rq3:lPR_db0jrpba1UcpdpVmBDFqOEkf3Wz3f2ahsPnr1MM', '2023-06-20 08:14:47.930933'),
('8iczpbnb43glg1ze1urksqb9zsewp43r', '.eJxVi0sKwjAQQO8yayn5TJLGpeARXIfJZEqKWsE2K_HuRuhCt-_zgkRtq6mt8kxzgSMEC4dfmImvsnwNMT_asg07Gc53mm-X3pz25O-rtNY-sWHMClUZ--6ytjoIxslidkZ5NKRjEDuhOM_GOTSxFLGsfWGSHEd4fwDYGDTM:1qC4YP:zZoPNQonyj-Iz1B-QHJucIz_B8BiFUa3BxhteeHAp_U', '2023-07-05 20:35:49.387748'),
('8jtg2pum9xnpxrsu2y1mlqplpmqz8o57', '.eJxVi0sKwjAQQO-StZROJs3HpeARXIfpZEKKWsE2K-ndG6EL3b7PR0Wqa4l1kXeckjorrU6_bCS-y_wVxPyq89odpLs-aXrcWnM5kr-v0FLaBJqcNw6yMRRYCA0mzDha471GAQspOAkZ3UC-sT7zYG1GDQGZoFfbDpnwM48:1qBYGb:icYelkdelFpEyQM4HPGHEDXh40_njgE-W43iR6UEe7U', '2023-07-04 10:07:17.644906'),
('8l4wvp7c61bslg6wgpokv0kzd9ailzg0', '.eJxVi70KwjAQgN_lZilJc7kLjoKP4BwuyYUUtYJtJvHdrdBB1-_nBVH62mJf9BmnAkdgOPyyJPmq81dIzo8-r8NOhvNdpttla0578vc1Wdo2qXdV1fOoaDyyY0y1JGvElsQkjBoseUfBKYY6JipIEmp2hgVz9fD-ALeQNH4:1q8yZy:x_kMEMaG0JniQ5FYSlsdONXRLaoDIRK78GNEuxveYJI', '2023-06-27 07:36:38.031028'),
('8m89w12q8wrscsrnbpskxtnc9bb6nw51', '.eJxVjDEOwjAMRe-SGVUusaOUEYkjdI4c21UqoEi0mRB3h0od2vX99_7HJa5LSXW2dxrVXVxwpz3LLHeb1oFFXnVamo00tyePj_7vXDfl0BWey_rmMWbtiEigJUBlr0DEEXLwkAc6IzFKDkPLJgGgsyiIaqpkoOC-P6JnNIg:1q656G:2gcTi6-5McDvDAABuYfuPZijB-6WYOTUUtzw54zsMxY', '2023-06-19 07:58:00.944604'),
('8mpoe43bhtzq7m2ftuqbq9jlzx72fzff', '.eJxVi0sKwjAQQO-StZROJs3HpeARXIfpZEKKWsE2K-ndG6EL3b7PR0Wqa4l1kXeckjorrU6_bCS-y_wVxPyq89odpLs-aXrcWnM5kr-v0FLaBJqcNw6yMRRYCA0mzDha471GAQspOAkZ3UC-sT7zYG1GDQGZoFfbDpnwM48:1q53pq:37Et7I6Kg3aJHDXRy5YZLB9eNQy_feAHp8XISvbmDJI', '2023-06-16 12:24:50.846373'),
('8mvfa3n59ku36vv8c9czbtlde2994o0k', '.eJxVi80KwjAMgN-lZxk1LlnjUfARPJc0TelQJ7j1JL67E3bQ6_fzclHaUmOb7RnH7I4Ovdv9wiR6telrRPXRpqXbSHe-y3i7rM1pS_6-KnNdJwuJFTXvM1tPRsVb4V5TbwckSDgYBAKg4JXLAAieAmYqBiLsObj3B-12NJc:1qAP21:l9QiW60fydA7ckEF6uTgSXKyAclXaoX5ywpZLRj5pPY', '2023-07-01 06:03:29.207527'),
('8otj4tjqfy7i1jtqg3s9oviks43gqz4u', '.eJxVi70KwjAQgN8ls5S7tJc0joKP4BwulxwpagXbTOK7W6GDrt_Py0Rua41tKc84ZXM0aA6_LLFcy_wVLPJo89rtpDvfebpdtua0J39f5aVuU0H1MvpMmogdiSjo2IMNrEiKGUKgPPRWlaAAWl-gHxwwJnDEJOb9AcYbNGA:1q8h7t:bzejx2lidTc7TFSESIzhkuO2vxdZ2kd3lp_J-Uq3H2g', '2023-06-26 12:58:29.976737'),
('8qzm3d3sgcgrzqhpobf82edofxjoh0nf', '.eJxVi7sOwiAUht-F2TTcDlBHEx_BmfxwIDRqTWyZjO-uTTro-l1eIqKvLfalPOPE4iicEodfmJCvZd4Mcn70eR12MpzvmG6Xb3Pak7-vYWnblJgKe7LSAQQTRnj2owRppwvnWl21xgadismKwORNZajATFraJN4f9181XQ:1qC8p4:hsLvS6Hcd3GIiZrZUSa24Xuy8BVU4v4pd6NUq368A4I', '2023-07-06 01:09:18.922337'),
('8r6qz6sgpuzawsyhkz3r6zu35wrmnrvc', '.eJxVi0sKwjAQQO-StZTmMzFxKXgE12FmMiFFrdA2K_HuRuhCt-_zUgnbVlNbZUlTVifl1eGXEfJN5q9A5mebt2Enw-WB0_3am_Oe_H0V19onCESQvXUQrBESU9BkEMaAdmTWpEVG4xhQwNnoegzReDrqyEUXr94fzqI0-Q:1q3ZOB:nSUEqG0inm6HI7OdK8AH4aT8kTVXVAmgcg8BA-wtC8c', '2023-06-12 09:42:07.283269'),
('8rcb0qci8owkxf11ataexj5c1si9w72a', '.eJxVi0sKwjAQQO-StZROJs3HpeARXIfpZEKKWsE2K-ndG6EL3b7PR0Wqa4l1kXeckjorrU6_bCS-y_wVxPyq89odpLs-aXrcWnM5kr-v0FLaBJqcNw6yMRRYCA0mzDha471GAQspOAkZ3UC-sT7zYG1GDQGZoFfbDpnwM48:1q6OvI:P8tTyy_DbEKrjBBB-ROA4CucNs5m9xW754i1DZ4HkNk', '2023-06-20 05:08:00.919104'),
('8rxdyci9ly6cem7pqjy9hzbt6kx32bfz', '.eJxVi7sOwiAUht-F2TTcDlBHEx_BmfxwIDRqTWyZjO-uTTro-l1eIqKvLfalPOPE4iicEodfmJCvZd4Mcn70eR12MpzvmG6Xb3Pak7-vYWnblJgKe7LSAQQTRnj2owRppwvnWl21xgadismKwORNZajATFraJN4f9181XQ:1qCFZd:PO2_Nk7HkZtrBjdMLesWINCZm4R3mvvmmsJm7Q7tL7M', '2023-07-06 08:21:49.134168'),
('8t7lczcpku3ebts0u8gwuw2pvb2dar8h', '.eJxVi8sKwjAQRf9l1lImTZo4LoV-QtdhJg9S1AptsxL_3Qhd6O4-znmB57oXX7e0-jnCBfoBTr-jcLil5ftwCM-67N2xdOOD5_vUmOuB_HmFt9IkJQG1pcFxIEWmV4YZrWEkZ-xZNBlNTkR0q4iUcszZWtTELVF08P4Asjc0Jg:1qAlPa:ItF91B_GNoGJDhjN5Xr_GuNjwGnzoTCqQTA3DAVn3gg', '2023-07-02 05:57:18.101499'),
('8toixtp1av7l87fyorhchbdso33rnqzm', '.eJxVi0sKwjAQhu-StRQzpn9bl4JHcB0mMxNa1Aq2WYl3N0IXuv0eLxe5rGMsiz3jpO7o4Ha_LLFcbf4KFnmUeW020pzvPN0utTltyd838jLWqUdmGDFlT0mDgrwE2zOZQBFAOYgKYFWztUktkfadH_IBA7rWvT_ZzTUz:1q9IrC:G6D4W2u69YNd-xdJQ3dEzZ7eE28a_TeJNaa8jOuI4vY', '2023-06-28 05:15:46.817798'),
('8tr09ilf7kxost69nrxe3qlbrghan3qv', '.eJxViz0OwjAMRu_iGVUmTkrMiMQRmCPXcZUKKBJtJsTdCVIH2L6f916QpK4l1cWeacpwBA-7320Qvdr8PUT1Uee125bufJfpdmnMaUP-vCJLaZJjUmEOXvYaW3CBI7G2rnlkjJSDY2_BsmCPB2QyswHJ9y7qiAjvD6KaM_M:1q4lsW:_5Py1lW1wxriiYiQ8q2Q8HwV_Yv25EWiVnXbIQg9f8s', '2023-06-15 17:14:24.947873'),
('8ustj4rximj1n8az3ywm5tq261pno8rc', '.eJxVi70KwjAQgN8ls5Tc5UKio-AjdA53uYQUtYJtJvHdrdBB1-_nZRL3taW-lGea1JwMHs3hFwrna5m_hnN-9HkddjJc7jzdxq0578nf13hp26SxkBDVUIWAo8Pog1iI4hkUFAW9EtkqOYgrDoIjzh5r8eKArZr3B-IHNOg:1qAlEh:9tJNnLZBeJnqlJcG-RpvKGB6CXfoDZnVx3IXZBqECTg', '2023-07-02 05:46:03.394610'),
('8uyz6hxr3jb0y9r6hjs6rwnxdgqhwuob', '.eJxVi8sKwjAQRf8laymZyUgmLgU_oesweZGiVrDNSvz3ptCF7i7nnvNRXtpafVvy209JXRSSOv3CIPGe5_2RGF9tXoeDDLenTI-xO9dD-euqLLVHgBzJpoRImvXZFcMmoGOxAsYRoLYZSoHkBIpmIWHpO0IhShiC-m6zJjRl:1q6Qec:ocLF1M2AXH0XcRJX1dinRPnUVC4Vfp9KKBUyu8Bx_ms', '2023-06-20 06:58:54.393997'),
('8vezr6t8xizkw8yiom621hgpqr2o6nr1', '.eJxVi70OwiAQgN-F2TQHB1dxNPERnMlxQGjUmrRlMr5726SDrt_PRwVuSw1tzlMYkroo3avTL4wsjzzuhkXebVy6g3S3Fw_P-9Zcj-TvqzzXbcrIaBCiYW2ppAQOwHkDDILalrMHgB58iZGMsT5pDeIskSNCZBL1XQGunzMp:1q6EiE:sQ7n3EW_zQTzmMMZG9Jfq7D_W_sCA81F2avOxxP3o6M', '2023-06-19 18:13:50.240443'),
('8vpnzqwnhiwp6pey74xonr7ilv6fk9jl', '.eJxVi0sKwjAQQO-StZROJs3HpeARXIfpZEKKWsE2K-ndG6EL3b7PR0Wqa4l1kXeckjorrU6_bCS-y_wVxPyq89odpLs-aXrcWnM5kr-v0FLaBJqcNw6yMRRYCA0mzDha471GAQspOAkZ3UC-sT7zYG1GDQGZoFfbDpnwM48:1q9gOI:f0dkcCRN4fkPNRYvGwYXQrENHK9puXkTqV-AjiQUcYI', '2023-06-29 06:23:30.085587'),
('8vr8maoa86eq5rvydjs682v2tgzrj8tr', '.eJxVi70KwjAQgN8ls5S7tJc0joKP4BwulxwpagXbTOK7W6GDrt_Py0Rua41tKc84ZXM0aA6_LLFcy_wVLPJo89rtpDvfebpdtua0J39f5aVuU0H1MvpMmogdiSjo2IMNrEiKGUKgPPRWlaAAWl-gHxwwJnDEJOb9AcYbNGA:1q6VOn:B3smFtpTWjFTGgwznGJNVPbIME_HS3aSL05LfTL2nc0', '2023-06-20 12:02:53.877420'),
('8wqwnoozzab7pp0ro3m5gupg6b3ha44h', '.eJxVi7sOwiAUht-F2TTcDlBHEx_BmfxwIDRqTWyZjO-uTTro-l1eIqKvLfalPOPE4iicEodfmJCvZd4Mcn70eR12MpzvmG6Xb3Pak7-vYWnblJgKe7LSAQQTRnj2owRppwvnWl21xgadismKwORNZajATFraJN4f9181XQ:1qC2rx:TkcPedYdjelzKS5eST7zBKuuS-ehWqIcDseWsxp4dYI', '2023-07-05 18:47:53.428283'),
('8xy7gs84ridfn6jfwpc7ivthivikqn9n', '.eJxVi0sKwjAQQO-StZROJs3HpeARXIfpZEKKWsE2K-ndG6EL3b7PR0Wqa4l1kXeckjorrU6_bCS-y_wVxPyq89odpLs-aXrcWnM5kr-v0FLaBJqcNw6yMRRYCA0mzDha471GAQspOAkZ3UC-sT7zYG1GDQGZoFfbDpnwM48:1qBDW1:IDPCQbGLtA3gkjJdfYH2nUnnlkRBZSyTaW67Sh0EJhc', '2023-07-03 11:57:49.783224'),
('8y14e7mer2vgp89i30veb7msq8iarx4q', '.eJxVi0sKwjAQQO-StZROJs3HpeARXIfpZEKKWsE2K-ndG6EL3b7PR0Wqa4l1kXeckjorrU6_bCS-y_wVxPyq89odpLs-aXrcWnM5kr-v0FLaBJqcNw6yMRRYCA0mzDha471GAQspOAkZ3UC-sT7zYG1GDQGZoFfbDpnwM48:1qAY7S:SRMhuzOXguNg-1_zqHqWZgMe0F_IHUjQIeNbeGLyLI0', '2023-07-01 15:45:42.465647'),
('8y3ob3t2afel7sd22o97cx11b17ctfhr', '.eJxVi70OwiAQgN-F2TQHB1dxNPERnMlxQGjUmrRlMr5726SDrt_PRwVuSw1tzlMYkroo3avTL4wsjzzuhkXebVy6g3S3Fw_P-9Zcj-TvqzzXbcrIaBCiYW2ppAQOwHkDDILalrMHgB58iZGMsT5pDeIskSNCZBL1XQGunzMp:1q6Ekj:dz3_atZt19OMcMDlJzqJ4Q8-gCbP-u-cy9_o1pGhUAg', '2023-06-19 18:16:25.870694'),
('8yo9lkzof7oaymqtpn9ud1i2jwurlgyt', '.eJxVi70KwjAQgN_lZilJc7kLjoKP4BwuyYUUtYJtJvHdrdBB1-_nBVH62mJf9BmnAkdgOPyyJPmq81dIzo8-r8NOhvNdpttla0578vc1Wdo2qXdV1fOoaDyyY0y1JGvElsQkjBoseUfBKYY6JipIEmp2hgVz9fD-ALeQNH4:1q7UQU:9T6ES7gw4hk4MJpNbjaL173uIwkb21lTT3xMICElIUk', '2023-06-23 05:12:42.050023'),
('8z2ii2vfcs8ixjmg29m36mu00hgzwzy9', '.eJxVi8sKwjAUBf8laylpcpM2LgU_wXW4r5KiVrDNSvx3I3ShZzkz52Uy1q3kuuozz2KOpk_m8AsJ-arL1yDzoy5bt5PufMf5dmnNaU_-fgXX0k4ORj8msMKMoOQj9wTOk5NIoY2cnyCoDaoy2eAHELIuNjtIshrN-wPTsTSc:1q9m82:vzCU2r4JZyolrQPaHYSKr5Mq-Sj2rJxNuyuAjbqMZVc', '2023-06-29 12:31:06.111059'),
('8z42zwezho4sr6ofee74cayf8aeg63mn', '.eJxVi0sKwjAQhu-StRQmdSZTl4JHcB3-jAkpagXbrMS7W6EL3X6Pl4toS41tzs84XtzBsbrdL0ywa56-BmaPNi3dRrrTHePtvDbHLfn7Kua6TgoEEbCwkPTMVHhPgYIqpaIC6cEpJB18YEIy8Z6pLwU2WCHJ7v0BrRcz-A:1qBtYY:zMTgBy448od2eEGNICcnOHoY3Dw8URPR3FYoOlq7txE', '2023-07-05 08:51:14.204423'),
('91lelb46awbsckzaedhsscxbgh915sxb', '.eJxVi0EKwjAQRe-StZR0bJgZl4JH6DpMMhNS1Aq2XYl3N0IXuvu8_97LRdnWGrfFnnFSd3I9u8MvTJKvNn8fyfmxzWu3k-5yl-k2Nue8K39dlaW2KJSBPBc0IcZiKWghNgUJ4HM6DpQECbVtEKIivQVgr5hYgQjQvT_4kTUq:1q8csT:XyGMXugYi-XKjZ8yizvvafHMnhljgsBAzgzFSVNchIA', '2023-06-26 08:26:17.608764'),
('928049pi4id4z65xlqsr6vnp5umxjmj7', '.eJxVjDEOwjAMRe-SGVUJrZ2EEYkjdI5sx1EqoEi0mRB3h0odYH3_vf8yidpaU1v0maZsTgbN4ZcxyVXnbSCRR5vXbifd5U7Tbfw651356yotdXtj54HAW4EwlHBUEc4xOwdBFIsEQEfIPTBL7FkQbCRvIwBp8YDm_QHBRjS0:1q7Ize:HNxSyZYl_rh7VMSeV-VRjMpuNLSBNqi3xI_k2WzsTro', '2023-06-22 17:00:14.562471'),
('93cik8s8t2mwgy9nytsjrruoszaupii9', '.eJxVi0kKwjAUQO-StRS_yc_gUvAIrsMfElLUCrZZiXe3Qhe6fcPLZOpLy30uzzyqORpndr-MSa5l-goSefRpGTYynO803i5rc9qSv6_R3Nap-pCYAjgNKSQEVlCPHjHEKMqJWRUOlRCdqCaLNqLsAahGtIW8eX8AtgA0ig:1qA5O8:D25FK4YGhXjtk4JqZ2PK4I8zBwHH-DiUD3afiE1bvak', '2023-06-30 09:05:00.815585'),
('93fnyg326nmzob5qn8gh13caa9gy305p', '.eJxVjDEOwjAMRe-SGVUusaOUEYkjdI4c21UqoEi0mRB3h0od2vX99_7HJa5LSXW2dxrVXVxwpz3LLHeb1oFFXnVamo00tyePj_7vXDfl0BWey_rmMWbtiEigJUBlr0DEEXLwkAc6IzFKDkPLJgGgsyiIaqpkoOC-P6JnNIg:1q6QJO:PHTfqFGmU3TMs3GmcSb-ef4z6pEg6OzCB6b4k7u87BM', '2023-06-20 06:36:58.719066'),
('94hmqytpjebfjb2fofq3l8g9vosmscxy', '.eJxVi70KwjAQgN_lZilJc7kLjoKP4BwuyYUUtYJtJvHdrdBB1-_nBVH62mJf9BmnAkdgOPyyJPmq81dIzo8-r8NOhvNdpttla0578vc1Wdo2qXdV1fOoaDyyY0y1JGvElsQkjBoseUfBKYY6JipIEmp2hgVz9fD-ALeQNH4:1qBeUu:kMH_VgeqIfrlDRLBcQVpxwlNxDRFP8LLZRgfHcfF1sE', '2023-07-04 16:46:28.074203'),
('94qtqjayopy0quuy51bnmb3gwqp5zafq', '.eJxVi70KwjAQgN8ls5Tc5UKio-AjdA53uYQUtYJtJvHdrdBB1-_nZRL3taW-lGea1JwMHs3hFwrna5m_hnN-9HkddjJc7jzdxq0578nf13hp26SxkBDVUIWAo8Pog1iI4hkUFAW9EtkqOYgrDoIjzh5r8eKArZr3B-IHNOg:1qBqUf:P_C_JAmShZJR-elD1DmhxD-9Av9nhzdYXRDUhmB8svM', '2023-07-05 05:35:01.058058'),
('95snnf8jovmte5a78ykotw35mzi67nm4', '.eJxVi0EKwjAQRe-StRSSdCaJS8EjuA6TmYQUtYJtVtK7N0IXuvrw_nsfFamtNbYlv-Mk6qw0qNMvTMT3PH8fYn61eR0OMlyfND1u3bkcyl9Xaak98hwQTMk69_HWidhgUFJmb4PzY0pcWIwQmYJhRKCktUEIBICOndp24bM0wQ:1qA50n:mrbIbCKRCnwngvfORGmW_0FtpMSB0yVwZJkxcYIn3ug', '2023-06-30 08:40:53.971181'),
('95xjnqzcyta8vzhy9ndol6cmj7jr47eh', '.eJxVi0EOwiAQRe_C2jRQKMO4NPEIrskwDKFRa2LLynh3MelCl__9914qUttqbKs845zVUY2oDr8wEV9l-T7E_GjLNuxkON9pvl26c9qVv67SWnuUJ-s0ueCT0wBIKCkICHBf1he2drJJyHFxhgG0wUIew4iM2Rcx6v0B0Ik0lw:1qA2Tm:fP44YZ0TblOgHhdMPV3aqJ7caHGRQmE-T7k8a0jiYI0', '2023-06-30 05:58:38.614883'),
('964385n3ej408f20p80detgx1qf4m04a', '.eJxVjDEOwjAMRe-SGVUusaOUEYkjdI4c21UqoEi0mRB3h0od2vX99_7HJa5LSXW2dxrVXVxwpz3LLHeb1oFFXnVamo00tyePj_7vXDfl0BWey_rmMWbtiEigJUBlr0DEEXLwkAc6IzFKDkPLJgGgsyiIaqpkoOC-P6JnNIg:1q4FnR:qtL3tzb9wwunInNI-PNNVEBM6Mml1pAOUnaV4rq73Wc', '2023-06-14 06:59:01.850388'),
('964dpthvek02cl41kxj14as2le9p1ejn', '.eJxVi8sKwjAUBf8laylpcpM2LgU_wXW4r5KiVrDNSvx3I3ShZzkz52Uy1q3kuuozz2KOpk_m8AsJ-arL1yDzoy5bt5PufMf5dmnNaU_-fgXX0k4ORj8msMKMoOQj9wTOk5NIoY2cnyCoDaoy2eAHELIuNjtIshrN-wPTsTSc:1qAXqe:k8BnUesUeZmLHUT6WG6_Id2E5Kg3b8w_ZxFXheln7KY', '2023-07-01 15:28:20.756631'),
('972pan4cjaj1qz9wae0hu92c9gi55lp7', '.eJxVi70OwiAQgN-F2TQHB1dxNPERnMlxQGjUmrRlMr5726SDrt_PRwVuSw1tzlMYkroo3avTL4wsjzzuhkXebVy6g3S3Fw_P-9Zcj-TvqzzXbcrIaBCiYW2ppAQOwHkDDILalrMHgB58iZGMsT5pDeIskSNCZBL1XQGunzMp:1q8dtO:gJ2Fr8cywQ6k_eTGneRaCXUpHRjWyCmfLHwpqu3JiDc', '2023-06-26 09:31:18.936548'),
('975tbdly0diej8qrdf4d9gn5laa52khf', '.eJxVi0kKwjAUQO-StRS_yc_gUvAIrsMfElLUCrZZiXe3Qhe6fcPLZOpLy30uzzyqORpndr-MSa5l-goSefRpGTYynO803i5rc9qSv6_R3Nap-pCYAjgNKSQEVlCPHjHEKMqJWRUOlRCdqCaLNqLsAahGtIW8eX8AtgA0ig:1qAmFd:LIJylQKo_tsQbEtOuBJwiDGqTQk0hLueLuExvK7Fl7k', '2023-07-02 06:51:05.443981'),
('97tnkcevwsx1yuws90qe34h3k2s54f6s', '.eJxVi0sKwjAQQO-StZROJs3HpeARXIfpZEKKWsE2K-ndG6EL3b7PR0Wqa4l1kXeckjorrU6_bCS-y_wVxPyq89odpLs-aXrcWnM5kr-v0FLaBJqcNw6yMRRYCA0mzDha471GAQspOAkZ3UC-sT7zYG1GDQGZoFfbDpnwM48:1qBIuL:Byt0O6AxUz177pJaIZ_qInHeqHOuyC-pmqa3IIXSsH8', '2023-07-03 17:43:17.746184'),
('98bbkz3bnmvsn6khbq89bz1jomjoa4q7', '.eJxVi0EOwiAQRe_C2jRQKMO4NPEIrskwDKFRa2LLynh3MelCl__9914qUttqbKs845zVUY2oDr8wEV9l-T7E_GjLNuxkON9pvl26c9qVv67SWnuUJ-s0ueCT0wBIKCkICHBf1he2drJJyHFxhgG0wUIew4iM2Rcx6v0B0Ik0lw:1q8eNs:tEfBotGNQZ9SFJOqb9AnC5G1qYRMQDNoY7yuYicIWls', '2023-06-26 10:02:48.597117'),
('98v9itkjg8mi7d7pyabaiuwlfimuuvzi', '.eJxVi0sKwjAQQO-StZROJs3HpeARXIfpZEKKWsE2K-ndG6EL3b7PR0Wqa4l1kXeckjorrU6_bCS-y_wVxPyq89odpLs-aXrcWnM5kr-v0FLaBJqcNw6yMRRYCA0mzDha471GAQspOAkZ3UC-sT7zYG1GDQGZoFfbDpnwM48:1qBss4:FNRJ0tGRhjspC3woqe0St-7A2tHTJS7yeXbVmxksPL8', '2023-07-05 08:07:20.133126'),
('9b5uewz210yy1nvsv5a67as01x3mqweg', '.eJxVi0sKwjAQQO-StZROJs3HpeARXIfpZEKKWsE2K-ndG6EL3b7PR0Wqa4l1kXeckjorrU6_bCS-y_wVxPyq89odpLs-aXrcWnM5kr-v0FLaBJqcNw6yMRRYCA0mzDha471GAQspOAkZ3UC-sT7zYG1GDQGZoFfbDpnwM48:1qBx1M:kACeavY4ufah_u7wvyksEFiEZww7WdS5abfg5ynxvIk', '2023-07-05 12:33:12.909826'),
('9bfceogrjuz3q66zo1hq1vavpsqgc9q2', '.eJxVi0sOgjAQhu_StSF9URiXJh7BdfN3mKZExQToynh3MGGh2-_xVhF1LbEuMsdxUGdlenX6hQl8l-lrwPyq09ocpLk-MT5ue3M5kr-vYCn7lKEz28w6WbjE4nNwnQ4CQrDwNmiNTmhwgYSkNQznjLckvSfK8OqzAf6SNQI:1q3aze:GzDPj08NY_MRVIoTBLYZ8dO94JDb1WdAWRqXpyvrxU4', '2023-06-12 11:24:54.963198'),
('9c5mejuxdz60eauecnt2amujndm1czgl', '.eJxVi70KwjAQgN8ls5Tc5UKio-AjdA53uYQUtYJtJvHdrdBB1-_nZRL3taW-lGea1JwMHs3hFwrna5m_hnN-9HkddjJc7jzdxq0578nf13hp26SxkBDVUIWAo8Pog1iI4hkUFAW9EtkqOYgrDoIjzh5r8eKArZr3B-IHNOg:1qBBKP:2Pu1KjVSTJQV_B4dafzSwMElyj6IhuTD84EKp1QvNfc', '2023-07-03 09:37:41.393242'),
('9couxki5e62hgd5u0je1hujgy0t8zp2m', '.eJxVi0sKwjAQQO8yaylO_nEpeATXYTKTkKJWaJuVeHcrdKHb93lBor621Jcyp1HgBBjh8Asz8a1MX0PMzz6tw06Gy4PG-3Vrznvy9zVa2jZZIW8z-hKMZg7CupairBOvxCEGpWKkesRQ0ZB3JmbUujrMpMiJFXh_AOCeNKk:1q6rxv:pRlhjJCEKsMtaDaLqgtwj8Rx-Fc0JHcu0BG8tRvis5o', '2023-06-21 12:08:39.186738'),
('9cty9dd3mrt406qfy8p6v7q6qsjcncc8', '.eJxVi0sKwjAQhu-StRQzpn9bl4JHcB0mMxNa1Aq2WYl3N0IXuv0eLxe5rGMsiz3jpO7o4Ha_LLFcbf4KFnmUeW020pzvPN0utTltyd838jLWqUdmGDFlT0mDgrwE2zOZQBFAOYgKYFWztUktkfadH_IBA7rWvT_ZzTUz:1q9EhT:hClMN1QVdD1adjbP68-AiqffXwfo-YoO-TvKZruXeSE', '2023-06-28 00:49:27.367593'),
('9cw9kcuwxoqotu9e0j0zpzip8euywcoj', '.eJxVi0sKwjAQQO-StZROJs3HpeARXIfpZEKKWsE2K-ndG6EL3b7PR0Wqa4l1kXeckjorrU6_bCS-y_wVxPyq89odpLs-aXrcWnM5kr-v0FLaBJqcNw6yMRRYCA0mzDha471GAQspOAkZ3UC-sT7zYG1GDQGZoFfbDpnwM48:1qBwL1:lUTeKF0YVaD2jvTIW8NaUJrwtD0bmVGa3onObXBi4fQ', '2023-07-05 11:49:27.311201'),
('9d06c45qicxqs9ri32wy30980kxliak6', '.eJxVi70KwjAQgN8ls5S7tJc0joKP4BwulxwpagXbTOK7W6GDrt_Py0Rua41tKc84ZXM0aA6_LLFcy_wVLPJo89rtpDvfebpdtua0J39f5aVuU0H1MvpMmogdiSjo2IMNrEiKGUKgPPRWlaAAWl-gHxwwJnDEJOb9AcYbNGA:1qBeED:c_5qys4OezITDAUvMV7z8huvz3F9ITvwsxGrkGuOUTA', '2023-07-04 16:29:13.081678'),
('9dku4ihcll4m0867zjnremny5oq6ae8b', '.eJxVi70KwjAQgN8ls5S7tJc0joKP4BwulxwpagXbTOK7W6GDrt_Py0Rua41tKc84ZXM0aA6_LLFcy_wVLPJo89rtpDvfebpdtua0J39f5aVuU0H1MvpMmogdiSjo2IMNrEiKGUKgPPRWlaAAWl-gHxwwJnDEJOb9AcYbNGA:1qC3Im:bqYbg2vFeYMHFNZTD0cdRgeHh7J8Qw2t4_cI_sSBsbs', '2023-07-05 19:15:36.893779'),
('9drkhm6fxa6sdbie2sjehrgi7cx66jb1', '.eJxVi0sKwjAQQO-StZROJs3HpeARXIfpZEKKWsE2K-ndG6EL3b7PR0Wqa4l1kXeckjorrU6_bCS-y_wVxPyq89odpLs-aXrcWnM5kr-v0FLaBJqcNw6yMRRYCA0mzDha471GAQspOAkZ3UC-sT7zYG1GDQGZoFfbDpnwM48:1qA4hF:KNhpHHh2qbrJ9IKwQyfvnP2gilcjls3NJ9EnZ28h-kE', '2023-06-30 08:20:41.391104'),
('9euasw3qfq69hfsmogrsnquiiyov9el1', '.eJxVi0sKwjAQQO-StZROJs3HpeARXIfpZEKKWsE2K-ndG6EL3b7PR0Wqa4l1kXeckjorrU6_bCS-y_wVxPyq89odpLs-aXrcWnM5kr-v0FLaBJqcNw6yMRRYCA0mzDha471GAQspOAkZ3UC-sT7zYG1GDQGZoFfbDpnwM48:1q6sC2:0pzkF2RBpuCOJ-h8k5mo_MMpJyqG2UfIlD8TudH7FkU', '2023-06-21 12:23:14.235046'),
('9ew65muxp0nmxalz9ltium2oo6t61zfb', '.eJxVi70KwjAQgN8ls5S7tJc0joKP4BwulxwpagXbTOK7W6GDrt_Py0Rua41tKc84ZXM0aA6_LLFcy_wVLPJo89rtpDvfebpdtua0J39f5aVuU0H1MvpMmogdiSjo2IMNrEiKGUKgPPRWlaAAWl-gHxwwJnDEJOb9AcYbNGA:1qAPPE:L2rBlm9EhSCjevctlSjunbvcmJ2bjOffMHOMVvjA-xA', '2023-07-01 06:27:28.420526'),
('9f1gulv4jhx1sx54x79tkrinpia0s8kh', '.eJxVi8sKwjAQRf9l1lImTZo4LoV-QtdhJg9S1AptsxL_3Qhd6O4-znmB57oXX7e0-jnCBfoBTr-jcLil5ftwCM-67N2xdOOD5_vUmOuB_HmFt9IkJQG1pcFxIEWmV4YZrWEkZ-xZNBlNTkR0q4iUcszZWtTELVF08P4Asjc0Jg:1qBeUF:18C6YosaawySrN8jRL1Y2zXP9JM3y8jnqelnVgfeSvs', '2023-07-04 16:45:47.973036'),
('9fokfmcrebyn4530p91lmmk9x7euxfc8', '.eJxVi70KwjAQgN8ls5S7tJc0joKP4BwulxwpagXbTOK7W6GDrt_Py0Rua41tKc84ZXM0aA6_LLFcy_wVLPJo89rtpDvfebpdtua0J39f5aVuU0H1MvpMmogdiSjo2IMNrEiKGUKgPPRWlaAAWl-gHxwwJnDEJOb9AcYbNGA:1q3vsU:2QNkkvFoWtYH-F8Iztu-4rP5pocgKK_xTtMq8MedgLg', '2023-06-13 09:42:54.153953'),
('9j0u7dxxebbjnywm9wub0mjnq9odbjau', '.eJxVi70KwjAQgN8ls5S7tJc0joKP4BwulxwpagXbTOK7W6GDrt_Py0Rua41tKc84ZXM0aA6_LLFcy_wVLPJo89rtpDvfebpdtua0J39f5aVuU0H1MvpMmogdiSjo2IMNrEiKGUKgPPRWlaAAWl-gHxwwJnDEJOb9AcYbNGA:1q5iVT:1kc5sXEmUU0XyiVflEhZ57FwP9F5DtPqiCQ37MC5XiU', '2023-06-18 07:50:31.554360'),
('9j2nxgld5lhi1k5a8w67a2g40uripe1b', '.eJxVi0sKwjAQQO-StZRk8pnWpeARXIeZSUKKWsE2K_HuRuhCt-_zUpHaVmNb8zPOSR2VNerwC5nkmpevIZFHW7ZhJ8P5TvPt0pvTnvx9ldbaJ-2yTGidjAWhOAwjs4UAqRjMKKP3hF2G5HjiJAW8AcNWa2CPQl69P9B9NHY:1q7Bmk:cjyYvogvdzV-NTntwkq77B3LUh3mw_0Qov_JR_joagk', '2023-06-22 09:18:26.218474'),
('9jrbbbmbt6io0pi039nboxsuwo9rbqgh', '.eJxVi70OwiAQgN-F2TQHB1dxNPERnMlxQGjUmrRlMr5726SDrt_PRwVuSw1tzlMYkroo3avTL4wsjzzuhkXebVy6g3S3Fw_P-9Zcj-TvqzzXbcrIaBCiYW2ppAQOwHkDDILalrMHgB58iZGMsT5pDeIskSNCZBL1XQGunzMp:1qBx2c:jBxpjn7exGs2NxHadKhrihpIpCWnzRp0_XMf2ksfzCo', '2023-07-05 12:34:30.771014'),
('9jspgugh434acnadyiwubvq5lpdyauya', '.eJxVizsOwjAMQO-SGVXOx4UwInEE5sh2HKUCikSbCXF3gtQB1vd5mURtrakt-kxTNkezd2b3C5nkqvPXkMijzeuwkeF8p-l26c1pS_6-SkvtU-DiHUcFDjiC54MPBRiR1UaHObNi6UggWnJCmh0CjEwhRJuxoHl_AOMPNO0:1qC2PC:kpk6akWzNz8m22AGBouanHUW5Jlv8jxvGKxSaEMHPDM', '2023-07-05 18:18:10.918345'),
('9kwugv7r0zsw2z0dt7uwzs6vy5ztcdbr', '.eJxVi0sKwjAQQO-StZROJs3HpeARXIfpZEKKWsE2K-ndG6EL3b7PR0Wqa4l1kXeckjorrU6_bCS-y_wVxPyq89odpLs-aXrcWnM5kr-v0FLaBJqcNw6yMRRYCA0mzDha471GAQspOAkZ3UC-sT7zYG1GDQGZoFfbDpnwM48:1qAXL5:vL5MqwiAuTpz30AGy6T4-fmEwjmTWEJqhI4pogJAF-o', '2023-07-01 14:55:43.918357'),
('9lfa72desl1icbhq8gnceifhf35k2rhh', '.eJxVi0sKwjAQQO-StZROJs3HpeARXIfpZEKKWsE2K-ndG6EL3b7PR0Wqa4l1kXeckjorrU6_bCS-y_wVxPyq89odpLs-aXrcWnM5kr-v0FLaBJqcNw6yMRRYCA0mzDha471GAQspOAkZ3UC-sT7zYG1GDQGZoFfbDpnwM48:1qAXKl:00g-Os25vQIsEe5UCwVhbGL7ATEIp-ZRowo-6Jm7eVU', '2023-07-01 14:55:23.509593'),
('9m2p8k2qkxg0enn6u9v4w4tk73nw2fud', '.eJxVi70KwjAQgN_lZilJc7kLjoKP4BwuyYUUtYJtJvHdrdBB1-_nBVH62mJf9BmnAkdgOPyyJPmq81dIzo8-r8NOhvNdpttla0578vc1Wdo2qXdV1fOoaDyyY0y1JGvElsQkjBoseUfBKYY6JipIEmp2hgVz9fD-ALeQNH4:1q8etA:0wEHLikFZ8_s6EaNWqBIuXrHJYcvSTeYbYXvvNtG0h4', '2023-06-26 10:35:08.252603'),
('9mxpgdpol42mg6bj07wcsbkwf8huyj76', '.eJxVi70KwjAQgN8ls5Tc5UKio-AjdA53uYQUtYJtJvHdrdBB1-_nZRL3taW-lGea1JwMHs3hFwrna5m_hnN-9HkddjJc7jzdxq0578nf13hp26SxkBDVUIWAo8Pog1iI4hkUFAW9EtkqOYgrDoIjzh5r8eKArZr3B-IHNOg:1qBeR8:_TlEjV-lTavLdFbk5D7aQy9ex7TWT4eahG9W0D1KQ7U', '2023-07-04 16:42:34.315380'),
('9nyu0y64c09bv492gpqfz149anntt18f', '.eJxVi0sKwjAQhu-StRQzpn9bl4JHcB0mMxNa1Aq2WYl3N0IXuv0eLxe5rGMsiz3jpO7o4Ha_LLFcbf4KFnmUeW020pzvPN0utTltyd838jLWqUdmGDFlT0mDgrwE2zOZQBFAOYgKYFWztUktkfadH_IBA7rWvT_ZzTUz:1q9PVB:Ld2nbP3wqzWJdcUBO6ABgtT9WZPLBu_v81qOn3U2jfE', '2023-06-28 12:21:29.405002'),
('9o8mcza3msmsy3aex6p94dzq7iegxtxu', '.eJxVi70KwjAQgN8ls5TcpTlyjoKP4ByuyYUUtYJtJvHdjdBB1-_nZaK0rca26jPO2RwNenP4hZOkqy5fIyk92rINOxnOd5lvl96c9uTvq7LWPtGkpIWZbUgcAChDKjlIQVVHXjOQG4msx2IDI6L1MHZYPATK1pn3B9XLM8Y:1q7WaU:YovTlq7uEtd8O_OnjVuJTc_OtFxiZftxMNH3mGK12ww', '2023-06-23 07:31:10.876797'),
('9ojt6cvlwjwziwffvfi0panc6c7zf7a3', '.eJxVi8sKwjAQRf8laymTVzN1KfgJXYd0MkOKWsE2q-K_G6EL3V3OPWdXMdWtxLryK85ZnZUBdfqFU6IbL98nET3rsnUH6a6PNN_H5lwO5a8raS0tygYYyJKAgAYMlskJtoE-EA5CoYfM7IQ5k_NZJmQ7oHXGa-pJq_cH5QI1EQ:1q3aba:7lY-Kw1LYFm9KsuAYrZQdTlH_Xvxte7BBIwrYJ7TOJw', '2023-06-12 11:00:02.862801'),
('9p0ncqwwkqzgkw8jvtbxkgd78rim5t25', '.eJxVi70KwjAQgN8ls5S7tJc0joKP4BwulxwpagXbTOK7W6GDrt_Py0Rua41tKc84ZXM0aA6_LLFcy_wVLPJo89rtpDvfebpdtua0J39f5aVuU0H1MvpMmogdiSjo2IMNrEiKGUKgPPRWlaAAWl-gHxwwJnDEJOb9AcYbNGA:1qC0zF:12ya8akCJ7Z4siQ0Y0PKb2tyZfVyg6CqcdlUL1lCvNo', '2023-07-05 16:47:17.200310'),
('9pjh1r7xvfx5h7scyw9f33mfiefn2ehh', '.eJxVi8sKwjAUBf8laylpcpM2LgU_wXW4r5KiVrDNSvx3I3ShZzkz52Uy1q3kuuozz2KOpk_m8AsJ-arL1yDzoy5bt5PufMf5dmnNaU_-fgXX0k4ORj8msMKMoOQj9wTOk5NIoY2cnyCoDaoy2eAHELIuNjtIshrN-wPTsTSc:1qAY6a:EPI093fvgOYM4mMn1mI8X2BO2jGMpbNiomenOOeKNAg', '2023-07-01 15:44:48.247600'),
('9q27zjxovljm7phnswy4ckjpq49deuhx', '.eJxVi0sKwjAQQO-StZROJs3HpeARXIfpZEKKWsE2K-ndG6EL3b7PR0Wqa4l1kXeckjorrU6_bCS-y_wVxPyq89odpLs-aXrcWnM5kr-v0FLaBJqcNw6yMRRYCA0mzDha471GAQspOAkZ3UC-sT7zYG1GDQGZoFfbDpnwM48:1qBJXU:MtDQNy7CJB7_cCJCdDUU0Zn0zI_4V0EEs5EmciiF4qU', '2023-07-03 18:23:44.833601'),
('9q62f3nwiu9ghw0lvrgtxnbulcsuvxhc', '.eJxVi70KwjAQgN_lZilJc7kLjoKP4BwuyYUUtYJtJvHdrdBB1-_nBVH62mJf9BmnAkdgOPyyJPmq81dIzo8-r8NOhvNdpttla0578vc1Wdo2qXdV1fOoaDyyY0y1JGvElsQkjBoseUfBKYY6JipIEmp2hgVz9fD-ALeQNH4:1qA9Iq:JzkE5Nw_7jyBiYliLakzfn0BSDiRGES2tAyKCOVyPj0', '2023-06-30 13:15:48.959809'),
('9qsdft2egr5l0hu2fta4epo9wjmqmekg', '.eJxVi70KwjAQgN8ls5S7tJc0joKP4BwulxwpagXbTOK7W6GDrt_Py0Rua41tKc84ZXM0aA6_LLFcy_wVLPJo89rtpDvfebpdtua0J39f5aVuU0H1MvpMmogdiSjo2IMNrEiKGUKgPPRWlaAAWl-gHxwwJnDEJOb9AcYbNGA:1q6ru3:22lFqFEmLWOxrozGcZXMOL_CMuSIVK2GxpugpHXbGLQ', '2023-06-21 12:04:39.224001'),
('9s87n76nxku5rfevxjpe26a3e5ub94hp', '.eJxVi70KwjAQgN8ls5S7tJc0joKP4BwulxwpagXbTOK7W6GDrt_Py0Rua41tKc84ZXM0aA6_LLFcy_wVLPJo89rtpDvfebpdtua0J39f5aVuU0H1MvpMmogdiSjo2IMNrEiKGUKgPPRWlaAAWl-gHxwwJnDEJOb9AcYbNGA:1q9EnS:lygzfXbdXN51mEqK-W7lEwv7f06TUJD67BGPL8wnxF4', '2023-06-28 00:55:38.090798'),
('9t0e4snxjehuk97pq60siy1rh60ysm2k', '.eJxVi70OwiAQgN-F2TQHB1dxNPERnMlxQGjUmrRlMr5726SDrt_PRwVuSw1tzlMYkroo3avTL4wsjzzuhkXebVy6g3S3Fw_P-9Zcj-TvqzzXbcrIaBCiYW2ppAQOwHkDDILalrMHgB58iZGMsT5pDeIskSNCZBL1XQGunzMp:1qAYIR:JExm079W1dWTRLPRIdRwF668i-OPyrdMaQcaHyZ5Si4', '2023-07-01 15:57:03.742982'),
('9tsoc3fns6rf4bm411m297v0gpk67xk2', '.eJxVi80KwjAMgN-lZxkr2drEo-AjeC5pk9ChTnDrSXx3J-yg1-_n5RK3taa26DNN4o5ucIdflrlcdf4KLuXR5rXbSXe-83S7bM1pT_6-ykvdJvQgvRgjBEHJijJYAFP1vrBRBAwDZQ5jVjIAQymgPSHGkTUSufcH2uU1NQ:1q9And:iswzAjYfnTLO9JCJ5hFmuKf8CP6PSmb3z4f4ZY8647s', '2023-06-27 20:39:33.268081'),
('9tvfsgxjgz5s2byi5dqmcy5hm3wrp1w0', '.eJxVi70KwjAQgN8ls5S7tJc0joKP4BwulxwpagXbTOK7W6GDrt_Py0Rua41tKc84ZXM0aA6_LLFcy_wVLPJo89rtpDvfebpdtua0J39f5aVuU0H1MvpMmogdiSjo2IMNrEiKGUKgPPRWlaAAWl-gHxwwJnDEJOb9AcYbNGA:1q6s6g:b94opLRl0pkcf9SKeeeBoXh_SAtaiQCGp3pFXXEQHy8', '2023-06-21 12:17:42.257631'),
('9tvys3v37qgnwhpeo4r70xz9m4b4tuk7', '.eJxVi70KwjAQgN_lZilJc7kLjoKP4BwuyYUUtYJtJvHdrdBB1-_nBVH62mJf9BmnAkdgOPyyJPmq81dIzo8-r8NOhvNdpttla0578vc1Wdo2qXdV1fOoaDyyY0y1JGvElsQkjBoseUfBKYY6JipIEmp2hgVz9fD-ALeQNH4:1q7Wng:onxlyjnpEfGHeblmRuPhSUMHBMiBpDBGq5S7mh3U_Kk', '2023-06-23 07:44:48.072584'),
('9wjrfpe8ypociw98uix714jc1wp9trxc', '.eJxVi70OwiAQgN-F2TQHB1dxNPERnMlxQGjUmrRlMr5726SDrt_PRwVuSw1tzlMYkroo3avTL4wsjzzuhkXebVy6g3S3Fw_P-9Zcj-TvqzzXbcrIaBCiYW2ppAQOwHkDDILalrMHgB58iZGMsT5pDeIskSNCZBL1XQGunzMp:1q7X6D:UGBVAi9FCuztybvGgBuP0YOqqfRkceJNDkdFEtCMAs0', '2023-06-23 08:03:57.535874'),
('9zaa6v52kx7214i65e2146ianybv62fp', '.eJxVi70KwjAQgN8ls5S7tJc0joKP4BwulxwpagXbTOK7W6GDrt_Py0Rua41tKc84ZXM0aA6_LLFcy_wVLPJo89rtpDvfebpdtua0J39f5aVuU0H1MvpMmogdiSjo2IMNrEiKGUKgPPRWlaAAWl-gHxwwJnDEJOb9AcYbNGA:1q8clp:fGh9DGKA1LwJhjibXgEgjXX7GLGMshIXoit7U8_vEpA', '2023-06-26 08:19:25.274539'),
('a0pn01becqp4t62ola1emteapudrt7sp', '.eJxVi70KwjAQgN8ls5S7tJc0joKP4BwulxwpagXbTOK7W6GDrt_Py0Rua41tKc84ZXM0aA6_LLFcy_wVLPJo89rtpDvfebpdtua0J39f5aVuU0H1MvpMmogdiSjo2IMNrEiKGUKgPPRWlaAAWl-gHxwwJnDEJOb9AcYbNGA:1q6lX6:b-i7Hkfy6YiaoKBNQ7qZYiFCgk6GpIgiRTpBZh1fkdY', '2023-06-21 05:16:32.479618'),
('a0uqlkah9f2mwsh01aqgvf95ac5okx00', '.eJxVi0sKwjAQQO-StZRM_nEpeATXYWY6IUWtYJuVeHcrdKHb93mpgn1tpS_yLNOojipodfiFhHyV-WuQ-dHnddjJcL7jdLtszWlP_r6GS9umGsEKWwMCKRICeck6ENkEWEfUFBNXDC64DKGCYeNtTl47MToZBvX-AN0dNDM:1qC0Pj:WcqDoyQ_rppllndevwmAXVDsUxCmYMr1zG6-4VMcQ9I', '2023-07-05 16:10:35.894754'),
('a2ect7y9h5461s1yojzqzdeclpch8cgv', '.eJxVi0EKwjAQRe-StZRMmkxSl4JHcB0mkwkpagXbrMS7G6ELXX14_72XitS2GtsqzzhndVRo1OEXJuKrLN-HmB9t2YadDOc7zbdLd0678tdVWmuPtACA01MoTkYxbhpTloTFcvHAjJitDim5jH0IMrI2oCV4KsWz9er9Ad0LNQA:1qC19z:My2Xwf434T0MJUrqmEZEAzVzMVjjDOu-jVn-jpbWF2Q', '2023-07-05 16:58:23.196242'),
('a38zlfi1mwmdqo8a6fbhhx1hup1hnh2h', '.eJxVi70KwjAQgN_lZilJc7kLjoKP4BwuyYUUtYJtJvHdrdBB1-_nBVH62mJf9BmnAkdgOPyyJPmq81dIzo8-r8NOhvNdpttla0578vc1Wdo2qXdV1fOoaDyyY0y1JGvElsQkjBoseUfBKYY6JipIEmp2hgVz9fD-ALeQNH4:1qAQpU:UzbL7A7HIqtDHOwEWxjCTrEJChpW6nZcsh0_jFFGkEc', '2023-07-01 07:58:40.203522'),
('a4ywvvm189i2otth7jngas5heerh5rao', '.eJxVi70KwjAQgN8ls5S7tJc0joKP4BwulxwpagXbTOK7W6GDrt_Py0Rua41tKc84ZXM0aA6_LLFcy_wVLPJo89rtpDvfebpdtua0J39f5aVuU0H1MvpMmogdiSjo2IMNrEiKGUKgPPRWlaAAWl-gHxwwJnDEJOb9AcYbNGA:1qAlGg:32PMw8OP5g8LDM4ovm5d-BbUIoonS9jTg-nFoXLpngo', '2023-07-02 05:48:06.986288'),
('a5729jbkh4mudrakl7eh8v4lop0wr1bq', '.eJxVi70KwjAQgN8ls5S7tJc0joKP4BwulxwpagXbTOK7W6GDrt_Py0Rua41tKc84ZXM0aA6_LLFcy_wVLPJo89rtpDvfebpdtua0J39f5aVuU0H1MvpMmogdiSjo2IMNrEiKGUKgPPRWlaAAWl-gHxwwJnDEJOb9AcYbNGA:1qBpxz:rynnAzBQfVEMBChx5xF6u8J31odd-7bVClWoLHHkQr8', '2023-07-05 05:01:15.798693'),
('a5mgd20dxsdnrrgwxxfxkpcvbqn73fiq', '.eJxVi0sKwjAQQO-StZROJs3HpeARXIfpZEKKWsE2K-ndG6EL3b7PR0Wqa4l1kXeckjorrU6_bCS-y_wVxPyq89odpLs-aXrcWnM5kr-v0FLaBJqcNw6yMRRYCA0mzDha471GAQspOAkZ3UC-sT7zYG1GDQGZoFfbDpnwM48:1q3uew:-xWJd7N3vdDBhMnPNEINleeR8d9N-LhoTibkGNweUUU', '2023-06-13 08:24:50.891542'),
('a6526oreec53h5x93lktj0xovnbiugcg', '.eJxVi70KwjAQgN8ls5S7tJc0joKP4BwulxwpagXbTOK7W6GDrt_Py0Rua41tKc84ZXM0aA6_LLFcy_wVLPJo89rtpDvfebpdtua0J39f5aVuU0H1MvpMmogdiSjo2IMNrEiKGUKgPPRWlaAAWl-gHxwwJnDEJOb9AcYbNGA:1qBxoz:kOXC0UogLuNYks_GYwl6E5EGSjqggBHm6uLvUgU8z0U', '2023-07-05 13:24:29.107532'),
('a7c9fha6olelfmlaucavd0r1j0gwqr30', '.eJxVi70KwjAQgN8ls5S7tJc0joKP4BwulxwpagXbTOK7W6GDrt_Py0Rua41tKc84ZXM0aA6_LLFcy_wVLPJo89rtpDvfebpdtua0J39f5aVuU0H1MvpMmogdiSjo2IMNrEiKGUKgPPRWlaAAWl-gHxwwJnDEJOb9AcYbNGA:1q8meO:-LreiJXemgfbJQUEZ2c-cAkCN5kxm95HKfyuefuT_N4', '2023-06-26 18:52:24.737599'),
('a8kk5vs8ifjyovlmuhwq1lkptb9sbycy', '.eJxVi70KwjAQgN_lZilJc7kLjoKP4BwuyYUUtYJtJvHdrdBB1-_nBVH62mJf9BmnAkdgOPyyJPmq81dIzo8-r8NOhvNdpttla0578vc1Wdo2qXdV1fOoaDyyY0y1JGvElsQkjBoseUfBKYY6JipIEmp2hgVz9fD-ALeQNH4:1q8hBX:KbmTrYCGzXno7v0OnG1qL2QUwjXFigwyH2NAvQeHnzw', '2023-06-26 13:02:15.701979'),
('a8qk1vq0l4x5zsie5iue9lvnce9whvts', '.eJxVi0kKwjAUQO-StRS_yc_gUvAIrsMfElLUCrZZiXe3Qhe6fcPLZOpLy30uzzyqORpndr-MSa5l-goSefRpGTYynO803i5rc9qSv6_R3Nap-pCYAjgNKSQEVlCPHjHEKMqJWRUOlRCdqCaLNqLsAahGtIW8eX8AtgA0ig:1qAXut:lNMfPVyfU_L27ea5JfRUurMQRB6joR87Z_9hZbDUXCo', '2023-07-01 15:32:43.829414'),
('aae8hz6fb0xgibcgs8z5nhlgth89ywx9', '.eJxVi70KwjAQgN8ls5S7tJc0joKP4BwulxwpagXbTOK7W6GDrt_Py0Rua41tKc84ZXM0aA6_LLFcy_wVLPJo89rtpDvfebpdtua0J39f5aVuU0H1MvpMmogdiSjo2IMNrEiKGUKgPPRWlaAAWl-gHxwwJnDEJOb9AcYbNGA:1q6n1S:4k1bYyEnFZStMS3JLQtWEH3FieXFdQ3q1tbIeU84goQ', '2023-06-21 06:51:58.226639'),
('abltcx0vtncye82x8j5paoegbelzzxgc', '.eJxVi0sKwjAQQO-StZROJs3HpeARXIfpZEKKWsE2K-ndG6EL3b7PR0Wqa4l1kXeckjorrU6_bCS-y_wVxPyq89odpLs-aXrcWnM5kr-v0FLaBJqcNw6yMRRYCA0mzDha471GAQspOAkZ3UC-sT7zYG1GDQGZoFfbDpnwM48:1q8aBX:2_TThN2flrZSWwQksqqhOLWRF_wBZf2QgqjuG0-vGH8', '2023-06-26 05:33:47.438802'),
('ad2bqp003mp263b4eygaa9ikvixwbx7c', '.eJxVi0kKwjAUQO_y11J-zKhLwSO4Dn9ISFEr2GYl3t0KXej2DS_I1JeW-1yeeVQ4goPdL2OSa5m-gkQefVqGjQznO423y9qctuTvazS3dUIiqTZF8cZrrSayHIJwSdGhR437ZCiosEoK1Suj2GBR0YhjViZ4fwDaPzWp:1q3vv2:W2LZjxg3_zkrWLf7UreyK8EE84NdgqH1WxaEu8f8fY8', '2023-06-13 09:45:32.997277');
INSERT INTO `django_session` (`session_key`, `session_data`, `expire_date`) VALUES
('adgix3shibjhj8lxi7ea3nye93ule77e', '.eJxVjMEKwyAYg9_F8yi_WqvdcbBH2Fmiv2LZ1kFbT2PvPgs9bARyyJfkLTzqVnxd0-InFmchtTj9hgHxnuadIMZXnbfuSLrrE9Pj1jqXo_K3K1jLfpdt6G1kZOI8yOYjmgaoRA46NWQBRZl1IDuaXjrFjghstLHRiM8XAPg1Jw:1q4bAF:Q1jP5jE3-tFY_j8t_Hgjz0gbECNoRMun5x1If7q_L7c', '2023-06-15 05:47:59.731835'),
('adrfwgtogv0424ko3f5m83hoavwdjni3', '.eJxVi0kKwjAUQO-StRS_yc_gUvAIrsMfElLUCrZZiXe3Qhe6fcPLZOpLy30uzzyqORpndr-MSa5l-goSefRpGTYynO803i5rc9qSv6_R3Nap-pCYAjgNKSQEVlCPHjHEKMqJWRUOlRCdqCaLNqLsAahGtIW8eX8AtgA0ig:1qBwxC:jsrgVTutIha3hxxlArcKCxS4lvwnsRYn5n5KM8fKtaI', '2023-07-05 12:28:54.151351'),
('aejval2m13qva92vonc8roq8ffwt9dd5', '.eJxVi70KwjAQgN8ls5S7tJc0joKP4BwulxwpagXbTOK7W6GDrt_Py0Rua41tKc84ZXM0aA6_LLFcy_wVLPJo89rtpDvfebpdtua0J39f5aVuU0H1MvpMmogdiSjo2IMNrEiKGUKgPPRWlaAAWl-gHxwwJnDEJOb9AcYbNGA:1qBVFi:bpjbTRNeH5CZPh32BXJItr2V7frzs76cXJCPFaVD8GA', '2023-07-04 06:54:10.025591'),
('aeooqqe9nz3flmvb5z8dnq519dt5i3a4', '.eJxVi70KwjAQgN8ls5S7tJc0joKP4BwulxwpagXbTOK7W6GDrt_Py0Rua41tKc84ZXM0aA6_LLFcy_wVLPJo89rtpDvfebpdtua0J39f5aVuU0H1MvpMmogdiSjo2IMNrEiKGUKgPPRWlaAAWl-gHxwwJnDEJOb9AcYbNGA:1q3vtc:CLuU_MW_ilozvVTFYlHJnNkTfbB4mPmh5nDZw0uYZRI', '2023-06-13 09:44:04.356592'),
('agm1yiruzoygx968napkthkx2lc73shq', '.eJxVjsEKwjAQRP8lZylpN9kuHgU_wXPYbDakqBVsc5L-eyP0oDCnN29gPiZwXUuoi77DlMzZIJrTL4wsd52_DYu86rx2B-muT54et-ZcDuVvV3gpbZRdz9mTOicek4wUnW3piX2GSKrCFi0ONOZIyUuyA2BWUAIHqZ3ZduqXNN8:1qC4DB:8uODK1dQ225rERNZDWSSLcv5MQ5NnscLhJjresmMr4k', '2023-07-05 20:13:53.757990'),
('aise27y9uaj1a9ia0052d3ctt8xhud86', '.eJxVi70KwjAQgN_lZilJc7kLjoKP4BwuyYUUtYJtJvHdrdBB1-_nBVH62mJf9BmnAkdgOPyyJPmq81dIzo8-r8NOhvNdpttla0578vc1Wdo2qXdV1fOoaDyyY0y1JGvElsQkjBoseUfBKYY6JipIEmp2hgVz9fD-ALeQNH4:1qBwkK:tN7UZmMIzmrc38pAdJTSlnReW0q9xEO27lKMzYNgKss', '2023-07-05 12:15:36.669376'),
('aiur79e757u8j0j0h8ifxgs2jopxt8lg', '.eJxVi70KwjAQgN8ls5Tc5UKio-AjdA53uYQUtYJtJvHdrdBB1-_nZRL3taW-lGea1JwMHs3hFwrna5m_hnN-9HkddjJc7jzdxq0578nf13hp26SxkBDVUIWAo8Pog1iI4hkUFAW9EtkqOYgrDoIjzh5r8eKArZr3B-IHNOg:1qBtcX:00NdL0fIDtnbvupNajDEors76fWQDooD3abq4jHjPfw', '2023-07-05 08:55:21.552436'),
('ajtuqef4wfrcafpcidadq436f3ixjlba', '.eJxVi70OwiAQgN-F2TQHB1dxNPERnMlxQGjUmrRlMr5726SDrt_PRwVuSw1tzlMYkroo3avTL4wsjzzuhkXebVy6g3S3Fw_P-9Zcj-TvqzzXbcrIaBCiYW2ppAQOwHkDDILalrMHgB58iZGMsT5pDeIskSNCZBL1XQGunzMp:1q9Pmr:cZQE0sJtdpxP7gjUlJVLThqjy3MwJFBG1ok2vZwH5Ik', '2023-06-28 12:39:45.242487'),
('al0kw5ey82n6a0ypnlkgwazo0jrcnexb', '.eJxVi7sOwiAUht-F2TTcDlBHEx_BmfxwIDRqTWyZjO-uTTro-l1eIqKvLfalPOPE4iicEodfmJCvZd4Mcn70eR12MpzvmG6Xb3Pak7-vYWnblJgKe7LSAQQTRnj2owRppwvnWl21xgadismKwORNZajATFraJN4f9181XQ:1qC0jv:nkkjq6Kujj2gSw4LYYlblEch6g_IyktmpGOiGB3FjlY', '2023-07-05 16:31:27.144955'),
('am96kficiwih02x2me4yk79wja5cghj7', '.eJxVi8sKwjAQRf8laylpOnm5FPwE12FmkiFFrWCblfjvRuhC4a7OPeelEratpraWZ5qzOioT1OEXEvK1LN8HmR9t2YadDOc7zrdLd0678tdVXGuPKFqGkidBEyenIZggQRO57EocXQEkziLg0UfbF8ZMmixa0Cg2evX-AOpGNPA:1q91yX:GPRpjt4W4rea1B3yMtOJE2jUYm1VOSds3qiRlYpurLw', '2023-06-27 11:14:13.379464'),
('amlutclx47ein6t51uiz07cpin2xfxe0', '.eJxVi0EOwiAQRe_C2jTDIFBcmngE12QYmNCoNWnLynh3MelCdz_vv_dSkdpWY1vLEqesTsqN6vALE_GtzN-HmJ9t3oadDJcHTfdrd8678tdVWmuPjPcgRTQGQG_QhYQekFlMytaRkMG-WScWK5RdcIxCRzvqbAgA1PsD3FE08w:1qC4WA:JlZMs72ATifXcO5bx54I1dQkmwzi5Trd2O4K9o7DFjo', '2023-07-05 20:33:30.909174'),
('ammjwsdww6zg2q51pg2ifcpl2nnthoy8', '.eJxVi80KwjAMgN-lZxkr2drEo-AjeC5pk9ChTnDrSXx3J-yg1-_n5RK3taa26DNN4o5ucIdflrlcdf4KLuXR5rXbSXe-83S7bM1pT_6-ykvdJvQgvRgjBEHJijJYAFP1vrBRBAwDZQ5jVjIAQymgPSHGkTUSufcH2uU1NQ:1q92l5:33pByGiYpdLELDhssRd0Ap2V1zEcCjkdhlfTcuXjXnk', '2023-06-27 12:04:23.742192'),
('amq8z7i55e54ixkjg0j0t7la24n96k5j', '.eJxVi70KwjAQgN8ls5S7tJc0joKP4BwulxwpagXbTOK7W6GDrt_Py0Rua41tKc84ZXM0aA6_LLFcy_wVLPJo89rtpDvfebpdtua0J39f5aVuU0H1MvpMmogdiSjo2IMNrEiKGUKgPPRWlaAAWl-gHxwwJnDEJOb9AcYbNGA:1q7XHc:M54ZwV6rZtHgjEttcQOctX--O6-ZDUFAv2H9HljyvQo', '2023-06-23 08:15:44.706591'),
('amuro68vkhmr2rf1oztc7hl9xqiwqmq4', '.eJxVi0sKwjAQQO-StZROJs3HpeARXIfpZEKKWsE2K-ndG6EL3b7PR0Wqa4l1kXeckjorrU6_bCS-y_wVxPyq89odpLs-aXrcWnM5kr-v0FLaBJqcNw6yMRRYCA0mzDha471GAQspOAkZ3UC-sT7zYG1GDQGZoFfbDpnwM48:1qAkix:4w7Zb7DiwyskKPrQQ9pBzOKX7XICy3_33vHTYArLAvw', '2023-07-02 05:13:15.551861'),
('an3prdd8twz71doao8gb6lkou21ezzcj', '.eJxVi80KwjAMgN-lZxk1LlnjUfARPJc0TelQJ7j1JL67E3bQ6_fzclHaUmOb7RnH7I4Ovdv9wiR6telrRPXRpqXbSHe-y3i7rM1pS_6-KnNdJwuJFTXvM1tPRsVb4V5TbwckSDgYBAKg4JXLAAieAmYqBiLsObj3B-12NJc:1qAP1T:pAOaocHtIztFx6B005fxaDHFtWSOIKKWKYfAIrwM5Wk', '2023-07-01 06:02:55.163756'),
('ancfhc0a4ukk3pzry1s4wt2hbfegowfq', '.eJxVi80KwjAMgN-lZxkr2drEo-AjeC5pk9ChTnDrSXx3J-yg1-_n5RK3taa26DNN4o5ucIdflrlcdf4KLuXR5rXbSXe-83S7bM1pT_6-ykvdJvQgvRgjBEHJijJYAFP1vrBRBAwDZQ5jVjIAQymgPSHGkTUSufcH2uU1NQ:1qA3qg:rwZg8xRyXGbUGOUkN82DVgvH_fDtlj39b6f0XrbkFSM', '2023-06-30 07:26:22.165539'),
('anvqt60q15wkwda06ifeo8rwonv9gcr2', '.eJxVi0sKwjAQQO-StZROJs3HpeARXIfpZEKKWsE2K-ndG6EL3b7PR0Wqa4l1kXeckjorrU6_bCS-y_wVxPyq89odpLs-aXrcWnM5kr-v0FLaBJqcNw6yMRRYCA0mzDha471GAQspOAkZ3UC-sT7zYG1GDQGZoFfbDpnwM48:1qBplY:9C1g6xDXLFS-7pZuMAc7iBSHX5pey1PLS5nvEoCMv8E', '2023-07-05 04:48:24.735808'),
('ao8vphhqnvwwy4vym7b3t1gbl8ozn7sh', '.eJxVi0EOwiAQRe_C2jRQKMO4NPEIrskwDKFRa2LLynh3MelCl__9914qUttqbKs845zVUY2oDr8wEV9l-T7E_GjLNuxkON9pvl26c9qVv67SWnuUJ-s0ueCT0wBIKCkICHBf1he2drJJyHFxhgG0wUIew4iM2Rcx6v0B0Ik0lw:1q8e9l:J5z6tWS8hQmOVj_LQ_8A5BW7kH-IxRr3DETaeY2fBQc', '2023-06-26 09:48:13.087799'),
('aocogu678r6w457mhr4gyhj5mynfshp3', '.eJxVi70KwjAQgN8ls5S7tJc0joKP4BwulxwpagXbTOK7W6GDrt_Py0Rua41tKc84ZXM0aA6_LLFcy_wVLPJo89rtpDvfebpdtua0J39f5aVuU0H1MvpMmogdiSjo2IMNrEiKGUKgPPRWlaAAWl-gHxwwJnDEJOb9AcYbNGA:1qBYCV:sGv8i4WwSqtLnVK5HzVrtrLSYsXKXi5ZV6H5LdGiopY', '2023-07-04 10:03:03.696339'),
('aomowygxszev3bzuqdpuxuoju8yegy83', '.eJxVi0sKwjAQQO-StZROJs3HpeARXIfpZEKKWsE2K-ndG6EL3b7PR0Wqa4l1kXeckjorrU6_bCS-y_wVxPyq89odpLs-aXrcWnM5kr-v0FLaBJqcNw6yMRRYCA0mzDha471GAQspOAkZ3UC-sT7zYG1GDQGZoFfbDpnwM48:1q6rvp:SeBqdB72JGI0DVe05lpjaoYIApu3OT8sWnx4ULhjBv8', '2023-06-21 12:06:29.936771'),
('aqm2dydqgpn0hxhf29qd89wh92ce85t2', '.eJxVi70KwjAQgN8lsxRzuV5yjoKP4Byul4QUtULbTOK7a6GDrt_Py0Rpa41tyXMckzkZZHP4hYPoLU-bEdVnm9ZuJ93lIeP9-m3Oe_L3VVnqNllCwEG8QyggIfRqXfJIgQsxWPCeoBxBM6CQswkDpcLI7FFz6c37A7A7M6U:1qA4My:dF67s7_0sfNJFZXxw-RPVo6vAlY69UZRhjF7Yp_tWgg', '2023-06-30 07:59:44.729984'),
('aqnq6vsypwen9sghls113z5v7wmzieka', '.eJxVi70KwjAQgN8ls5S7tJc0joKP4BwulxwpagXbTOK7W6GDrt_Py0Rua41tKc84ZXM0aA6_LLFcy_wVLPJo89rtpDvfebpdtua0J39f5aVuU0H1MvpMmogdiSjo2IMNrEiKGUKgPPRWlaAAWl-gHxwwJnDEJOb9AcYbNGA:1qBsp1:nGX4tHotdmjYyyXvZi_gq8tsx5M02xmLezKkhg6GJdI', '2023-07-05 08:04:11.282251'),
('aruarcmj03nthm4rri5c4dhlfqzxs143', '.eJxVi70KwjAQgN8ls5S7tJc0joKP4BwulxwpagXbTOK7W6GDrt_Py0Rua41tKc84ZXM0aA6_LLFcy_wVLPJo89rtpDvfebpdtua0J39f5aVuU0H1MvpMmogdiSjo2IMNrEiKGUKgPPRWlaAAWl-gHxwwJnDEJOb9AcYbNGA:1q4F9G:KpVwaXVi-gqxNZDgkZQyCKJQCbwnjr3LdE9hIiMYb8o', '2023-06-14 06:17:30.990001'),
('asiccrpo7s5p6vcootw4vln37vry2zfx', '.eJxVi70OwiAQgN-F2TQHB1dxNPERnMlxQGjUmrRlMr5726SDrt_PRwVuSw1tzlMYkroo3avTL4wsjzzuhkXebVy6g3S3Fw_P-9Zcj-TvqzzXbcrIaBCiYW2ppAQOwHkDDILalrMHgB58iZGMsT5pDeIskSNCZBL1XQGunzMp:1q6ryj:eeeZOIEiZi8TLMXdNf7wxu02p20kYQEY3_i9YXg3PKw', '2023-06-21 12:09:29.302578'),
('asmsvwax3fhfhmds3o4j0c9nqj73p66p', '.eJxVi0sKwjAQQO-StZTmMzFxKXgE12FmMiFFrdA2K_HuRuhCt-_zUgnbVlNbZUlTVifl1eGXEfJN5q9A5mebt2Enw-WB0_3am_Oe_H0V19onCESQvXUQrBESU9BkEMaAdmTWpEVG4xhQwNnoegzReDrqyEUXr94fzqI0-Q:1q3YyT:XjRlzwV794OrUzVXBVSAOG_AXrfEDHNupPfkZZJakIM', '2023-06-12 09:15:33.915470'),
('atra0asa82f5fxav0gnt6dvtc6m0uenm', '.eJxVi70KwjAQgN8ls5S7tJc0joKP4BwulxwpagXbTOK7W6GDrt_Py0Rua41tKc84ZXM0aA6_LLFcy_wVLPJo89rtpDvfebpdtua0J39f5aVuU0H1MvpMmogdiSjo2IMNrEiKGUKgPPRWlaAAWl-gHxwwJnDEJOb9AcYbNGA:1q6VES:s87Nld3jicjpPyhQ0zNuQ-U7GvMxVbZBsyOe23s477Q', '2023-06-20 11:52:12.402593'),
('auatyjboui6un07z4f5r207hnjc3egq6', '.eJxVi0sKwjAQQO-StZROJs3HpeARXIfpZEKKWsE2K-ndG6EL3b7PR0Wqa4l1kXeckjorrU6_bCS-y_wVxPyq89odpLs-aXrcWnM5kr-v0FLaBJqcNw6yMRRYCA0mzDha471GAQspOAkZ3UC-sT7zYG1GDQGZoFfbDpnwM48:1q6Vn0:NwkvY2WUC3rXTIOXDo63csISQgHEvP6kuMADSI_Y3AM', '2023-06-20 12:27:54.536552'),
('aubnjlkwdac3t6d8mb5zjkf3qdgczrrr', '.eJxVi70OwiAQgN-F2TQHB1dxNPERnMlxQGjUmrRlMr5726SDrt_PRwVuSw1tzlMYkroo3avTL4wsjzzuhkXebVy6g3S3Fw_P-9Zcj-TvqzzXbcrIaBCiYW2ppAQOwHkDDILalrMHgB58iZGMsT5pDeIskSNCZBL1XQGunzMp:1qBBR3:kA4oT2fsrcSrvvgbKH6U8lrdU0PsYRgC4CXut8DJ45w', '2023-07-03 09:44:33.705489'),
('auzg2vgtd8kppjwhqp5oahzq09l4tc21', '.eJxVi70KwjAQgN8ls5S7tJc0joKP4BwulxwpagXbTOK7W6GDrt_Py0Rua41tKc84ZXM0aA6_LLFcy_wVLPJo89rtpDvfebpdtua0J39f5aVuU0H1MvpMmogdiSjo2IMNrEiKGUKgPPRWlaAAWl-gHxwwJnDEJOb9AcYbNGA:1qAOxG:Cy_-is-7SG853Gfvm4EiEgQDQexlRUOBkb6qyJ4ChSQ', '2023-07-01 05:58:34.354521'),
('aw98u8ulp7e7znifz8m1px717lx604ng', '.eJxVi0sKwjAQQO-StZSYyWfiUvAIrsPMpCFFrdA2K_HubaEL3b7PRyVqS01t7qc0ZHVRwavTL2SSRz_uhkTebVy6g3S3Fw3P-9Zcj-TvqzTXbbIhAxQC0c5SBgfomXUpKJoJdADvHUfKxriI1ljRMRcGiwbx7Aqp7wrVsTRG:1qC42u:rziNxggerM9fiLfRF4mP8DZDn-nz3I23pnsQBxgqKpM', '2023-07-05 20:03:16.415152'),
('axckdzsmmm7ysk9fo49utplioohq6ewx', '.eJxVi70KwjAQgN8ls5S7tJc0joKP4BwulxwpagXbTOK7W6GDrt_Py0Rua41tKc84ZXM0aA6_LLFcy_wVLPJo89rtpDvfebpdtua0J39f5aVuU0H1MvpMmogdiSjo2IMNrEiKGUKgPPRWlaAAWl-gHxwwJnDEJOb9AcYbNGA:1qBdmH:gDYhXM3SbUrxj8zPRbznu8b339JEL1Bm47tFDqMrjnY', '2023-07-04 16:00:21.511670'),
('axizm8d7urzg187gntqerxzgpx459vpi', '.eJxVi0sKwjAQQO-StZROJs3HpeARXIfpZEKKWsE2K-ndG6EL3b7PR0Wqa4l1kXeckjorrU6_bCS-y_wVxPyq89odpLs-aXrcWnM5kr-v0FLaBJqcNw6yMRRYCA0mzDha471GAQspOAkZ3UC-sT7zYG1GDQGZoFfbDpnwM48:1q9hdk:vmzTCXVtjBuTjvPtQdO-AfFdM6__U6IiKxGkz2ISkDc', '2023-06-29 07:43:32.868030'),
('axte62n69yury3v8bto2oehkahlf6q99', '.eJxViz0OwjAMRu_iGVUmTkrMiMQRmCPXcZUKKBJtJsTdCVIH2L6f916QpK4l1cWeacpwBA-7320Qvdr8PUT1Uee125bufJfpdmnMaUP-vCJLaZJjUmEOXvYaW3CBI7G2rnlkjJSDY2_BsmCPB2QyswHJ9y7qiAjvD6KaM_M:1q4Ksv:BW5RDdn2PgnStJk0E5HEBF9qZKyDpNoGzyc9sR56dT8', '2023-06-14 12:25:01.582655'),
('azpgzmnw0ej1ndiui2cezf8glbdevk1w', '.eJxVi8sKwjAQRf8layl5Ncm4FPwE12EmmZCiVrDNSvrvjdCFri6ce85HRGxrjW3hd5yyOAvtxekXEqY7z98HU3q1eR0OMlyfOD1u3bkcyl9Xcak9IgbI6ElJW6wqiSzovnLUxFyCM1DyaACM4pxRe-28cSGAL4ZYBhbbDuoQNMY:1q6T3r:WBuoQ8VAeR33J-LO8Btt-1hJ-T3oai35arnVfStdQJE', '2023-06-20 09:33:07.047710'),
('b0bb440r00s6a4gtl6soscyolrwcv676', '.eJxVi8sKwjAQRf8laymZyUgmLgU_oesweZGiVrDNSvz3ptCF7i7nnvNRXtpafVvy209JXRSSOv3CIPGe5_2RGF9tXoeDDLenTI-xO9dD-euqLLVHgBzJpoRImvXZFcMmoGOxAsYRoLYZSoHkBIpmIWHpO0IhShiC-m6zJjRl:1q6Qix:wR0B51YMU8xXfyvNxLLrdk6C1a1pwrkUrsrkYEOo1ws', '2023-06-20 07:03:23.120074'),
('b0tc2xm7me2ifxprxcus0ihjc7sbvvny', '.eJxVi8sKwjAQRf8laylpOnm5FPwE12FmkiFFrWCblfjvRuhC4a7OPeelEratpraWZ5qzOioT1OEXEvK1LN8HmR9t2YadDOc7zrdLd0678tdVXGuPKFqGkidBEyenIZggQRO57EocXQEkziLg0UfbF8ZMmixa0Cg2evX-AOpGNPA:1q9PRP:4fwK62H9dSnFPes8Slprh0XP7l8kzD5NXtabiNp3NRE', '2023-06-28 12:17:35.753125'),
('b178d22x1dkdsritjr0fhul23pgp58rg', '.eJxVi0sKwjAQQO-StZROJs3HpeARXIfpZEKKWsE2K-ndG6EL3b7PR0Wqa4l1kXeckjorrU6_bCS-y_wVxPyq89odpLs-aXrcWnM5kr-v0FLaBJqcNw6yMRRYCA0mzDha471GAQspOAkZ3UC-sT7zYG1GDQGZoFfbDpnwM48:1q93QU:2dvVYjCLx7Bhlq-d18he9qzFVpFJoPVOEl9OcVYGfaY', '2023-06-27 12:47:10.375017'),
('b18mpyjd7lnsz1vgw4ak122u5zetde0g', '.eJxVizsOwjAQBe_iGkVO_GMpkTgCtfW8a8sREKR8KsTdMVIKaF4xb-alIra1xm3JcxxFnZQz6vALE_iWp-8D5uc2rd1OussD4_3anPOu_HUVS21Rb0whGQJ0z4mybyv6yDSwywKwJ0MEYQpsnc0o4JIhPlitnU9WvT_8TTXE:1qBBIK:xqvxmPA2ghd2i-nWhI_1HVcinUzRkbp6eICDdXS37z8', '2023-07-03 09:35:32.117209'),
('b4je3wihe30uvid4a540yvl7wv0p9ppq', '.eJxVi70KwjAQgN8ls5S7tJc0joKP4BwulxwpagXbTOK7W6GDrt_Py0Rua41tKc84ZXM0aA6_LLFcy_wVLPJo89rtpDvfebpdtua0J39f5aVuU0H1MvpMmogdiSjo2IMNrEiKGUKgPPRWlaAAWl-gHxwwJnDEJOb9AcYbNGA:1q62ZO:XSwHeU0_LJJz7cyBfwh8dTZ1tIvpLqA8wecTJPiPrTk', '2023-06-19 05:15:54.059398'),
('b58tnr8xl1958grv28ko95wxnsqptvki', '.eJxVi0sKwjAQQO-StZROJs3HpeARXIfpZEKKWsE2K-ndG6EL3b7PR0Wqa4l1kXeckjorrU6_bCS-y_wVxPyq89odpLs-aXrcWnM5kr-v0FLaBJqcNw6yMRRYCA0mzDha471GAQspOAkZ3UC-sT7zYG1GDQGZoFfbDpnwM48:1q8WOm:zeZOCu5R8o2aOzbIQcviWh1MNUwYfXcwRinXWKjvzWw', '2023-06-26 01:31:12.163415'),
('b76ltx310po5ol6xku2xi7eblbv7nydm', '.eJxVi8sKwjAQRf8layl5Ncm4FPwE12EmmZCiVrDNSvrvjdCFri6ce85HRGxrjW3hd5yyOAvtxekXEqY7z98HU3q1eR0OMlyfOD1u3bkcyl9Xcak9IgbI6ElJW6wqiSzovnLUxFyCM1DyaACM4pxRe-28cSGAL4ZYBhbbDuoQNMY:1q7AD4:D5bMfdOWvI_STzg3tKITRtzm4bootZ-WrpQAUQNlrJE', '2023-06-22 07:37:30.615918'),
('b9tjnd9g07mv7nt169njucx5fp8f6j3a', '.eJxVi0sKwjAQQO-StZROJs3HpeARXIfpZEKKWsE2K-ndG6EL3b7PR0Wqa4l1kXeckjorrU6_bCS-y_wVxPyq89odpLs-aXrcWnM5kr-v0FLaBJqcNw6yMRRYCA0mzDha471GAQspOAkZ3UC-sT7zYG1GDQGZoFfbDpnwM48:1q6PIG:V9Hria2iKxMEIqMRH5-VgtyhANyK7ff9cDWwY0sifx4', '2023-06-20 05:31:44.883578'),
('bahm0krfdvm6ptj4pij0tnmjvthv0xhh', '.eJxVi7sOwiAUht-F2TTcDlBHEx_BmfxwIDRqTWyZjO-uTTro-l1eIqKvLfalPOPE4iicEodfmJCvZd4Mcn70eR12MpzvmG6Xb3Pak7-vYWnblJgKe7LSAQQTRnj2owRppwvnWl21xgadismKwORNZajATFraJN4f9181XQ:1qByHU:Rq24BGSQ0gEhN3jUjHCv2FlmjCl5AWgRpWsL7-ex4X8', '2023-07-05 13:53:56.526731'),
('bas489yg0ducy5gtixdjhuk6v7d12mk9', '.eJxVi0sKwjAQQO-StZROJs3HpeARXIfpZEKKWsE2K-ndG6EL3b7PR0Wqa4l1kXeckjorrU6_bCS-y_wVxPyq89odpLs-aXrcWnM5kr-v0FLaBJqcNw6yMRRYCA0mzDha471GAQspOAkZ3UC-sT7zYG1GDQGZoFfbDpnwM48:1q5jc0:TZS6tP-INptPfxhsj6KoklPh9NkMRyWiWM_PfQVWkKs', '2023-06-18 09:01:20.325328'),
('bcf5n6chg25ohh0byf2sv6nmeeasm1sg', '.eJxVi70KwjAQgN_lZilJc7kLjoKP4BwuyYUUtYJtJvHdrdBB1-_nBVH62mJf9BmnAkdgOPyyJPmq81dIzo8-r8NOhvNdpttla0578vc1Wdo2qXdV1fOoaDyyY0y1JGvElsQkjBoseUfBKYY6JipIEmp2hgVz9fD-ALeQNH4:1q7JD9:X8qwSon5yrC2USwpXiT92qZo2otDSVoQpy9g1LO9i2w', '2023-06-22 17:14:11.243080'),
('bd56t0nuirc2bdhgclh24u5z0hoi7jle', '.eJxVi80KwjAMgN-lZxkr2drEo-AjeC5pk9ChTnDrSXx3J-yg1-_n5RK3taa26DNN4o5ucIdflrlcdf4KLuXR5rXbSXe-83S7bM1pT_6-ykvdJvQgvRgjBEHJijJYAFP1vrBRBAwDZQ5jVjIAQymgPSHGkTUSufcH2uU1NQ:1q8znj:46m1K_A2ecq7OfbcZtf7rpDHKNS84tb2xdPpHEfwOD8', '2023-06-27 08:54:55.940868'),
('bd7hrmzaqtbwys6x9vat5z1qo70ekiqv', '.eJxVi70KwjAQgN_lZilJc7kLjoKP4BwuyYUUtYJtJvHdrdBB1-_nBVH62mJf9BmnAkdgOPyyJPmq81dIzo8-r8NOhvNdpttla0578vc1Wdo2qXdV1fOoaDyyY0y1JGvElsQkjBoseUfBKYY6JipIEmp2hgVz9fD-ALeQNH4:1qBBEP:IoLn9NqZfMumk3WSbuc-0ov9pbDbEvU7OLj4jvkgUoo', '2023-07-03 09:31:29.810501'),
('bek411s6c6sbcr39yp6rah5oul3jfawg', '.eJxVi0sKwjAQQO-StZROJs3HpeARXIfpZEKKWsE2K-ndG6EL3b7PR0Wqa4l1kXeckjorrU6_bCS-y_wVxPyq89odpLs-aXrcWnM5kr-v0FLaBJqcNw6yMRRYCA0mzDha471GAQspOAkZ3UC-sT7zYG1GDQGZoFfbDpnwM48:1q6dQI:E0lJuXNooNpAB5XL_JiWiRO4Q80MY25vFUExpjRgpfs', '2023-06-20 20:36:58.128343'),
('bg13tkdy05g4cahf87sf254fd8r935qh', '.eJxVi70OwiAQgN-F2TQHB1dxNPERnMlxQGjUmrRlMr5726SDrt_PRwVuSw1tzlMYkroo3avTL4wsjzzuhkXebVy6g3S3Fw_P-9Zcj-TvqzzXbcrIaBCiYW2ppAQOwHkDDILalrMHgB58iZGMsT5pDeIskSNCZBL1XQGunzMp:1q6lWR:2w4Riej72c2PBjlnoRrx46G2OUEu0mZiiCjQBbixc7A', '2023-06-21 05:15:51.726960'),
('bgho1p8612ddvmxqvqc8shgt0hzmslob', '.eJxVi70OwiAQgN-F2TQHB1dxNPERnMlxQGjUmrRlMr5726SDrt_PRwVuSw1tzlMYkroo3avTL4wsjzzuhkXebVy6g3S3Fw_P-9Zcj-TvqzzXbcrIaBCiYW2ppAQOwHkDDILalrMHgB58iZGMsT5pDeIskSNCZBL1XQGunzMp:1q8e7O:JP41u4qY47z-Jrf40EG73eFJlihfawgIR2itayES5WQ', '2023-06-26 09:45:46.614657'),
('bh48p0i4gd6bzyszrh5g81xgvcxp7mu2', '.eJxVi0EOwiAQRe_C2jQwU2RwaeIRXJNhgNCoNWnLynh3MelCF3_z_nsvFbhtNbQ1L2FK6qRQq8MvjCy3PH8fFnm2eRt2MlwePN2v3Tnvyl9Xea090kBUJDqvrVgHo0sjIpXkGQEALSGZiKIRhRBLhpT7rDkWnxKwUe8Psm80EQ:1q793R:9AtfyqDkQ7L1eewh6SJP6M2c0u3XU1B6nmDKeicYT3o', '2023-06-22 06:23:29.787844'),
('bhj1bp4shgpaj51ak1ielw9ox0llv33z', '.eJxVi0sKwjAQQO-StZROJs3HpeARXIfpZEKKWsE2K-ndG6EL3b7PR0Wqa4l1kXeckjorrU6_bCS-y_wVxPyq89odpLs-aXrcWnM5kr-v0FLaBJqcNw6yMRRYCA0mzDha471GAQspOAkZ3UC-sT7zYG1GDQGZoFfbDpnwM48:1q9Ayk:ovjfz-4Nl_iWMqeUT4gPJ_1MaEJCTmII-TxeYL8Bitw', '2023-06-27 20:51:02.333667'),
('bj0v2swteyfezryqh4di1lauy01m7pxb', '.eJxVi70KwjAQgN8ls5S7tJc0joKP4BwulxwpagXbTOK7W6GDrt_Py0Rua41tKc84ZXM0aA6_LLFcy_wVLPJo89rtpDvfebpdtua0J39f5aVuU0H1MvpMmogdiSjo2IMNrEiKGUKgPPRWlaAAWl-gHxwwJnDEJOb9AcYbNGA:1qAmG5:fQFl-zShVQRE1ueX7ir9Iu1nneK0q30EjGf9_jMqnF0', '2023-07-02 06:51:33.939834'),
('bk982fv9kco5ddool7aujeundgiz0vwp', '.eJxVi7sOwiAUht-F2TTcDlBHEx_BmfxwIDRqTWyZjO-uTTro-l1eIqKvLfalPOPE4iicEodfmJCvZd4Mcn70eR12MpzvmG6Xb3Pak7-vYWnblJgKe7LSAQQTRnj2owRppwvnWl21xgadismKwORNZajATFraJN4f9181XQ:1qC35q:uk_MWzlc4g0TleHVA9aGXfe95s_Ur4-g5QtnZwgfUHM', '2023-07-05 19:02:14.060362'),
('bkrma4xu53doufdxiqmhs8r7y6okxcdy', '.eJxVi70KwjAQgN8ls5S7tJc0joKP4BwulxwpagXbTOK7W6GDrt_Py0Rua41tKc84ZXM0aA6_LLFcy_wVLPJo89rtpDvfebpdtua0J39f5aVuU0H1MvpMmogdiSjo2IMNrEiKGUKgPPRWlaAAWl-gHxwwJnDEJOb9AcYbNGA:1q8diR:_djaCN1lKDyLCcrHsTIHaIs9Bnr7UZ3_KmOjSLT6P6U', '2023-06-26 09:19:59.503045'),
('bnbxa8tbvv761lmp1oj4ccsnyzx5d6tq', '.eJxVi0kKwjAUQO-StRS_yc_gUvAIrsMfElLUCrZZiXe3Qhe6fcPLZOpLy30uzzyqORpndr-MSa5l-goSefRpGTYynO803i5rc9qSv6_R3Nap-pCYAjgNKSQEVlCPHjHEKMqJWRUOlRCdqCaLNqLsAahGtIW8eX8AtgA0ig:1qBwUu:jbChMP2ZJ7ShFxUIycb48PFQvgDu4J4943z-BmnTN1s', '2023-07-05 11:59:40.794217'),
('bnemr4fyqm35ivh26xjm81hebpfb6apv', '.eJxVi7sOwiAUht-F2TTcDlBHEx_BmfxwIDRqTWyZjO-uTTro-l1eIqKvLfalPOPE4iicEodfmJCvZd4Mcn70eR12MpzvmG6Xb3Pak7-vYWnblJgKe7LSAQQTRnj2owRppwvnWl21xgadismKwORNZajATFraJN4f9181XQ:1qCBCt:AB5it_Ry2AK_26xZqeEQw6dJJ1l-eiYNDlIL07RppdI', '2023-07-06 03:42:03.760012'),
('bnqrslanshjqg4e8v8uh2tdmvp8n74pe', '.eJxVi70OwiAQgN-F2TQHB1dxNPERnMlxQGjUmrRlMr5726SDrt_PRwVuSw1tzlMYkroo3avTL4wsjzzuhkXebVy6g3S3Fw_P-9Zcj-TvqzzXbcrIaBCiYW2ppAQOwHkDDILalrMHgB58iZGMsT5pDeIskSNCZBL1XQGunzMp:1q9ElU:gmdU-vIH3YiMgt7BklDuPjLnKVaIWyYm2JFzVFz_t00', '2023-06-28 00:53:36.469770'),
('bojkist1m2juvp3wf6uqbwih4dee0oip', '.eJxVjsEKwjAQRP8lZylpN9kuHgU_wXPYbDakqBVsc5L-eyP0oDCnN29gPiZwXUuoi77DlMzZIJrTL4wsd52_DYu86rx2B-muT54et-ZcDuVvV3gpbZRdz9mTOicek4wUnW3piX2GSKrCFi0ONOZIyUuyA2BWUAIHqZ3ZduqXNN8:1qC0Vm:Tat_bvBzUVo4UU1qmAUCixTfxrSRWj8YyOYi0C-lKE4', '2023-07-05 16:16:50.128522'),
('bom79f9kfgnfaubvrs1mcjmzeg0g1wgp', '.eJxVi70OwiAQgN-F2TQHB1dxNPERnMlxQGjUmrRlMr5726SDrt_PRwVuSw1tzlMYkroo3avTL4wsjzzuhkXebVy6g3S3Fw_P-9Zcj-TvqzzXbcrIaBCiYW2ppAQOwHkDDILalrMHgB58iZGMsT5pDeIskSNCZBL1XQGunzMp:1q91aG:qoGShNrcJbFYAELe0MBltZ9LhGIyJpkOAjmlZFvrdbM', '2023-06-27 10:49:08.466653'),
('bpgt05m4iuesvkk8t7k4ttks0w4vk8lq', '.eJxVi70KwjAQgN_lZilJc7kLjoKP4BwuyYUUtYJtJvHdrdBB1-_nBVH62mJf9BmnAkdgOPyyJPmq81dIzo8-r8NOhvNdpttla0578vc1Wdo2qXdV1fOoaDyyY0y1JGvElsQkjBoseUfBKYY6JipIEmp2hgVz9fD-ALeQNH4:1q91GZ:0oINH3W_thOTcSIxG8X_fqu2MmlQ8Zk6FYJTC5T6G_w', '2023-06-27 10:28:47.032020'),
('bpqflh6bflzly3rdkpatf63yjqinvtt5', '.eJxVi0sKwjAQQO-StZROJs3HpeARXIfpZEKKWsE2K-ndG6EL3b7PR0Wqa4l1kXeckjorrU6_bCS-y_wVxPyq89odpLs-aXrcWnM5kr-v0FLaBJqcNw6yMRRYCA0mzDha471GAQspOAkZ3UC-sT7zYG1GDQGZoFfbDpnwM48:1q8HXW:Sn3cwYwd81_RV-epRgNn_ugmf1P6CWT9HK4UHo0gz1E', '2023-06-25 09:39:14.001398'),
('bpycu5julnbfgy8ec9lm3ht4vyhl34vq', '.eJxVi7sOwiAUht-F2TTcDlBHEx_BmfxwIDRqTWyZjO-uTTro-l1eIqKvLfalPOPE4iicEodfmJCvZd4Mcn70eR12MpzvmG6Xb3Pak7-vYWnblJgKe7LSAQQTRnj2owRppwvnWl21xgadismKwORNZajATFraJN4f9181XQ:1qC13z:uNtNMN5pU0XlpP4YPqunv5ZXhCb4iUK5Nv3Km0DqESo', '2023-07-05 16:52:11.672550'),
('bq870zwtxd2zdyj514wpehoqcoag04kt', '.eJxVi7sOwiAUht-F2TTcDlBHEx_BmfxwIDRqTWyZjO-uTTro-l1eIqKvLfalPOPE4iicEodfmJCvZd4Mcn70eR12MpzvmG6Xb3Pak7-vYWnblJgKe7LSAQQTRnj2owRppwvnWl21xgadismKwORNZajATFraJN4f9181XQ:1qC4I3:HLMRVMozl4LvRH0K4uCkb_wb9itZftQlUydJJiF8Kco', '2023-07-05 20:18:55.655060'),
('bqo1cqneutf9y887apu4z9sn9y3ijgmn', '.eJxVi0sKwjAQQO-StZROJs3HpeARXIfpZEKKWsE2K-ndG6EL3b7PR0Wqa4l1kXeckjorrU6_bCS-y_wVxPyq89odpLs-aXrcWnM5kr-v0FLaBJqcNw6yMRRYCA0mzDha471GAQspOAkZ3UC-sT7zYG1GDQGZoFfbDpnwM48:1q8ggh:TSVdXQ_HAmBMphq3o9kQm9OVlz_XdzWnswAPbyTGAtk', '2023-06-26 12:30:23.298990'),
('bqxrtb98cwtlsg6gjiz7g2u4rbeglbwk', '.eJxVi70KwjAQgN8ls5S7tJc0joKP4BwulxwpagXbTOK7W6GDrt_Py0Rua41tKc84ZXM0aA6_LLFcy_wVLPJo89rtpDvfebpdtua0J39f5aVuU0H1MvpMmogdiSjo2IMNrEiKGUKgPPRWlaAAWl-gHxwwJnDEJOb9AcYbNGA:1qBqyh:AaJI4jKmvJZUwPIlgAfyNOpQH7b0ET-G38IinbBuBoU', '2023-07-05 06:06:03.671361'),
('bqz7gp1zf6jm4v0ygihmte6iwecf4kyo', '.eJxVi0sKwjAQQO-StZROJs3HpeARXIfpZEKKWsE2K-ndG6EL3b7PR0Wqa4l1kXeckjorrU6_bCS-y_wVxPyq89odpLs-aXrcWnM5kr-v0FLaBJqcNw6yMRRYCA0mzDha471GAQspOAkZ3UC-sT7zYG1GDQGZoFfbDpnwM48:1q8cy1:VYNBIRjGz9wJhuxcCF4xukLNNpuHNZPf0Z9fmgvtmUs', '2023-06-26 08:32:01.318199'),
('bryoy3p1op09d41n4m9ow56jrq7zcuo5', '.eJxVizkOwjAUBe_iGkV2vHybEokjUFt_ceQICFISV4i7E1AKeOW8mafK2Naa21LmPIo6KgPq8AsJ-Vqmz4PMjzat3U668x3H22VzTrvy11Vc6jfSUQq6KOSSLUmEgo9QLAlg6K0hBOLeuuC3JcCBB5fYExqwRmv1egP9VTUE:1q3w4K:SJTpPWDvHiYX6UhrO_TGDaObaheWrt6jxk7Rf2Ouklk', '2023-06-13 09:55:08.794599'),
('brz47ft3attma43i4pcpmi5jlv32ba2c', '.eJxVi70KwjAQgN8ls5TcpTlyjoKP4ByuyYUUtYJtJvHdjdBB1-_nZaK0rca26jPO2RwNenP4hZOkqy5fIyk92rINOxnOd5lvl96c9uTvq7LWPtGkpIWZbUgcAChDKjlIQVVHXjOQG4msx2IDI6L1MHZYPATK1pn3B9XLM8Y:1q6Ste:7Q6Hacw6MPx4sKBSGh4v7Ts5k3tI0ra55ceaOaafqdY', '2023-06-20 09:22:34.356357'),
('bsidmbbwyuvcy8g38ju72j66ygvcxw8p', '.eJxVi70OwiAQgN-F2TTAAYeOJj6CM7k7IDRqTdoyGd_dmnTQ9ft5qUR9bakvZU5jVicFXh1-IZPcyvQ1JPLs0zrsZLg8aLxft-a8J39fo6VtExMgcNSUOQQTBTyBBae5RGdzNgapoJARrKUGCxqZizNcCcjDEdX7A-WANRg:1q8ek9:uGyDHsaKUphSTECue_6SxqeNV1Ut3o5yiPY0kgNVuUU', '2023-06-26 10:25:49.820201'),
('bt7pp201vw8o49p5b503uod5juqpbmil', '.eJxVi70KwjAQgN8ls5S7tJc0joKP4BwulxwpagXbTOK7W6GDrt_Py0Rua41tKc84ZXM0aA6_LLFcy_wVLPJo89rtpDvfebpdtua0J39f5aVuU0H1MvpMmogdiSjo2IMNrEiKGUKgPPRWlaAAWl-gHxwwJnDEJOb9AcYbNGA:1qBwFW:BTHZuMc1TsScVDWXDa5cgg4niMYLfmPShB4hlotYMcM', '2023-07-05 11:43:46.678771'),
('bt83yf6i25xql8jt7ukvy0sxg2hn79bq', '.eJxVi70OwiAQgN-F2TQHB1dxNPERnMlxQGjUmrRlMr5726SDrt_PRwVuSw1tzlMYkroo3avTL4wsjzzuhkXebVy6g3S3Fw_P-9Zcj-TvqzzXbcrIaBCiYW2ppAQOwHkDDILalrMHgB58iZGMsT5pDeIskSNCZBL1XQGunzMp:1qBqZc:yngh2Az542Dckl27Xx6kMARlcYH_43qaJQTiYzXy81o', '2023-07-05 05:40:08.982338'),
('btak4h7fheweskcuscj987dhelj4j7uz', '.eJxViz0OwjAMRu_iGVUmTkrMiMQRmCPXcZUKKBJtJsTdCVIH2L6f916QpK4l1cWeacpwBA-7320Qvdr8PUT1Uee125bufJfpdmnMaUP-vCJLaZJjUmEOXvYaW3CBI7G2rnlkjJSDY2_BsmCPB2QyswHJ9y7qiAjvD6KaM_M:1q4dmL:mqA0UWG8PUfSy90G4im056H-_obval-R3UC5PqtzkXA', '2023-06-15 08:35:29.374572'),
('btlozfzlae7rjkdcxb5tt1rqe2r9gryp', '.eJxVi70OwiAQgN-F2TTAAYeOJj6CM7k7IDRqTdoyGd_dmnTQ9ft5qUR9bakvZU5jVicFXh1-IZPcyvQ1JPLs0zrsZLg8aLxft-a8J39fo6VtExMgcNSUOQQTBTyBBae5RGdzNgapoJARrKUGCxqZizNcCcjDEdX7A-WANRg:1q8dJL:fdP_BoaLD6WUrCFRQVEFoBBq8lfhcF0XdVEizhoTjmU', '2023-06-26 08:54:03.269522'),
('btwdtleemlxw9baqisluixt794bq0nx1', '.eJxVi0kKwjAUQO-StRS_yc_gUvAIrsMfElLUCrZZiXe3Qhe6fcPLZOpLy30uzzyqORpndr-MSa5l-goSefRpGTYynO803i5rc9qSv6_R3Nap-pCYAjgNKSQEVlCPHjHEKMqJWRUOlRCdqCaLNqLsAahGtIW8eX8AtgA0ig:1qA4QO:xzlJn3Ksp3EXxtW8sXs6yOBwXkS3j8oONe7P0ZpEEKc', '2023-06-30 08:03:16.898884'),
('bu4ifztja25h1itxr66weef9ootr4tk2', '.eJxVi0sKwjAQQO-StZROJs3HpeARXIfpZEKKWsE2K-ndG6EL3b7PR0Wqa4l1kXeckjorrU6_bCS-y_wVxPyq89odpLs-aXrcWnM5kr-v0FLaBJqcNw6yMRRYCA0mzDha471GAQspOAkZ3UC-sT7zYG1GDQGZoFfbDpnwM48:1q695J:dxGDX_8c9q6oO7UyxcdcVnBw0egcai59mblvN4wkboA', '2023-06-19 12:13:17.506188'),
('bu9h6ofnupzmbylf2eprevsntx2qlge7', '.eJxVi0sKwjAQhu-StRQmdSZTl4JHcB3-jAkpagXbrMS7W6EL3X6Pl4toS41tzs84XtzBsbrdL0ywa56-BmaPNi3dRrrTHePtvDbHLfn7Kua6TgoEEbCwkPTMVHhPgYIqpaIC6cEpJB18YEIy8Z6pLwU2WCHJ7v0BrRcz-A:1qBtSJ:yNM_HB95djsHmyiHn-UHRGbUYgfqNIg1omRF5fTllQ8', '2023-07-05 08:44:47.013116'),
('budj87px7huoqut6pfd8kfp5ncaxk5us', '.eJxVi0EOwiAQRe_C2jRQKMO4NPEIrskwDKFRa2LLynh3MelCl__9914qUttqbKs845zVUY2oDr8wEV9l-T7E_GjLNuxkON9pvl26c9qVv67SWnuUJ-s0ueCT0wBIKCkICHBf1he2drJJyHFxhgG0wUIew4iM2Rcx6v0B0Ik0lw:1q8dw4:ae1fuKo7J0QTBGrHZKqvcy3Ss18ruOPIFi33FLyiwqk', '2023-06-26 09:34:04.316819'),
('bulio6883po7e4i4ymhppvzalsx6zyri', '.eJxVi70OwiAQgN-F2TQHB1dxNPERnMlxQGjUmrRlMr5726SDrt_PRwVuSw1tzlMYkroo3avTL4wsjzzuhkXebVy6g3S3Fw_P-9Zcj-TvqzzXbcrIaBCiYW2ppAQOwHkDDILalrMHgB58iZGMsT5pDeIskSNCZBL1XQGunzMp:1q7aJa:bY_UwuC-ICVhg2B853_3YIl5ex5mSbRTuGeS67htv70', '2023-06-23 11:29:58.968255'),
('buvqxxm2q11ike59cmsxttls8racuiqg', '.eJxVi0sKwjAQQO-StZROJs3HpeARXIfpZEKKWsE2K-ndG6EL3b7PR0Wqa4l1kXeckjorrU6_bCS-y_wVxPyq89odpLs-aXrcWnM5kr-v0FLaBJqcNw6yMRRYCA0mzDha471GAQspOAkZ3UC-sT7zYG1GDQGZoFfbDpnwM48:1q9PYz:EH-Voofds8_4b9t356buTaCl4niIOp6rBMxvMGDhA_w', '2023-06-28 12:25:25.871291'),
('bvmnduov2hlcrraz6bltpt8xgfpm00te', '.eJxVi8sKwjAQRf9l1lImTZo4LoV-QtdhJg9S1AptsxL_3Qhd6O4-znmB57oXX7e0-jnCBfoBTr-jcLil5ftwCM-67N2xdOOD5_vUmOuB_HmFt9IkJQG1pcFxIEWmV4YZrWEkZ-xZNBlNTkR0q4iUcszZWtTELVF08P4Asjc0Jg:1qARQN:LtzoSaBgETwjPqppGTPMMJcciLHGu_xzEHA0ZoFw_AQ', '2023-07-01 08:36:47.225554'),
('bvzsrlyr00mcp1nldnw1ss1vvhztv9gq', '.eJxVi80KwjAMgN-lZxkr2drEo-AjeC5pk9ChTnDrSXx3J-yg1-_n5RK3taa26DNN4o5ucIdflrlcdf4KLuXR5rXbSXe-83S7bM1pT_6-ykvdJvQgvRgjBEHJijJYAFP1vrBRBAwDZQ5jVjIAQymgPSHGkTUSufcH2uU1NQ:1q8ggT:xLd92bBw3sG9WEPPHX9NhEWViRujVSfEApP57ou-qOk', '2023-06-26 12:30:09.272465'),
('bwfkrp19kkivibe1jlnsff9nja24e9mx', '.eJxVi7sOwiAUht-F2TTcDlBHEx_BmfxwIDRqTWyZjO-uTTro-l1eIqKvLfalPOPE4iicEodfmJCvZd4Mcn70eR12MpzvmG6Xb3Pak7-vYWnblJgKe7LSAQQTRnj2owRppwvnWl21xgadismKwORNZajATFraJN4f9181XQ:1qC2Ap:SgX15peWMPc0_jkuYzIBO31CShY3HEZhKwEHyuYoEuA', '2023-07-05 18:03:19.646258'),
('bwgh0rqfckytk87r2tqye8iszxk4oww1', '.eJxVi8sKwjAUBf8laylpcpM2LgU_wXW4r5KiVrDNSvx3I3ShZzkz52Uy1q3kuuozz2KOpk_m8AsJ-arL1yDzoy5bt5PufMf5dmnNaU_-fgXX0k4ORj8msMKMoOQj9wTOk5NIoY2cnyCoDaoy2eAHELIuNjtIshrN-wPTsTSc:1qAXpi:SAsUOKQjJRRbRVRcMztTE8q31QyGcUcF3jZ16CpRVtI', '2023-07-01 15:27:22.728415'),
('bwogtw43mgq6i7wzal1adz27swpbtgil', '.eJxVi70KwjAQgN8ls5S7tJc0joKP4BwulxwpagXbTOK7W6GDrt_Py0Rua41tKc84ZXM0aA6_LLFcy_wVLPJo89rtpDvfebpdtua0J39f5aVuU0H1MvpMmogdiSjo2IMNrEiKGUKgPPRWlaAAWl-gHxwwJnDEJOb9AcYbNGA:1q62r6:w373J-6Wn2FGQpHyG-JWZvcxLtQ72pm8Zg-fCFz-b9s', '2023-06-19 05:34:12.531565'),
('byckubwpf3xqp6ca33bfke7it4u7xovv', '.eJxViz0OwjAMRu_iGVUmTkrMiMQRmCPXcZUKKBJtJsTdCVIH2L6f916QpK4l1cWeacpwBA-7320Qvdr8PUT1Uee125bufJfpdmnMaUP-vCJLaZJjUmEOXvYaW3CBI7G2rnlkjJSDY2_BsmCPB2QyswHJ9y7qiAjvD6KaM_M:1q4eWc:0cDg-6Sn_UytLYdxpd3DaOd-guyHPEbXIseQrAYhPEs', '2023-06-15 09:23:18.031025'),
('byesn19ftbzwej9wdxv5sg0r0labxlt2', '.eJxVi0sKwjAQQO-StZROJs3HpeARXIfpZEKKWsE2K-ndG6EL3b7PR0Wqa4l1kXeckjorrU6_bCS-y_wVxPyq89odpLs-aXrcWnM5kr-v0FLaBJqcNw6yMRRYCA0mzDha471GAQspOAkZ3UC-sT7zYG1GDQGZoFfbDpnwM48:1q9m8o:gItXUEmIx8VgSY6dmPkVvfjxrEAxo1ndyZFncKhBINU', '2023-06-29 12:31:54.929529'),
('byu2j5npxietuwi3jgnqnjcywgf36ald', '.eJxVi0EKwjAQRe-StZRMmkxSl4JHcB0mkwkpagXbrMS7G6ELXX14_72XitS2GtsqzzhndVRo1OEXJuKrLN-HmB9t2YadDOc7zbdLd0678tdVWmuPtACA01MoTkYxbhpTloTFcvHAjJitDim5jH0IMrI2oCV4KsWz9er9Ad0LNQA:1qC4Z7:wwv4cjj9wjtIVYnxq8MJvlpxF4cp99eMaMbYZ5RdEc0', '2023-07-05 20:36:33.125017'),
('c0766ye78bw40oech84qv4yfnepqsw6z', '.eJxVi70KwjAQgN8ls5S7tJc0joKP4BwulxwpagXbTOK7W6GDrt_Py0Rua41tKc84ZXM0aA6_LLFcy_wVLPJo89rtpDvfebpdtua0J39f5aVuU0H1MvpMmogdiSjo2IMNrEiKGUKgPPRWlaAAWl-gHxwwJnDEJOb9AcYbNGA:1q3ZyU:aJb6MzKzdpgsgOiJ-1bUas7WJDLytGbF5yi7znj7Vyc', '2023-06-12 10:19:38.963688'),
('c0dey3z31jr57wnwiakabbo11gt9ox49', '.eJxVi7sOwiAUht-F2TTcDlBHEx_BmfxwIDRqTWyZjO-uTTro-l1eIqKvLfalPOPE4iicEodfmJCvZd4Mcn70eR12MpzvmG6Xb3Pak7-vYWnblJgKe7LSAQQTRnj2owRppwvnWl21xgadismKwORNZajATFraJN4f9181XQ:1qC8yj:D7kcsmuK3JiAYO5UZSm4OLiClnors5QG0UGpVrL0NfY', '2023-07-06 01:19:17.548647'),
('c14s77h0g3sbqugwmex5927a0ar3u55w', '.eJxVi0sKwjAQQO-StZROJs3HpeARXIfpZEKKWsE2K-ndG6EL3b7PR0Wqa4l1kXeckjorrU6_bCS-y_wVxPyq89odpLs-aXrcWnM5kr-v0FLaBJqcNw6yMRRYCA0mzDha471GAQspOAkZ3UC-sT7zYG1GDQGZoFfbDpnwM48:1q6dA7:vXqU5vcruPQuHsvRSfp18TCdPDEutueviABXKvzqEkY', '2023-06-20 20:20:15.967664'),
('c2451eoaw5va5j1719pl2ka6jvv4pxwt', '.eJxVi0sKwjAQQO-StZRM_nEpeATXYWY6IUWtYJuVeHcrdKHb93mpgn1tpS_yLNOojipodfiFhHyV-WuQ-dHnddjJcL7jdLtszWlP_r6GS9umGsEKWwMCKRICeck6ENkEWEfUFBNXDC64DKGCYeNtTl47MToZBvX-AN0dNDM:1qByC3:az8OEiJNbZkCoioV-MAbeH8lwznQqCQXOO_6a9_-cRY', '2023-07-05 13:48:19.480786'),
('c2w6m2mda9t6rt4eohmutxe2dougppx6', '.eJxVi0sKwjAQQO-StZROJs3HpeARXIfpZEKKWsE2K-ndG6EL3b7PR0Wqa4l1kXeckjorrU6_bCS-y_wVxPyq89odpLs-aXrcWnM5kr-v0FLaBJqcNw6yMRRYCA0mzDha471GAQspOAkZ3UC-sT7zYG1GDQGZoFfbDpnwM48:1qAXrf:Ov-wLMLZF2wagTzg9CPvR2bnzNRIT4VBll_Xvj6rv9A', '2023-07-01 15:29:23.393411'),
('c3ndnjdaejrdnxvenmiacmblayc0qdde', '.eJxVi70KwjAQgN8ls5S7tJc0joKP4BwulxwpagXbTOK7W6GDrt_Py0Rua41tKc84ZXM0aA6_LLFcy_wVLPJo89rtpDvfebpdtua0J39f5aVuU0H1MvpMmogdiSjo2IMNrEiKGUKgPPRWlaAAWl-gHxwwJnDEJOb9AcYbNGA:1q6sLQ:cLcFKUuEXRUiQcSAaLizZBNPMzaa8QxjR_AikLCMGco', '2023-06-21 12:32:56.728824'),
('c47b0dt88bspvcswz0x416r41f04pb3k', '.eJxVi70KwjAQgN8ls5Tc5UKio-AjdA53uYQUtYJtJvHdrdBB1-_nZRL3taW-lGea1JwMHs3hFwrna5m_hnN-9HkddjJc7jzdxq0578nf13hp26SxkBDVUIWAo8Pog1iI4hkUFAW9EtkqOYgrDoIjzh5r8eKArZr3B-IHNOg:1qBBLw:IYIuej3HVd85BQyRJwuVpeyheuVpPi1IOlzF-aFfqyQ', '2023-07-03 09:39:16.575307'),
('c4bkrje4vb0rk8p15b5khrco8u4sm03d', '.eJxVi0EOwiAQRe_C2jRQKMO4NPEIrskwDKFRa2LLynh3MelCl__9914qUttqbKs845zVUY2oDr8wEV9l-T7E_GjLNuxkON9pvl26c9qVv67SWnuUJ-s0ueCT0wBIKCkICHBf1he2drJJyHFxhgG0wUIew4iM2Rcx6v0B0Ik0lw:1q8dkc:jPkhoDgJw0uTE-xM8C2LDDQdC3NjHEzQL5JwLJIAM_s', '2023-06-26 09:22:14.361692'),
('c5fn1iwufr8tdjrepnyclsl2sh0jn4dq', '.eJxVi70KwjAQgN8ls5S7tJc0joKP4BwulxwpagXbTOK7W6GDrt_Py0Rua41tKc84ZXM0aA6_LLFcy_wVLPJo89rtpDvfebpdtua0J39f5aVuU0H1MvpMmogdiSjo2IMNrEiKGUKgPPRWlaAAWl-gHxwwJnDEJOb9AcYbNGA:1qA9Dl:52aDAqUJ9cOA7CcVyTSSO-EqO-6mPhmgDQ1-nkPFo14', '2023-06-30 13:10:33.781030'),
('c5j3908g5l3iimsr1f17tazeh996g24w', '.eJxVi0kKwjAUQO-StRS_yc_gUvAIrsMfElLUCrZZiXe3Qhe6fcPLZOpLy30uzzyqORpndr-MSa5l-goSefRpGTYynO803i5rc9qSv6_R3Nap-pCYAjgNKSQEVlCPHjHEKMqJWRUOlRCdqCaLNqLsAahGtIW8eX8AtgA0ig:1qBqPh:aJysLgaYzCPtxNWqVbL8GOjEA8VnE_ZFq6HN6boJwK4', '2023-07-05 05:29:53.454007'),
('c74km52evpztsxscrvh8e3loewholmc4', '.eJxVi0sKwjAQQO-StZROJs3HpeARXIfpZEKKWsE2K-ndG6EL3b7PR0Wqa4l1kXeckjorrU6_bCS-y_wVxPyq89odpLs-aXrcWnM5kr-v0FLaBJqcNw6yMRRYCA0mzDha471GAQspOAkZ3UC-sT7zYG1GDQGZoFfbDpnwM48:1q8mg7:JXAD2c6YGslESraVXVW3eyt_ee472qf125yRLcjkQZA', '2023-06-26 18:54:11.059671'),
('c9404mnu05dvanceqrupshea0fja0wp7', '.eJxVi0sKwjAQQO-StZRk8pnWpeARXIeZSUKKWsE2K_HuRuhCt-_zUpHaVmNb8zPOSR2VNerwC5nkmpevIZFHW7ZhJ8P5TvPt0pvTnvx9ldbaJ-2yTGidjAWhOAwjs4UAqRjMKKP3hF2G5HjiJAW8AcNWa2CPQl69P9B9NHY:1q7Bko:BwpbRtd9zWN4wlhUl2I7yhEjvz6nB2HMCrPZegSdDfE', '2023-06-22 09:16:26.116433'),
('caj0zexq7n4ws418htri37k856vjvd1f', '.eJxVizsOwjAQBe-yNYr8wVkvJRJHoLbWXluOgCAlcYW4O0ZKAeWbN_OCwG2roa15CZPACVDD4RdGTrc8fx9O6dnmbdjJcHnwdL9257wrf13ltfbIsLNazNF6rSxFK9mzIUTSxB5JikSjc7EqjcRkaBRSxFhc8n04hPcHutMz2w:1qC0s7:1Au8QRTwpjuyE9nO-9HWAgXcZCSaI0EpJ8Ny09K77vA', '2023-07-05 16:39:55.023111'),
('caurgj2e33quhcnyy5ymetiofhmvrhbz', '.eJxVi8sKwjAQRf8laymZMsm0LgU_wXWYR0KKWsG2K_HfjdCF7i7nnvNyibe1pm3JzzSZO7rRHX6ZsF7z_D1Y9bHNa7eT7nzn6XZpzmlX_rrKS22R9-qFB0QEtrYtcDHBsYcIAyuRKSF4A08iGftCkEuIsXA2ocDu_QG_-jUU:1qBKcF:tdkvGmVDySyz1aOLAj1-SPuMXWmOvIOOLSpFP34ED1E', '2023-07-03 19:32:43.611736'),
('cb03swf1r2mqk3ka9gvcq941l7gvjfps', '.eJxVi80KwjAMgN-lZxkr2drEo-AjeC5pk9ChTnDrSXx3J-yg1-_n5RK3taa26DNN4o5ucIdflrlcdf4KLuXR5rXbSXe-83S7bM1pT_6-ykvdJvQgvRgjBEHJijJYAFP1vrBRBAwDZQ5jVjIAQymgPSHGkTUSufcH2uU1NQ:1q8mFK:vP5npXRjprftKLDALn4zg4MO1oQ03lXxAn-_Hh-FNhg', '2023-06-26 18:26:30.531700'),
('cd5s17y3xy4ao95m8chc4umvrjmsmx9c', '.eJxVi70KwjAQgN8ls5S7tJc0joKP4BwulxwpagXbTOK7W6GDrt_Py0Rua41tKc84ZXM0aA6_LLFcy_wVLPJo89rtpDvfebpdtua0J39f5aVuU0H1MvpMmogdiSjo2IMNrEiKGUKgPPRWlaAAWl-gHxwwJnDEJOb9AcYbNGA:1qByEV:M2YonbzAsIp9BWxut41QejVzneNZKjoyGqSF5YDI2NY', '2023-07-05 13:50:51.967577'),
('cd6ieei8591dteuft43vdiwhxkn0ua82', '.eJxVi0sKwjAQQO-StZTmMzFxKXgE12FmMiFFrdA2K_HuRuhCt-_zUgnbVlNbZUlTVifl1eGXEfJN5q9A5mebt2Enw-WB0_3am_Oe_H0V19onCESQvXUQrBESU9BkEMaAdmTWpEVG4xhQwNnoegzReDrqyEUXr94fzqI0-Q:1q4EG8:09Pg-6iaGGc8dTfU_gp_KIZtatG4bN7XqYjW6WoII9k', '2023-06-14 05:20:32.664418'),
('cdkz3ohx538qw5tv5osbjcvo15np7jru', '.eJxVi70KwjAQgN8ls5S7tJc0joKP4BwulxwpagXbTOK7W6GDrt_Py0Rua41tKc84ZXM0aA6_LLFcy_wVLPJo89rtpDvfebpdtua0J39f5aVuU0H1MvpMmogdiSjo2IMNrEiKGUKgPPRWlaAAWl-gHxwwJnDEJOb9AcYbNGA:1q78qw:nnBEdtqKWQZblQRmE_lp_s8C3cACGrq9SRp-OaYNDnc', '2023-06-22 06:10:34.209907'),
('ce9tqondhb7tu2iq56toa0jt3uoimplo', '.eJxVi0sKwjAQQO8yaylO_nEpeATXYTKTkKJWaJuVeHcrdKHb93lBor621Jcyp1HgBBjh8Asz8a1MX0PMzz6tw06Gy4PG-3Vrznvy9zVa2jZZIW8z-hKMZg7CupairBOvxCEGpWKkesRQ0ZB3JmbUujrMpMiJFXh_AOCeNKk:1q6s9y:u2L_3yQ026KQ7QJcFeQcES4x66vXfiEG2QdOsO-bKNA', '2023-06-21 12:21:06.759687'),
('ceaz4gk4xlb1wlr2g510tz5st7itfhas', '.eJxVi0EOwiAQRe_C2jRQKMO4NPEIrskwDKFRa2LLynh3MelCl__9914qUttqbKs845zVUY2oDr8wEV9l-T7E_GjLNuxkON9pvl26c9qVv67SWnuUJ-s0ueCT0wBIKCkICHBf1he2drJJyHFxhgG0wUIew4iM2Rcx6v0B0Ik0lw:1q9lDb:s0YSFrOBc-6cl5XHi8mTCRnvfx3FcQu1xA12XO2w57w', '2023-06-29 11:32:47.832782'),
('cefjnjvmws4nrl40vo5t76opd76yyqes', '.eJxVi70KwjAQgN8ls5S7tJc0joKP4BwulxwpagXbTOK7W6GDrt_Py0Rua41tKc84ZXM0aA6_LLFcy_wVLPJo89rtpDvfebpdtua0J39f5aVuU0H1MvpMmogdiSjo2IMNrEiKGUKgPPRWlaAAWl-gHxwwJnDEJOb9AcYbNGA:1q91fV:s148Zu5dq2P9h_Mj4gDs65TQ6LrG8hi9nPaXze2FKwE', '2023-06-27 10:54:33.362765'),
('cf8xdnrfgqtrmrobohlhtimgrzw1sfg5', '.eJxVi0sKwjAQQO-StZROJs3HpeARXIfpZEKKWsE2K-ndG6EL3b7PR0Wqa4l1kXeckjorrU6_bCS-y_wVxPyq89odpLs-aXrcWnM5kr-v0FLaBJqcNw6yMRRYCA0mzDha471GAQspOAkZ3UC-sT7zYG1GDQGZoFfbDpnwM48:1q4FAs:t0RZ8oM9nir2I3LzXK4XGidHDwaDhHb8xmJ2kdI6YmA', '2023-06-14 06:19:10.644194'),
('cgdkrqjdm9mfbg3nvev9igg22v4h9q6j', '.eJxVi70KwjAQgN8ls5S7tJc0joKP4BwulxwpagXbTOK7W6GDrt_Py0Rua41tKc84ZXM0aA6_LLFcy_wVLPJo89rtpDvfebpdtua0J39f5aVuU0H1MvpMmogdiSjo2IMNrEiKGUKgPPRWlaAAWl-gHxwwJnDEJOb9AcYbNGA:1qBsqq:ECkQWhmBLeHsMR1Q0o3tP6AsM4-MkGbQJlaulZSOp4g', '2023-07-05 08:06:04.577329'),
('ch5drhae4bjlq4bwe1c2vqia95cvkkme', '.eJxVi0sKwjAQQO-StZROJs3HpeARXIfpZEKKWsE2K-ndG6EL3b7PR0Wqa4l1kXeckjorrU6_bCS-y_wVxPyq89odpLs-aXrcWnM5kr-v0FLaBJqcNw6yMRRYCA0mzDha471GAQspOAkZ3UC-sT7zYG1GDQGZoFfbDpnwM48:1q6nhA:_bW9UeOisNr2RzTIRPkbhhCJvRdvqIct66f4ekummcQ', '2023-06-21 07:35:04.738846'),
('chjvajvqxhg5r2dndsn2pstxvylx7kw8', '.eJxVjDEOwjAMRe-SGVUJrZ2EEYkjdI5sx1EqoEi0mRB3h0odYH3_vf8yidpaU1v0maZsTgbN4ZcxyVXnbSCRR5vXbifd5U7Tbfw651356yotdXtj54HAW4EwlHBUEc4xOwdBFIsEQEfIPTBL7FkQbCRvIwBp8YDm_QHBRjS0:1q8dig:ul9rFMladFCVAxTc17jlpwbu4Nai4amSZVOShf9ISW4', '2023-06-26 09:20:14.021830'),
('cilrof3gppn5k4x8r2fydw1ex5hzdf0f', '.eJxVi70KwjAQgN8ls5S7tJc0joKP4BwulxwpagXbTOK7W6GDrt_Py0Rua41tKc84ZXM0aA6_LLFcy_wVLPJo89rtpDvfebpdtua0J39f5aVuU0H1MvpMmogdiSjo2IMNrEiKGUKgPPRWlaAAWl-gHxwwJnDEJOb9AcYbNGA:1q9p6z:rEy0ypYJ5Nl0XM2t_bmRYj1BNdo0tzNiJ7DhrzvzNDQ', '2023-06-29 15:42:13.326048'),
('ck2cf30iic6yi6agejgw36rb5oc7bhkq', '.eJxVi70KwjAQgN_lZilJc7kLjoKP4BwuyYUUtYJtJvHdrdBB1-_nBVH62mJf9BmnAkdgOPyyJPmq81dIzo8-r8NOhvNdpttla0578vc1Wdo2qXdV1fOoaDyyY0y1JGvElsQkjBoseUfBKYY6JipIEmp2hgVz9fD-ALeQNH4:1q8yaV:0B57sioEHlTK419FiyahcOw9IiyK2563hbJ5AxUfCGw', '2023-06-27 07:37:11.374343'),
('ck66auway99ijyyc5rw3eg2d6bve2prc', '.eJxVi0EOwiAQRe_C2jRQKMO4NPEIrskwDKFRa2LLynh3MelCl__9914qUttqbKs845zVUY2oDr8wEV9l-T7E_GjLNuxkON9pvl26c9qVv67SWnuUJ-s0ueCT0wBIKCkICHBf1he2drJJyHFxhgG0wUIew4iM2Rcx6v0B0Ik0lw:1qA2Fx:DUIiKh6Eg6bnr5oCxAl7iLo-3oQcxVrR3G6DoW-uTH0', '2023-06-30 05:44:21.664411'),
('ck8busuip54im5st51cnd0emefoza2td', '.eJxVizsOwjAQBe-yNYr8wVkvJRJHoLbWXluOgCAlcYW4O0ZKAeWbN_OCwG2roa15CZPACVDD4RdGTrc8fx9O6dnmbdjJcHnwdL9257wrf13ltfbIsLNazNF6rSxFK9mzIUTSxB5JikSjc7EqjcRkaBRSxFhc8n04hPcHutMz2w:1qC45U:tOVBzsHPc5IKRomZ_fXd-iqWIUsSW_TSqA1zvCdtJFM', '2023-07-05 20:05:56.803771'),
('ckasfysm7t37t3r3vo2x23e9jztwlaaw', '.eJxVi0sKwjAQhu-StRQzpn9bl4JHcB0mMxNa1Aq2WYl3N0IXuv0eLxe5rGMsiz3jpO7o4Ha_LLFcbf4KFnmUeW020pzvPN0utTltyd838jLWqUdmGDFlT0mDgrwE2zOZQBFAOYgKYFWztUktkfadH_IBA7rWvT_ZzTUz:1q9lJ5:MrF_m83J-inF7IAQlZcYbrkSk8KbB5zl5IXLHWcNKvA', '2023-06-29 11:38:27.476129'),
('cmcerhnwgykx4nx1lcegrszrpz8ojcgh', '.eJxVi70KwjAQgN8ls5S7tJc0joKP4BwulxwpagXbTOK7W6GDrt_Py0Rua41tKc84ZXM0aA6_LLFcy_wVLPJo89rtpDvfebpdtua0J39f5aVuU0H1MvpMmogdiSjo2IMNrEiKGUKgPPRWlaAAWl-gHxwwJnDEJOb9AcYbNGA:1q8Vqh:m2HUsuQEJBuC4HkaaZ5ynNC62HMcv5BuD1s04kY5hd8', '2023-06-26 00:55:59.781900'),
('cmu3s06xi32bmc5ze3h48e8kez8id3aq', '.eJxVi7sOwiAUht-F2TScciuOJj6CM_k5QGjUmtgyGd9dTDro-l1eIqBtNbQ1P8OcxFGQFYdfGMHXvHwNmB9t2YadDOc75tulN6c9-fsq1tonTiNingyMddqzy4k8WVkYo1KFSEtTdImEKBnZ2V7aqWhFHgrZaPH-AO2ENPg:1q3ZHP:f1zvJE51gPaCXvb1qGKP06IpNATE-MFn7L0Q07eULY8', '2023-06-12 09:35:07.127941'),
('cmxzdl1te2y0rxn4xijcvtxlg7poe5j2', '.eJxVi0EKwjAQRe-StZRMmkxSl4JHcB0mkwkpagXbrMS7G6ELXX14_72XitS2GtsqzzhndVRo1OEXJuKrLN-HmB9t2YadDOc7zbdLd0678tdVWmuPtACA01MoTkYxbhpTloTFcvHAjJitDim5jH0IMrI2oCV4KsWz9er9Ad0LNQA:1qC0IS:HzcqYwEzJnMPQAM7K9suUbWhb_0tKOW_NiHWb6bL0Zs', '2023-07-05 16:03:04.705816'),
('cns1yp3il70fyxaihrkom9p4h5dw11x2', '.eJxVi7sOwiAUht-F2TTcDlBHEx_BmfxwIDRqTWyZjO-uTTro-l1eIqKvLfalPOPE4iicEodfmJCvZd4Mcn70eR12MpzvmG6Xb3Pak7-vYWnblJgKe7LSAQQTRnj2owRppwvnWl21xgadismKwORNZajATFraJN4f9181XQ:1qByG8:aeePardUZ38AnD8sApkPlOz3H8jqtCuDdbaH592pkcI', '2023-07-05 13:52:32.669053'),
('co2fzmadqx72ny6cucuaa6jfvhw974ho', '.eJxVi0sKwjAQQO-StZROJs3HpeARXIfpZEKKWsE2K-ndG6EL3b7PR0Wqa4l1kXeckjorrU6_bCS-y_wVxPyq89odpLs-aXrcWnM5kr-v0FLaBJqcNw6yMRRYCA0mzDha471GAQspOAkZ3UC-sT7zYG1GDQGZoFfbDpnwM48:1q9kmL:-X4MTkYQSo1zz53RRxHuHLUG0V9OI-d8zAUyYg8aOEc', '2023-06-29 11:04:37.850961'),
('coa2c8lczwyz833fyb29sbst6udh2yv0', '.eJxVi70KwjAQgN8ls5S7tJc0joKP4BwulxwpagXbTOK7W6GDrt_Py0Rua41tKc84ZXM0aA6_LLFcy_wVLPJo89rtpDvfebpdtua0J39f5aVuU0H1MvpMmogdiSjo2IMNrEiKGUKgPPRWlaAAWl-gHxwwJnDEJOb9AcYbNGA:1qBwzU:BVKMvMxfFr2bZw0Az_2Zs4tZ6J73EAAfM5rhaFXgeRo', '2023-07-05 12:31:16.414418'),
('colpyf7b10p8fzcrwqd9uvsz06444o08', '.eJxVi0sKwjAQQO-StZROJs3HpeARXIfpZEKKWsE2K-ndG6EL3b7PR0Wqa4l1kXeckjorrU6_bCS-y_wVxPyq89odpLs-aXrcWnM5kr-v0FLaBJqcNw6yMRRYCA0mzDha471GAQspOAkZ3UC-sT7zYG1GDQGZoFfbDpnwM48:1q6ryq:BKL5FLcbMHeS-2rwdQg9D_Vob3Gz-zaL8RCogsOfCCk', '2023-06-21 12:09:36.366255'),
('cpcw802bwbsb14qqfdwcc2mi4led1tyo', '.eJxVi80KwjAMgN-lZxkr2drEo-AjeC5pk9ChTnDrSXx3J-yg1-_n5RK3taa26DNN4o5ucIdflrlcdf4KLuXR5rXbSXe-83S7bM1pT_6-ykvdJvQgvRgjBEHJijJYAFP1vrBRBAwDZQ5jVjIAQymgPSHGkTUSufcH2uU1NQ:1q7Zxw:VyV4rnkRvyGdRRkjD2UIuQwGnYPRpbO4TySQ0IWjnNE', '2023-06-23 11:07:36.921510'),
('cph02muyxhsd4rlamwej2wv84ex7oizk', '.eJxVi70KwjAQgN8ls5S7tJc0joKP4BwulxwpagXbTOK7W6GDrt_Py0Rua41tKc84ZXM0aA6_LLFcy_wVLPJo89rtpDvfebpdtua0J39f5aVuU0H1MvpMmogdiSjo2IMNrEiKGUKgPPRWlaAAWl-gHxwwJnDEJOb9AcYbNGA:1qA13s:ca02zaLAnVg4hdWzddc8YyCv_6MNw72PmNUdJdMvg7U', '2023-06-30 04:27:48.601130'),
('cq3apxubj06ep0m6haj30z1frge29xug', '.eJxVjsEKwjAQRP8lZylpN9kuHgU_wXPYbDakqBVsc5L-eyP0oDCnN29gPiZwXUuoi77DlMzZIJrTL4wsd52_DYu86rx2B-muT54et-ZcDuVvV3gpbZRdz9mTOicek4wUnW3piX2GSKrCFi0ONOZIyUuyA2BWUAIHqZ3ZduqXNN8:1qBy7m:LyD1lWTEiRZ6dkYTZwV19LPNeMtpfMe9drH29vQ5bhc', '2023-07-05 13:43:54.641060'),
('cq9yrwemedm1ttp0mhxzaxyz13wd7g8z', '.eJxVi0sKwjAQQO8yaymTT5OJS8EjuA6TZEKKWsE2K_HuVuhCt-_zgsh9bbEv8oxTgSM4D4dfmDhfZf4azvnR53XYyXC-83S7bM1pT_6-xkvbJkw-U02jrmhI0KJSxZgaRChwIu9JqtIK0TA5zna0UtkE0k5h0qXA-wPV6zRy:1qByfJ:6ZD6SCBxWI_gB9EuveLWDHVzXXuiP6SADQ96CxDPx38', '2023-07-05 14:18:33.807181'),
('cqigykoqbozgam2c6y8gsa7o2hqosl0c', '.eJxVi0sKwjAQQO-StZROJs3HpeARXIfpZEKKWsE2K-ndG6EL3b7PR0Wqa4l1kXeckjorrU6_bCS-y_wVxPyq89odpLs-aXrcWnM5kr-v0FLaBJqcNw6yMRRYCA0mzDha471GAQspOAkZ3UC-sT7zYG1GDQGZoFfbDpnwM48:1q9mRn:8B_v1xnJE4W90rbt6y4k-Mb0JxQcC319nmEnY_J-f0k', '2023-06-29 12:51:31.864678'),
('csirfehd3nnptm3hoonokdzbl212aqmx', '.eJxVizsOwjAQBe-yNYr8wVkvJRJHoLbWXluOgCAlcYW4O0ZKAeWbN_OCwG2roa15CZPACVDD4RdGTrc8fx9O6dnmbdjJcHnwdL9257wrf13ltfbIsLNazNF6rSxFK9mzIUTSxB5JikSjc7EqjcRkaBRSxFhc8n04hPcHutMz2w:1qCC0g:qpeVAxhTbnZ1eftTo_I8qaql4UjdhpI3gGZAMCzEtW0', '2023-07-06 04:33:30.197197'),
('ct5ltxan7ulyzugwt6qsk9wkvzg1w65a', '.eJxVi70KwjAQgN8ls5S7tJc0joKP4BwulxwpagXbTOK7W6GDrt_Py0Rua41tKc84ZXM0aA6_LLFcy_wVLPJo89rtpDvfebpdtua0J39f5aVuU0H1MvpMmogdiSjo2IMNrEiKGUKgPPRWlaAAWl-gHxwwJnDEJOb9AcYbNGA:1q6oa1:ZqxiwxNs5FMvAcfQlVGstBLcqj8ydEeOQ-IbmEWmRZ8', '2023-06-21 08:31:45.711682'),
('ctj19u64k5rtt82glt46yubkf52h1u1w', '.eJxVi0EOwiAQRe_C2jTDIFBcmngE12QYmNCoNWnLynh3MelCdz_vv_dSkdpWY1vLEqesTsqN6vALE_GtzN-HmJ9t3oadDJcHTfdrd8678tdVWmuPjPcgRTQGQG_QhYQekFlMytaRkMG-WScWK5RdcIxCRzvqbAgA1PsD3FE08w:1qC4aG:E2DSRYuILPjKIlRmHDoiyPj0WCh8LpzH1bUEgeb670g', '2023-07-05 20:37:44.004347'),
('ctxbmo9re8qa62hq214ysi6ptgin66m5', '.eJxVi70KwjAQgN8ls5TcpTlyjoKP4ByuyYUUtYJtJvHdjdBB1-_nZaK0rca26jPO2RwNenP4hZOkqy5fIyk92rINOxnOd5lvl96c9uTvq7LWPtGkpIWZbUgcAChDKjlIQVVHXjOQG4msx2IDI6L1MHZYPATK1pn3B9XLM8Y:1q91rx:OCYsO1ch31JLoU6Edm1feAbVk4rXctjRX5uByKCNa2s', '2023-06-27 11:07:25.185981'),
('cufow7em4tgzib8l4zwjcr7pzmw21wzm', '.eJxVi70KwjAQgN8ls5S7tJc0joKP4BwulxwpagXbTOK7W6GDrt_Py0Rua41tKc84ZXM0aA6_LLFcy_wVLPJo89rtpDvfebpdtua0J39f5aVuU0H1MvpMmogdiSjo2IMNrEiKGUKgPPRWlaAAWl-gHxwwJnDEJOb9AcYbNGA:1qCFbM:wD7VysIFfOdsNtC9K-51kY8UqY0w2P5lELPdanXu8dw', '2023-07-06 08:23:36.728203'),
('cvq5uy7ia2o4ksofkanxy98uor7d6fjh', '.eJxVi70KwjAQgN8ls5S7tJc0joKP4BwulxwpagXbTOK7W6GDrt_Py0Rua41tKc84ZXM0aA6_LLFcy_wVLPJo89rtpDvfebpdtua0J39f5aVuU0H1MvpMmogdiSjo2IMNrEiKGUKgPPRWlaAAWl-gHxwwJnDEJOb9AcYbNGA:1qAsm6:LjFVg71JumdHWR7RaIP5lfZ62-fy78PuHBhjvAWLky4', '2023-07-02 13:49:02.478630'),
('cxj93hffbmlpr6oky2nymuk3vg3g6izy', '.eJxVi0sKwjAQQO-StZROJs3HpeARXIfpZEKKWsE2K-ndG6EL3b7PR0Wqa4l1kXeckjorrU6_bCS-y_wVxPyq89odpLs-aXrcWnM5kr-v0FLaBJqcNw6yMRRYCA0mzDha471GAQspOAkZ3UC-sT7zYG1GDQGZoFfbDpnwM48:1q79P4:5ylx_XmVFnYEIRtFgtwg5uFCzEaIaHZEnvnTgGfiQs8', '2023-06-22 06:45:50.533019'),
('cxoeumrydub60wqlxeapxbfdur4cqq4n', '.eJxVi70KwjAQgN8ls5S7tJc0joKP4BwulxwpagXbTOK7W6GDrt_Py0Rua41tKc84ZXM0aA6_LLFcy_wVLPJo89rtpDvfebpdtua0J39f5aVuU0H1MvpMmogdiSjo2IMNrEiKGUKgPPRWlaAAWl-gHxwwJnDEJOb9AcYbNGA:1q91I1:_OYLMJqL0l-fVor6pKoZOQWF0tYEJ7Sjn-ciIrdTO0M', '2023-06-27 10:30:17.431100'),
('cxs5a4bd1rc64jwnxr8oosgw3tda5trk', '.eJxVi0sKwjAQQO-StZROJs3HpeARXIfpZEKKWsE2K-ndG6EL3b7PR0Wqa4l1kXeckjorrU6_bCS-y_wVxPyq89odpLs-aXrcWnM5kr-v0FLaBJqcNw6yMRRYCA0mzDha471GAQspOAkZ3UC-sT7zYG1GDQGZoFfbDpnwM48:1qAXmx:jN1zfe3PE0elI3LhgDSDqzuVlwKu2ZITUTil3kbq4RU', '2023-07-01 15:24:31.711010'),
('cxu1hsr7rhx1755yb4mo3vnnmhz77n5h', '.eJxVi8sKwjAQRf8layl5Ncm4FPwE12EmmZCiVrDNSvrvjdCFri6ce85HRGxrjW3hd5yyOAvtxekXEqY7z98HU3q1eR0OMlyfOD1u3bkcyl9Xcak9IgbI6ElJW6wqiSzovnLUxFyCM1DyaACM4pxRe-28cSGAL4ZYBhbbDuoQNMY:1q6WBc:q2T9daCPoPI5GCcmjeRmuIBXzBnwnoQuzvzVdmRontk', '2023-06-20 12:53:20.371387'),
('cydpcclpeojxbfcfun725al0g1ci8z4d', '.eJxVi70OwiAQgN-F2TQHB1dxNPERnMlxQGjUmrRlMr5726SDrt_PRwVuSw1tzlMYkroo3avTL4wsjzzuhkXebVy6g3S3Fw_P-9Zcj-TvqzzXbcrIaBCiYW2ppAQOwHkDDILalrMHgB58iZGMsT5pDeIskSNCZBL1XQGunzMp:1qAXrH:wgn6MR6-Q1Jg3v1tiDtB2g9qMHeUtEPMWxx-qeh13to', '2023-07-01 15:28:59.395149'),
('cyh7sju0ta2fdhkbrxq73se4u3m39qq2', '.eJxVi0sKwjAQQO-StZROJs3HpeARXIfpZEKKWsE2K-ndG6EL3b7PR0Wqa4l1kXeckjorrU6_bCS-y_wVxPyq89odpLs-aXrcWnM5kr-v0FLaBJqcNw6yMRRYCA0mzDha471GAQspOAkZ3UC-sT7zYG1GDQGZoFfbDpnwM48:1q6mrd:3yVoYO0jOneXlBT_ASOrY7P-R5X_rMuSt2dIarPFJs0', '2023-06-21 06:41:49.371490'),
('cz7j7fy0w7fr7gzr7nwh4dyd030fee96', '.eJxVi70KwjAQgN8ls5S7tJc0joKP4BwulxwpagXbTOK7W6GDrt_Py0Rua41tKc84ZXM0aA6_LLFcy_wVLPJo89rtpDvfebpdtua0J39f5aVuU0H1MvpMmogdiSjo2IMNrEiKGUKgPPRWlaAAWl-gHxwwJnDEJOb9AcYbNGA:1qAlAM:nqBH1eJW2cOfeuqbiRO3zI4sum7BQuHHQG9jY38ICF4', '2023-07-02 05:41:34.384601'),
('czsufi4yqnijtl9tdfn1kfw6u48pme8l', '.eJxVi0sKwjAQQO-StZRM_nEpeATXYWY6IUWtYJuVeHcrdKHb93mpgn1tpS_yLNOojipodfiFhHyV-WuQ-dHnddjJcL7jdLtszWlP_r6GS9umGsEKWwMCKRICeck6ENkEWEfUFBNXDC64DKGCYeNtTl47MToZBvX-AN0dNDM:1qCDjU:H97T-znUU72DkR6WQeYMQYPcvfloAm0N4UYDrRvqAkc', '2023-07-06 06:23:52.375662'),
('d14ctk6y50lmjkjsixd2y1gjwzbli87l', '.eJxVi70KwjAQgN8ls5S7tJc0joKP4BwulxwpagXbTOK7W6GDrt_Py0Rua41tKc84ZXM0aA6_LLFcy_wVLPJo89rtpDvfebpdtua0J39f5aVuU0H1MvpMmogdiSjo2IMNrEiKGUKgPPRWlaAAWl-gHxwwJnDEJOb9AcYbNGA:1q8KHE:43kuSqnVqWziyT-u5XP-JA1Hl4zhzDiXwd-wCoTxmis', '2023-06-25 12:34:36.352480'),
('d2qux40iylb3ttyof668fpaglf1hrasu', '.eJxVi80KwjAMgN-lZxkr2drEo-AjeC5pk9ChTnDrSXx3J-yg1-_n5RK3taa26DNN4o5ucIdflrlcdf4KLuXR5rXbSXe-83S7bM1pT_6-ykvdJvQgvRgjBEHJijJYAFP1vrBRBAwDZQ5jVjIAQymgPSHGkTUSufcH2uU1NQ:1q92a3:Wl-IYgu-iCYPzzkKlW5mvp0MQ_kQ-0bo-Ombzh7fSp8', '2023-06-27 11:52:59.900147'),
('d2qwddfpty2df3m8n1qjlhv5prkx0rp7', '.eJxVi7sOwiAUht-F2TTcDlBHEx_BmfxwIDRqTWyZjO-uTTro-l1eIqKvLfalPOPE4iicEodfmJCvZd4Mcn70eR12MpzvmG6Xb3Pak7-vYWnblJgKe7LSAQQTRnj2owRppwvnWl21xgadismKwORNZajATFraJN4f9181XQ:1qBxyY:Lthk61G4SxeKz4xDWHoup9AcRQ_Rli7gMEufkIWVHqE', '2023-07-05 13:34:22.482444'),
('d3q7abp7ymkqnqdds2fgqy1xxw83zef4', '.eJxVi80KwjAMgN-lZxkr2drEo-AjeC5pk9ChTnDrSXx3J-yg1-_n5RK3taa26DNN4o5ucIdflrlcdf4KLuXR5rXbSXe-83S7bM1pT_6-ykvdJvQgvRgjBEHJijJYAFP1vrBRBAwDZQ5jVjIAQymgPSHGkTUSufcH2uU1NQ:1q8mNZ:ux-1r773NzN1pQv8uJx2X8Yk_msJ9z5xoHIrMGF4mIs', '2023-06-26 18:35:01.782507'),
('d4hblfcnvcr5c1xn7zwho5f7cvx7dlgv', '.eJxVi7sOwiAUht-F2TTcDlBHEx_BmfxwIDRqTWyZjO-uTTro-l1eIqKvLfalPOPE4iicEodfmJCvZd4Mcn70eR12MpzvmG6Xb3Pak7-vYWnblJgKe7LSAQQTRnj2owRppwvnWl21xgadismKwORNZajATFraJN4f9181XQ:1qC0uF:3AdsDhKPZitC35jvQPLAGRXtfh47JUdWi8LXZMY87oQ', '2023-07-05 16:42:07.530965'),
('d4nuu758cb4osj9qh26nhpk10s0fmmnv', '.eJxVi7sOwiAUht-F2TTcDlBHEx_BmfxwIDRqTWyZjO-uTTro-l1eIqKvLfalPOPE4iicEodfmJCvZd4Mcn70eR12MpzvmG6Xb3Pak7-vYWnblJgKe7LSAQQTRnj2owRppwvnWl21xgadismKwORNZajATFraJN4f9181XQ:1qCCtY:WukQmlbrXx-1mRR9ryRKykUYe69dow_55HLHlj0EY8I', '2023-07-06 05:30:12.406159'),
('d4pjsog4v3p27fw39g9cp000nqa9eksr', '.eJxVi80KwjAMgN-lZxkr2drEo-AjeC5pk9ChTnDrSXx3J-yg1-_n5RK3taa26DNN4o5ucIdflrlcdf4KLuXR5rXbSXe-83S7bM1pT_6-ykvdJvQgvRgjBEHJijJYAFP1vrBRBAwDZQ5jVjIAQymgPSHGkTUSufcH2uU1NQ:1q8gyU:CEbazW5TKQA7zZQi6E3z9G_0gezf94SVWv-COCAN_yE', '2023-06-26 12:48:46.280198'),
('d51jn79k1l12tkh730k23lwxb262e2z4', '.eJxVi0EOwiAQRe_C2jQdmAHq0sQjuCbDAKFRa2LLynh3MelCN3_x_nsvFbhtNbQ1P8Oc1FEBqcMvjCzXvHwfFnm0ZRt2MpzvPN8u3Tntyl9Xea090mbKwqg1at-HxINlcuCyjNYYjOgmLJAIorHFFectlCw0oscUxar3B6hnM7o:1q4Kau:AgrIE8O_Njn-4U3hvTdss0usCBKPLywluknNYFWgCsQ', '2023-06-14 12:06:24.832053'),
('d53n0fe8cw94i54qkr7l67yqakf1pvpk', '.eJxVi70OwiAQgN-F2TQHB1dxNPERnMlxQGjUmrRlMr5726SDrt_PRwVuSw1tzlMYkroo3avTL4wsjzzuhkXebVy6g3S3Fw_P-9Zcj-TvqzzXbcrIaBCiYW2ppAQOwHkDDILalrMHgB58iZGMsT5pDeIskSNCZBL1XQGunzMp:1q9mGo:5IRop1BT3hEQAWfSAskIo7GgZhRtWyjktH7_CmnzPnA', '2023-06-29 12:40:10.452687'),
('d5ap7t6rax8bj7k8bybagk5zq4flrdbp', '.eJxVizsOwjAQBe-yNYr8wVkvJRJHoLbWXluOgCAlcYW4O0ZKAeWbN_OCwG2roa15CZPACVDD4RdGTrc8fx9O6dnmbdjJcHnwdL9257wrf13ltfbIsLNazNF6rSxFK9mzIUTSxB5JikSjc7EqjcRkaBRSxFhc8n04hPcHutMz2w:1qC0sA:inyHKbuGOl20umYHdspuOocv4pXPvVXf1f36iFJ5pmg', '2023-07-05 16:39:58.326617'),
('d5l0d2roog7r1iok62o54hkbcvyogusb', '.eJxVi0sOwiAQhu_C2jQCZQCXJh7BNfmBmdCoNeljZby7NelCt9_jpRLWpaV15ikNVZ2Ui-rwCzPKjcevQSnPdVy6nXSXB4b7dWvOe_L3Ncxtm0gLiGqtCNFDF3IlC2tNkQMZiOOjhEBCvfY2G2PFSe8zF4uMGKDeH_nmNX0:1qBtax:4Qg5e3PHQomilo6hncouU0YFE1eP1mdYS5OwVSHv0Lo', '2023-07-05 08:53:43.277898'),
('d6ea37fa7kqcuf8i8to2219yvm1xejj9', '.eJxVy0EOwiAQheG7sDYNdYABlyYewTUZhk5o1Jq0ZWW8e2nShW7_972PilTXEusyzHHM6qLAqNNvTMSPYdoXYn7Xae2O0t1eND7vzVwP8vcrtJR2QgcagrWCAYKgTex9n4Omc7AsYCyioEPvnM_YZBM-mSyakXoUUN8NpZczkQ:1q7X3u:jcRlq0p2qDfXPwUs5u-eBs57fxfA8fRKP_MUA5cE7k4', '2023-06-23 08:01:34.651501'),
('d6jvwy7p4owamyvq7j2e25dk9zerd3te', '.eJxVi70OwiAQgN-F2TQHB1dxNPERnMlxQGjUmrRlMr5726SDrt_PRwVuSw1tzlMYkroo3avTL4wsjzzuhkXebVy6g3S3Fw_P-9Zcj-TvqzzXbcrIaBCiYW2ppAQOwHkDDILalrMHgB58iZGMsT5pDeIskSNCZBL1XQGunzMp:1q8h5d:1V1zzXwhaEtvZ2FJ-pS4FmqlGmc8O5K1lovcp4OmIMw', '2023-06-26 12:56:09.395783'),
('d6ujsqqek30pjkiynu7ewhg6304xzizd', '.eJxVi70KwjAQgN8ls5S7tJc0joKP4BwulxwpagXbTOK7W6GDrt_Py0Rua41tKc84ZXM0aA6_LLFcy_wVLPJo89rtpDvfebpdtua0J39f5aVuU0H1MvpMmogdiSjo2IMNrEiKGUKgPPRWlaAAWl-gHxwwJnDEJOb9AcYbNGA:1q6jPg:9W_zLF-qBmUHdH8PIbs0LhkYkAvPin6MV9liMEiQmdE', '2023-06-21 03:00:44.525703'),
('d70k8x6tvvercksy5eof97eu0wrjetud', '.eJxVi8sKwjAQRf9l1lImTZo4LoV-QtdhJg9S1AptsxL_3Qhd6O4-znmB57oXX7e0-jnCBfoBTr-jcLil5ftwCM-67N2xdOOD5_vUmOuB_HmFt9IkJQG1pcFxIEWmV4YZrWEkZ-xZNBlNTkR0q4iUcszZWtTELVF08P4Asjc0Jg:1qB6UO:kGdXIv_HAE5PO1brd2HD427Kt0GEkBbye9MfbQp6UKQ', '2023-07-03 04:27:40.853478'),
('d7n2ky9mgqmdqjwp2pg3lujtr3efx3tv', '.eJxVi0sKwjAQQO-StZROJs3HpeARXIfpZEKKWsE2K-ndG6EL3b7PR0Wqa4l1kXeckjorrU6_bCS-y_wVxPyq89odpLs-aXrcWnM5kr-v0FLaBJqcNw6yMRRYCA0mzDha471GAQspOAkZ3UC-sT7zYG1GDQGZoFfbDpnwM48:1q9AQo:FE9HYnG_WBEfTqEBhdQ311MS5TT-Yzw7kvTmvkVJ7T0', '2023-06-27 20:15:58.082524'),
('d81jxyq6z0cg9028kn1by7qd09ia6chm', '.eJxVi0sKwjAQQO-StZROJs3HpeARXIfpZEKKWsE2K-ndG6EL3b7PR0Wqa4l1kXeckjorrU6_bCS-y_wVxPyq89odpLs-aXrcWnM5kr-v0FLaBJqcNw6yMRRYCA0mzDha471GAQspOAkZ3UC-sT7zYG1GDQGZoFfbDpnwM48:1qBJWB:RPWrybxTjUolzcJYy_oey1WAR3Ri2DlPCejUA9MvEyA', '2023-07-03 18:22:23.996024'),
('d8y3bo14scv5x4d3d9oll5yx4dvyqw73', '.eJxVi0kKwjAUQO-StRS_yc_gUvAIrsMfElLUCrZZiXe3Qhe6fcPLZOpLy30uzzyqORpndr-MSa5l-goSefRpGTYynO803i5rc9qSv6_R3Nap-pCYAjgNKSQEVlCPHjHEKMqJWRUOlRCdqCaLNqLsAahGtIW8eX8AtgA0ig:1qA98c:cLRjW8fxzkikgIvJrchUa9CvMBTjW9QJqyoHZzc1J1w', '2023-06-30 13:05:14.581871'),
('d8zf887nq4c5l2804zqgxcpc33ej118s', '.eJxVi0EOwiAQRe_C2jRQKMO4NPEIrskwDKFRa2LLynh3MelCl__9914qUttqbKs845zVUY2oDr8wEV9l-T7E_GjLNuxkON9pvl26c9qVv67SWnuUJ-s0ueCT0wBIKCkICHBf1he2drJJyHFxhgG0wUIew4iM2Rcx6v0B0Ik0lw:1q9lIM:qRZCbmBSyBxiK9T3FxkdGAqWJ-o5GE_nzjrOtj5nFaA', '2023-06-29 11:37:42.968033'),
('dav87k1z9ikfzcmu8bm6vse48gfsj9fa', '.eJxVi70KwjAQgN8ls5S7tJc0joKP4BwulxwpagXbTOK7W6GDrt_Py0Rua41tKc84ZXM0aA6_LLFcy_wVLPJo89rtpDvfebpdtua0J39f5aVuU0H1MvpMmogdiSjo2IMNrEiKGUKgPPRWlaAAWl-gHxwwJnDEJOb9AcYbNGA:1qAko3:zl6rAAiP8QsaUquwQMd92apJx3rcei6OQdkH5GavTJI', '2023-07-02 05:18:31.282846'),
('dcgjsmpr6p6htj2qhp8u9m6u6y8akmw3', '.eJxVi0kKwjAUQO-StRS_yc_gUvAIrsMfElLUCrZZiXe3Qhe6fcPLZOpLy30uzzyqORpndr-MSa5l-goSefRpGTYynO803i5rc9qSv6_R3Nap-pCYAjgNKSQEVlCPHjHEKMqJWRUOlRCdqCaLNqLsAahGtIW8eX8AtgA0ig:1qBwW7:-dbdpmBFgOIg1vxLJfG9ztU1zGjK1eqsP3a05xrYWdc', '2023-07-05 12:00:55.832623'),
('ddfv9cyppr8238yxku3ntjllshmb1q5b', '.eJxVi8sKwjAQRf8laylpOnm5FPwE12FmkiFFrWCblfjvRuhC4a7OPeelEratpraWZ5qzOioT1OEXEvK1LN8HmR9t2YadDOc7zrdLd0678tdVXGuPKFqGkidBEyenIZggQRO57EocXQEkziLg0UfbF8ZMmixa0Cg2evX-AOpGNPA:1q6sJG:g6LP-4rvxX3D3b8mCp2wPwQExWHMXd4AuJnfu7LIjLk', '2023-06-21 12:30:42.487306'),
('del81x5hjqethisetbxr6gkb5itg6bst', '.eJxVi7sOwiAUht-F2TTcDlBHEx_BmfxwIDRqTWyZjO-uTTro-l1eIqKvLfalPOPE4iicEodfmJCvZd4Mcn70eR12MpzvmG6Xb3Pak7-vYWnblJgKe7LSAQQTRnj2owRppwvnWl21xgadismKwORNZajATFraJN4f9181XQ:1qC0K6:LbU1ufdzAEDkGazyfK_ZQkop1QNtbeNWBlC7djZy_kk', '2023-07-05 16:04:46.946733'),
('dfpeif7h6tigevm962wyhs57jdl1ejso', '.eJxVizsOwjAQBe-yNYr8wVkvJRJHoLbWXluOgCAlcYW4O0ZKAeWbN_OCwG2roa15CZPACVDD4RdGTrc8fx9O6dnmbdjJcHnwdL9257wrf13ltfbIsLNazNF6rSxFK9mzIUTSxB5JikSjc7EqjcRkaBRSxFhc8n04hPcHutMz2w:1qC0Hg:6Fpl-McH79np2ImQpcoVLlyEUj5FoPGu-MF0VldDJss', '2023-07-05 16:02:16.630991'),
('dgmwios265thf5iec99yldtu6368plhr', '.eJxVi0sKwjAQQO-StZROJs3HpeARXIfpZEKKWsE2K-ndG6EL3b7PR0Wqa4l1kXeckjorrU6_bCS-y_wVxPyq89odpLs-aXrcWnM5kr-v0FLaBJqcNw6yMRRYCA0mzDha471GAQspOAkZ3UC-sT7zYG1GDQGZoFfbDpnwM48:1q4KG7:UXS9C8QUw5ZVTQwc-9fiHnZiFU7XzLqg2AESnSNLkwY', '2023-06-14 11:44:55.071379'),
('dh7sb5ftc4t3mq0oygimiygbh7u8g2wx', '.eJxVi8sKwjAQRf8laylpOnm5FPwE12FmkiFFrWCblfjvRuhC4a7OPeelEratpraWZ5qzOioT1OEXEvK1LN8HmR9t2YadDOc7zrdLd0678tdVXGuPKFqGkidBEyenIZggQRO57EocXQEkziLg0UfbF8ZMmixa0Cg2evX-AOpGNPA:1qAQXW:ogqzMWI34UuLaSc5G7G8GGr2NCIpxIHqyXjccGgPbLs', '2023-07-01 07:40:06.752353'),
('dha4id1jxvyp8d6juuc7c8q7c9htfbsf', '.eJxVi0sKwjAQhu-StRQzpn9bl4JHcB0mMxNa1Aq2WYl3N0IXuv0eLxe5rGMsiz3jpO7o4Ha_LLFcbf4KFnmUeW020pzvPN0utTltyd838jLWqUdmGDFlT0mDgrwE2zOZQBFAOYgKYFWztUktkfadH_IBA7rWvT_ZzTUz:1qA8RH:Bc0msYjokIiLLOpVFzcDTUWtNJVOEIjHpjvsx4Onorw', '2023-06-30 12:20:27.776079'),
('dhrnxnmajuumrxvlo1pugsbycqrsngcx', '.eJxVi70KwjAQgN8ls5S7tJc0joKP4BwulxwpagXbTOK7W6GDrt_Py0Rua41tKc84ZXM0aA6_LLFcy_wVLPJo89rtpDvfebpdtua0J39f5aVuU0H1MvpMmogdiSjo2IMNrEiKGUKgPPRWlaAAWl-gHxwwJnDEJOb9AcYbNGA:1q6Ryb:8URvT49M4gQyzAmK2rGe4ZWEHkbx-jaoB2Hrg0Nsq0c', '2023-06-20 08:23:37.080381');
INSERT INTO `django_session` (`session_key`, `session_data`, `expire_date`) VALUES
('di2ri1rnhnhjymmotirjvaep19u8chu7', '.eJxVi8sKwjAUBf8laylpcpM2LgU_wXW4r5KiVrDNSvx3I3ShZzkz52Uy1q3kuuozz2KOpk_m8AsJ-arL1yDzoy5bt5PufMf5dmnNaU_-fgXX0k4ORj8msMKMoOQj9wTOk5NIoY2cnyCoDaoy2eAHELIuNjtIshrN-wPTsTSc:1q8mrR:p-4nUmcSMiRozVhbqfKe-7t3NDcaoRauf45MNypat54', '2023-06-26 19:05:53.244052'),
('di8j4jife7kc7nc9zj79hlqo2ig5jred', '.eJxVi7sOwiAUht-F2TTcDlBHEx_BmfxwIDRqTWyZjO-uTTro-l1eIqKvLfalPOPE4iicEodfmJCvZd4Mcn70eR12MpzvmG6Xb3Pak7-vYWnblJgKe7LSAQQTRnj2owRppwvnWl21xgadismKwORNZajATFraJN4f9181XQ:1qByPN:eoSkMHhzo0RH2XJRtauMIjAJL9w4rvBmnmHOX-7eN3I', '2023-07-05 14:02:05.302239'),
('diu62c9kthpgm1d6zxeengakcc01ixrr', '.eJxVi8sKwjAQRf8laylpOnm5FPwE12FmkiFFrWCblfjvRuhC4a7OPeelEratpraWZ5qzOioT1OEXEvK1LN8HmR9t2YadDOc7zrdLd0678tdVXGuPKFqGkidBEyenIZggQRO57EocXQEkziLg0UfbF8ZMmixa0Cg2evX-AOpGNPA:1q6sH8:hrZFGM8LEL-UiALPm773sHJLbVxxWBo1NsyuniCRGAA', '2023-06-21 12:28:30.889364'),
('dkkeay4fsnx5qa0ltm93d1cyw3zixzfz', '.eJxVi0EOwiAQRe_C2jRQKMO4NPEIrskwDKFRa2LLynh3MelCl__9914qUttqbKs845zVUY2oDr8wEV9l-T7E_GjLNuxkON9pvl26c9qVv67SWnuUJ-s0ueCT0wBIKCkICHBf1he2drJJyHFxhgG0wUIew4iM2Rcx6v0B0Ik0lw:1q6jXe:1MunP5kziIrGVSE4ltsXWs6SXmmUQL2Thf0_Z_26lFs', '2023-06-21 03:08:58.310791'),
('dl6zgsjvbq2qn44jkgicwzbxbe6uoze2', '.eJxVi0kKwjAUQO-StRS_yc_gUvAIrsMfElLUCrZZiXe3Qhe6fcPLZOpLy30uzzyqORpndr-MSa5l-goSefRpGTYynO803i5rc9qSv6_R3Nap-pCYAjgNKSQEVlCPHjHEKMqJWRUOlRCdqCaLNqLsAahGtIW8eX8AtgA0ig:1qA9pg:jdjX2ItU60gAsdd4cIBcK_rjY4amCSA2i2y9CiWAmBY', '2023-06-30 13:49:44.375548'),
('dlloef6nemjk8n1egs5f99eqi9zm2rg7', '.eJxVi7sOwiAUht-F2TTcDlBHEx_BmfxwIDRqTWyZjO-uTTro-l1eIqKvLfalPOPE4iicEodfmJCvZd4Mcn70eR12MpzvmG6Xb3Pak7-vYWnblJgKe7LSAQQTRnj2owRppwvnWl21xgadismKwORNZajATFraJN4f9181XQ:1qCBY0:62LFgO0OeFMkgPJRmfB4y7bfEL9bVgN6QaI30y2c-OU', '2023-07-06 04:03:52.054178'),
('dn8tpn58rw9kwamd2sjyd5ol55blwmls', '.eJxVi70KwjAQgN8ls5S7tJc0joKP4BwulxwpagXbTOK7W6GDrt_Py0Rua41tKc84ZXM0aA6_LLFcy_wVLPJo89rtpDvfebpdtua0J39f5aVuU0H1MvpMmogdiSjo2IMNrEiKGUKgPPRWlaAAWl-gHxwwJnDEJOb9AcYbNGA:1q6QVG:p__oSYKcu4DRoL72ctiyMEyf4oKj5GYqUqvAgHyGRmE', '2023-06-20 06:49:14.410195'),
('dnnzx2ddlucl00je44vz2fs8zu2xvrvl', '.eJxVi8sKwjAQRf8laylpOnm5FPwE12FmkiFFrWCblfjvRuhC4a7OPeelEratpraWZ5qzOioT1OEXEvK1LN8HmR9t2YadDOc7zrdLd0678tdVXGuPKFqGkidBEyenIZggQRO57EocXQEkziLg0UfbF8ZMmixa0Cg2evX-AOpGNPA:1q6jT1:uVBckvX8tXxZrudcV3eLizRCDdAXGYflEJtz9PALBuo', '2023-06-21 03:04:11.060031'),
('dnpnf4bqylg0drdjyqguphl45h93swtr', '.eJxVi0kKwjAUQO-StRS_yc_gUvAIrsMfElLUCrZZiXe3Qhe6fcPLZOpLy30uzzyqORpndr-MSa5l-goSefRpGTYynO803i5rc9qSv6_R3Nap-pCYAjgNKSQEVlCPHjHEKMqJWRUOlRCdqCaLNqLsAahGtIW8eX8AtgA0ig:1qBJVz:SauUir98ze619JfcAgg1nEslbTfX8MKD5fyWHsp9Cns', '2023-07-03 18:22:11.494582'),
('dp2z48l4mltcmh00e1n81w9ymlmbrs55', '.eJxVi70KwjAQgN8ls5S7tJc0joKP4BwulxwpagXbTOK7W6GDrt_Py0Rua41tKc84ZXM0aA6_LLFcy_wVLPJo89rtpDvfebpdtua0J39f5aVuU0H1MvpMmogdiSjo2IMNrEiKGUKgPPRWlaAAWl-gHxwwJnDEJOb9AcYbNGA:1qAPIM:eZ8NQ-jEfMX195hEsFo4sC5lDzMXcbFPS0xZEgq856U', '2023-07-01 06:20:22.563049'),
('dpdf98dbekyxpp4akfnab6aeqslnwxkw', '.eJxVi0kKwjAUQO-StRS_yc_gUvAIrsMfElLUCrZZiXe3Qhe6fcPLZOpLy30uzzyqORpndr-MSa5l-goSefRpGTYynO803i5rc9qSv6_R3Nap-pCYAjgNKSQEVlCPHjHEKMqJWRUOlRCdqCaLNqLsAahGtIW8eX8AtgA0ig:1qBYGx:iIp9-oA-PyZfrq3tgGF4Es3352cO4VeUnbMdtLZBDuM', '2023-07-04 10:07:39.886729'),
('dqfpolhg5wqn0h542yiry4ksy90n2f2i', '.eJxVi0sKwjAQhu-StRQzpn9bl4JHcB0mMxNa1Aq2WYl3N0IXuv0eLxe5rGMsiz3jpO7o4Ha_LLFcbf4KFnmUeW020pzvPN0utTltyd838jLWqUdmGDFlT0mDgrwE2zOZQBFAOYgKYFWztUktkfadH_IBA7rWvT_ZzTUz:1q8gQa:bI1fi_WMrdy6YP_sxQgB13fOVuan5DCcfW3y_HdR8Ws', '2023-06-26 12:13:44.358044'),
('drgxngwfde031sdazh1bizbxst2at3m4', '.eJxVi0sKwjAQQO-StZROJs3HpeARXIfpZEKKWsE2K-ndG6EL3b7PR0Wqa4l1kXeckjorrU6_bCS-y_wVxPyq89odpLs-aXrcWnM5kr-v0FLaBJqcNw6yMRRYCA0mzDha471GAQspOAkZ3UC-sT7zYG1GDQGZoFfbDpnwM48:1q6TvG:v7Kiy6FCUsGbPK8NmcxNZdz6Kf907XccBa5vQ7Fax08', '2023-06-20 10:28:18.496116'),
('dszq7frfwp83qs3nmama3zb6mk6ga9xf', '.eJxVi0sKwjAQQO-StZROJs3HpeARXIfpZEKKWsE2K-ndG6EL3b7PR0Wqa4l1kXeckjorrU6_bCS-y_wVxPyq89odpLs-aXrcWnM5kr-v0FLaBJqcNw6yMRRYCA0mzDha471GAQspOAkZ3UC-sT7zYG1GDQGZoFfbDpnwM48:1q6mts:NKDHDazU39Zi3PuJ_hxpyVBKkdEi-R94MBZAIppqMzg', '2023-06-21 06:44:08.187841'),
('dt1s74q5ck8cp8l6mb6pzrtnue1fwcak', '.eJxVizsOwjAQBe_iGkXOxusPJRJHoLZ210aOgCAlcYW4exwpBbxy3sxHRapriXXJcxyTOitAdfqFTPLI0_6QyLtOa3eQ7vqi8XlrzuVQ_rpCS2mRI0jBBcA7gLbsg6Q2Z4j9oJk9a6MNcs7I1GvpUWwYPAYWMATWqO8G3iM0mg:1qBssM:hvoZKlmsqxodeGPJQe1C4OcAjqiszD_YDS8aKDCCX7Q', '2023-07-05 08:07:38.774837'),
('dvhrzeu2cjpfrszzr9476qy74b9c09rz', '.eJxVi0sKwjAQQO-StZROJs3HpeARXIfpZEKKWsE2K-ndG6EL3b7PR0Wqa4l1kXeckjorrU6_bCS-y_wVxPyq89odpLs-aXrcWnM5kr-v0FLaBJqcNw6yMRRYCA0mzDha471GAQspOAkZ3UC-sT7zYG1GDQGZoFfbDpnwM48:1qBwwX:SyLJR9Zpuo17kMVp_vtjJlh6gK7XZDFp4RERprxqgYM', '2023-07-05 12:28:13.773854'),
('dvkb0arlwoh3hclb896in7fcj4ttjiec', '.eJxVi70KwjAQgN8ls5TcpTlyjoKP4ByuyYUUtYJtJvHdjdBB1-_nZaK0rca26jPO2RwNenP4hZOkqy5fIyk92rINOxnOd5lvl96c9uTvq7LWPtGkpIWZbUgcAChDKjlIQVVHXjOQG4msx2IDI6L1MHZYPATK1pn3B9XLM8Y:1q92zi:hwTsg9wayHX0gAyLNbZ_9fYG3CXPfkRQGPqVRxmT1A0', '2023-06-27 12:19:30.086014'),
('dvqgsmcv6wkiduph0kwg8x1adbcfqtb8', '.eJxVi70OwiAQgN-F2TQHB1dxNPERnMlxQGjUmrRlMr5726SDrt_PRwVuSw1tzlMYkroo3avTL4wsjzzuhkXebVy6g3S3Fw_P-9Zcj-TvqzzXbcrIaBCiYW2ppAQOwHkDDILalrMHgB58iZGMsT5pDeIskSNCZBL1XQGunzMp:1qBeHj:K2p67rnbEydQIr3fe4oPVx93A5IGrtd5zo_iRC0Rwl8', '2023-07-04 16:32:51.643236'),
('dwd0yjqwr4jo0w3sh0iaayq09vlnd8m1', '.eJxVi70KwjAQgN8ls5Qk10t6joKP4BzuLikpagXbTuK7G6GDrt_PyyTe1pq2pTzTlM3RDM4cfqGwXsv8Naz62Oa120l3vvN0u7TmtCd_X-WltklhcEDgEdQzkeaRbZQYMGLOImijks2xYD-yYoC-pU4gAIknKtG8P81RNCU:1qCEUq:WJX-DpWycbViwn4mSF_HqOI85A0GWwfXhyb0sm_BAAw', '2023-07-06 07:12:48.976387'),
('dwt3pqbtjhqyvrmemnk2jnflgay5psrp', '.eJxVi0kKwjAUQO-StRS_yc_gUvAIrsMfElLUCrZZiXe3Qhe6fcPLZOpLy30uzzyqORpndr-MSa5l-goSefRpGTYynO803i5rc9qSv6_R3Nap-pCYAjgNKSQEVlCPHjHEKMqJWRUOlRCdqCaLNqLsAahGtIW8eX8AtgA0ig:1qBwOj:EiI98zCQeZ6WXIYMx97EueE5fNQIjdonWrj95FC4wC4', '2023-07-05 11:53:17.397794'),
('dx5f5jywe0jkce9ctp2e5xbq0x1iwtvm', '.eJxVi70KwjAQgN8ls5S7tJc0joKP4BwulxwpagXbTOK7W6GDrt_Py0Rua41tKc84ZXM0aA6_LLFcy_wVLPJo89rtpDvfebpdtua0J39f5aVuU0H1MvpMmogdiSjo2IMNrEiKGUKgPPRWlaAAWl-gHxwwJnDEJOb9AcYbNGA:1q3ov8:y9cArpgqMs_l8JGpMATlw-naPHVIrxm6bkacOYbTn3k', '2023-06-13 02:17:10.342105'),
('dy8gmt6kgqaq9rv8agex4azmlzk2uihh', '.eJxVi0sKwjAQQO-StZRM_nEpeATXYWY6IUWtYJuVeHcrdKHb93mpgn1tpS_yLNOojipodfiFhHyV-WuQ-dHnddjJcL7jdLtszWlP_r6GS9umGsEKWwMCKRICeck6ENkEWEfUFBNXDC64DKGCYeNtTl47MToZBvX-AN0dNDM:1qC1Qt:Ym91jeW98-PuKUsLt6oOq5icnA1xWg31Mw3_oEyi8V4', '2023-07-05 17:15:51.577735'),
('dyci23py4tjzb16ulg2euyjzs88ae4w6', '.eJxVi70OwiAQgN-F2TQHB1dxNPERnMlxQGjUmrRlMr5726SDrt_PRwVuSw1tzlMYkroo3avTL4wsjzzuhkXebVy6g3S3Fw_P-9Zcj-TvqzzXbcrIaBCiYW2ppAQOwHkDDILalrMHgB58iZGMsT5pDeIskSNCZBL1XQGunzMp:1q8glE:BJyddft6d6VYdI60wqMaYB5y_J_iEOBivMQzTnEkcng', '2023-06-26 12:35:04.305179'),
('dyldnppt0mu8fnk6adiifpq71y26x64i', '.eJxVi0EOwiAQRe_C2jRQKMO4NPEIrskwDKFRa2LLynh3MelCl__9914qUttqbKs845zVUY2oDr8wEV9l-T7E_GjLNuxkON9pvl26c9qVv67SWnuUJ-s0ueCT0wBIKCkICHBf1he2drJJyHFxhgG0wUIew4iM2Rcx6v0B0Ik0lw:1q8eu4:Loe0zK5XP9fa5A8ccmPkUed3iTdgCZyTa3ov6uDkf8A', '2023-06-26 10:36:04.999958'),
('dzwi9memp7am95asb1lnrr1wjdbtg7f2', '.eJxVi70KwjAQgN8ls5Qk10t6joKP4BzuLikpagXbTuK7G6GDrt_PyyTe1pq2pTzTlM3RDM4cfqGwXsv8Naz62Oa120l3vvN0u7TmtCd_X-WltklhcEDgEdQzkeaRbZQYMGLOImijks2xYD-yYoC-pU4gAIknKtG8P81RNCU:1qCD94:PBakNNifJPbsIcVLjP0uL-PVrnsCuozGawLFn6Benvg', '2023-07-06 05:46:14.339105'),
('e04j4yi98epvpmjh2iplhi10g1f5pto8', '.eJxVi0sKwjAQQO-StZRM_nEpeATXYWY6IUWtYJuVeHcrdKHb93mpgn1tpS_yLNOojipodfiFhHyV-WuQ-dHnddjJcL7jdLtszWlP_r6GS9umGsEKWwMCKRICeck6ENkEWEfUFBNXDC64DKGCYeNtTl47MToZBvX-AN0dNDM:1qC1nN:qPL2MjI0Abz0JHlDco_g6F6SsyLq04SfS8Fm_pFFiYA', '2023-07-05 17:39:05.690869'),
('e1q8qkk5kx9mprerkk0jqyt09jq787sm', '.eJxVi70KwjAQgN_lZilJc7kLjoKP4BwuyYUUtYJtJvHdrdBB1-_nBVH62mJf9BmnAkdgOPyyJPmq81dIzo8-r8NOhvNdpttla0578vc1Wdo2qXdV1fOoaDyyY0y1JGvElsQkjBoseUfBKYY6JipIEmp2hgVz9fD-ALeQNH4:1q91GT:c4lZSZ2127SYRTGyRMnyCW83DIE6AJDCKSACry35iRE', '2023-06-27 10:28:41.562713'),
('e26iracnw0ydyanv2n4pwgyms018vzv6', '.eJxVi70KwjAQgN_lZilJc7kLjoKP4BwuyYUUtYJtJvHdrdBB1-_nBVH62mJf9BmnAkdgOPyyJPmq81dIzo8-r8NOhvNdpttla0578vc1Wdo2qXdV1fOoaDyyY0y1JGvElsQkjBoseUfBKYY6JipIEmp2hgVz9fD-ALeQNH4:1q9yrl:F_sGJvrGnXYXU_c9xGjzXT6ujutLbUqPJyCKLMqmA9o', '2023-06-30 02:07:09.950745'),
('e38lbhut68nx68i9ncnsmb7sepgix72h', '.eJxVi0sKwjAQQO-StZROJs3HpeARXIfpZEKKWsE2K-ndG6EL3b7PR0Wqa4l1kXeckjorrU6_bCS-y_wVxPyq89odpLs-aXrcWnM5kr-v0FLaBJqcNw6yMRRYCA0mzDha471GAQspOAkZ3UC-sT7zYG1GDQGZoFfbDpnwM48:1qBso4:22Y6PIcuO9W_tVWCj50zILERmseFNFGBC4Wan2MveD4', '2023-07-05 08:03:12.877806'),
('e4qikm32mpi21prcyt8nr1dbc5c1inh5', '.eJxVi70KwjAQgN_lZilJc7kLjoKP4BwuyYUUtYJtJvHdrdBB1-_nBVH62mJf9BmnAkdgOPyyJPmq81dIzo8-r8NOhvNdpttla0578vc1Wdo2qXdV1fOoaDyyY0y1JGvElsQkjBoseUfBKYY6JipIEmp2hgVz9fD-ALeQNH4:1q92zo:xhML9s1Q9yuYotUZJuKn98FmDvt1o2R9l4C__HRx05Y', '2023-06-27 12:19:36.505536'),
('e5zssk8g3g8a0qq6f7xt2p9g6ghq9ug9', '.eJxVi70KwjAQgN_lZilJc7kLjoKP4BwuyYUUtYJtJvHdrdBB1-_nBVH62mJf9BmnAkdgOPyyJPmq81dIzo8-r8NOhvNdpttla0578vc1Wdo2qXdV1fOoaDyyY0y1JGvElsQkjBoseUfBKYY6JipIEmp2hgVz9fD-ALeQNH4:1qA9Vo:9fS-pmEUzB8wjJMt8GT5IHPacuaLoVlhFlyVAz354pQ', '2023-06-30 13:29:12.810000'),
('e6f7wja1dmivdfltsg6zxy7glot9dmyz', '.eJxVi70OwiAQgN-F2TQHB1dxNPERnMlxQGjUmrRlMr5726SDrt_PRwVuSw1tzlMYkroo3avTL4wsjzzuhkXebVy6g3S3Fw_P-9Zcj-TvqzzXbcrIaBCiYW2ppAQOwHkDDILalrMHgB58iZGMsT5pDeIskSNCZBL1XQGunzMp:1qBpfD:_ZgDLwD-WsxS2xJj2FEou7m3vop3UvShJAue0MOlmz0', '2023-07-05 04:41:51.836361'),
('e6l28zrutlhacawcu1ynx7ygvr09ldmt', '.eJxVi0sKwjAQQO-StZROJs3HpeARXIfpZEKKWsE2K-ndG6EL3b7PR0Wqa4l1kXeckjorrU6_bCS-y_wVxPyq89odpLs-aXrcWnM5kr-v0FLaBJqcNw6yMRRYCA0mzDha471GAQspOAkZ3UC-sT7zYG1GDQGZoFfbDpnwM48:1q8ekc:_2KFoRwrXTty7L64-qPOpRVqPxgXmKtzIhC14qfznng', '2023-06-26 10:26:18.397659'),
('e7q9jggpcznud4u9wew2pmkqguizgzrc', '.eJxVi80KwjAMgN-lZxkr2drEo-AjeC5pk9ChTnDrSXx3J-yg1-_n5RK3taa26DNN4o5ucIdflrlcdf4KLuXR5rXbSXe-83S7bM1pT_6-ykvdJvQgvRgjBEHJijJYAFP1vrBRBAwDZQ5jVjIAQymgPSHGkTUSufcH2uU1NQ:1q8en1:HJ_2W-w5czcwSxWRc7G06RiQXtVrRi2FgCL3HCfJDg4', '2023-06-26 10:28:47.164411'),
('e7xu6wqni4uadfom6z2sz13vewtht8bk', '.eJxVi0sKwjAQhu-StZQ8pjVxKXgE12Em-UOKWqFtVuLdrdCFbr_HS0Vua41twRzHrE6K1OGXCacbpq_glJ5tWruddJcHj_fr1pz35O-rvNRtyvBERvdmKOQMC4AeJYTC1kMSiLO1WsoR7B0gWtOgIZSSdU4C1PsD3K01sg:1q3vGT:Su0dhhn5S4Cy4Z0UQEE7sYWZBGkvOwL3S0-jeZUjXck', '2023-06-13 09:03:37.377337'),
('e845xzaxropl6y8woeo8ycw80ismt8j6', '.eJxVi0sKwjAQhu-StRQmdSZTl4JHcB3-jAkpagXbrMS7W6EL3X6Pl4toS41tzs84XtzBsbrdL0ywa56-BmaPNi3dRrrTHePtvDbHLfn7Kua6TgoEEbCwkPTMVHhPgYIqpaIC6cEpJB18YEIy8Z6pLwU2WCHJ7v0BrRcz-A:1qBu2o:H0ud--6a8mO9qupqmdT_3wBU4VryyHCLdzheB_HNGT8', '2023-07-05 09:22:30.604852'),
('e87dhszrola0wrc8yniwdqhwragcfiop', '.eJxVi0sKwjAQQO-StZROJs3HpeARXIfpZEKKWsE2K-ndG6EL3b7PR0Wqa4l1kXeckjorrU6_bCS-y_wVxPyq89odpLs-aXrcWnM5kr-v0FLaBJqcNw6yMRRYCA0mzDha471GAQspOAkZ3UC-sT7zYG1GDQGZoFfbDpnwM48:1q6Ejn:j2VeJmaxmo-dd9w3_RT4BX0SpKO6V2HpWZiNoNg8Kss', '2023-06-19 18:15:27.860996'),
('e8akf2ayct0s7ripjagq6qpankrpbyk0', '.eJxVi0EKwjAQRe-StZRMmkxSl4JHcB0mkwkpagXbrMS7G6ELXX14_72XitS2GtsqzzhndVRo1OEXJuKrLN-HmB9t2YadDOc7zbdLd0678tdVWmuPtACA01MoTkYxbhpTloTFcvHAjJitDim5jH0IMrI2oCV4KsWz9er9Ad0LNQA:1qCAud:TPHkiLlg1Mjl_Qm3zS8jZ7iIwPcTxQxYh4zyvOZJpj0', '2023-07-06 03:23:11.376384'),
('e98b8weg712kreijvfsvz5msz37te0xf', '.eJxVi7sOwiAUht-F2TTcDlBHEx_BmfxwIDRqTWyZjO-uTTro-l1eIqKvLfalPOPE4iicEodfmJCvZd4Mcn70eR12MpzvmG6Xb3Pak7-vYWnblJgKe7LSAQQTRnj2owRppwvnWl21xgadismKwORNZajATFraJN4f9181XQ:1qC164:IIiMrOktKj9D0C_hDPOzjr3iD8lwbq1RwMyt84cLHH4', '2023-07-05 16:54:20.104793'),
('e9hmecln83bwgjds7r35fn4zy1ea3jmh', '.eJxVi0kKwjAUQO-StZT6883gUvAIrsMfElLUCrZZiXc3Qhe6fcPLJGprTW3JzzSpORoAs_uFTHLN89eQyKPN67CR4Xyn6XbpzWlL_r5KS-3T6EVyGbGUHCyiPTAyqYpjzi46BfbAWUPBvY_ERXyAYmPsg5IimPcHEHM2NA:1q5jaG:ds1wPVTaxmpSE_VLatXdH2R51VVsiH9xKcDsqq833Q4', '2023-06-18 08:59:32.401513'),
('e9pn3uojwmrzdnidsac6v21kfeqtthpd', '.eJxVizsOwjAQBe_iGkXOxusPJRJHoLZ210aOgCAlcYW4exwpBbxy3sxHRapriXXJcxyTOitAdfqFTPLI0_6QyLtOa3eQ7vqi8XlrzuVQ_rpCS2mRI0jBBcA7gLbsg6Q2Z4j9oJk9a6MNcs7I1GvpUWwYPAYWMATWqO8G3iM0mg:1qBwRe:MXp7eRL3LVJQohcXV0G1jiMRx4FuoHXlq--OIgCG_d4', '2023-07-05 11:56:18.087427'),
('ec9ozx51z0wj9dzb9s7h9n3eqj9261uc', '.eJxVi7sOwiAUht-F2TTcDlBHEx_BmfxwIDRqTWyZjO-uTTro-l1eIqKvLfalPOPE4iicEodfmJCvZd4Mcn70eR12MpzvmG6Xb3Pak7-vYWnblJgKe7LSAQQTRnj2owRppwvnWl21xgadismKwORNZajATFraJN4f9181XQ:1qC3gI:rB5GBQvnU2Uy9QrZLH6wDCkB6QPISeAZ_OP_mEjN0S0', '2023-07-05 19:39:54.526680'),
('eco5mp102cok3rj8bdhmjvtgg3h1npp1', '.eJxVi0sKwjAQQO-StZROJs3HpeARXIfpZEKKWsE2K-ndG6EL3b7PR0Wqa4l1kXeckjorrU6_bCS-y_wVxPyq89odpLs-aXrcWnM5kr-v0FLaBJqcNw6yMRRYCA0mzDha471GAQspOAkZ3UC-sT7zYG1GDQGZoFfbDpnwM48:1qAY4G:qzgv0taDZGIDQGyvuQSnQjOLCKz_Eo6xojSoOvyDJ2g', '2023-07-01 15:42:24.505735'),
('ee6cnx7ol709lvjw0vyoe2lwv20z540e', '.eJxVi70OwiAQgN-F2TQHB1dxNPERnMlxQGjUmrRlMr5726SDrt_PRwVuSw1tzlMYkroo3avTL4wsjzzuhkXebVy6g3S3Fw_P-9Zcj-TvqzzXbcrIaBCiYW2ppAQOwHkDDILalrMHgB58iZGMsT5pDeIskSNCZBL1XQGunzMp:1q90pV:8dW7LkmkYzxh1SZZN16d5Vz4Dfm62H-3_HPNuTnBY78', '2023-06-27 10:00:49.508136'),
('efpob5tav5uwwx3orbqlv141bbvcjwt0', '.eJxVi70OwiAQgN-F2TQHB1dxNPERnMlxQGjUmrRlMr5726SDrt_PRwVuSw1tzlMYkroo3avTL4wsjzzuhkXebVy6g3S3Fw_P-9Zcj-TvqzzXbcrIaBCiYW2ppAQOwHkDDILalrMHgB58iZGMsT5pDeIskSNCZBL1XQGunzMp:1q6SWq:n99h3VWuhSl25aCOmYkLp2V6GDWOXfzPQd9CC1OX--o', '2023-06-20 08:59:00.465365'),
('efruaoot9k074chqvwhuk1djan4lh0mg', '.eJxVi0sKwjAQQO-StZROJs3HpeARXIfpZEKKWsE2K-ndG6EL3b7PR0Wqa4l1kXeckjorrU6_bCS-y_wVxPyq89odpLs-aXrcWnM5kr-v0FLaBJqcNw6yMRRYCA0mzDha471GAQspOAkZ3UC-sT7zYG1GDQGZoFfbDpnwM48:1qAXUt:WAgTRNv8xtvmitVvx6cDOtdGYrUxpi_g43jSP8HTj60', '2023-07-01 15:05:51.010722'),
('eg1j0kvbld3inuwgvngeqx0i3fvhv0rl', '.eJxVi0sKwjAQQO-StZROJs3HpeARXIfpZEKKWsE2K-ndG6EL3b7PR0Wqa4l1kXeckjorrU6_bCS-y_wVxPyq89odpLs-aXrcWnM5kr-v0FLaBJqcNw6yMRRYCA0mzDha471GAQspOAkZ3UC-sT7zYG1GDQGZoFfbDpnwM48:1q6EwH:DIdt9kkEBVbG4OEFSBVkLoMziCD08pBOBSg619XC87A', '2023-06-19 18:28:21.464376'),
('egi9dd58opqojinwla29mr3uq0dpelqg', '.eJxVi0kKwjAUQO-StRS_yc_gUvAIrsMfElLUCrZZiXe3Qhe6fcPLZOpLy30uzzyqORpndr-MSa5l-goSefRpGTYynO803i5rc9qSv6_R3Nap-pCYAjgNKSQEVlCPHjHEKMqJWRUOlRCdqCaLNqLsAahGtIW8eX8AtgA0ig:1qA59m:DTDax4vP20kmIUhFEGtRABLNgk5XVXtWyEws1zD62es', '2023-06-30 08:50:10.982004'),
('eiwllmy13o4d3cblnoxx1bhuvqioyit1', '.eJxVi0EOwiAQRe_C2jRQKMO4NPEIrskwDKFRa2LLynh3MelCl__9914qUttqbKs845zVUY2oDr8wEV9l-T7E_GjLNuxkON9pvl26c9qVv67SWnuUJ-s0ueCT0wBIKCkICHBf1he2drJJyHFxhgG0wUIew4iM2Rcx6v0B0Ik0lw:1q8dp7:0SlPfgI--Ka8dIMXvG6OEko4iEKMtLqDWsS6LTh0374', '2023-06-26 09:26:53.979055'),
('ej9f4i0lghkdxkrqyts5t6aslxxfto0s', '.eJxVi70KwjAQgN8ls5S7tJc0joKP4BwulxwpagXbTOK7W6GDrt_Py0Rua41tKc84ZXM0aA6_LLFcy_wVLPJo89rtpDvfebpdtua0J39f5aVuU0H1MvpMmogdiSjo2IMNrEiKGUKgPPRWlaAAWl-gHxwwJnDEJOb9AcYbNGA:1q4FqD:J3Ll1rgdiJAuASsufMQv-V6-cSL3iOXGRyoYCV8mxl0', '2023-06-14 07:01:53.376970'),
('ejcux2m3yok231fhnl9pyt7emn9jmbey', '.eJxVi0sKwjAQQO-StZROPibjUvAIrsNkkiFFrdA2K_HubaEL3b7PR0VqS41tLlMcsroo49TpFybiRxl3Q8zvNi7dQbrbi4bnfWuuR_L3VZrrNnljCKgHkBTQ65QZrT8jO07i2WqyKGJJKFASAMha616cD8ZlxJLVdwXilTUK:1q8g4e:dn2-JGXVnZ4WKICQEJa_sFbxvoDK8YspsNulBJKfGJw', '2023-06-26 11:51:04.775371'),
('ejhnolfivig05m95searmzyb87tq8bdz', '.eJxVi0kKwjAUQO-StRS_yc_gUvAIrsMfElLUCrZZiXe3Qhe6fcPLZOpLy30uzzyqORpndr-MSa5l-goSefRpGTYynO803i5rc9qSv6_R3Nap-pCYAjgNKSQEVlCPHjHEKMqJWRUOlRCdqCaLNqLsAahGtIW8eX8AtgA0ig:1qAXvs:nTNb-z3es-ExivaM4NJvr6531OPkbCtrnQgsl4dTbLo', '2023-07-01 15:33:44.657525'),
('ejjlpk99irpuh7zs8bvltq1m4zeqovnw', '.eJxVi70KwjAQgN8ls5S7tJc0joKP4BwulxwpagXbTOK7W6GDrt_Py0Rua41tKc84ZXM0aA6_LLFcy_wVLPJo89rtpDvfebpdtua0J39f5aVuU0H1MvpMmogdiSjo2IMNrEiKGUKgPPRWlaAAWl-gHxwwJnDEJOb9AcYbNGA:1q8xjn:zURh9iMyrYrCObyAj91G2Qr4dwBMfhUBroeKTal5ano', '2023-06-27 06:42:43.981071'),
('ejlclzzmmdqpxn0hsmbnws43k3zamix1', '.eJxVi70OwiAQgN-F2TQHB1dxNPERnMlxQGjUmrRlMr5726SDrt_PRwVuSw1tzlMYkroo3avTL4wsjzzuhkXebVy6g3S3Fw_P-9Zcj-TvqzzXbcrIaBCiYW2ppAQOwHkDDILalrMHgB58iZGMsT5pDeIskSNCZBL1XQGunzMp:1qAXzt:yojqJ4HhsNPbrAZFTu51fcnqG8KmYE0yHWUoaCuCK4g', '2023-07-01 15:37:53.901689'),
('ek3yury38nhu6vwfu03clo3qhoh9kwhp', '.eJxVi70OwiAQgN-F2TQHB1dxNPERnMlxQGjUmrRlMr5726SDrt_PRwVuSw1tzlMYkroo3avTL4wsjzzuhkXebVy6g3S3Fw_P-9Zcj-TvqzzXbcrIaBCiYW2ppAQOwHkDDILalrMHgB58iZGMsT5pDeIskSNCZBL1XQGunzMp:1q7X29:WIQPzMkoSqX_Gq8LF8-v_aYVMKlUe1pQ5mAM4Bn8Un0', '2023-06-23 07:59:45.790828'),
('ekv7ho961o5h926kyannkjylmaujx88z', '.eJxVi0sKwjAQQO8yaylO_nEpeATXYTKTkKJWaJuVeHcrdKHb93lBor621Jcyp1HgBBjh8Asz8a1MX0PMzz6tw06Gy4PG-3Vrznvy9zVa2jZZIW8z-hKMZg7CupairBOvxCEGpWKkesRQ0ZB3JmbUujrMpMiJFXh_AOCeNKk:1q6ryf:Z09ICzre5ffzJ9I1els7Oa7sPjXyr372QtOD6ZJ76JI', '2023-06-21 12:09:25.422729'),
('em5l0vzaquyuvwplv4o8rducypew0qcs', '.eJxVi70OwiAQgN-F2TQcB1zraOIjOJPjgNCoNbFlMn331qSDrt_PRwVuSw1tzu8wJnVWxqrTL4ws9zx9DYu82rR0B-muTx4ft725HMnfV3mu-4QQPQ6kc3GefE-FHAyFCjoBLRGKNYyRWSNYxISSfO7FgNfOGaGo1g28zzQJ:1qBstF:lg6XBloUTd4eLaOFoWKl3djrsH69nWopGQUvELIaDRs', '2023-07-05 08:08:33.622412'),
('emfbmjnlrizx71wric68awmzwqe7rond', '.eJxVi8sKwjAQRf9l1lImTZo4LoV-QtdhJg9S1AptsxL_3Qhd6O4-znmB57oXX7e0-jnCBfoBTr-jcLil5ftwCM-67N2xdOOD5_vUmOuB_HmFt9IkJQG1pcFxIEWmV4YZrWEkZ-xZNBlNTkR0q4iUcszZWtTELVF08P4Asjc0Jg:1qBoEO:vsLA4NivUTjdalzDlFxupSYLn0npiWiMokeRMHL5GkI', '2023-07-05 03:10:04.097897'),
('emmb77k25imj7u9baics9mlhfwbijcgc', '.eJxVi70KwjAQgN8ls5S7tJc0joKP4BwulxwpagXbTOK7W6GDrt_Py0Rua41tKc84ZXM0aA6_LLFcy_wVLPJo89rtpDvfebpdtua0J39f5aVuU0H1MvpMmogdiSjo2IMNrEiKGUKgPPRWlaAAWl-gHxwwJnDEJOb9AcYbNGA:1qC0SZ:Yjjqmpfgh50W2eVB2PT7zzHRfXywICTjsKu-YHJ_C-g', '2023-07-05 16:13:31.024405'),
('emw99c5vkv2en67fgd55ir65xis1hq06', '.eJxVi0sKwjAQQO-StZSYyWfiUvAIrsPMpCFFrdA2K_HubaEL3b7PRyVqS01t7qc0ZHVRwavTL2SSRz_uhkTebVy6g3S3Fw3P-9Zcj-TvqzTXbbIhAxQC0c5SBgfomXUpKJoJdADvHUfKxriI1ljRMRcGiwbx7Aqp7wrVsTRG:1qC4NU:5PTREVIZCCJELeDg5SwqMrVY-z4CCZFwPvw9VLbUtlk', '2023-07-05 20:24:32.519678'),
('emxajoz655xyz8s1a647s9oz6y1d6bb8', '.eJxVi70KwjAQgN8ls5S7tJc0joKP4BwulxwpagXbTOK7W6GDrt_Py0Rua41tKc84ZXM0aA6_LLFcy_wVLPJo89rtpDvfebpdtua0J39f5aVuU0H1MvpMmogdiSjo2IMNrEiKGUKgPPRWlaAAWl-gHxwwJnDEJOb9AcYbNGA:1q9m0s:_jKp9uT8d-iSLkDoY5OLOXCGOveXghYLr56kuRVkhh8', '2023-06-29 12:23:42.700061'),
('enl9t2uk6o4zvuou1lg0j5pei4yxyf8d', '.eJxVi70KwjAQgN8ls5S7tJc0joKP4BwulxwpagXbTOK7W6GDrt_Py0Rua41tKc84ZXM0aA6_LLFcy_wVLPJo89rtpDvfebpdtua0J39f5aVuU0H1MvpMmogdiSjo2IMNrEiKGUKgPPRWlaAAWl-gHxwwJnDEJOb9AcYbNGA:1q6TBC:FtH9G106rgdi9_GXfhy8boPrLiFJNSxCEdmiat_DthE', '2023-06-20 09:40:42.257741'),
('enwzx34upxhxrqghnf816jwlfxohgmsf', '.eJxVi70KwjAQgN8ls5S7tJc0joKP4BwulxwpagXbTOK7W6GDrt_Py0Rua41tKc84ZXM0aA6_LLFcy_wVLPJo89rtpDvfebpdtua0J39f5aVuU0H1MvpMmogdiSjo2IMNrEiKGUKgPPRWlaAAWl-gHxwwJnDEJOb9AcYbNGA:1qAXYi:LHeU_XFtWtVGlgtr8CC2ICwtXLD3xlqgZ4olA0o_9Ys', '2023-07-01 15:09:48.420622'),
('eoj7l15u1yviklv0lzlx1cfenb97s5ux', '.eJxVi0kKwjAUQO-StRS_yc_gUvAIrsMfElLUCrZZiXe3Qhe6fcPLZOpLy30uzzyqORpndr-MSa5l-goSefRpGTYynO803i5rc9qSv6_R3Nap-pCYAjgNKSQEVlCPHjHEKMqJWRUOlRCdqCaLNqLsAahGtIW8eX8AtgA0ig:1qAXog:FPAS6IVMdoXqh5EJhy-PYGpFtyUAt2Jh5NwvJJnb9J0', '2023-07-01 15:26:18.791610'),
('eokps2b3vkbmtrt135bbj2yu7qubyn25', '.eJxVi0sKwjAQQO-StZROJs3HpeARXIfpZEKKWsE2K-ndG6EL3b7PR0Wqa4l1kXeckjorrU6_bCS-y_wVxPyq89odpLs-aXrcWnM5kr-v0FLaBJqcNw6yMRRYCA0mzDha471GAQspOAkZ3UC-sT7zYG1GDQGZoFfbDpnwM48:1q911w:dJ7B8Gwby_lEwyQKSN21YnhnOg4w-OlGsu8HFnC3hHA', '2023-06-27 10:13:40.056059'),
('eow8207e4mcutuksfi1tzszjvgstdesr', '.eJxVjDEOwjAMRe-SGVUusaOUEYkjdI4c21UqoEi0mRB3h0od2vX99_7HJa5LSXW2dxrVXVxwpz3LLHeb1oFFXnVamo00tyePj_7vXDfl0BWey_rmMWbtiEigJUBlr0DEEXLwkAc6IzFKDkPLJgGgsyiIaqpkoOC-P6JnNIg:1q6ruX:zorQsK29HZqJS6OnYymE2hERKdoDEF95ENngIF_94b0', '2023-06-21 12:05:09.846148'),
('ep7qm9lnky4021gdr17jnbhk9aiwlplb', '.eJxVi0EKwjAQRe-StZRMmkxSl4JHcB0mkwkpagXbrMS7G6ELXX14_72XitS2GtsqzzhndVRo1OEXJuKrLN-HmB9t2YadDOc7zbdLd0678tdVWmuPtACA01MoTkYxbhpTloTFcvHAjJitDim5jH0IMrI2oCV4KsWz9er9Ad0LNQA:1qC48j:5rvIO4dIwN58qcBPsmVAOQZ-Pxs5j_xYD91rZzevqSo', '2023-07-05 20:09:17.333756'),
('er5pt9fnxqgis19ru96bdm76ujwl63pf', '.eJxVi0sKwjAQhu-StRQzpn9bl4JHcB0mMxNa1Aq2WYl3N0IXuv0eLxe5rGMsiz3jpO7o4Ha_LLFcbf4KFnmUeW020pzvPN0utTltyd838jLWqUdmGDFlT0mDgrwE2zOZQBFAOYgKYFWztUktkfadH_IBA7rWvT_ZzTUz:1q9JVD:oDl-0P5PL1Du2Dy_2A4L3pOSs_VnD34r8rTHSF0udW4', '2023-06-28 05:57:07.016502'),
('erayxb2thtf8j93jfu0yevg12pa6ohhg', '.eJxVi70OwiAQgN-F2TQHB1dxNPERnMlxQGjUmrRlMr5726SDrt_PRwVuSw1tzlMYkroo3avTL4wsjzzuhkXebVy6g3S3Fw_P-9Zcj-TvqzzXbcrIaBCiYW2ppAQOwHkDDILalrMHgB58iZGMsT5pDeIskSNCZBL1XQGunzMp:1q6Stz:vtLMWGG_V8UVC8FWdw9qqYXQVmsJnwy4sMDfy33cFsE', '2023-06-20 09:22:55.089566'),
('esexyv5chvipw9ldhc82x1jqidk1tz6q', '.eJxVi70KwjAQgN_lZilJc7kLjoKP4BwuyYUUtYJtJvHdrdBB1-_nBVH62mJf9BmnAkdgOPyyJPmq81dIzo8-r8NOhvNdpttla0578vc1Wdo2qXdV1fOoaDyyY0y1JGvElsQkjBoseUfBKYY6JipIEmp2hgVz9fD-ALeQNH4:1qAkIt:poFoOOI8RczQH7NxKYOHk0pF_qKsnfX8p26VV8A9Mck', '2023-07-02 04:46:19.679295'),
('esmwiziosmdtpl7i90ciglrhefibbe1u', '.eJxVi70KwjAQgN8ls5S7tJc0joKP4BwulxwpagXbTOK7W6GDrt_Py0Rua41tKc84ZXM0aA6_LLFcy_wVLPJo89rtpDvfebpdtua0J39f5aVuU0H1MvpMmogdiSjo2IMNrEiKGUKgPPRWlaAAWl-gHxwwJnDEJOb9AcYbNGA:1q3Ye6:VlBJ2w9EcebuG4jCN77BbSgG5YHOpvw_ZJJNnRVa44I', '2023-06-12 08:54:30.217468'),
('eswctzq31x88om2fmgpdwz462akwhsue', '.eJxVi70KwjAQgN8ls5S7tJc0joKP4BwulxwpagXbTOK7W6GDrt_Py0Rua41tKc84ZXM0aA6_LLFcy_wVLPJo89rtpDvfebpdtua0J39f5aVuU0H1MvpMmogdiSjo2IMNrEiKGUKgPPRWlaAAWl-gHxwwJnDEJOb9AcYbNGA:1qBTRp:w0jUB6GAXZGyibFquXRsNPLtLcVq916wIakrzAN8qyI', '2023-07-04 04:58:33.634152'),
('etq9pknghwb9ad7i99bmlqcnoysl65em', '.eJxVi0sKwjAQQO-StZROJs3HpeARXIfpZEKKWsE2K-ndG6EL3b7PR0Wqa4l1kXeckjorrU6_bCS-y_wVxPyq89odpLs-aXrcWnM5kr-v0FLaBJqcNw6yMRRYCA0mzDha471GAQspOAkZ3UC-sT7zYG1GDQGZoFfbDpnwM48:1q8fZ3:jWf9dJ9nwVy5KKHLjqn6wXFaEc8KZMIip74bspUIkSA', '2023-06-26 11:18:25.985109'),
('etybekzxv26v8enbxcesali7ppf3cyxx', '.eJxVi70KwjAQgN8ls5S7tJc0joKP4BwulxwpagXbTOK7W6GDrt_Py0Rua41tKc84ZXM0aA6_LLFcy_wVLPJo89rtpDvfebpdtua0J39f5aVuU0H1MvpMmogdiSjo2IMNrEiKGUKgPPRWlaAAWl-gHxwwJnDEJOb9AcYbNGA:1q4JRl:iy03KnGGqun2Y7ivYXC-KkaT2p4cDsFLRMndt1a3rio', '2023-06-14 10:52:53.685327'),
('eve213nor0szit3t7fj3gcu5nrvfnobp', '.eJxVi70KwjAQgN8ls5S7tJc0joKP4BwulxwpagXbTOK7W6GDrt_Py0Rua41tKc84ZXM0aA6_LLFcy_wVLPJo89rtpDvfebpdtua0J39f5aVuU0H1MvpMmogdiSjo2IMNrEiKGUKgPPRWlaAAWl-gHxwwJnDEJOb9AcYbNGA:1q8EOP:SIMOOksakxX8Ndm3uvWo8i25oGYgh8p3zv37L5xcTkI', '2023-06-25 06:17:37.351540'),
('evr597korqnra3zjsv5npgq8mnkyc8yj', '.eJxVi70KwjAQgN8ls5S7tJc0joKP4BwulxwpagXbTOK7W6GDrt_Py0Rua41tKc84ZXM0aA6_LLFcy_wVLPJo89rtpDvfebpdtua0J39f5aVuU0H1MvpMmogdiSjo2IMNrEiKGUKgPPRWlaAAWl-gHxwwJnDEJOb9AcYbNGA:1qCBso:RwcjhCNvzrH0IufzWOd8wZk5iS1vwO6cl9zIfAX5nj0', '2023-07-06 04:25:22.566508'),
('ew4h0ssedo2klpfaldn67mcn8o16v77b', '.eJxVi70KwjAQgN8ls5S7tJc0joKP4BwulxwpagXbTOK7W6GDrt_Py0Rua41tKc84ZXM0aA6_LLFcy_wVLPJo89rtpDvfebpdtua0J39f5aVuU0H1MvpMmogdiSjo2IMNrEiKGUKgPPRWlaAAWl-gHxwwJnDEJOb9AcYbNGA:1qBwBB:O1ysPiJUMIWBqR-sel1lNTD60UKM2iBjAqBnAu0oTGI', '2023-07-05 11:39:17.430035'),
('ewldyg8mpgx1rrx0t5cklqh3ba713ik3', '.eJxVi70KwjAQgN8ls5Qjl14ujoKP4BwuyYUUtYJtJvHdrdBB1-_nZaL0tcW-6DNOxRyNRXP4hUnyVeevkZwffV6HnQznu0y3y9ac9uTva7K0bWJJQiC-VKqAKso-oxb2gYBdJeZM1iLCiKOCuKAusGTPthKUkMz7A-TxNI4:1qARD4:aDYKhu6MF7-Rd6u_-a-iefXYvbg4lTqzjFmJoGfDxVA', '2023-07-01 08:23:02.299769'),
('exi1vrkyyp5havtrsdk0yk6jxzdg6r9k', '.eJxVizsOwjAQBe-yNYr8wVkvJRJHoLbWXluOgCAlcYW4O0ZKAeWbN_OCwG2roa15CZPACVDD4RdGTrc8fx9O6dnmbdjJcHnwdL9257wrf13ltfbIsLNazNF6rSxFK9mzIUTSxB5JikSjc7EqjcRkaBRSxFhc8n04hPcHutMz2w:1qCBBF:PZqV4UEdpnDyrWSY70YNaiwVHs_rkP8BHe5Fx_d09B8', '2023-07-06 03:40:21.990728'),
('ezaw3m5lnq5zwijmxkwz6zfyh5x1nfyr', '.eJxVi0sKwjAQQO-StZROJs3HpeARXIfpZEKKWsE2K-ndG6EL3b7PR0Wqa4l1kXeckjorrU6_bCS-y_wVxPyq89odpLs-aXrcWnM5kr-v0FLaBJqcNw6yMRRYCA0mzDha471GAQspOAkZ3UC-sT7zYG1GDQGZoFfbDpnwM48:1q6dRA:dFiD-yGBMuO78kE5xJWS5-6zpYEBAbYXkJVDJNM7JOs', '2023-06-20 20:37:52.350113'),
('ezpsdlffv5kyo9cgdqi8op42uv13dhw4', '.eJxVi70KwjAQgN8ls5S7tJc0joKP4BwulxwpagXbTOK7W6GDrt_Py0Rua41tKc84ZXM0aA6_LLFcy_wVLPJo89rtpDvfebpdtua0J39f5aVuU0H1MvpMmogdiSjo2IMNrEiKGUKgPPRWlaAAWl-gHxwwJnDEJOb9AcYbNGA:1q8mAK:lcLVunH6Gl_0yyDysu2JdL_eNUTRoM4v_3jwk5RC95o', '2023-06-26 18:21:20.879252'),
('f0c6so4cbbxt4b1htdakeul1kfpxfuc9', '.eJxVi0sKwjAQQO-StZROJs3HpeARXIfpZEKKWsE2K-ndG6EL3b7PR0Wqa4l1kXeckjorrU6_bCS-y_wVxPyq89odpLs-aXrcWnM5kr-v0FLaBJqcNw6yMRRYCA0mzDha471GAQspOAkZ3UC-sT7zYG1GDQGZoFfbDpnwM48:1qBwiv:DQjfOizldrCjUiu7Ysb69M-XyCVaXU42qKPqDuKIySI', '2023-07-05 12:14:09.935654'),
('f23p25wbz6tlw5ftpcsv8ijp7xznb06w', '.eJxVi8sKwjAQRf8layl5Ncm4FPwE12EmmZCiVrDNSvrvjdCFri6ce85HRGxrjW3hd5yyOAvtxekXEqY7z98HU3q1eR0OMlyfOD1u3bkcyl9Xcak9IgbI6ElJW6wqiSzovnLUxFyCM1DyaACM4pxRe-28cSGAL4ZYBhbbDuoQNMY:1q6StE:-kSCoNWXrTvAVDPNpZO4WKCmDICstUk8IWuWYxd_CXw', '2023-06-20 09:22:08.727069'),
('f290j91r65b396qp723r3cflit337jzn', '.eJxVi0sKwjAQQO-StZROJs3HpeARXIfpZEKKWsE2K-ndG6EL3b7PR0Wqa4l1kXeckjorrU6_bCS-y_wVxPyq89odpLs-aXrcWnM5kr-v0FLaBJqcNw6yMRRYCA0mzDha471GAQspOAkZ3UC-sT7zYG1GDQGZoFfbDpnwM48:1qAlqu:ZEwwstyxYWwCec2qGPzJk-7SpGNHc9FOPhIuRXRLtww', '2023-07-02 06:25:32.071758'),
('f2lg6sdoiryu3ehunz86xm389krgcoh9', '.eJxVi70KwjAQgN_lZilJc7kLjoKP4BwuyYUUtYJtJvHdrdBB1-_nBVH62mJf9BmnAkdgOPyyJPmq81dIzo8-r8NOhvNdpttla0578vc1Wdo2qXdV1fOoaDyyY0y1JGvElsQkjBoseUfBKYY6JipIEmp2hgVz9fD-ALeQNH4:1qARMx:TrjDy6Wz7GkuSqBrkiZFqJ6fH17A7bEPeO7ti0gslXo', '2023-07-01 08:33:15.349532'),
('f2ol2l37thg9kijb88jaqyr3vdplw8v8', '.eJxVi0EOwiAQRe_C2jRQKMO4NPEIrskwDKFRa2LLynh3MelCl__9914qUttqbKs845zVUY2oDr8wEV9l-T7E_GjLNuxkON9pvl26c9qVv67SWnuUJ-s0ueCT0wBIKCkICHBf1he2drJJyHFxhgG0wUIew4iM2Rcx6v0B0Ik0lw:1q8hVB:eK9y0wcLaMNnArpaqSJIr4aDId2XWjJE-w_3KOZvac4', '2023-06-26 13:22:33.138151'),
('f2szjczexl5f5jwkob1mdq3sw1l23gcf', '.eJxVi0sKwjAQQO-StZROJs3HpeARXIfpZEKKWsE2K-ndG6EL3b7PR0Wqa4l1kXeckjorrU6_bCS-y_wVxPyq89odpLs-aXrcWnM5kr-v0FLaBJqcNw6yMRRYCA0mzDha471GAQspOAkZ3UC-sT7zYG1GDQGZoFfbDpnwM48:1qA1Zz:1_Wti7eQLoRx8VnaNuSDx--bBxeOqSAUiKx0giXz9dw', '2023-06-30 05:00:59.588194'),
('f2ypdbommmnarqdrb64xdljob2uc5zp1', '.eJxVi0sKwjAQQO-StZROJs3HpeARXIfpZEKKWsE2K-ndG6EL3b7PR0Wqa4l1kXeckjorrU6_bCS-y_wVxPyq89odpLs-aXrcWnM5kr-v0FLaBJqcNw6yMRRYCA0mzDha471GAQspOAkZ3UC-sT7zYG1GDQGZoFfbDpnwM48:1q9lNb:TAdMUVj4jG34tuXx6SJYfJwmlYQwFymoPYIAiG-3Jpc', '2023-06-29 11:43:07.053403'),
('f38qu3rvwlb915up75mjphxetnu2e1kj', '.eJxVi0sKwjAQQO-StZROJs3HpeARXIfpZEKKWsE2K-ndG6EL3b7PR0Wqa4l1kXeckjorrU6_bCS-y_wVxPyq89odpLs-aXrcWnM5kr-v0FLaBJqcNw6yMRRYCA0mzDha471GAQspOAkZ3UC-sT7zYG1GDQGZoFfbDpnwM48:1q4ggv:6VyuEzqQhpZqYj09SLaXqaGb4a_UJsjYwBGkfIXEI1U', '2023-06-15 11:42:05.429650'),
('f3gqr75qb4lau2nkzym6ci8z4i46k56u', '.eJxVi70KwjAQgN8ls5S7tJc0joKP4BwulxwpagXbTOK7W6GDrt_Py0Rua41tKc84ZXM0aA6_LLFcy_wVLPJo89rtpDvfebpdtua0J39f5aVuU0H1MvpMmogdiSjo2IMNrEiKGUKgPPRWlaAAWl-gHxwwJnDEJOb9AcYbNGA:1qC3nM:1h4IizhX-rvVuYHLsaofhOQT3hOqOYIN7c8-wLXTBfk', '2023-07-05 19:47:12.599237'),
('f3kec9h8fbcmgkoku131w5yxqf6h5trv', '.eJxVi80KwjAMgN-lZxkr2drEo-AjeC5pk9ChTnDrSXx3J-yg1-_n5RK3taa26DNN4o5ucIdflrlcdf4KLuXR5rXbSXe-83S7bM1pT_6-ykvdJvQgvRgjBEHJijJYAFP1vrBRBAwDZQ5jVjIAQymgPSHGkTUSufcH2uU1NQ:1q8aCX:cOUzKKL31DMWRIsykEqFQxiRGF00H6YBE1oMWL0Pp84', '2023-06-26 05:34:49.071199'),
('f417a63szjoletmd9nv0zk5u5lsncpdv', '.eJxVi70OwiAQgN-F2TTAAYeOJj6CM7k7IDRqTdoyGd_dmnTQ9ft5qUR9bakvZU5jVicFXh1-IZPcyvQ1JPLs0zrsZLg8aLxft-a8J39fo6VtExMgcNSUOQQTBTyBBae5RGdzNgapoJARrKUGCxqZizNcCcjDEdX7A-WANRg:1q7YbT:mKf7lVT1mwNRic4VsKerT5HKiq65KQVZbPjCDmnIlHs', '2023-06-23 09:40:19.306014'),
('f4oiehyaabupmsl8p6uejdj1anz8wexv', '.eJxVi70KwjAQgN8ls5S7tJc0joKP4BwulxwpagXbTOK7W6GDrt_Py0Rua41tKc84ZXM0aA6_LLFcy_wVLPJo89rtpDvfebpdtua0J39f5aVuU0H1MvpMmogdiSjo2IMNrEiKGUKgPPRWlaAAWl-gHxwwJnDEJOb9AcYbNGA:1qC15w:gMQ9q6-fEqWXkrG75wEmEOI76WtUawWYoQzg26gUITk', '2023-07-05 16:54:12.691031'),
('f4rp4ye5n0kugb4io5qoac1hbw65ov6h', '.eJxVi70KwjAQgN_lZilJc7kLjoKP4BwuyYUUtYJtJvHdrdBB1-_nBVH62mJf9BmnAkdgOPyyJPmq81dIzo8-r8NOhvNdpttla0578vc1Wdo2qXdV1fOoaDyyY0y1JGvElsQkjBoseUfBKYY6JipIEmp2hgVz9fD-ALeQNH4:1q91DB:d_X9OBbfyLUQx352mVsZxHxcT-YynI1072z8B1hkrL4', '2023-06-27 10:25:17.682040'),
('f5lcbgffi9p14uwfadj1k8ty5yp0kgtf', '.eJxVi8sKwjAUBf8laylpcpM2LgU_wXW4r5KiVrDNSvx3I3ShZzkz52Uy1q3kuuozz2KOpk_m8AsJ-arL1yDzoy5bt5PufMf5dmnNaU_-fgXX0k4ORj8msMKMoOQj9wTOk5NIoY2cnyCoDaoy2eAHELIuNjtIshrN-wPTsTSc:1q8msH:Uz9R4SNBNbpmlkEHmhMR_LhIN4ri9mieM2hEpB08Lsg', '2023-06-26 19:06:45.196713'),
('f6ggrfiw4qwj26kyzfbokig8f8cmjgu1', '.eJxVi0sKwjAQQO-StZROJs3HpeARXIfpZEKKWsE2K-ndG6EL3b7PR0Wqa4l1kXeckjorrU6_bCS-y_wVxPyq89odpLs-aXrcWnM5kr-v0FLaBJqcNw6yMRRYCA0mzDha471GAQspOAkZ3UC-sT7zYG1GDQGZoFfbDpnwM48:1q9Pm4:s0bi0EgrEW9uu5oY3_dnk4dZX-NADhQaAQgS9NRH0TQ', '2023-06-28 12:38:56.742603'),
('f6sk1la78zgm2t7i5dgsdajo4dvf08t3', '.eJxVi70KwjAQgN8ls5TmkvRyjoKP4BwudwkpagXbTuK7W6GDrt_PyyRel5bWuTzTqOZogjeHX5hZrmX6GhZ5rNPS7aQ733m8XbbmtCd_X-O5bZOt0QZAqD6jHfqYnYC3REjF1qAaVCJGR3lQpxHIgucAQC5iX7OgeX8AsgMzog:1qBThg:SulFVHd1oNhh7UN4PxiBnQL-W5quMg8S3PFi1uyUEK8', '2023-07-04 05:14:56.004478'),
('f6zybadv1509htr0ag04wou51vgv309a', '.eJxVi70KwjAQgN8ls5S7tJc0joKP4BwulxwpagXbTOK7W6GDrt_Py0Rua41tKc84ZXM0aA6_LLFcy_wVLPJo89rtpDvfebpdtua0J39f5aVuU0H1MvpMmogdiSjo2IMNrEiKGUKgPPRWlaAAWl-gHxwwJnDEJOb9AcYbNGA:1qAQvd:1-ErdBkdssctiokPw4iHaWJ_HBEw56jy9gRd65_99m4', '2023-07-01 08:05:01.795283'),
('f8gew30l3owm90sjy7s6fj8gp22j64eb', '.eJxVi0sKwjAQQO-StZTmMzFxKXgE12FmMiFFrdA2K_HuRuhCt-_zUgnbVlNbZUlTVifl1eGXEfJN5q9A5mebt2Enw-WB0_3am_Oe_H0V19onCESQvXUQrBESU9BkEMaAdmTWpEVG4xhQwNnoegzReDrqyEUXr94fzqI0-Q:1q4EJG:EUuKSv4STVoZHfpJiHNCmubzT8hu4_T61HK1X2NTlUk', '2023-06-14 05:23:46.813373'),
('f8t36rumaqzlnz2ean8xn7u3tpu9jsfq', '.eJxVi70KwjAQgN8ls5S7tJc0joKP4BwulxwpagXbTOK7W6GDrt_Py0Rua41tKc84ZXM0aA6_LLFcy_wVLPJo89rtpDvfebpdtua0J39f5aVuU0H1MvpMmogdiSjo2IMNrEiKGUKgPPRWlaAAWl-gHxwwJnDEJOb9AcYbNGA:1q9knb:TgFnvvIto_tLkfI2fcspZSCX-HQo0hGpKzQm_PvbdiE', '2023-06-29 11:05:55.823568'),
('f9fwlu3mehj3hgznqm8cz6vugdso01mg', '.eJxVi0sKwjAQhu-StZRMElvjUvAIrsNk8g8pagXbrMS7W6EL3X6Pl0nclprajGcaizmaQGb3CzPLFdPXsMijTUu3ke585_F2WZvTlvx9lee6TiR7dQrlmInEUuYQ6RDgyQHknNVBhaBqUWz0pY9w8CWjl-IHJfP-APg5NbI:1q8yse:j_OXqnCUQt6KNN-3RHByX2HUDgX3eXgm083xkuUMvhw', '2023-06-27 07:55:56.634907'),
('f9vjfu2svztxw5iuxsrl3zr5qxll0vh3', '.eJxVi0EKwjAQRe-StZRMmkxSl4JHcB0mkwkpagXbrMS7G6ELXX14_72XitS2GtsqzzhndVRo1OEXJuKrLN-HmB9t2YadDOc7zbdLd0678tdVWmuPtACA01MoTkYxbhpTloTFcvHAjJitDim5jH0IMrI2oCV4KsWz9er9Ad0LNQA:1qC9Fj:vC3nRLtk6QU7obvhfA-Wz1DijHVRfaxLbgOVy6MWNow', '2023-07-06 01:36:51.616473'),
('faf1bthpbbimdzybtsu4p6zwv1kn6173', '.eJxVi0kKwjAUQO-StRS_yc_gUvAIrsMfElLUCrZZiXe3Qhe6fcPLZOpLy30uzzyqORpndr-MSa5l-goSefRpGTYynO803i5rc9qSv6_R3Nap-pCYAjgNKSQEVlCPHjHEKMqJWRUOlRCdqCaLNqLsAahGtIW8eX8AtgA0ig:1qBeYP:27cS-P8R0w6K-3hdl5KWK7HXlIarkJFQyE0A3CZIvxg', '2023-07-04 16:50:05.006262'),
('falpf0ypmr3vbz8hpd2dolzyzqv15gek', '.eJxVi70KwjAQgN8ls5S7tJc0joKP4BwulxwpagXbTOK7W6GDrt_Py0Rua41tKc84ZXM0aA6_LLFcy_wVLPJo89rtpDvfebpdtua0J39f5aVuU0H1MvpMmogdiSjo2IMNrEiKGUKgPPRWlaAAWl-gHxwwJnDEJOb9AcYbNGA:1q5jnh:gdg1U8OkIvBfcu0aPZ1Izh7ipfC1C__NKkoANpWk6s8', '2023-06-18 09:13:25.156568'),
('faq73zi4xwcuahqryld7f1dsrrokaix6', '.eJxVi0kKwjAUQO-StRS_yc_gUvAIrsMfElLUCrZZiXe3Qhe6fcPLZOpLy30uzzyqORpndr-MSa5l-goSefRpGTYynO803i5rc9qSv6_R3Nap-pCYAjgNKSQEVlCPHjHEKMqJWRUOlRCdqCaLNqLsAahGtIW8eX8AtgA0ig:1qAY6n:vBsxh96pfYkjUvaxqveofnIbzcS_O5B7FJJGc7O5o1k', '2023-07-01 15:45:01.347536'),
('fatzcecqwb0ruloff8veh1sa2pbagt0p', '.eJxVi0kKwjAUQO-StRS_yc_gUvAIrsMfElLUCrZZiXe3Qhe6fcPLZOpLy30uzzyqORpndr-MSa5l-goSefRpGTYynO803i5rc9qSv6_R3Nap-pCYAjgNKSQEVlCPHjHEKMqJWRUOlRCdqCaLNqLsAahGtIW8eX8AtgA0ig:1qBDWN:IwXuV5ctVTD8WQz4nhvcJFRa2RieYlWi-NwnKSSEVFw', '2023-07-03 11:58:11.515368'),
('fb6a6tmekjlon5fjlzv0h2jwxtnso5st', '.eJxVi0sKwjAQQO-StZSYyWfiUvAIrsPMpCFFrdA2K_HubaEL3b7PRyVqS01t7qc0ZHVRwavTL2SSRz_uhkTebVy6g3S3Fw3P-9Zcj-TvqzTXbbIhAxQC0c5SBgfomXUpKJoJdADvHUfKxriI1ljRMRcGiwbx7Aqp7wrVsTRG:1qC9ZF:mMAe_3cq7-FubXGUmder1sji0ApcBHMCEzXOWdSqwOI', '2023-07-06 01:57:01.108005'),
('fchlfg8bk44186bdblxkazakp6eag8rf', '.eJxVi70KwjAQgN8ls5S7tJc0joKP4BwulxwpagXbTOK7W6GDrt_Py0Rua41tKc84ZXM0aA6_LLFcy_wVLPJo89rtpDvfebpdtua0J39f5aVuU0H1MvpMmogdiSjo2IMNrEiKGUKgPPRWlaAAWl-gHxwwJnDEJOb9AcYbNGA:1qAkBJ:18RPC2LxbGvJdAhEycWzBfjW0SgtRYl0JgsCtECH8n0', '2023-07-02 04:38:29.103868'),
('fcsz13a8djjsr6aoltk8e8ip7qn0ml63', '.eJxVi0sKwjAQhu-StRQzpn9bl4JHcB0mMxNa1Aq2WYl3N0IXuv0eLxe5rGMsiz3jpO7o4Ha_LLFcbf4KFnmUeW020pzvPN0utTltyd838jLWqUdmGDFlT0mDgrwE2zOZQBFAOYgKYFWztUktkfadH_IBA7rWvT_ZzTUz:1q8yod:aJKV0kmdpixImDJFgDtVudZXKPtX3pZYGc0AEfnnOac', '2023-06-27 07:51:47.319609'),
('fd4i8dti3159ds1wo0dsnk8zfv8pkdk8', '.eJxVi0sKwjAQQO-StZROJs3HpeARXIfpZEKKWsE2K-ndG6EL3b7PR0Wqa4l1kXeckjorrU6_bCS-y_wVxPyq89odpLs-aXrcWnM5kr-v0FLaBJqcNw6yMRRYCA0mzDha471GAQspOAkZ3UC-sT7zYG1GDQGZoFfbDpnwM48:1qA9ol:llDS00YNbwWZl0k0RZIaQU-IaCGZdERrdGcPykeHsEY', '2023-06-30 13:48:47.703879'),
('fdex3xjp8s54lmwkr94y24ndw8chx3jm', '.eJxVi0sKwjAQQO-StZROJs3HpeARXIfpZEKKWsE2K-ndG6EL3b7PR0Wqa4l1kXeckjorrU6_bCS-y_wVxPyq89odpLs-aXrcWnM5kr-v0FLaBJqcNw6yMRRYCA0mzDha471GAQspOAkZ3UC-sT7zYG1GDQGZoFfbDpnwM48:1q6cef:KiroT7IS8ko8UsTjtOns5vRrmdv_LwxCTpUWd8eoOPY', '2023-06-20 19:47:45.477484'),
('fe08a7sgp2ecnd71witxnr5evoe7hgc5', '.eJxVi70KwjAQgN8ls5S7tJc0joKP4BwulxwpagXbTOK7W6GDrt_Py0Rua41tKc84ZXM0aA6_LLFcy_wVLPJo89rtpDvfebpdtua0J39f5aVuU0H1MvpMmogdiSjo2IMNrEiKGUKgPPRWlaAAWl-gHxwwJnDEJOb9AcYbNGA:1qBqym:uq4ByMretQ4SPkTskCAHnbC1G2ETuMBgdQweZ9B1Yhk', '2023-07-05 06:06:08.441235'),
('fe93ap5nbd1qp6062z4f4eymum0k5ean', '.eJxVi0sKwjAQhu-StRQzpn9bl4JHcB0mMxNa1Aq2WYl3N0IXuv0eLxe5rGMsiz3jpO7o4Ha_LLFcbf4KFnmUeW020pzvPN0utTltyd838jLWqUdmGDFlT0mDgrwE2zOZQBFAOYgKYFWztUktkfadH_IBA7rWvT_ZzTUz:1qAkgf:b0T9D_7LVCEaHwMDNMYxXb5Opu8-PTN7pWVvc7o4Jkc', '2023-07-02 05:10:53.695177'),
('fee455hiyo93a324nf7a5g9tld8whgph', '.eJxVi70KwjAQgN8ls5S7tJc0joKP4BwulxwpagXbTOK7W6GDrt_Py0Rua41tKc84ZXM0aA6_LLFcy_wVLPJo89rtpDvfebpdtua0J39f5aVuU0H1MvpMmogdiSjo2IMNrEiKGUKgPPRWlaAAWl-gHxwwJnDEJOb9AcYbNGA:1q8HEt:uSndIMf4eI2HFBsY6-5Sn7Xiv_Hom9P8WjPivjsQZGM', '2023-06-25 09:19:59.919037'),
('ffjwylaztw59y2a07mxe18i5ah90zrqo', '.eJxVi0sKwjAQQO-StZROJs3HpeARXIfpZEKKWsE2K-ndG6EL3b7PR0Wqa4l1kXeckjorrU6_bCS-y_wVxPyq89odpLs-aXrcWnM5kr-v0FLaBJqcNw6yMRRYCA0mzDha471GAQspOAkZ3UC-sT7zYG1GDQGZoFfbDpnwM48:1q3YiS:iOg5uVVbWQVA97qnkluhJ631Ic0bFcVanu8VSw-67T8', '2023-06-12 08:59:00.407298'),
('fhw5ahdmatbev13t68xryvt83b3ozc22', '.eJxVi70KwjAQgN_lZilJc7kLjoKP4BwuyYUUtYJtJvHdrdBB1-_nBVH62mJf9BmnAkdgOPyyJPmq81dIzo8-r8NOhvNdpttla0578vc1Wdo2qXdV1fOoaDyyY0y1JGvElsQkjBoseUfBKYY6JipIEmp2hgVz9fD-ALeQNH4:1qBqZ7:vPNmBM0lblLAdJlwtihPzXCOMXbByeAtN9J-R9e-Ga4', '2023-07-05 05:39:37.827391'),
('fhw7lisp78moe1fhseyv7b54uvhrmabt', '.eJxVi70OwiAQgN-F2TQHB1dxNPERnMlxQGjUmrRlMr5726SDrt_PRwVuSw1tzlMYkroo3avTL4wsjzzuhkXebVy6g3S3Fw_P-9Zcj-TvqzzXbcrIaBCiYW2ppAQOwHkDDILalrMHgB58iZGMsT5pDeIskSNCZBL1XQGunzMp:1q90IG:RVlMhyVBa7U8zrpbra2JGySDSWbw2mcU0k--4-nVi1A', '2023-06-27 09:26:28.669963'),
('fia8997sekkwgotzyejfly8je5gomugv', '.eJxVi0sKwjAQQO-StZQkZjLWpeARXIf5JKSoFWyzEu9uhC50-z4vk6itNbUlP9Ok5mgCmN0vZJJrnr-GRB5tXoeNDOc7TbdLb05b8vdVWmqfrDBwZH8oggAjKHkNGYFVnBJldAHHfWFb0NqIhNEq-4DKrn8o5v0B9lQ1Lg:1q9KTa:NJsClvPtp2WYTv8dVNXON4btvkeC1AxY4LhQmuzbDks', '2023-06-28 06:59:30.940306'),
('fibbdgv8he78s5j911qkrm6nfo5hbqwo', '.eJxVi70KwjAQgN8ls5S7tJc0joKP4BwulxwpagXbTOK7W6GDrt_Py0Rua41tKc84ZXM0aA6_LLFcy_wVLPJo89rtpDvfebpdtua0J39f5aVuU0H1MvpMmogdiSjo2IMNrEiKGUKgPPRWlaAAWl-gHxwwJnDEJOb9AcYbNGA:1qBwBR:AZPZq7iwB7l_HDyvRgLiqmR0yKWCx_SgOcAfxtM4yOE', '2023-07-05 11:39:33.906546'),
('fjoyj67enush1nrrx2vcol3nhpke1xig', '.eJxVi70KwjAQgN8ls5S7tJc0joKP4BwulxwpagXbTOK7W6GDrt_Py0Rua41tKc84ZXM0aA6_LLFcy_wVLPJo89rtpDvfebpdtua0J39f5aVuU0H1MvpMmogdiSjo2IMNrEiKGUKgPPRWlaAAWl-gHxwwJnDEJOb9AcYbNGA:1qAlEl:UZEIeyv7OBNYlBjwluXtuH7ywPaibSseqlAUBO2hJjU', '2023-07-02 05:46:07.689058'),
('fk2a1fjk7tp7fknpj1qf4lpfru5egy82', '.eJxVi0kKwjAUQO-StRS_yc_gUvAIrsMfElLUCrZZiXe3Qhe6fcPLZOpLy30uzzyqORpndr-MSa5l-goSefRpGTYynO803i5rc9qSv6_R3Nap-pCYAjgNKSQEVlCPHjHEKMqJWRUOlRCdqCaLNqLsAahGtIW8eX8AtgA0ig:1qAPlo:5Av4sOuAu2nMMbf3ceHA09Gh8EylEUksCNR-_T-vCfc', '2023-07-01 06:50:48.918026'),
('fkb2cvo3bkyfmagl4t6m28l3ww95xe5l', '.eJxVi70KwjAQgN8ls5S7tJc0joKP4BwulxwpagXbTOK7W6GDrt_Py0Rua41tKc84ZXM0aA6_LLFcy_wVLPJo89rtpDvfebpdtua0J39f5aVuU0H1MvpMmogdiSjo2IMNrEiKGUKgPPRWlaAAWl-gHxwwJnDEJOb9AcYbNGA:1qC1VK:vmnN4pEa_GMK0A1yeixmw0kf5YkSHFnnE2kRtVs4u08', '2023-07-05 17:20:26.470541'),
('fkzvdp9iwcbihsfrtv0m0ffcv46cke04', '.eJxVi0sKwjAQQO-StZROJs3HpeARXIfpZEKKWsE2K-ndG6EL3b7PR0Wqa4l1kXeckjorrU6_bCS-y_wVxPyq89odpLs-aXrcWnM5kr-v0FLaBJqcNw6yMRRYCA0mzDha471GAQspOAkZ3UC-sT7zYG1GDQGZoFfbDpnwM48:1qBwfN:uESkl-bF7TtFe7T3DkOIclOH4bz9KjFomGYc-EFfyUk', '2023-07-05 12:10:29.973242'),
('flpwjj8chsuj3ngbutxu4cl7gty0vu8k', '.eJxVi70KwjAQgN8ls5S7tJc0joKP4BwulxwpagXbTOK7W6GDrt_Py0Rua41tKc84ZXM0aA6_LLFcy_wVLPJo89rtpDvfebpdtua0J39f5aVuU0H1MvpMmogdiSjo2IMNrEiKGUKgPPRWlaAAWl-gHxwwJnDEJOb9AcYbNGA:1q7A59:728UBAipMojMXLdtjJWDfkBQt6SotZPHDIFeyEFl6rI', '2023-06-22 07:29:19.858670'),
('fmho4sr2qdfzij57fvb2rvlelndxk59d', '.eJxVi70KwjAQgN8ls5S7tJc0joKP4BwulxwpagXbTOK7W6GDrt_Py0Rua41tKc84ZXM0aA6_LLFcy_wVLPJo89rtpDvfebpdtua0J39f5aVuU0H1MvpMmogdiSjo2IMNrEiKGUKgPPRWlaAAWl-gHxwwJnDEJOb9AcYbNGA:1qC3hG:bx6QUGuSMNbgR9hXEzcI48YbprdqqJPzHrGDuSxC-iE', '2023-07-05 19:40:54.313393'),
('fn9x4lqtdqzpvu4y72vezqxp0ftu8la8', '.eJxVi70KwjAQgN8ls5S7tJc0joKP4BwulxwpagXbTOK7W6GDrt_Py0Rua41tKc84ZXM0aA6_LLFcy_wVLPJo89rtpDvfebpdtua0J39f5aVuU0H1MvpMmogdiSjo2IMNrEiKGUKgPPRWlaAAWl-gHxwwJnDEJOb9AcYbNGA:1qC0Vm:yE1UGjknOMFf6dK0hZrGbElEtrew0FsCOQsLOsLJKrA', '2023-07-05 16:16:50.072090'),
('fpa2uxqeplkdwc2cpikelgrm8qpijz9h', '.eJxVi80KwjAMgN-lZxkr2drEo-AjeC5pk9ChTnDrSXx3J-yg1-_n5RK3taa26DNN4o5ucIdflrlcdf4KLuXR5rXbSXe-83S7bM1pT_6-ykvdJvQgvRgjBEHJijJYAFP1vrBRBAwDZQ5jVjIAQymgPSHGkTUSufcH2uU1NQ:1q6mxk:ao0Vkuao-OD9aIQAB7egW3hk1QGIYBuy37dC_oPP2TU', '2023-06-21 06:48:08.987634'),
('fq6xhh6clh2263yryn384mchxxuez3wh', '.eJxVi80KwjAMgN-lZxk1LlnjUfARPJc0TelQJ7j1JL67E3bQ6_fzclHaUmOb7RnH7I4Ovdv9wiR6telrRPXRpqXbSHe-y3i7rM1pS_6-KnNdJwuJFTXvM1tPRsVb4V5TbwckSDgYBAKg4JXLAAieAmYqBiLsObj3B-12NJc:1qAPHb:NuvlEKAJNNf9weDIbQhjLzBvEZeMGiJ6YiwHCDDzeRU', '2023-07-01 06:19:35.931304'),
('fqfcbrmhstqmgttg9nhbmlc2kri4bk47', '.eJxVi0EOwiAQRe_C2jRQKMO4NPEIrskwDKFRa2LLynh3MelCl__9914qUttqbKs845zVUY2oDr8wEV9l-T7E_GjLNuxkON9pvl26c9qVv67SWnuUJ-s0ueCT0wBIKCkICHBf1he2drJJyHFxhgG0wUIew4iM2Rcx6v0B0Ik0lw:1q91ak:2DvE50yd1LBeX3oeDqcnU_PDGGwwd0-6bmPsx7Mi9Uc', '2023-06-27 10:49:38.473419'),
('fqkgc2gfmh7drvwogd63yjg2vtqtk3wm', '.eJxVi70KwjAQgN8ls5S7tJc0joKP4BwulxwpagXbTOK7W6GDrt_Py0Rua41tKc84ZXM0aA6_LLFcy_wVLPJo89rtpDvfebpdtua0J39f5aVuU0H1MvpMmogdiSjo2IMNrEiKGUKgPPRWlaAAWl-gHxwwJnDEJOb9AcYbNGA:1qBYDk:ZOkVZl5x9s-1sQEzT2VCI9h9AeaH1CZ2eYTCLYNXd9w', '2023-07-04 10:04:20.910261'),
('frc6kr306hw4xl1xgxjfwiweepsot6gv', '.eJxVi0sKwjAQQO-StZTmMzFxKXgE12FmMiFFrdA2K_HuRuhCt-_zUgnbVlNbZUlTVifl1eGXEfJN5q9A5mebt2Enw-WB0_3am_Oe_H0V19onCESQvXUQrBESU9BkEMaAdmTWpEVG4xhQwNnoegzReDrqyEUXr94fzqI0-Q:1q3Yln:mXy6CQeZFnBB8T1uMW9Q7-kwNDRcscwAdjijPLJzFDA', '2023-06-12 09:02:27.213159'),
('frrz5fsmg4fai9m62fsiyzhe64us46s9', '.eJxVi7sOwiAUht-F2TTcDlBHEx_BmfxwIDRqTWyZjO-uTTro-l1eIqKvLfalPOPE4iicEodfmJCvZd4Mcn70eR12MpzvmG6Xb3Pak7-vYWnblJgKe7LSAQQTRnj2owRppwvnWl21xgadismKwORNZajATFraJN4f9181XQ:1qC8pU:ivM7zkn1FmDtDEz6xccOOa3s403n7jAZumf1qoOEsEA', '2023-07-06 01:09:44.918773'),
('ftx07i805n2f0qbrd42n3hqth6k7kpwa', '.eJxVi70KwjAQgN8ls5S7tJc0joKP4BwulxwpagXbTOK7W6GDrt_Py0Rua41tKc84ZXM0aA6_LLFcy_wVLPJo89rtpDvfebpdtua0J39f5aVuU0H1MvpMmogdiSjo2IMNrEiKGUKgPPRWlaAAWl-gHxwwJnDEJOb9AcYbNGA:1q8gnj:bkFp-VuE4E0i6NMBP6epSqxJsr-f8jup8HJbZivWDmU', '2023-06-26 12:37:39.375734'),
('fu1f7lcecxxej2j3u2poonfofztfa1fs', '.eJxVi8sKwjAUBf8laylpcpM2LgU_wXW4r5KiVrDNSvx3I3ShZzkz52Uy1q3kuuozz2KOpk_m8AsJ-arL1yDzoy5bt5PufMf5dmnNaU_-fgXX0k4ORj8msMKMoOQj9wTOk5NIoY2cnyCoDaoy2eAHELIuNjtIshrN-wPTsTSc:1qBJX2:yGo_T0YQKYBlpAm0Q3IydJnnUPVaY5qHY2Sb5Ku47CQ', '2023-07-03 18:23:16.644037'),
('fu1t2z6plpji9h58lz9wuweyitru5qdo', '.eJxVi70KwjAQgN_lZilJc7kLjoKP4BwuyYUUtYJtJvHdrdBB1-_nBVH62mJf9BmnAkdgOPyyJPmq81dIzo8-r8NOhvNdpttla0578vc1Wdo2qXdV1fOoaDyyY0y1JGvElsQkjBoseUfBKYY6JipIEmp2hgVz9fD-ALeQNH4:1q9Ei1:OPppiFKnM2RPx9fslrlHN-GlB7rOZ6HS8EK5gTdkK1g', '2023-06-28 00:50:01.481423'),
('fu7riob6l7v14nf9z4w3cx2k3f98vddk', '.eJxVi0sKwjAQQO-StZSYyWfiUvAIrsPMpCFFrdA2K_HubaEL3b7PRyVqS01t7qc0ZHVRwavTL2SSRz_uhkTebVy6g3S3Fw3P-9Zcj-TvqzTXbbIhAxQC0c5SBgfomXUpKJoJdADvHUfKxriI1ljRMRcGiwbx7Aqp7wrVsTRG:1qC4Dm:W1JiaoJrwhV-Zc-HWdoWRAY4TH6ynH-vzDCCGMkrssg', '2023-07-05 20:14:30.522560'),
('fuooo6eh1aboouegoygx53328eh52cch', '.eJxVi0sKwjAQQO-StZROJs3HpeARXIfpZEKKWsE2K-ndG6EL3b7PR0Wqa4l1kXeckjorrU6_bCS-y_wVxPyq89odpLs-aXrcWnM5kr-v0FLaBJqcNw6yMRRYCA0mzDha471GAQspOAkZ3UC-sT7zYG1GDQGZoFfbDpnwM48:1q9AYq:BK_2hL2xnbeN8NxN6r9xdVzgaHLSHMLTZKV-hXoCd_c', '2023-06-27 20:24:16.019433'),
('fvt9i2j48rin7lk919ys9br5sk8wk6bz', '.eJxVi0sKwjAQhu-StRQzpn9bl4JHcB0mMxNa1Aq2WYl3N0IXuv0eLxe5rGMsiz3jpO7o4Ha_LLFcbf4KFnmUeW020pzvPN0utTltyd838jLWqUdmGDFlT0mDgrwE2zOZQBFAOYgKYFWztUktkfadH_IBA7rWvT_ZzTUz:1qBDSH:StzQPDxP94hMGiQK5aXb-Deyh4BlLVhVBQmLmXI_UJQ', '2023-07-03 11:53:57.383084'),
('fx5u4tui96rcwkjnnmh7sdsvhwtt0k2j', '.eJxVizsOwjAQBe-yNYr8wVkvJRJHoLbWXluOgCAlcYW4O0ZKAeWbN_OCwG2roa15CZPACVDD4RdGTrc8fx9O6dnmbdjJcHnwdL9257wrf13ltfbIsLNazNF6rSxFK9mzIUTSxB5JikSjc7EqjcRkaBRSxFhc8n04hPcHutMz2w:1qCC3i:Ctgp6Emgb49U1z-qeHRo2Bz1cJ0sTLloG_yXhbXBrE0', '2023-07-06 04:36:38.792387'),
('fxzj26hbuht08bbwf432qm3ej8uu1f3j', '.eJxVi0sKwjAQQO-StZROJs3HpeARXIfpZEKKWsE2K-ndG6EL3b7PR0Wqa4l1kXeckjorrU6_bCS-y_wVxPyq89odpLs-aXrcWnM5kr-v0FLaBJqcNw6yMRRYCA0mzDha471GAQspOAkZ3UC-sT7zYG1GDQGZoFfbDpnwM48:1q8glh:UnPnSH1AHrMata9ZkKzRbATKqFcz71PCtQuwAfAc1Ck', '2023-06-26 12:35:33.656236'),
('fzin14b0bjy5mwav1sqgo8rbf39oll3v', '.eJxVi0sKwjAQQO-StZROJs3HpeARXIfpZEKKWsE2K-ndG6EL3b7PR0Wqa4l1kXeckjorrU6_bCS-y_wVxPyq89odpLs-aXrcWnM5kr-v0FLaBJqcNw6yMRRYCA0mzDha471GAQspOAkZ3UC-sT7zYG1GDQGZoFfbDpnwM48:1q9p35:3oPuNZMoQO8XTpPt2dY_ewwdQdbuSxNiYG1OjCfPnxg', '2023-06-29 15:38:11.592684'),
('g0tjh4aw1lp2xbosattoce9fvz843lcr', '.eJxVi0sKwjAQQO-StZQkZjLWpeARXIf5JKSoFWyzEu9uhC50-z4vk6itNbUlP9Ok5mgCmN0vZJJrnr-GRB5tXoeNDOc7TbdLb05b8vdVWmqfrDBwZH8oggAjKHkNGYFVnBJldAHHfWFb0NqIhNEq-4DKrn8o5v0B9lQ1Lg:1q9KTj:kJM3_DVB3BXCStbvd7yLM7nEZ-nbe-QdG3xGa5W-aD0', '2023-06-28 06:59:39.286491'),
('g1bwu2yzgstupyrzaa32bsvtvs847gy4', '.eJxVi70KwjAQgN8ls5S7tJc0joKP4BwulxwpagXbTOK7W6GDrt_Py0Rua41tKc84ZXM0aA6_LLFcy_wVLPJo89rtpDvfebpdtua0J39f5aVuU0H1MvpMmogdiSjo2IMNrEiKGUKgPPRWlaAAWl-gHxwwJnDEJOb9AcYbNGA:1qC0GV:oh9JLv9ZfyLbq-hGjmdGxQhIXSk8KxaB2cLal8Pb7TE', '2023-07-05 16:01:03.710901'),
('g3c6mvhevd5ot3fmvid9mp71jm9l9vn1', '.eJxVi0sKwjAQQO-StZROJs3HpeARXIfpZEKKWsE2K-ndG6EL3b7PR0Wqa4l1kXeckjorrU6_bCS-y_wVxPyq89odpLs-aXrcWnM5kr-v0FLaBJqcNw6yMRRYCA0mzDha471GAQspOAkZ3UC-sT7zYG1GDQGZoFfbDpnwM48:1qAXwp:J9Jg6PpGqz0iIFqwl43Tr7iXfO8-VAhX3o3CVJ-Rw_c', '2023-07-01 15:34:43.132735'),
('g42d9yvjljpgedq01i6dan1gju8nhjsx', '.eJxVi70OwiAQgN-F2TQHB1dxNPERnMlxQGjUmrRlMr5726SDrt_PRwVuSw1tzlMYkroo3avTL4wsjzzuhkXebVy6g3S3Fw_P-9Zcj-TvqzzXbcrIaBCiYW2ppAQOwHkDDILalrMHgB58iZGMsT5pDeIskSNCZBL1XQGunzMp:1q9ztI:9smzTp8m9T3XjplBmdUuL-f7v5GH3JeJLE8KHsWVHZ0', '2023-06-30 03:12:48.033685'),
('g42iogyq5c1z54yl6c48x808kjnlphj9', '.eJxVi70KwjAQgN8ls5S7tJc0joKP4BwulxwpagXbTOK7W6GDrt_Py0Rua41tKc84ZXM0aA6_LLFcy_wVLPJo89rtpDvfebpdtua0J39f5aVuU0H1MvpMmogdiSjo2IMNrEiKGUKgPPRWlaAAWl-gHxwwJnDEJOb9AcYbNGA:1q6SxS:hCJ_eP-ejSlXIFFWprVVcv-pBbNvpvqG24HgAdueepg', '2023-06-20 09:26:30.731011'),
('g49b5jl00tb0ao51kau485vbm7tengqj', '.eJxVi0sKwjAQQO-StZROJs3HpeARXIfpZEKKWsE2K-ndG6EL3b7PR0Wqa4l1kXeckjorrU6_bCS-y_wVxPyq89odpLs-aXrcWnM5kr-v0FLaBJqcNw6yMRRYCA0mzDha471GAQspOAkZ3UC-sT7zYG1GDQGZoFfbDpnwM48:1q8KOA:HWzjd00D8awguVLsoKpfCBhX08eL9DPsamwz0vKHhw0', '2023-06-25 12:41:46.485870'),
('g4imusro1obm932p29gw6gj2p4s6w0nf', '.eJxVi7sOwiAUht-F2TTcDlBHEx_BmfxwIDRqTWyZjO-uTTro-l1eIqKvLfalPOPE4iicEodfmJCvZd4Mcn70eR12MpzvmG6Xb3Pak7-vYWnblJgKe7LSAQQTRnj2owRppwvnWl21xgadismKwORNZajATFraJN4f9181XQ:1qC9ti:3p6XWjY5GJrQwWoONLI5ufB_W64-ALm4Z1tX9SxT4H4', '2023-07-06 02:18:10.643816'),
('g4ryov5zjp0cv53xm8zbj0pxjcjia136', '.eJxVi0EOwiAQRe_C2jRQKMO4NPEIrskwDKFRa2LLynh3MelCl__9914qUttqbKs845zVUY2oDr8wEV9l-T7E_GjLNuxkON9pvl26c9qVv67SWnuUJ-s0ueCT0wBIKCkICHBf1he2drJJyHFxhgG0wUIew4iM2Rcx6v0B0Ik0lw:1qA2Xt:LHsJkUsc4BY8-y5b2BJgXz7T87i12v9ZHpz4cUD0L-8', '2023-06-30 06:02:53.603625'),
('g5uqovg2u4qxc3z2wpldtlidsut1y26f', '.eJxVi8sKwjAQRf8laylpOnm5FPwE12FmkiFFrWCblfjvRuhC4a7OPeelEratpraWZ5qzOioT1OEXEvK1LN8HmR9t2YadDOc7zrdLd0678tdVXGuPKFqGkidBEyenIZggQRO57EocXQEkziLg0UfbF8ZMmixa0Cg2evX-AOpGNPA:1q9msx:f5F-hBgTHGN3BaIMdpGab39ChzmMWC0RIAOm1MwmjdU', '2023-06-29 13:19:35.898067'),
('g6r3tlitpapd0gsnjb1c0kq692eyidbb', '.eJxVi70KwjAQgN8ls5S7tJc0joKP4BwulxwpagXbTOK7W6GDrt_Py0Rua41tKc84ZXM0aA6_LLFcy_wVLPJo89rtpDvfebpdtua0J39f5aVuU0H1MvpMmogdiSjo2IMNrEiKGUKgPPRWlaAAWl-gHxwwJnDEJOb9AcYbNGA:1qC26i:VZtaVJS4dAj3uxw3Foiug2cFTO27O5NiP1ZbVwwpH4o', '2023-07-05 17:59:04.457557'),
('g6sellu9dnxc1ez7s2zcdc4ycayizc9n', '.eJxVi70KwjAQgN8ls5S7tJc0joKP4BwulxwpagXbTOK7W6GDrt_Py0Rua41tKc84ZXM0aA6_LLFcy_wVLPJo89rtpDvfebpdtua0J39f5aVuU0H1MvpMmogdiSjo2IMNrEiKGUKgPPRWlaAAWl-gHxwwJnDEJOb9AcYbNGA:1q8eKy:T1i0ndNE2oGBxjO_1qVEJ9uTXJPliWxE6vzaIs9zCVU', '2023-06-26 09:59:48.687387'),
('g72fy7rtioc0tz11jgd1ej1otjvp4l57', '.eJxVi0EOwiAQRe_C2jRQKMO4NPEIrskwDKFRa2LLynh3MelCl__9914qUttqbKs845zVUY2oDr8wEV9l-T7E_GjLNuxkON9pvl26c9qVv67SWnuUJ-s0ueCT0wBIKCkICHBf1he2drJJyHFxhgG0wUIew4iM2Rcx6v0B0Ik0lw:1q91wN:gmZnS4p-E0ik7kbPa8wFet6fcZw_uJujmE1cU8Yjh50', '2023-06-27 11:11:59.013941'),
('g7ozp3t5jeqhwt4gkhdl4pm0ys3w0z92', '.eJxVi0kKwjAUQO-StRS_yc_gUvAIrsMfElLUCrZZiXe3Qhe6fcPLZOpLy30uzzyqORpndr-MSa5l-goSefRpGTYynO803i5rc9qSv6_R3Nap-pCYAjgNKSQEVlCPHjHEKMqJWRUOlRCdqCaLNqLsAahGtIW8eX8AtgA0ig:1qBwxc:oECXvlAtVkcK7lTAEyhAY0e4DALu4I5jwjONGDTDbGI', '2023-07-05 12:29:20.273706'),
('g82tegoslaetbiyelxfg1vnfxytm909s', '.eJxVi0EOwiAQRe_C2jRQKMO4NPEIrskwDKFRa2LLynh3MelCl__9914qUttqbKs845zVUY2oDr8wEV9l-T7E_GjLNuxkON9pvl26c9qVv67SWnuUJ-s0ueCT0wBIKCkICHBf1he2drJJyHFxhgG0wUIew4iM2Rcx6v0B0Ik0lw:1q91Xh:LNGdNMgqOHbJjNIQN4EKszp0VUCIl6OyFeOHl9PCgqI', '2023-06-27 10:46:29.497343'),
('g86w4vgf3ktjktkwc999h0wz2agkv24c', '.eJxVi0EOwiAQRe_C2jRQKMO4NPEIrskwDKFRa2LLynh3MelCl__9914qUttqbKs845zVUY2oDr8wEV9l-T7E_GjLNuxkON9pvl26c9qVv67SWnuUJ-s0ueCT0wBIKCkICHBf1he2drJJyHFxhgG0wUIew4iM2Rcx6v0B0Ik0lw:1q8eB5:JJw0gDIZ5i_W5Jg88o3qzql_vHQxtV_KUEPg2hx_pmo', '2023-06-26 09:49:35.241625'),
('g9c4zw61gb95jjfukuejpamkqo2sziv0', '.eJxVi70KwjAQgN8ls5S7tJc0joKP4BwulxwpagXbTOK7W6GDrt_Py0Rua41tKc84ZXM0aA6_LLFcy_wVLPJo89rtpDvfebpdtua0J39f5aVuU0H1MvpMmogdiSjo2IMNrEiKGUKgPPRWlaAAWl-gHxwwJnDEJOb9AcYbNGA:1q3stX:pUVFfEKF261-kFnnN20ejjxCW7b5JGDO0FA3ChGQVzE', '2023-06-13 06:31:47.735060'),
('g9gaez5hkdrcrkde1x4hfve2xal8wk26', '.eJxVi70KwjAQgN_lZilJc7kLjoKP4BwuyYUUtYJtJvHdrdBB1-_nBVH62mJf9BmnAkdgOPyyJPmq81dIzo8-r8NOhvNdpttla0578vc1Wdo2qXdV1fOoaDyyY0y1JGvElsQkjBoseUfBKYY6JipIEmp2hgVz9fD-ALeQNH4:1q937l:ZH4PVigWxw2X36c5ELdXuTVy5qrRyd-FOdyhThoGbBM', '2023-06-27 12:27:49.199223'),
('g9jxnuwuvviv6ig8ri1kg5eepxe86nu7', '.eJxVi70OwiAQgN-F2TQHB1dxNPERnMlxQGjUmrRlMr5726SDrt_PRwVuSw1tzlMYkroo3avTL4wsjzzuhkXebVy6g3S3Fw_P-9Zcj-TvqzzXbcrIaBCiYW2ppAQOwHkDDILalrMHgB58iZGMsT5pDeIskSNCZBL1XQGunzMp:1q6EjC:zBDuBgmM3xwUh7T_Or826uxwGZINTI0ceS0HxC1B_dM', '2023-06-19 18:14:50.828227'),
('gaq8ufggtpglusp5mus298ch9zqo5ogy', '.eJxVi0sKwjAQQO-StZROJs3HpeARXIfpZEKKWsE2K-ndG6EL3b7PR0Wqa4l1kXeckjorrU6_bCS-y_wVxPyq89odpLs-aXrcWnM5kr-v0FLaBJqcNw6yMRRYCA0mzDha471GAQspOAkZ3UC-sT7zYG1GDQGZoFfbDpnwM48:1q911C:NOVM3LIkcpdoA_5raej5-1Z6azXvFlFxKy-F8hbxHBU', '2023-06-27 10:12:54.732762'),
('gb65fpq6yy7t39ez0kfuso36cyjopnsx', '.eJxVi0sKwjAQQO-StZROJs3HpeARXIfpZEKKWsE2K-ndG6EL3b7PR0Wqa4l1kXeckjorrU6_bCS-y_wVxPyq89odpLs-aXrcWnM5kr-v0FLaBJqcNw6yMRRYCA0mzDha471GAQspOAkZ3UC-sT7zYG1GDQGZoFfbDpnwM48:1q8eoL:3VuwinZnLwy5SgBdXONsk9i7muDxLcK0mGcAU56MDAg', '2023-06-26 10:30:09.465416'),
('gbiz4r11sv2gi0tly927nq7ep0g3vmrq', '.eJxVi70KwjAQgN8ls5S7tJc0joKP4BwulxwpagXbTOK7W6GDrt_Py0Rua41tKc84ZXM0aA6_LLFcy_wVLPJo89rtpDvfebpdtua0J39f5aVuU0H1MvpMmogdiSjo2IMNrEiKGUKgPPRWlaAAWl-gHxwwJnDEJOb9AcYbNGA:1q5kBp:dCwsU1GbLUy7FjDzyRbiC0sJyBsyVxYXhF6f93LooAY', '2023-06-18 09:38:21.581640'),
('gbo68cv1t3ha7xd6cku6m2dote50agr3', '.eJxVi0sKwjAQQO-StZROJs3HpeARXIfpZEKKWsE2K-ndG6EL3b7PR0Wqa4l1kXeckjorrU6_bCS-y_wVxPyq89odpLs-aXrcWnM5kr-v0FLaBJqcNw6yMRRYCA0mzDha471GAQspOAkZ3UC-sT7zYG1GDQGZoFfbDpnwM48:1q8W4X:rfKhXPmG_Vih8w5YW3gHgBlWySE5_XKv8_norZ98620', '2023-06-26 01:10:17.210098'),
('gczt6fkzcz2iwuuiei215iixyca028at', '.eJxVi70OwiAQgN-F2TQHB1dxNPERnMlxQGjUmrRlMr5726SDrt_PRwVuSw1tzlMYkroo3avTL4wsjzzuhkXebVy6g3S3Fw_P-9Zcj-TvqzzXbcrIaBCiYW2ppAQOwHkDDILalrMHgB58iZGMsT5pDeIskSNCZBL1XQGunzMp:1q6sLM:fam5FPxpNhJVoG40YdshHtA37efsTaA3B5Ah24Ne0o0', '2023-06-21 12:32:52.904546'),
('gdi8cpe1srkdn01xv42e0jhs6y92dzep', '.eJxVi70OwiAQgN-F2TQHB1dxNPERnMlxQGjUmrRlMr5726SDrt_PRwVuSw1tzlMYkroo3avTL4wsjzzuhkXebVy6g3S3Fw_P-9Zcj-TvqzzXbcrIaBCiYW2ppAQOwHkDDILalrMHgB58iZGMsT5pDeIskSNCZBL1XQGunzMp:1q6sBp:cin5txsQTTyzDtAE7sg8-ZNA7xwrTT5lcxY0WwJstLc', '2023-06-21 12:23:01.827019'),
('gf70et35enoa3ug4pis7hv3wyantlna4', '.eJxVi8sKwjAQRf9l1lImTZo4LoV-QtdhJg9S1AptsxL_3Qhd6O4-znmB57oXX7e0-jnCBfoBTr-jcLil5ftwCM-67N2xdOOD5_vUmOuB_HmFt9IkJQG1pcFxIEWmV4YZrWEkZ-xZNBlNTkR0q4iUcszZWtTELVF08P4Asjc0Jg:1qA98I:df_SfmZffjPl18-Gv_8TVaFiKBxDtzH9y2TcGFQLMug', '2023-06-30 13:04:54.551025'),
('gfn4igbabjpwjm3d3ykksax79c3t4lj3', '.eJxVi70KwjAQgN8ls5Tc5UKio-AjdA53uYQUtYJtJvHdrdBB1-_nZRL3taW-lGea1JwMHs3hFwrna5m_hnN-9HkddjJc7jzdxq0578nf13hp26SxkBDVUIWAo8Pog1iI4hkUFAW9EtkqOYgrDoIjzh5r8eKArZr3B-IHNOg:1qBkjY:vNMTRIhf5rdV4i8slZk-luhYuyBQyEBoUO83dB8TDoA', '2023-07-04 23:26:00.821084'),
('ggymokxvtan2ngi0g53drux7n42rhqgq', '.eJxVi0sKwjAQhu-StRQzpn9bl4JHcB0mMxNa1Aq2WYl3N0IXuv0eLxe5rGMsiz3jpO7o4Ha_LLFcbf4KFnmUeW020pzvPN0utTltyd838jLWqUdmGDFlT0mDgrwE2zOZQBFAOYgKYFWztUktkfadH_IBA7rWvT_ZzTUz:1q9MpT:oLiCg9uB8Y1ilO7wcTv-_U-Qu1XyMjtypzgLo6n8XoM', '2023-06-28 09:30:15.382025'),
('ghes4fzrh4o21goydos79yh20f3su9w4', '.eJxVi70OwiAQgN-F2TQHB1dxNPERnMlxQGjUmrRlMr5726SDrt_PRwVuSw1tzlMYkroo3avTL4wsjzzuhkXebVy6g3S3Fw_P-9Zcj-TvqzzXbcrIaBCiYW2ppAQOwHkDDILalrMHgB58iZGMsT5pDeIskSNCZBL1XQGunzMp:1q6sHr:1uJy_AAaJK2rAeH2NP3lk8LVuU9NvOQmw4smfzWA5p0', '2023-06-21 12:29:15.008270'),
('gi1r8hg9l33vyvamnqy7kou84t40k6t4', '.eJxVi0sKwjAQQO-StZROJs3HpeARXIfpZEKKWsE2K-ndG6EL3b7PR0Wqa4l1kXeckjorrU6_bCS-y_wVxPyq89odpLs-aXrcWnM5kr-v0FLaBJqcNw6yMRRYCA0mzDha471GAQspOAkZ3UC-sT7zYG1GDQGZoFfbDpnwM48:1q6ni7:ASn2LCY71bN5N6p1RMDgj947vsONvh_egOxFPNuG77g', '2023-06-21 07:36:03.887956'),
('gisc4zfovnrlxjg9p6r8n24uwcvlvo06', '.eJxVi0EOwiAQRe_C2jRQKMO4NPEIrskwDKFRa2LLynh3MelCl__9914qUttqbKs845zVUY2oDr8wEV9l-T7E_GjLNuxkON9pvl26c9qVv67SWnuUJ-s0ueCT0wBIKCkICHBf1he2drJJyHFxhgG0wUIew4iM2Rcx6v0B0Ik0lw:1qAPlC:akSvRqrwvZP_cwdNcwdBfLqy35K4vSZxEXFZBDSMy6k', '2023-07-01 06:50:10.335376'),
('gkf4mkp9343y78re6xedf2gwn6kzpnye', '.eJxVi70KwjAQgN8ls5S7tJc0joKP4BwulxwpagXbTOK7W6GDrt_Py0Rua41tKc84ZXM0aA6_LLFcy_wVLPJo89rtpDvfebpdtua0J39f5aVuU0H1MvpMmogdiSjo2IMNrEiKGUKgPPRWlaAAWl-gHxwwJnDEJOb9AcYbNGA:1q7JWe:_hy8XdWE46XYlbjMcW9bs4Z8YukSjNRIB5Ve3qkDnvM', '2023-06-22 17:34:20.028805');
INSERT INTO `django_session` (`session_key`, `session_data`, `expire_date`) VALUES
('gl6grkfwbit0ptpre1vp81xvkg0ql23v', '.eJxVi0sKwjAQQO-StZROJs3HpeARXIfpZEKKWsE2K-ndG6EL3b7PR0Wqa4l1kXeckjorrU6_bCS-y_wVxPyq89odpLs-aXrcWnM5kr-v0FLaBJqcNw6yMRRYCA0mzDha471GAQspOAkZ3UC-sT7zYG1GDQGZoFfbDpnwM48:1q7aGZ:jpEpSclUdW3h2__mXs76K5dZTAWXRXFTIWBr6g_X7Xo', '2023-06-23 11:26:51.695213'),
('glhij2y08p8ex5jdosgttm1u99sywfcx', '.eJxVi0EOwiAQRe_C2jRQKMO4NPEIrskwDKFRa2LLynh3MelCl__9914qUttqbKs845zVUY2oDr8wEV9l-T7E_GjLNuxkON9pvl26c9qVv67SWnuUJ-s0ueCT0wBIKCkICHBf1he2drJJyHFxhgG0wUIew4iM2Rcx6v0B0Ik0lw:1q91hk:DJ2Ks0V-QhxoMPQUfNxAsXSBnITpfHet8Y2goCQuCIo', '2023-06-27 10:56:52.166023'),
('gm6o6vz2tgraywg1fzwnvfgzoryq69s4', '.eJxVi70KwjAQgN8ls5S7tJc0joKP4BwulxwpagXbTOK7W6GDrt_Py0Rua41tKc84ZXM0aA6_LLFcy_wVLPJo89rtpDvfebpdtua0J39f5aVuU0H1MvpMmogdiSjo2IMNrEiKGUKgPPRWlaAAWl-gHxwwJnDEJOb9AcYbNGA:1q4ckq:RX5sZeBOqBAdoLueSny0v0h1Owwd5qJqtGvFywISE8g', '2023-06-15 07:29:52.541099'),
('gn10fzo4vqcp0oyfv8ruo41b7mvl3cmk', '.eJxVi0sKwjAQhu-StRQzpn9bl4JHcB0mMxNa1Aq2WYl3N0IXuv0eLxe5rGMsiz3jpO7o4Ha_LLFcbf4KFnmUeW020pzvPN0utTltyd838jLWqUdmGDFlT0mDgrwE2zOZQBFAOYgKYFWztUktkfadH_IBA7rWvT_ZzTUz:1qA4Oy:3o1n1nrWaHb_Mu5hsOyGSmtB9A4OpTmgRS8jr7YIrCk', '2023-06-30 08:01:48.095132'),
('gozyldb41i7j7ci1kq1yoyar4zkukhx2', '.eJxVi0EOwiAQRe_C2jRQKMO4NPEIrskwDKFRa2LLynh3MelCl__9914qUttqbKs845zVUY2oDr8wEV9l-T7E_GjLNuxkON9pvl26c9qVv67SWnuUJ-s0ueCT0wBIKCkICHBf1he2drJJyHFxhgG0wUIew4iM2Rcx6v0B0Ik0lw:1q8dkD:Vr6rTehjc-GOyxIu5st6u4BEsk7CAhPs5Vb9iqIrXZc', '2023-06-26 09:21:49.403512'),
('gp8ipmm2hxcce1k72c6veuwaowq8fl2v', '.eJxVi0sKwjAQQO-StZROJs3HpeARXIfpZEKKWsE2K-ndG6EL3b7PR0Wqa4l1kXeckjorrU6_bCS-y_wVxPyq89odpLs-aXrcWnM5kr-v0FLaBJqcNw6yMRRYCA0mzDha471GAQspOAkZ3UC-sT7zYG1GDQGZoFfbDpnwM48:1qBqCU:uXCBuq4pVZ6iPsOpao6grlrZHQmaEZPbD1zsYO4CVZ8', '2023-07-05 05:16:14.857682'),
('gqkiyhudm9ksoj3j509mh890gpcayldl', '.eJxVi0EKwjAQRe-StRSSdCaJS8EjuA6TmYQUtYJtVtK7N0IXuvrw_nsfFamtNbYlv-Mk6qw0qNMvTMT3PH8fYn61eR0OMlyfND1u3bkcyl9Xaak98hwQTMk69_HWidhgUFJmb4PzY0pcWIwQmYJhRKCktUEIBICOndp24bM0wQ:1q9PdY:wJ6r1AEPfDpjPfzXIrtYw0UQv8Vx9UyklEQwe5tQWCA', '2023-06-28 12:30:08.607009'),
('grm2s4yinddxzcvnsthpaqvadgtm8jat', '.eJxVi70KwjAQgN8ls5Qk10t6joKP4BzuLikpagXbTuK7G6GDrt_PyyTe1pq2pTzTlM3RDM4cfqGwXsv8Naz62Oa120l3vvN0u7TmtCd_X-WltklhcEDgEdQzkeaRbZQYMGLOImijks2xYD-yYoC-pU4gAIknKtG8P81RNCU:1qCDB2:5bmmAS9eWojoXlEaesPsOaIi0_ZMVtujakhb8qmO_lM', '2023-07-06 05:48:16.100927'),
('gt4cp4s5a713d171ij21fxo59w48crx8', '.eJxVi8sKwjAQRf9l1lImTZo4LoV-QtdhJg9S1AptsxL_3Qhd6O4-znmB57oXX7e0-jnCBfoBTr-jcLil5ftwCM-67N2xdOOD5_vUmOuB_HmFt9IkJQG1pcFxIEWmV4YZrWEkZ-xZNBlNTkR0q4iUcszZWtTELVF08P4Asjc0Jg:1qA2UY:OD49ouX48ZoozAAlUm5ym80m_CSDZMyewqXVPmwOc7Y', '2023-06-30 05:59:26.481331'),
('guwx3svwbtwde1ix4mc8yxv786wex200', '.eJxVi8sKwjAQRf9l1lImTZo4LoV-QtdhJg9S1AptsxL_3Qhd6O4-znmB57oXX7e0-jnCBfoBTr-jcLil5ftwCM-67N2xdOOD5_vUmOuB_HmFt9IkJQG1pcFxIEWmV4YZrWEkZ-xZNBlNTkR0q4iUcszZWtTELVF08P4Asjc0Jg:1qBqVd:VTnJqBVhZncfEbhqO-n06mMqM8XbIhy0TKgph5dCw-8', '2023-07-05 05:36:01.004330'),
('gv02mghtpt8lvbm3856qjz3f6gpsj4f7', '.eJxVi0kKwjAUQO-StRS_yc_gUvAIrsMfElLUCrZZiXe3Qhe6fcPLZOpLy30uzzyqORpndr-MSa5l-goSefRpGTYynO803i5rc9qSv6_R3Nap-pCYAjgNKSQEVlCPHjHEKMqJWRUOlRCdqCaLNqLsAahGtIW8eX8AtgA0ig:1qBsuM:AHmzzt3qc_qrRNpOR9bIZUAfXpPD2IHtcv_hs845VDo', '2023-07-05 08:09:42.432484'),
('gvd13piwqwrcc7k0ijf5rbjcb2ybw7wt', '.eJxVi0sKwjAQQO-StZRM_nEpeATXYWY6IUWtYJuVeHcrdKHb93mpgn1tpS_yLNOojipodfiFhHyV-WuQ-dHnddjJcL7jdLtszWlP_r6GS9umGsEKWwMCKRICeck6ENkEWEfUFBNXDC64DKGCYeNtTl47MToZBvX-AN0dNDM:1qCG0o:R-av5MS-qsBjn_hRqMvs46RyDjFZNedc6Oy3p70dGPc', '2023-07-06 08:49:54.239123'),
('gwb8vc2q602flvl0q3tntp9ohb5ln809', '.eJxVi70OwiAQgN-F2TQHB1dxNPERnMlxQGjUmrRlMr5726SDrt_PRwVuSw1tzlMYkroo3avTL4wsjzzuhkXebVy6g3S3Fw_P-9Zcj-TvqzzXbcrIaBCiYW2ppAQOwHkDDILalrMHgB58iZGMsT5pDeIskSNCZBL1XQGunzMp:1qA41P:iOn1YuzG4nUnZkJCW4uUBx3r7JdPUY9mBebZEPa6pgc', '2023-06-30 07:37:27.843101'),
('gxaughr8nu8u7ncv5gaa2svveoxa5i1q', '.eJxVi0sKwjAQQO-StZROJs3HpeARXIfpZEKKWsE2K-ndG6EL3b7PR0Wqa4l1kXeckjorrU6_bCS-y_wVxPyq89odpLs-aXrcWnM5kr-v0FLaBJqcNw6yMRRYCA0mzDha471GAQspOAkZ3UC-sT7zYG1GDQGZoFfbDpnwM48:1q8KJz:01wk0aaSTXzLuqNBe2zyD5icd8eC04muyh6x5U0zV2I', '2023-06-25 12:37:27.865757'),
('gy0prgfttrhvo7j41sashskwgyczes3o', '.eJxVizsOwjAQBe-yNYr8wVkvJRJHoLbWXluOgCAlcYW4O0ZKAeWbN_OCwG2roa15CZPACVDD4RdGTrc8fx9O6dnmbdjJcHnwdL9257wrf13ltfbIsLNazNF6rSxFK9mzIUTSxB5JikSjc7EqjcRkaBRSxFhc8n04hPcHutMz2w:1qCBBu:Vev8WBS_-6bxCzEmaoMGYXTiJmtlU5v4GwA9njRVaX8', '2023-07-06 03:41:02.700518'),
('gy9c5pohm041hsw07jd369foqu5q7y1b', '.eJxVi0sKwjAQhu-StRQzpn9bl4JHcB0mMxNa1Aq2WYl3N0IXuv0eLxe5rGMsiz3jpO7o4Ha_LLFcbf4KFnmUeW020pzvPN0utTltyd838jLWqUdmGDFlT0mDgrwE2zOZQBFAOYgKYFWztUktkfadH_IBA7rWvT_ZzTUz:1qAmZc:RhkTnm2MT0KbC2jh6xUmM0ze66GZFExpXi6CDd4QUzw', '2023-07-02 07:11:44.625948'),
('gyb8r8qbrom232daxfusqxy5076uyde4', '.eJxVi0EKwjAQRe-StZRMmkxSl4JHcB0mkwkpagXbrMS7G6ELXX14_72XitS2GtsqzzhndVRo1OEXJuKrLN-HmB9t2YadDOc7zbdLd0678tdVWmuPtACA01MoTkYxbhpTloTFcvHAjJitDim5jH0IMrI2oCV4KsWz9er9Ad0LNQA:1qCBf2:nkR5ee4tvG81ilkZSvVnZzRMYYkDISokr3HQ5Mz6zxE', '2023-07-06 04:11:08.297154'),
('gyuvfnwgb7oozf70rib9u0jgqtt4wnmi', '.eJxVi70KwjAQgN8ls5S7tJc0joKP4BwulxwpagXbTOK7W6GDrt_Py0Rua41tKc84ZXM0aA6_LLFcy_wVLPJo89rtpDvfebpdtua0J39f5aVuU0H1MvpMmogdiSjo2IMNrEiKGUKgPPRWlaAAWl-gHxwwJnDEJOb9AcYbNGA:1qBwG3:VPnqgmPs8fhqYeQxzrxRtHaQqPnKqWK-sGsyVaOeIcQ', '2023-07-05 11:44:19.374886'),
('gz50s2i7niaszytc2o3jmwwn3391r9qq', '.eJxVi70KwjAQgN8ls5S7tJc0joKP4BwulxwpagXbTOK7W6GDrt_Py0Rua41tKc84ZXM0aA6_LLFcy_wVLPJo89rtpDvfebpdtua0J39f5aVuU0H1MvpMmogdiSjo2IMNrEiKGUKgPPRWlaAAWl-gHxwwJnDEJOb9AcYbNGA:1qAl5V:fvfP3nCCpZHYDaqCwlQi5uDEA_rC7WPjq5q6lWVEliM', '2023-07-02 05:36:33.676721'),
('h0kogg9qjqml61vgmvjqqirdwf6gex6v', '.eJxVi70KwjAQgN8ls5S7tJc0joKP4BwulxwpagXbTOK7W6GDrt_Py0Rua41tKc84ZXM0aA6_LLFcy_wVLPJo89rtpDvfebpdtua0J39f5aVuU0H1MvpMmogdiSjo2IMNrEiKGUKgPPRWlaAAWl-gHxwwJnDEJOb9AcYbNGA:1qAmGh:2QGelVAJvQnK1-nn02bxVhw_zZcSlpDEBijKGbchuX4', '2023-07-02 06:52:11.340489'),
('h0yqdcf74r1jx402k2fksizsvr2muu2d', '.eJxVizsOwjAQBe-yNYr8wVkvJRJHoLbWXluOgCAlcYW4O0ZKAeWbN_OCwG2roa15CZPACVDD4RdGTrc8fx9O6dnmbdjJcHnwdL9257wrf13ltfbIsLNazNF6rSxFK9mzIUTSxB5JikSjc7EqjcRkaBRSxFhc8n04hPcHutMz2w:1qBxrV:g7IZFchE2sR3r9SrnQeUvuXZktc7LI78hBS-zaN3JLE', '2023-07-05 13:27:05.769906'),
('h19ntfulhdgqa823s9smmiitjk6ip9zs', '.eJxVi70KwjAQgN8ls5S7tJc0joKP4BwulxwpagXbTOK7W6GDrt_Py0Rua41tKc84ZXM0aA6_LLFcy_wVLPJo89rtpDvfebpdtua0J39f5aVuU0H1MvpMmogdiSjo2IMNrEiKGUKgPPRWlaAAWl-gHxwwJnDEJOb9AcYbNGA:1qC2Hr:FushkXcZafV7_tg9hWp5YXZgPt2VJUBCSrDJ446NkFc', '2023-07-05 18:10:35.697667'),
('h1lscpanm2tgbldbunu3kqgf2qyu43d2', '.eJxVi70KwjAQgN8ls5Tc5UKio-AjdA53uYQUtYJtJvHdrdBB1-_nZRL3taW-lGea1JwMHs3hFwrna5m_hnN-9HkddjJc7jzdxq0578nf13hp26SxkBDVUIWAo8Pog1iI4hkUFAW9EtkqOYgrDoIjzh5r8eKArZr3B-IHNOg:1qBe5P:j_7bEDS1fEb_OZjF6MiRG8Tk3sHiw8NBHZw5GbzKU_k', '2023-07-04 16:20:07.996948'),
('h2x55t48senqu9fblxtb21gc5tkc7la2', '.eJxVi70OwiAQgN-F2TTH0XLgaOIjOJMrHKFRa2LLZPruxaSDrt_PRwWuawl1kXeYkjor69XpF44c7zJ_Dcf4qvPaHaS7Pnl63FpzOZK_r_BS2gRC4H32vZBzYJLL1qAbvLEjRhQgIdGAFBNbHiT3NiGBFketTKjVtgO_-TQL:1qBxoe:5tIC9hSa0vKbXdA73JV9nokhDJOzg2jKjnlSBA2T-s8', '2023-07-05 13:24:08.923209'),
('h33ddcnay2xo0umwq557caaiczdvwwa2', '.eJxVi70KwjAQgN8ls5S7tJc0joKP4BwulxwpagXbTOK7W6GDrt_Py0Rua41tKc84ZXM0aA6_LLFcy_wVLPJo89rtpDvfebpdtua0J39f5aVuU0H1MvpMmogdiSjo2IMNrEiKGUKgPPRWlaAAWl-gHxwwJnDEJOb9AcYbNGA:1q6QMM:KKqE-CFIx65nIjqVuNbGSdS47qQ8d4h7opnkjMpVFHc', '2023-06-20 06:40:02.845131'),
('h4k3tkokhr62qoracs20rb2twnez2mch', '.eJxVi70KwjAQgN8ls5S7tJc0joKP4BwulxwpagXbTOK7W6GDrt_Py0Rua41tKc84ZXM0aA6_LLFcy_wVLPJo89rtpDvfebpdtua0J39f5aVuU0H1MvpMmogdiSjo2IMNrEiKGUKgPPRWlaAAWl-gHxwwJnDEJOb9AcYbNGA:1q99BI:OgmdF6wvzSl9cpVJQWOXiDi08YGo8VmjV6nIrSaOw0k', '2023-06-27 18:55:52.026692'),
('h5ldg3ha320ns7gk05j5zuiwr8gelkbt', '.eJxVi0sKwjAQQO-StZROJs3HpeARXIfpZEKKWsE2K-ndG6EL3b7PR0Wqa4l1kXeckjorrU6_bCS-y_wVxPyq89odpLs-aXrcWnM5kr-v0FLaBJqcNw6yMRRYCA0mzDha471GAQspOAkZ3UC-sT7zYG1GDQGZoFfbDpnwM48:1q65D8:K0AOGVTD9OHNh3EN5tCPYO1Im95rGxVY_vl3j0Eb4JY', '2023-06-19 08:05:06.626535'),
('h5yhcbh4s5cgorja3her6ha7sd4lg3j8', '.eJxVi0sKwjAQQO-StZRM_nEpeATXYWY6IUWtYJuVeHcrdKHb93mpgn1tpS_yLNOojipodfiFhHyV-WuQ-dHnddjJcL7jdLtszWlP_r6GS9umGsEKWwMCKRICeck6ENkEWEfUFBNXDC64DKGCYeNtTl47MToZBvX-AN0dNDM:1qCGYE:oaTbIhwE6S21FytFOaZq2FeI5471nAGoPxWXnOf4-ig', '2023-07-06 09:24:26.513128'),
('h691f8n9v5y501qsrhtfsc7vy5t7awy3', '.eJxVi0sKwjAQQO8yayn5TJLGpeARXIfJZEqKWsE2K_HuRuhCt-_zgkRtq6mt8kxzgSMEC4dfmImvsnwNMT_asg07Gc53mm-X3pz25O-rtNY-sWHMClUZ--6ytjoIxslidkZ5NKRjEDuhOM_GOTSxFLGsfWGSHEd4fwDYGDTM:1qC39u:Wnj1y1s6eN7_1kDPIU9nNcQQkQ-QctD9v_OON0IILew', '2023-07-05 19:06:26.380149'),
('h7e7c7ql1rqevh5cqvk57556pl6wiae9', '.eJxVi0sKwjAQQO-StZROJs3HpeARXIfpZEKKWsE2K-ndG6EL3b7PR0Wqa4l1kXeckjorrU6_bCS-y_wVxPyq89odpLs-aXrcWnM5kr-v0FLaBJqcNw6yMRRYCA0mzDha471GAQspOAkZ3UC-sT7zYG1GDQGZoFfbDpnwM48:1qBped:knhsfUSLYiteIX6MDfeKBckkCtTEpjx6oBTDM8lb-Ig', '2023-07-05 04:41:15.302866'),
('h7nlg2mfgdt5yu2p7ec4sudmul7dhkz6', '.eJxVi70KwjAQgN8ls5S7tJc0joKP4BwulxwpagXbTOK7W6GDrt_Py0Rua41tKc84ZXM0aA6_LLFcy_wVLPJo89rtpDvfebpdtua0J39f5aVuU0H1MvpMmogdiSjo2IMNrEiKGUKgPPRWlaAAWl-gHxwwJnDEJOb9AcYbNGA:1qBskD:7-nRbbqDi4x1nNLo_a0vbcENDlBSz_TWoxRNycsuqT8', '2023-07-05 07:59:13.942180'),
('h7yiaiv8wx282e40sunhtdmxyq44l432', '.eJxVi8sKwjAQRf8layl5Ncm4FPwE12EmmZCiVrDNSvrvjdCFri6ce85HRGxrjW3hd5yyOAvtxekXEqY7z98HU3q1eR0OMlyfOD1u3bkcyl9Xcak9IgbI6ElJW6wqiSzovnLUxFyCM1DyaACM4pxRe-28cSGAL4ZYBhbbDuoQNMY:1q7WXM:MA5tk9toqdQvU7m5RHGy3joNpjFfVV0YgVt4aTn9GTM', '2023-06-23 07:27:56.848125'),
('hb03jwq8wx0hk8wqfmkwwey7k5adj9mz', '.eJxVi0sKwjAQhu-StRQzpn9bl4JHcB0mMxNa1Aq2WYl3N0IXuv0eLxe5rGMsiz3jpO7o4Ha_LLFcbf4KFnmUeW020pzvPN0utTltyd838jLWqUdmGDFlT0mDgrwE2zOZQBFAOYgKYFWztUktkfadH_IBA7rWvT_ZzTUz:1q9KHF:pdDncSL_dVrRU8w9SAIpkk28JrviMu1bMPfrqnIbr6I', '2023-06-28 06:46:45.121810'),
('hb1qgvcukofrci1dqg2pwux3aun25vkb', '.eJxVi0sKwjAQhu-StRQzpn9bl4JHcB0mMxNa1Aq2WYl3N0IXuv0eLxe5rGMsiz3jpO7o4Ha_LLFcbf4KFnmUeW020pzvPN0utTltyd838jLWqUdmGDFlT0mDgrwE2zOZQBFAOYgKYFWztUktkfadH_IBA7rWvT_ZzTUz:1q8yV9:fxzjIr_YDHbdqkh0G8w0tFU7DS7-rEHmkBVYXyI30rc', '2023-06-27 07:31:39.751414'),
('hb97unyn93rkrmsfm3oibn8ottqh88r4', '.eJxVi0EOwiAQRe_C2jRQKMO4NPEIrskwDKFRa2LLynh3MelCl__9914qUttqbKs845zVUY2oDr8wEV9l-T7E_GjLNuxkON9pvl26c9qVv67SWnuUJ-s0ueCT0wBIKCkICHBf1he2drJJyHFxhgG0wUIew4iM2Rcx6v0B0Ik0lw:1q9PQH:5lHPVSGXceW6t_AUyUWZGKfbDpp7tk3vu8wBN23LqsU', '2023-06-28 12:16:25.823379'),
('hbbj78pwntylxhs4aln7bl39xkjfe5h7', '.eJxVi70KwjAQgN8ls5S7tJc0joKP4BwulxwpagXbTOK7W6GDrt_Py0Rua41tKc84ZXM0aA6_LLFcy_wVLPJo89rtpDvfebpdtua0J39f5aVuU0H1MvpMmogdiSjo2IMNrEiKGUKgPPRWlaAAWl-gHxwwJnDEJOb9AcYbNGA:1qBhRh:LJEnrnLNXbohpv1ytyQse_Di6MxI2Cqivl6VAVgsiH4', '2023-07-04 19:55:21.005053'),
('hdqxc1gcbn8opfd9ss385y1bjz3p9tda', '.eJxVi70KwjAQgN_lZilJc7kLjoKP4BwuyYUUtYJtJvHdrdBB1-_nBVH62mJf9BmnAkdgOPyyJPmq81dIzo8-r8NOhvNdpttla0578vc1Wdo2qXdV1fOoaDyyY0y1JGvElsQkjBoseUfBKYY6JipIEmp2hgVz9fD-ALeQNH4:1qA1zt:SPBA9E7sRNQUBGH2C_l7cwFxkQaou-jzdCysstoNWEk', '2023-06-30 05:27:45.650325'),
('he30ur7vu2sxs9czswgzoqo19afsrsjh', '.eJxVi0sKwjAQQO-StZROJs3HpeARXIfpZEKKWsE2K-ndG6EL3b7PR0Wqa4l1kXeckjorrU6_bCS-y_wVxPyq89odpLs-aXrcWnM5kr-v0FLaBJqcNw6yMRRYCA0mzDha471GAQspOAkZ3UC-sT7zYG1GDQGZoFfbDpnwM48:1q4lse:sdpe1Rx9cGE3dAPBok_zO_htRbI21OYoqYVkh17v2EA', '2023-06-15 17:14:32.532941'),
('he66zev3w3q6087y6yqkhykx8x2tl2d9', '.eJxVi70OwiAQgN-F2TQHB1dxNPERnMlxQGjUmrRlMr5726SDrt_PRwVuSw1tzlMYkroo3avTL4wsjzzuhkXebVy6g3S3Fw_P-9Zcj-TvqzzXbcrIaBCiYW2ppAQOwHkDDILalrMHgB58iZGMsT5pDeIskSNCZBL1XQGunzMp:1q6jkd:DXIqYuvrWRt7SD6fWA_AR-KVL21Rpa2esseZ9nHiNfg', '2023-06-21 03:22:23.337597'),
('hevagcileeknvrt268l1185c719tuerv', '.eJxVi70KwjAQgN8ls5S7tJc0joKP4BwulxwpagXbTOK7W6GDrt_Py0Rua41tKc84ZXM0aA6_LLFcy_wVLPJo89rtpDvfebpdtua0J39f5aVuU0H1MvpMmogdiSjo2IMNrEiKGUKgPPRWlaAAWl-gHxwwJnDEJOb9AcYbNGA:1q9KtA:rQNBAdxYPP1LitshcpM2igDmJGtncmwihBpgnNzzVdU', '2023-06-28 07:25:56.781178'),
('hevh8r9j1ox97hlemc0vnfvdum67ylly', '.eJxVi80KwjAMgN-lZxkr2drEo-AjeC5pk9ChTnDrSXx3J-yg1-_n5RK3taa26DNN4o5ucIdflrlcdf4KLuXR5rXbSXe-83S7bM1pT_6-ykvdJvQgvRgjBEHJijJYAFP1vrBRBAwDZQ5jVjIAQymgPSHGkTUSufcH2uU1NQ:1q7aFg:B0Vn8HaKmlCtja8AaAkIPGp7N5lSHw7lqDkbD_vXLJc', '2023-06-23 11:25:56.379929'),
('hevr2ye816n8ofk7b4hpwqq1gtfa0kdq', '.eJxVi0sKwjAQQO-StZR8ZhLGpeARXIdpZkKKWsE2K_HuVuhCt-_zMpn72nJf9JknMUcDwRx-4cjlqvPXcCmPPq_DTobznafbZWtOe_L3NV7aNjkaUV1QzzZ5qkQUMVah4EbHABVUUqhoLYoHF6WAaCpok1UUFjTvD8coNHo:1q91bZ:-xF0yRt-rQVwjLqiQEXqXB33xfyp41DY9f5uPeZV6XI', '2023-06-27 10:50:29.729734'),
('hfigxub9leh5i346zv9q8niy45ge5cwp', '.eJxVi70KwjAQgN8ls5S7tJc0joKP4BwulxwpagXbTOK7W6GDrt_Py0Rua41tKc84ZXM0aA6_LLFcy_wVLPJo89rtpDvfebpdtua0J39f5aVuU0H1MvpMmogdiSjo2IMNrEiKGUKgPPRWlaAAWl-gHxwwJnDEJOb9AcYbNGA:1q8eBF:ZIyLXFZx3_TDeIHL-3CdGq-lDmmZdN0ls34yIfQolcA', '2023-06-26 09:49:45.319944'),
('hg5qnm954gcxdis1co6zjo9p3oi2uac3', '.eJxVi70KwjAQgN_lZilJc7kLjoKP4BwuyYUUtYJtJvHdrdBB1-_nBVH62mJf9BmnAkdgOPyyJPmq81dIzo8-r8NOhvNdpttla0578vc1Wdo2qXdV1fOoaDyyY0y1JGvElsQkjBoseUfBKYY6JipIEmp2hgVz9fD-ALeQNH4:1qBpyC:YKuhKyh7HUaX_nADLhxv4gjWdapYrJOnWEcPGUnrYUU', '2023-07-05 05:01:28.399437'),
('hgafwfp8jpehcbup0fu7f7phh2pmjwgw', '.eJxVi70KwjAQgN_lZilJc7kLjoKP4BwuyYUUtYJtJvHdrdBB1-_nBVH62mJf9BmnAkdgOPyyJPmq81dIzo8-r8NOhvNdpttla0578vc1Wdo2qXdV1fOoaDyyY0y1JGvElsQkjBoseUfBKYY6JipIEmp2hgVz9fD-ALeQNH4:1qA21u:nCvxuBvbrRNndxqj06XbZp7nLzTNzo5MptJsC3RH8ko', '2023-06-30 05:29:50.071657'),
('hhm64jbkvuj41whymt1d2sqtlmttwoi9', '.eJxVi0sKwjAQQO-StZROJs3HpeARXIfpZEKKWsE2K-ndG6EL3b7PR0Wqa4l1kXeckjorrU6_bCS-y_wVxPyq89odpLs-aXrcWnM5kr-v0FLaBJqcNw6yMRRYCA0mzDha471GAQspOAkZ3UC-sT7zYG1GDQGZoFfbDpnwM48:1q4KhB:11qoevmpWLA38a561YPBBwRRJbwunFUW81azL3TcU_c', '2023-06-14 12:12:53.090624'),
('hhu8ar3s358s85248og3fxutyavkr0g3', '.eJxVi0EOwiAQRe_C2jRQKMO4NPEIrskwDKFRa2LLynh3MelCl__9914qUttqbKs845zVUY2oDr8wEV9l-T7E_GjLNuxkON9pvl26c9qVv67SWnuUJ-s0ueCT0wBIKCkICHBf1he2drJJyHFxhgG0wUIew4iM2Rcx6v0B0Ik0lw:1q9PWX:HUefwf14oSSkC1iZT5Vs2lFnfAOyYsNUujZdiZGbuS0', '2023-06-28 12:22:53.860944'),
('hjw8c6pnuevn6gv6ndf75vqqaxxqolbw', '.eJxVi0sKwjAQhu-StRQzpn9bl4JHcB0mMxNa1Aq2WYl3N0IXuv0eLxe5rGMsiz3jpO7o4Ha_LLFcbf4KFnmUeW020pzvPN0utTltyd838jLWqUdmGDFlT0mDgrwE2zOZQBFAOYgKYFWztUktkfadH_IBA7rWvT_ZzTUz:1q92XY:jwmok16LEsuoRjCQyTwEI7k4vqQkVqsYcPBwTMmhVVo', '2023-06-27 11:50:24.269632'),
('hka02pqd74mppbzcy5am28g0i46bub3f', '.eJxVi70KwjAQgN8ls5S7tJc0joKP4BwulxwpagXbTOK7W6GDrt_Py0Rua41tKc84ZXM0aA6_LLFcy_wVLPJo89rtpDvfebpdtua0J39f5aVuU0H1MvpMmogdiSjo2IMNrEiKGUKgPPRWlaAAWl-gHxwwJnDEJOb9AcYbNGA:1qC9qs:5HLX7cO2GbIUfkaSP6Odk1fATPJynzuOSQd6bbXjZ0k', '2023-07-06 02:15:14.932467'),
('hkp6r5kn8e1zhx04zah1vgd1fosvp86z', '.eJxVi8sKwjAQRf8laylpOnm5FPwE12FmkiFFrWCblfjvRuhC4a7OPeelEratpraWZ5qzOioT1OEXEvK1LN8HmR9t2YadDOc7zrdLd0678tdVXGuPKFqGkidBEyenIZggQRO57EocXQEkziLg0UfbF8ZMmixa0Cg2evX-AOpGNPA:1qB6V2:0cFDacexVGVeM25er5GzW-623au02mP9HiGmFTB8ff4', '2023-07-03 04:28:20.819812'),
('hlkqjj939kjbs2u0nwb07ubpsydcya95', '.eJxVi70KwjAQgN8ls5S7tJc0joKP4BwulxwpagXbTOK7W6GDrt_Py0Rua41tKc84ZXM0aA6_LLFcy_wVLPJo89rtpDvfebpdtua0J39f5aVuU0H1MvpMmogdiSjo2IMNrEiKGUKgPPRWlaAAWl-gHxwwJnDEJOb9AcYbNGA:1qC41k:RGwGL07ky6aXo2pmPOnsxUHrqr0gYWlqQU_tX6ZCWEA', '2023-07-05 20:02:04.966365'),
('hmwxk0ifs4isve04pz2d8i9kn6px1gvm', '.eJxVi70OwiAQgN-F2TQHB1dxNPERnMlxQGjUmrRlMr5726SDrt_PRwVuSw1tzlMYkroo3avTL4wsjzzuhkXebVy6g3S3Fw_P-9Zcj-TvqzzXbcrIaBCiYW2ppAQOwHkDDILalrMHgB58iZGMsT5pDeIskSNCZBL1XQGunzMp:1q6PIh:juU7yJpbKsjdxlFtNZHBuWf7Joa9RMuGQdQE_1T8RgQ', '2023-06-20 05:32:11.524281'),
('hn4flqhj8gegxxshn82qra7wy2zpmcxg', '.eJxVi0sKwjAQQO-StZROJs3HpeARXIfpZEKKWsE2K-ndG6EL3b7PR0Wqa4l1kXeckjorrU6_bCS-y_wVxPyq89odpLs-aXrcWnM5kr-v0FLaBJqcNw6yMRRYCA0mzDha471GAQspOAkZ3UC-sT7zYG1GDQGZoFfbDpnwM48:1qAXrw:qLIuM7xtFemMaI1-0eZCKpXnlqvhZh_zBx1ebgVmxuU', '2023-07-01 15:29:40.775573'),
('hnjs6eob34tnv77o1h91xkyo01j2pvff', '.eJxVi8sKwjAQRf8laylpOnm5FPwE12FmkiFFrWCblfjvRuhC4a7OPeelEratpraWZ5qzOioT1OEXEvK1LN8HmR9t2YadDOc7zrdLd0678tdVXGuPKFqGkidBEyenIZggQRO57EocXQEkziLg0UfbF8ZMmixa0Cg2evX-AOpGNPA:1qBdms:6QsGofhQTX60wreqTPG-sbOMkt-wRCLNoeO3e2wopTY', '2023-07-04 16:00:58.558776'),
('hpd77dei82qh03sp2o4rlyx8go7izo0n', '.eJxVjDEOwjAMRe-SGVUusaOUEYkjdI4c21UqoEi0mRB3h0od2vX99_7HJa5LSXW2dxrVXVxwpz3LLHeb1oFFXnVamo00tyePj_7vXDfl0BWey_rmMWbtiEigJUBlr0DEEXLwkAc6IzFKDkPLJgGgsyiIaqpkoOC-P6JnNIg:1q4xOV:iCP5iusk8hzwgEWEpJWysmwXAPrvJ31aqufe6X41OOM', '2023-06-16 05:32:11.135731'),
('hpf7le77a2r9a15a7bpvzna99f3eng8v', '.eJxVi70KwjAQgN_lZilJc7kLjoKP4BwuyYUUtYJtJvHdrdBB1-_nBVH62mJf9BmnAkdgOPyyJPmq81dIzo8-r8NOhvNdpttla0578vc1Wdo2qXdV1fOoaDyyY0y1JGvElsQkjBoseUfBKYY6JipIEmp2hgVz9fD-ALeQNH4:1qBBIf:LJRfkPzvmPb-h9GCMu2BYAHZIzO2QDozCfj72o3_bdU', '2023-07-03 09:35:53.375150'),
('hrlx8ywx3vqdtfmppp6k63nyantxf4zt', '.eJxVi0sKwjAQQO-StZROJs3HpeARXIfpZEKKWsE2K-ndG6EL3b7PR0Wqa4l1kXeckjorrU6_bCS-y_wVxPyq89odpLs-aXrcWnM5kr-v0FLaBJqcNw6yMRRYCA0mzDha471GAQspOAkZ3UC-sT7zYG1GDQGZoFfbDpnwM48:1q4aVA:N-yLShUkIq0tSG1Eq0HTNlESOjjHEXHJHQmqHLjjRoE', '2023-06-15 05:05:32.268907'),
('hrp3yix3ei9hrc651ju3hgsx26ggmtav', '.eJxVi70KwjAQgN8ls5TcpTlyjoKP4ByuyYUUtYJtJvHdjdBB1-_nZaK0rca26jPO2RwNenP4hZOkqy5fIyk92rINOxnOd5lvl96c9uTvq7LWPtGkpIWZbUgcAChDKjlIQVVHXjOQG4msx2IDI6L1MHZYPATK1pn3B9XLM8Y:1q7Wvj:6ItVAawuOkXaghzDplKSXHTpvRmePIkKGjblHuTL7JI', '2023-06-23 07:53:07.742240'),
('hsmkn6pzt6zd7q2otg0bq8g7uyyb8pmh', '.eJxVi0sKwjAQhu-StRQzpn9bl4JHcB0mMxNa1Aq2WYl3N0IXuv0eLxe5rGMsiz3jpO7o4Ha_LLFcbf4KFnmUeW020pzvPN0utTltyd838jLWqUdmGDFlT0mDgrwE2zOZQBFAOYgKYFWztUktkfadH_IBA7rWvT_ZzTUz:1q8gRa:Wtq9wcaPzan-WY1tGSgDvRx6moDaWGfjK41ai7gxtQM', '2023-06-26 12:14:46.264779'),
('htaih2wprr1zwgtsghnntpds8glk4nyy', '.eJxVi70OwiAQgN-F2TQHB1dxNPERnMlxQGjUmrRlMr5726SDrt_PRwVuSw1tzlMYkroo3avTL4wsjzzuhkXebVy6g3S3Fw_P-9Zcj-TvqzzXbcrIaBCiYW2ppAQOwHkDDILalrMHgB58iZGMsT5pDeIskSNCZBL1XQGunzMp:1q91wx:yFCYj-P-L0euIBt3DHDsWudyvri_RN2VBkSQK0N1t8Q', '2023-06-27 11:12:35.626693'),
('htgwcq1o938beax902n1mj5gcs1y0l0g', '.eJxVi0EKwjAQRe-StZRMmkxSl4JHcB0mkwkpagXbrMS7G6ELXX14_72XitS2GtsqzzhndVRo1OEXJuKrLN-HmB9t2YadDOc7zbdLd0678tdVWmuPtACA01MoTkYxbhpTloTFcvHAjJitDim5jH0IMrI2oCV4KsWz9er9Ad0LNQA:1qCBDk:k40cgbv0rXvOu0TGYnVwQUowp4QllHcFGaJIEYMEync', '2023-07-06 03:42:56.595838'),
('hvkmi1cuu9z6u2865p6y6lci5f7fpu7o', '.eJxVi70OwiAQgN-F2TQHB1dxNPERnMlxQGjUmrRlMr5726SDrt_PRwVuSw1tzlMYkroo3avTL4wsjzzuhkXebVy6g3S3Fw_P-9Zcj-TvqzzXbcrIaBCiYW2ppAQOwHkDDILalrMHgB58iZGMsT5pDeIskSNCZBL1XQGunzMp:1q8hCM:fV_Rlzq_2h9DtjYhCVJnKbeTSplcgnNV5F1lcaOWMbc', '2023-06-26 13:03:06.566288'),
('hx94jb6uxj2fs4kb87sgc6qtisuvjanp', '.eJxVi70KwjAQgN8ls5S7tJc0joKP4BwulxwpagXbTOK7W6GDrt_Py0Rua41tKc84ZXM0aA6_LLFcy_wVLPJo89rtpDvfebpdtua0J39f5aVuU0H1MvpMmogdiSjo2IMNrEiKGUKgPPRWlaAAWl-gHxwwJnDEJOb9AcYbNGA:1q6jSO:JDHY1r44hOFyEfxJp6cuzpkIzNCRRtrYB4YA2IOuCiM', '2023-06-21 03:03:32.558685'),
('hxxcxq94814n12kbmrollrn27ncrar8g', '.eJxVi0kKwjAUQO-StRS_yc_gUvAIrsMfElLUCrZZiXe3Qhe6fcPLZOpLy30uzzyqORpndr-MSa5l-goSefRpGTYynO803i5rc9qSv6_R3Nap-pCYAjgNKSQEVlCPHjHEKMqJWRUOlRCdqCaLNqLsAahGtIW8eX8AtgA0ig:1qAY54:I63VObsbF1Rujzm3BnlJXBw2APrTVUcjHm08UvOE_2s', '2023-07-01 15:43:14.883966'),
('hywvc3n7te9889m8wa00jj9mqngje9pl', '.eJxVi0sKwjAQhu-StRQzpn9bl4JHcB0mMxNa1Aq2WYl3N0IXuv0eLxe5rGMsiz3jpO7o4Ha_LLFcbf4KFnmUeW020pzvPN0utTltyd838jLWqUdmGDFlT0mDgrwE2zOZQBFAOYgKYFWztUktkfadH_IBA7rWvT_ZzTUz:1q90b4:tdFT7vhF9nnZBehDQ3kryv9VlbF3-dvyN_AlySgc0EE', '2023-06-27 09:45:54.045737'),
('hz9ofpyttxm7dp4q7b46rpkaw83q7sa4', '.eJxVi7sOwiAUht-F2TTcDlBHEx_BmfxwIDRqTWyZjO-uTTro-l1eIqKvLfalPOPE4iicEodfmJCvZd4Mcn70eR12MpzvmG6Xb3Pak7-vYWnblJgKe7LSAQQTRnj2owRppwvnWl21xgadismKwORNZajATFraJN4f9181XQ:1qC0qx:b6shDtHZGOqJzQopCXHpY0HW2D3ufl95LGmlnirLwR0', '2023-07-05 16:38:43.368168'),
('hzex4j20u30lr861e9lv2ek2lddfykjo', '.eJxVi70KwjAQgN8ls5S7tJc0joKP4BwulxwpagXbTOK7W6GDrt_Py0Rua41tKc84ZXM0aA6_LLFcy_wVLPJo89rtpDvfebpdtua0J39f5aVuU0H1MvpMmogdiSjo2IMNrEiKGUKgPPRWlaAAWl-gHxwwJnDEJOb9AcYbNGA:1q3aXC:_LTinfSR6_UsqzbcwV9BLJoTGWyOLCuH9ioZZWlVEEY', '2023-06-12 10:55:30.137976'),
('hzrnslsat4tyfod94ll1uohgo0fbxpk4', '.eJxVi70KwjAQgN8ls5S7tJc0joKP4BwulxwpagXbTOK7W6GDrt_Py0Rua41tKc84ZXM0aA6_LLFcy_wVLPJo89rtpDvfebpdtua0J39f5aVuU0H1MvpMmogdiSjo2IMNrEiKGUKgPPRWlaAAWl-gHxwwJnDEJOb9AcYbNGA:1q4aYQ:12AZ4PqjAQR-6asEDWmykweJuGw78Uch0u6qi-3Dask', '2023-06-15 05:08:54.162770'),
('i0zue1poi0p3xgd81b6uhwd1ccux1y2a', '.eJxVi70OwiAQgN-F2TQHB1dxNPERnMlxQGjUmrRlMr5726SDrt_PRwVuSw1tzlMYkroo3avTL4wsjzzuhkXebVy6g3S3Fw_P-9Zcj-TvqzzXbcrIaBCiYW2ppAQOwHkDDILalrMHgB58iZGMsT5pDeIskSNCZBL1XQGunzMp:1qAmOV:lJkoividHmLSz6PH9uJb_r95BZWVGaDPlpB9_iHac10', '2023-07-02 07:00:15.947423'),
('i2gnpafyae7v29iratk5vzwosr6rr3kf', '.eJxVi70KwjAQgN8ls5S7tJc0joKP4BwulxwpagXbTOK7W6GDrt_Py0Rua41tKc84ZXM0aA6_LLFcy_wVLPJo89rtpDvfebpdtua0J39f5aVuU0H1MvpMmogdiSjo2IMNrEiKGUKgPPRWlaAAWl-gHxwwJnDEJOb9AcYbNGA:1q7WuH:lT40BDA6XKA-eqUQswkV-H3thXdsqH7LxHRfz_vXTgY', '2023-06-23 07:51:37.105646'),
('i35hhqxpznzxqwftuw0jfg9econax8v0', '.eJxVi70KwjAQgN8ls5Tc5UKio-AjdA53uYQUtYJtJvHdrdBB1-_nZRL3taW-lGea1JwMHs3hFwrna5m_hnN-9HkddjJc7jzdxq0578nf13hp26SxkBDVUIWAo8Pog1iI4hkUFAW9EtkqOYgrDoIjzh5r8eKArZr3B-IHNOg:1qAlF0:sVrpmsZOdOROWD9yriaebbaqcgdliXMXQFYtxSdARQg', '2023-07-02 05:46:22.482112'),
('i37vxi3vax68sk6x2bzx3wmtjway1aj8', '.eJxVi70KwjAQgN8ls5S7tJc0joKP4BwulxwpagXbTOK7W6GDrt_Py0Rua41tKc84ZXM0aA6_LLFcy_wVLPJo89rtpDvfebpdtua0J39f5aVuU0H1MvpMmogdiSjo2IMNrEiKGUKgPPRWlaAAWl-gHxwwJnDEJOb9AcYbNGA:1q93Lu:NWe5SNQhhTyvweqvQh-wSKe8Gs3OkTenSS6NZSqLJEo', '2023-06-27 12:42:26.498922'),
('i3mzvjwhwif14shbobmnwkcbcnahsd7b', '.eJxVizsOwjAQBe-yNYr8wVkvJRJHoLbWXluOgCAlcYW4O0ZKAeWbN_OCwG2roa15CZPACVDD4RdGTrc8fx9O6dnmbdjJcHnwdL9257wrf13ltfbIsLNazNF6rSxFK9mzIUTSxB5JikSjc7EqjcRkaBRSxFhc8n04hPcHutMz2w:1qC4Pw:EGegrkPkoSK0_LdWfzQ99RVty-an_6w_x_Op_GLlsGg', '2023-07-05 20:27:04.057017'),
('i3rbew1k6hgi10x2sc1xwvebbqspvlhh', '.eJxVi0sKwjAQQO-StZROJs3HpeARXIfpZEKKWsE2K-ndG6EL3b7PR0Wqa4l1kXeckjorrU6_bCS-y_wVxPyq89odpLs-aXrcWnM5kr-v0FLaBJqcNw6yMRRYCA0mzDha471GAQspOAkZ3UC-sT7zYG1GDQGZoFfbDpnwM48:1q4xJP:GKh7Fc2rFcyAjwMynQmkh_XSnTsv_c3_PVZSKOcOcFk', '2023-06-16 05:26:55.064585'),
('i3xazau2fvomrn1eupk54td5vr0542y5', '.eJxVi70KwjAQgN8ls5S7tJc0joKP4BwulxwpagXbTOK7W6GDrt_Py0Rua41tKc84ZXM0aA6_LLFcy_wVLPJo89rtpDvfebpdtua0J39f5aVuU0H1MvpMmogdiSjo2IMNrEiKGUKgPPRWlaAAWl-gHxwwJnDEJOb9AcYbNGA:1q8eAS:KBmWOKz1jfXCOSdaXXIn6Gd0T4sBAsl8xsOQngQReLU', '2023-06-26 09:48:56.108006'),
('i4572qfey6rk8nsg1d199za8wlwcy1sy', '.eJxVi0EKwjAQRe-StZRMmkxSl4JHcB0mkwkpagXbrMS7G6ELXX14_72XitS2GtsqzzhndVRo1OEXJuKrLN-HmB9t2YadDOc7zbdLd0678tdVWmuPtACA01MoTkYxbhpTloTFcvHAjJitDim5jH0IMrI2oCV4KsWz9er9Ad0LNQA:1qC4Eq:--XiPd9Ao5oP8lh07PT1lVSX2_lbnTWM35CUoN3js4c', '2023-07-05 20:15:36.216949'),
('i4gpcg4l7ecx75ler3ibyvfljneblxi4', '.eJxVi8sKwjAQRf8laynTZPJyKfgJrsPMJCFFrWDblfjvRuhC4a7OPeelEm1rS9tSnmnK6qisVYdfyCTXMn8fEnls8zrsZDjfabpdunPalb-u0dJ65Ak5I2UIVosJJUBlV5xHRqkAwGRilD6DvvBYnCZjEOJYg9canHp_AOSNNEM:1qBq4R:jTKHIQOj1Pb-hwX8Xe1x0pngLm648SA6IFjypojX1Tk', '2023-07-05 05:07:55.576745'),
('i4iazhjy9bdzp1xjffsf9wrfwyz2c5nd', '.eJxVi7sOwiAUht-F2TTcDlBHEx_BmfxwIDRqTWyZjO-uTTro-l1eIqKvLfalPOPE4iicEodfmJCvZd4Mcn70eR12MpzvmG6Xb3Pak7-vYWnblJgKe7LSAQQTRnj2owRppwvnWl21xgadismKwORNZajATFraJN4f9181XQ:1qC46A:abgz0dF0B8IsT_YvW3z2LI621uObpzX5AGjpcFllkGM', '2023-07-05 20:06:38.084261'),
('i51calcc5z3py2j54i6tnyiqoskh4jsj', '.eJxViz0OwjAMRu_iGVUmTkrMiMQRmCPXcZUKKBJtJsTdCVIH2L6f916QpK4l1cWeacpwBA-7320Qvdr8PUT1Uee125bufJfpdmnMaUP-vCJLaZJjUmEOXvYaW3CBI7G2rnlkjJSDY2_BsmCPB2QyswHJ9y7qiAjvD6KaM_M:1q4L0b:F4F23Js5dsxbjQ5hml9EUwWwjVq6EaBetDIXdJyJbj4', '2023-06-14 12:32:57.028249'),
('i52oefi35exczyf7wqfttdumbz9qsegj', '.eJxVi0sKwjAQQO-StZROJs3HpeARXIfpZEKKWsE2K-ndG6EL3b7PR0Wqa4l1kXeckjorrU6_bCS-y_wVxPyq89odpLs-aXrcWnM5kr-v0FLaBJqcNw6yMRRYCA0mzDha471GAQspOAkZ3UC-sT7zYG1GDQGZoFfbDpnwM48:1qAYBb:RFOZHA0f2cXRxW1ZcSXIBcB1q5nQrLOTmNhXGGScmEQ', '2023-07-01 15:49:59.175870'),
('i6fsmz30rstmp5swzswmcvy3m6nx3qo7', '.eJxVi8sKwjAQRf9l1lImTZo4LoV-QtdhJg9S1AptsxL_3Qhd6O4-znmB57oXX7e0-jnCBfoBTr-jcLil5ftwCM-67N2xdOOD5_vUmOuB_HmFt9IkJQG1pcFxIEWmV4YZrWEkZ-xZNBlNTkR0q4iUcszZWtTELVF08P4Asjc0Jg:1qBBL8:k4p4WhqB1VJjeQgcXkzbRzFwFFftqLro4C1uR_QB73A', '2023-07-03 09:38:26.931429'),
('i85poh3z55k8otjlp6vmlmlljqhj6uak', '.eJxVi70OwiAQgN-F2TQHB1dxNPERnMlxQGjUmrRlMr5726SDrt_PRwVuSw1tzlMYkroo3avTL4wsjzzuhkXebVy6g3S3Fw_P-9Zcj-TvqzzXbcrIaBCiYW2ppAQOwHkDDILalrMHgB58iZGMsT5pDeIskSNCZBL1XQGunzMp:1qBTFh:dwN9cXt-yS62Rxnr8KI42Y3RMRwBtIVurnQToMTbzvM', '2023-07-04 04:46:01.623907'),
('i88j2brr5u82lc66ae0br2yap26r34ov', '.eJxVi0kKwjAUQO-StRS_yc_gUvAIrsMfElLUCrZZiXe3Qhe6fcPLZOpLy30uzzyqORpndr-MSa5l-goSefRpGTYynO803i5rc9qSv6_R3Nap-pCYAjgNKSQEVlCPHjHEKMqJWRUOlRCdqCaLNqLsAahGtIW8eX8AtgA0ig:1qB7Tu:Dfu37JJS8nTXG-Ocn0kYyK7pdsRAWKu_hBmjU2UykKw', '2023-07-03 05:31:14.704193'),
('i90roo3g6sbblsojk4fltdciz62cn505', '.eJxVi70KwjAQgN_lZilJc7kLjoKP4BwuyYUUtYJtJvHdrdBB1-_nBVH62mJf9BmnAkdgOPyyJPmq81dIzo8-r8NOhvNdpttla0578vc1Wdo2qXdV1fOoaDyyY0y1JGvElsQkjBoseUfBKYY6JipIEmp2hgVz9fD-ALeQNH4:1qAVdM:Knj027RnARfPx1GuA0eio25kduDwS4m5LDRkD__cBlM', '2023-07-01 13:06:28.727577'),
('i9lbovnpibhanr1nfr1pf5jkv0vvlhtd', '.eJxVi70KwjAQgN8ls5TcpTlyjoKP4ByuyYUUtYJtJvHdjdBB1-_nZaK0rca26jPO2RwNenP4hZOkqy5fIyk92rINOxnOd5lvl96c9uTvq7LWPtGkpIWZbUgcAChDKjlIQVVHXjOQG4msx2IDI6L1MHZYPATK1pn3B9XLM8Y:1q8c9e:-ddJTZUHGzLUkP0Wj_iims9zg7dcoO6UBcbJfeNWH3Y', '2023-06-26 07:39:58.901761'),
('ial5f7dntshdvkvn24i17csromddvpqt', '.eJxVi8sKwjAQRf9l1lImTZo4LoV-QtdhJg9S1AptsxL_3Qhd6O4-znmB57oXX7e0-jnCBfoBTr-jcLil5ftwCM-67N2xdOOD5_vUmOuB_HmFt9IkJQG1pcFxIEWmV4YZrWEkZ-xZNBlNTkR0q4iUcszZWtTELVF08P4Asjc0Jg:1q9PTx:Ckv9noQ9VE4fFJ2-82W7VQn1nBsWTmViAljixO7g2Uw', '2023-06-28 12:20:13.023308'),
('iarggu54zphip7h5utjbz6csorbg8tub', '.eJxVi0kKwjAUQO-StZT6883gUvAIrsMfElLUCrZZiXc3Qhe6fcPLJGprTW3JzzSpORoAs_uFTHLN89eQyKPN67CR4Xyn6XbpzWlL_r5KS-3T6EVyGbGUHCyiPTAyqYpjzi46BfbAWUPBvY_ERXyAYmPsg5IimPcHEHM2NA:1q5j66:j8zQrGIvxdInSB1iZUr1QU_ybiZteq8zaXpGPCCE2DU', '2023-06-18 08:28:22.546620'),
('ib15x9nyydlk15u6s6oy4rqnnohl78z7', '.eJxVi8sKwjAUBf8layn2JmkSl4Kf4DrcV0hRK_SxEv_dCF3o6sCcmZfJuK01b4vOeRRzMs4cfhkh33T6Hsj83Ka120l3eeB4vzbnvCt_XcWltqiQOjtI8egY1MvRFscpUOoBfNGo0SWK1IYH8CwBbFLmHoJYigLm_QHVazUW:1q3tcQ:Uhx0fNASAKRq0Mew4EwvceTPPmM9gJjnlvESjD60pDc', '2023-06-13 07:18:10.117743'),
('ib9v8u4sowpd7dfp2x201ttbjnvhjhri', '.eJxVi80KwjAMgN-lZxkr2drEo-AjeC5pk9ChTnDrSXx3J-yg1-_n5RK3taa26DNN4o5ucIdflrlcdf4KLuXR5rXbSXe-83S7bM1pT_6-ykvdJvQgvRgjBEHJijJYAFP1vrBRBAwDZQ5jVjIAQymgPSHGkTUSufcH2uU1NQ:1q90qo:ohjDmnh4zdWLW-EsQC__F8yoKuFPBvKVyFvHbGcc0QA', '2023-06-27 10:02:10.514392'),
('ibutwjwsq6cjtq8tao1ot5z1806htcwi', '.eJxVi0sKwjAQQO-StZROJs3HpeARXIfpZEKKWsE2K-ndG6EL3b7PR0Wqa4l1kXeckjorrU6_bCS-y_wVxPyq89odpLs-aXrcWnM5kr-v0FLaBJqcNw6yMRRYCA0mzDha471GAQspOAkZ3UC-sT7zYG1GDQGZoFfbDpnwM48:1q6njp:Vjjj8X0gFtcl7X46aeA7YEKRd7lTfCrlg4IArxcHyj0', '2023-06-21 07:37:49.839273'),
('ibw1vqrd6cw1mg6i21iu5e3e2mtx1ytd', '.eJxVi7sOwiAUht-F2TTcDlBHEx_BmfxwIDRqTWyZjO-uTTro-l1eIqKvLfalPOPE4iicEodfmJCvZd4Mcn70eR12MpzvmG6Xb3Pak7-vYWnblJgKe7LSAQQTRnj2owRppwvnWl21xgadismKwORNZajATFraJN4f9181XQ:1qC4SE:pvXD0w8W0nebRQlVCtN4B7L-kxCmEFkStedJyZZWNH0', '2023-07-05 20:29:26.846263'),
('icfsk4f6kg19oz3iib8obbj4wyy8nnqg', '.eJxVi70KwjAQgN8ls5QzCZeco-AjdA6X3IUUtYJtJvHdrdBB1-_nZRL3taW-6DNNYk7Gojn8wszlqvPXcCmPPq_DTobLnafbuDXnPfn7Gi9tm5RiDJ4yQhXvINZjUCF0DJrReqoC4sCRuohVRTEHJLUFJFjR4s37A9W6NPc:1q6RvN:SEq48Cu0TOj-caSP3WK4233DTfq9Pu5Vqy2VNGy8src', '2023-06-20 08:20:17.776000'),
('idcwsj6b09pqvjobnlqq24pempn0jt77', '.eJxVi70OwiAQgN-F2TQHB1dxNPERnMlxQGjUmrRlMr5726SDrt_PRwVuSw1tzlMYkroo3avTL4wsjzzuhkXebVy6g3S3Fw_P-9Zcj-TvqzzXbcrIaBCiYW2ppAQOwHkDDILalrMHgB58iZGMsT5pDeIskSNCZBL1XQGunzMp:1qA5Ud:TBDHjK5tJIv35gz6aiWgJTayl6pEMc__l8OvKjDrNjQ', '2023-06-30 09:11:43.642402'),
('ifevn4zx59yedzxs3mrdqkz1xta8p2kg', '.eJxVi0sKwjAQQO-StZROJs3HpeARXIfpZEKKWsE2K-ndG6EL3b7PR0Wqa4l1kXeckjorrU6_bCS-y_wVxPyq89odpLs-aXrcWnM5kr-v0FLaBJqcNw6yMRRYCA0mzDha471GAQspOAkZ3UC-sT7zYG1GDQGZoFfbDpnwM48:1q4EJb:4UxcWijT9uDKZNNDneGx8PIasklrlsQMqMviczUZT4c', '2023-06-14 05:24:07.313267'),
('ig46q2f0stb3yc1cvg3dmtsemonzhp5e', '.eJxVi70KwjAQgN8ls5S7tJc0joKP4BwulxwpagXbTOK7W6GDrt_Py0Rua41tKc84ZXM0aA6_LLFcy_wVLPJo89rtpDvfebpdtua0J39f5aVuU0H1MvpMmogdiSjo2IMNrEiKGUKgPPRWlaAAWl-gHxwwJnDEJOb9AcYbNGA:1q8aAI:TclEQB6E7as9AbI5z8QIod19BpWzejkZDHfhVDdOa98', '2023-06-26 05:32:30.313198'),
('igcnl9ikwim3jg6ay142b5z1wt1jqbxb', '.eJxVi0sOwiAQhu_C2jRAkTIuTTyCa_LPAKFRa9KWlfHu2qQL3X6Pl4poa41tyXMckzopE9ThFzLklqfNQOTZprXbSXd5YLxfv815T_6-iqVuU07Cupgehbz4xNQTDZmth4Z2Xgi9s2zJZRRjjdcJaYDXzvBRQlDvDwFFNSQ:1q7WyE:XTIM5_9E171_L1sYXb2Lg3iCN9KFNMAyPgs-Q-3-8aU', '2023-06-23 07:55:42.753677'),
('igvnvqszsylpzjnqk85wlvsqetf9tv8c', '.eJxVi0sOgjAQQO8ya0Moln5cmngE183MdCYlKiZAV8a7AwkL3b7PBxLWpaQ6y5SGDBdwcPplhPyQcRfI_K7j0hykub1weN635nokf1_BuWyTp1aDIcSzooag1nfsesekKtYY8uzQR-uieO1DNpE7oaBtjmiFjcJ3Bd_2Na0:1qBYCd:pf_ZBBm7l_LSyU2f0AQf5s7ApS2w1BIZNtPRWT8kD1A', '2023-07-04 10:03:11.226121'),
('iiqv1e0p6sol29xf9y8qltakfbrkoa2n', '.eJxVi70OwiAQgN-F2TQHB1dxNPERnMlxQGjUmrRlMr5726SDrt_PRwVuSw1tzlMYkroo3avTL4wsjzzuhkXebVy6g3S3Fw_P-9Zcj-TvqzzXbcrIaBCiYW2ppAQOwHkDDILalrMHgB58iZGMsT5pDeIskSNCZBL1XQGunzMp:1q6VsJ:KvIEHhAvZQAKSqLZXxcTua6oUGi3bvqdWTjZvhdhOJs', '2023-06-20 12:33:23.973988'),
('ijghvvyb9zm93phcbej7mt9pb61ramyx', '.eJxVi70KwjAQgN_lZilJc7kLjoKP4BwuyYUUtYJtJvHdrdBB1-_nBVH62mJf9BmnAkdgOPyyJPmq81dIzo8-r8NOhvNdpttla0578vc1Wdo2qXdV1fOoaDyyY0y1JGvElsQkjBoseUfBKYY6JipIEmp2hgVz9fD-ALeQNH4:1q7PLI:dxxezLyJNUYrFVSxI_ScKA_EEJs1hlVrI9T3qbE5Gw4', '2023-06-22 23:47:00.915854'),
('ijw3shpwola0n7yvtyijdy340kro07lh', '.eJxVi70KwjAQgN8ls5S7tJc0joKP4BwulxwpagXbTOK7W6GDrt_Py0Rua41tKc84ZXM0aA6_LLFcy_wVLPJo89rtpDvfebpdtua0J39f5aVuU0H1MvpMmogdiSjo2IMNrEiKGUKgPPRWlaAAWl-gHxwwJnDEJOb9AcYbNGA:1qC4Dn:FPpO_my7_CWAUsDOOSgiwmXhrziInN_TMbfoVxQcn6E', '2023-07-05 20:14:31.195799'),
('ik1ih2hx2nmmkv63cr4er62op1hsj949', '.eJxVi0EOwiAQRe_C2jRQKMO4NPEIrskwDKFRa2LLynh3MelCl__9914qUttqbKs845zVUY2oDr8wEV9l-T7E_GjLNuxkON9pvl26c9qVv67SWnuUJ-s0ueCT0wBIKCkICHBf1he2drJJyHFxhgG0wUIew4iM2Rcx6v0B0Ik0lw:1q9PUY:qUgmX-UoJe15H9ACn9J9AZq4Fw5P678IwzbRy_3UeWs', '2023-06-28 12:20:50.946421'),
('ikro23ldgugdsr0obke6770yych5pe4c', '.eJxVi70KwjAQgN8ls5S7tJc0joKP4BwulxwpagXbTOK7W6GDrt_Py0Rua41tKc84ZXM0aA6_LLFcy_wVLPJo89rtpDvfebpdtua0J39f5aVuU0H1MvpMmogdiSjo2IMNrEiKGUKgPPRWlaAAWl-gHxwwJnDEJOb9AcYbNGA:1qBeIt:VzyfYEEDvj8P3GI-7V-ukIMFauLZCIEknR6cnB4joas', '2023-07-04 16:34:03.369667'),
('ilkhihvvo3jtrzokhm8itkiomv40z4l3', '.eJxVi70KwjAQgN8ls5S7tJc0joKP4BwulxwpagXbTOK7W6GDrt_Py0Rua41tKc84ZXM0aA6_LLFcy_wVLPJo89rtpDvfebpdtua0J39f5aVuU0H1MvpMmogdiSjo2IMNrEiKGUKgPPRWlaAAWl-gHxwwJnDEJOb9AcYbNGA:1q4dvK:48IkfiRFcSuNyUD_IdL6vtflBdrGkiMEOteNcteBr80', '2023-06-15 08:44:46.333412'),
('in46eyhu2oizipj8t74n9db60kr2esq2', '.eJxVi0sKwjAQQO-StZROJs3HpeARXIfpZEKKWsE2K-ndG6EL3b7PR0Wqa4l1kXeckjorrU6_bCS-y_wVxPyq89odpLs-aXrcWnM5kr-v0FLaBJqcNw6yMRRYCA0mzDha471GAQspOAkZ3UC-sT7zYG1GDQGZoFfbDpnwM48:1qBYEx:a3CykKmi3zNqbckZkGsMW1KdCgflSCtfqxYbhIb36Jw', '2023-07-04 10:05:35.851413'),
('ind7wh4cw4u7f1tn0rctnsz71con2cq2', '.eJxVi70KwjAQgN8ls5S7tJc0joKP4BwulxwpagXbTOK7W6GDrt_Py0Rua41tKc84ZXM0aA6_LLFcy_wVLPJo89rtpDvfebpdtua0J39f5aVuU0H1MvpMmogdiSjo2IMNrEiKGUKgPPRWlaAAWl-gHxwwJnDEJOb9AcYbNGA:1qBwIA:Nf4e4k0X1mu-2JppAWgw2rhm1oQN9cC70KasQrtYZz4', '2023-07-05 11:46:30.255296'),
('infm1x4vhei3halvc50zip4lfbvpmd2w', '.eJxVi0sKwjAQQO-StZROJs3HpeARXIfpZEKKWsE2K-ndG6EL3b7PR0Wqa4l1kXeckjorrU6_bCS-y_wVxPyq89odpLs-aXrcWnM5kr-v0FLaBJqcNw6yMRRYCA0mzDha471GAQspOAkZ3UC-sT7zYG1GDQGZoFfbDpnwM48:1q99FY:E5193xxRjYPQXhje0JkoLJqSVCJDM2tx5qoAt1k226Y', '2023-06-27 19:00:16.710455'),
('inuf2s0e809b3aka64czvrp0fv163ma5', '.eJxVi70KwjAQgN_lZilJc7kLjoKP4BwuyYUUtYJtJvHdrdBB1-_nBVH62mJf9BmnAkdgOPyyJPmq81dIzo8-r8NOhvNdpttla0578vc1Wdo2qXdV1fOoaDyyY0y1JGvElsQkjBoseUfBKYY6JipIEmp2hgVz9fD-ALeQNH4:1q7WkC:wTrDAkQEK_j6YeFfQNSDs4Pk3jqnIXT3dob9CaobRDA', '2023-06-23 07:41:12.635118'),
('io9v3iuqisiyftcxs3af7713jfwsnt8b', '.eJxVi0sKwjAQQO-StZROJs3HpeARXIfpZEKKWsE2K-ndG6EL3b7PR0Wqa4l1kXeckjorrU6_bCS-y_wVxPyq89odpLs-aXrcWnM5kr-v0FLaBJqcNw6yMRRYCA0mzDha471GAQspOAkZ3UC-sT7zYG1GDQGZoFfbDpnwM48:1q6P22:wKbXzAF65KOtUBvg_1A9xU4g8BPXBGLixOD_A7fl3Pg', '2023-06-20 05:14:58.408654'),
('iod9zu1ajpuhgcpiosejlsexcou5w74l', '.eJxVi70KwjAQgN8ls5S7tJc0joKP4BwulxwpagXbTOK7W6GDrt_Py0Rua41tKc84ZXM0aA6_LLFcy_wVLPJo89rtpDvfebpdtua0J39f5aVuU0H1MvpMmogdiSjo2IMNrEiKGUKgPPRWlaAAWl-gHxwwJnDEJOb9AcYbNGA:1qBsVQ:k-2CYDMFbjorcXC3Z5Vv7Z_sGgaCCe8RRkk8W3N0jZ8', '2023-07-05 07:43:56.200899'),
('iqlqpjd0pkjh4z6a8p5838lwjdffhdx0', '.eJxVi70KwjAQgN8ls5QzCZeco-AjdA6X3IUUtYJtJvHdrdBB1-_nZRL3taW-6DNNYk7Gojn8wszlqvPXcCmPPq_DTobLnafbuDXnPfn7Gi9tm5RiDJ4yQhXvINZjUCF0DJrReqoC4sCRuohVRTEHJLUFJFjR4s37A9W6NPc:1q6VOv:Vs1Z7NmYMEvfExRfPoLwgLLg8qs4JPAFyTCNW5q88xo', '2023-06-20 12:03:01.930579'),
('ir894l9y1ancdwxchha6ajffmcrjgzdz', '.eJxVi0kKwjAUQO-StRS_yc_gUvAIrsMfElLUCrZZiXe3Qhe6fcPLZOpLy30uzzyqORpndr-MSa5l-goSefRpGTYynO803i5rc9qSv6_R3Nap-pCYAjgNKSQEVlCPHjHEKMqJWRUOlRCdqCaLNqLsAahGtIW8eX8AtgA0ig:1qBDVW:IJhAsOSIEgXOXpVBDPaPH-wZ_yv4FngHniqQSb0ib6M', '2023-07-03 11:57:18.952315'),
('ishfmkbdi4i44sfaouzp7kmn63ovey65', '.eJxVi0sKwjAQQO-StZROJs3HpeARXIfpZEKKWsE2K-ndG6EL3b7PR0Wqa4l1kXeckjorrU6_bCS-y_wVxPyq89odpLs-aXrcWnM5kr-v0FLaBJqcNw6yMRRYCA0mzDha471GAQspOAkZ3UC-sT7zYG1GDQGZoFfbDpnwM48:1q6coR:bOY4bRaAg1eGi_-Gk-DGM-GJ54M5iRyTOl8LzJbxDVI', '2023-06-20 19:57:51.254024'),
('itgwqf7myoyoirzkf1ywfj1ul82usikc', '.eJxVi0sKwjAQQO-StZROJs3HpeARXIfpZEKKWsE2K-ndG6EL3b7PR0Wqa4l1kXeckjorrU6_bCS-y_wVxPyq89odpLs-aXrcWnM5kr-v0FLaBJqcNw6yMRRYCA0mzDha471GAQspOAkZ3UC-sT7zYG1GDQGZoFfbDpnwM48:1q91Hs:yW2Z1tOspkmctuGfzyqK6Q_hiVD_R2sCQens1ZZAfmk', '2023-06-27 10:30:08.166771'),
('iubwms43gp8xr7oqwbq59egbelqnoizb', '.eJxVi0EKwjAQRe-StZRMmkxSl4JHcB0mkwkpagXbrMS7G6ELXX14_72XitS2GtsqzzhndVRo1OEXJuKrLN-HmB9t2YadDOc7zbdLd0678tdVWmuPtACA01MoTkYxbhpTloTFcvHAjJitDim5jH0IMrI2oCV4KsWz9er9Ad0LNQA:1qC4UB:lPGh4cQnY8WNY-na2_Cfa4BmWQOfltl97IOzm0qCKGo', '2023-07-05 20:31:27.417782'),
('iviesineulysutp63yho36zaolb8l5ng', '.eJxVi0EOwiAQRe_C2jRQKMO4NPEIrskwDKFRa2LLynh3MelCl__9914qUttqbKs845zVUY2oDr8wEV9l-T7E_GjLNuxkON9pvl26c9qVv67SWnuUJ-s0ueCT0wBIKCkICHBf1he2drJJyHFxhgG0wUIew4iM2Rcx6v0B0Ik0lw:1q8exF:_7fLG8O2_yuGRfmHJZI0PdqrCLqCda9S2_-ZbOWySsY', '2023-06-26 10:39:21.909041'),
('ivw1umdpjd4s6zytihr2wx30vqyiohat', '.eJxVi70KwjAQgN8ls5S7tJc0joKP4BwulxwpagXbTOK7W6GDrt_Py0Rua41tKc84ZXM0aA6_LLFcy_wVLPJo89rtpDvfebpdtua0J39f5aVuU0H1MvpMmogdiSjo2IMNrEiKGUKgPPRWlaAAWl-gHxwwJnDEJOb9AcYbNGA:1q9Mns:FljM7KNvjSKJKduuLrr1-X1ZZX3O1_BMPs6dBIZ34bA', '2023-06-28 09:28:36.017920'),
('iwwnot9myv882b6loueqfx01zgl71mrb', '.eJxVi70OwiAQgN-F2TQHB1dxNPERnMlxQGjUmrRlMr5726SDrt_PRwVuSw1tzlMYkroo3avTL4wsjzzuhkXebVy6g3S3Fw_P-9Zcj-TvqzzXbcrIaBCiYW2ppAQOwHkDDILalrMHgB58iZGMsT5pDeIskSNCZBL1XQGunzMp:1q8fXf:Yd7hkBjbmlswTUd-qJqYcvG_nx1F5MdqBcvrD2yNkns', '2023-06-26 11:16:59.572848'),
('ixs2mgl8mu6mxlcl2zc2qnyi74t5zz6x', '.eJxVi0sKwjAQQO-StZROJs3HpeARXIfpZEKKWsE2K-ndG6EL3b7PR0Wqa4l1kXeckjorrU6_bCS-y_wVxPyq89odpLs-aXrcWnM5kr-v0FLaBJqcNw6yMRRYCA0mzDha471GAQspOAkZ3UC-sT7zYG1GDQGZoFfbDpnwM48:1q4L1W:DUd2Y9e0nhYVGMLDK8GEWuVERG5kn2MjB8Ob6uhJ9xs', '2023-06-14 12:33:54.561514'),
('iybr0shy4sxuftvn3089wqdnz9t2glwu', '.eJxVi70KwjAQgN8ls5S7tJc0joKP4BwulxwpagXbTOK7W6GDrt_Py0Rua41tKc84ZXM0aA6_LLFcy_wVLPJo89rtpDvfebpdtua0J39f5aVuU0H1MvpMmogdiSjo2IMNrEiKGUKgPPRWlaAAWl-gHxwwJnDEJOb9AcYbNGA:1q7EBe:xVbN4yfWKI1sRIYUwypdEdD79rBcrFZ_kP-z9PGlvmM', '2023-06-22 11:52:18.332983'),
('iyn8hclzu2v70gex9blq4q2caq16vk52', '.eJxVizsOwjAQBe-yNYr8wVkvJRJHoLbWXluOgCAlcYW4O0ZKAeWbN_OCwG2roa15CZPACVDD4RdGTrc8fx9O6dnmbdjJcHnwdL9257wrf13ltfbIsLNazNF6rSxFK9mzIUTSxB5JikSjc7EqjcRkaBRSxFhc8n04hPcHutMz2w:1qCBMR:fe9SmdCpoz7JiRKENis5TsWsg_JzEf8rh0vQCb7FTEE', '2023-07-06 03:51:55.388714'),
('iyytbxqc8m43uwhdfyxhvq3asjtu03kc', '.eJxVi70KwjAQgN8ls5S7tJc0joKP4BwulxwpagXbTOK7W6GDrt_Py0Rua41tKc84ZXM0aA6_LLFcy_wVLPJo89rtpDvfebpdtua0J39f5aVuU0H1MvpMmogdiSjo2IMNrEiKGUKgPPRWlaAAWl-gHxwwJnDEJOb9AcYbNGA:1qARpO:xLL-5SbpGeJKLiU9_z4gMr3Qy-An5ildvr2koP6eVwA', '2023-07-01 09:02:38.197446'),
('iz85qkoi7hjkl3rxg9yyns3jtxl4lw09', '.eJxVi70KwjAQgN8ls5S7tJc0joKP4BwulxwpagXbTOK7W6GDrt_Py0Rua41tKc84ZXM0aA6_LLFcy_wVLPJo89rtpDvfebpdtua0J39f5aVuU0H1MvpMmogdiSjo2IMNrEiKGUKgPPRWlaAAWl-gHxwwJnDEJOb9AcYbNGA:1qC0nM:ul8XDQ_-7gzM9QIMPdKmNE1P_DN_21oF3gzcULVfMgQ', '2023-07-05 16:35:00.787173'),
('j00nakf8xtokylhethikotz40xa1yewv', '.eJxVi0kKwjAUQO-StRS_yc_gUvAIrsMfElLUCrZZiXe3Qhe6fcPLZOpLy30uzzyqORpndr-MSa5l-goSefRpGTYynO803i5rc9qSv6_R3Nap-pCYAjgNKSQEVlCPHjHEKMqJWRUOlRCdqCaLNqLsAahGtIW8eX8AtgA0ig:1qBwKa:S1KA0lkuJNQJmjfrP2LoamCLRoSYVeu45wdZs8YLThA', '2023-07-05 11:49:00.056158'),
('j0mdon2hfd3u0e0hwhbqym2pz1ndoiqz', '.eJxViz0OwjAMRu_iGVUmTkrMiMQRmCPXcZUKKBJtJsTdCVIH2L6f916QpK4l1cWeacpwBA-7320Qvdr8PUT1Uee125bufJfpdmnMaUP-vCJLaZJjUmEOXvYaW3CBI7G2rnlkjJSDY2_BsmCPB2QyswHJ9y7qiAjvD6KaM_M:1q4Kyt:W9k51vcZ8dh9PAAst7EXoFosNJEIUhU65H6cHcQU5Lo', '2023-06-14 12:31:11.126478'),
('j1whb2q7w0576h770o10wpnl2yplkgww', '.eJxVi0sKwjAQQO-StZROJs3HpeARXIfpZEKKWsE2K-ndG6EL3b7PR0Wqa4l1kXeckjorrU6_bCS-y_wVxPyq89odpLs-aXrcWnM5kr-v0FLaBJqcNw6yMRRYCA0mzDha471GAQspOAkZ3UC-sT7zYG1GDQGZoFfbDpnwM48:1q8e4w:wFXbByd1IJwE4VbDNELQtJOQKINafIQU_bOtEuuIim4', '2023-06-26 09:43:14.289561'),
('j457e51vaofimwsi8wpqwxacqm5bjtqm', '.eJxVi7sOwiAUht-F2TTcDlBHEx_BmfxwIDRqTWyZjO-uTTro-l1eIqKvLfalPOPE4iicEodfmJCvZd4Mcn70eR12MpzvmG6Xb3Pak7-vYWnblJgKe7LSAQQTRnj2owRppwvnWl21xgadismKwORNZajATFraJN4f9181XQ:1qC4Vd:uyDgDu7gb3o5gILVWMiW_0JoDpAZhuAHzI1Z9DKH_Ig', '2023-07-05 20:32:57.490447'),
('j5lsj4m8wgh8t4070skcmyx1dqli8da1', '.eJxVi0sKwjAQQO-StZROJs3HpeARXIfpZEKKWsE2K-ndG6EL3b7PR0Wqa4l1kXeckjorrU6_bCS-y_wVxPyq89odpLs-aXrcWnM5kr-v0FLaBJqcNw6yMRRYCA0mzDha471GAQspOAkZ3UC-sT7zYG1GDQGZoFfbDpnwM48:1q9i2l:HvywTqPo7UN4hMYBNHgwZfYhjrox5gSGvbUW-LZDuIY', '2023-06-29 08:09:23.869441'),
('j7qcfqnrmkui3tueqpj140o7p3hzjyn5', '.eJxVizsOwjAMQO-SGVXOHzMicQTmyLGNUgFFos2EuDtF6gDr-7xMob600md9llHMwdi92f3CSnzV6WuI-dGnZdjIcLrTeDuvzXFL_r5Gc1unEBI7SqSMNmdn1afKFEAwu8AcnWh1YhGhRqmJyUsGDAAQLyjqzfsD3uI0xg:1qBspC:ULi1ZZAf8b3KzWPnrVjS9frCvwSCJs_zLWwEGPcna-k', '2023-07-05 08:04:22.792706'),
('j91ykq6h8z4rf2b4tttwsgwaq2x2pgr9', '.eJxVizsOwjAQBe-yNYr8wVkvJRJHoLbWXluOgCAlcYW4O0ZKAeWbN_OCwG2roa15CZPACVDD4RdGTrc8fx9O6dnmbdjJcHnwdL9257wrf13ltfbIsLNazNF6rSxFK9mzIUTSxB5JikSjc7EqjcRkaBRSxFhc8n04hPcHutMz2w:1qCBMO:q06lrSlqzAgo4Cnnnjgc8fKzCJAKSLor4NyWQy94_pM', '2023-07-06 03:51:52.621302'),
('j9ec5ahr4ox981n4fk3upojw4v0b7km8', '.eJxVi80KwjAMgN-lZxkr2drEo-AjeC5pk9ChTnDrSXx3J-yg1-_n5RK3taa26DNN4o5ucIdflrlcdf4KLuXR5rXbSXe-83S7bM1pT_6-ykvdJvQgvRgjBEHJijJYAFP1vrBRBAwDZQ5jVjIAQymgPSHGkTUSufcH2uU1NQ:1q8ggN:xPMTSPnn8Gh84TePIRX3C_GCmMnsOyEyyG2fpMDii-0', '2023-06-26 12:30:03.190792'),
('j9xolz9r5k5unolf9f22y3lkynrfm511', '.eJxVi8sKwjAQRf8laylpOnm5FPwE12FmkiFFrWCblfjvRuhC4a7OPeelEratpraWZ5qzOioT1OEXEvK1LN8HmR9t2YadDOc7zrdLd0678tdVXGuPKFqGkidBEyenIZggQRO57EocXQEkziLg0UfbF8ZMmixa0Cg2evX-AOpGNPA:1q9lFJ:f9h2yERXyttIgxn2QrM1t1W9Ev8U8lodSTdHTI-EHzo', '2023-06-29 11:34:33.951446'),
('jaakwza301as6td4vn66bhane79mkid2', '.eJxVi70KwjAQgN8ls5S7tJc0joKP4BwulxwpagXbTOK7W6GDrt_Py0Rua41tKc84ZXM0aA6_LLFcy_wVLPJo89rtpDvfebpdtua0J39f5aVuU0H1MvpMmogdiSjo2IMNrEiKGUKgPPRWlaAAWl-gHxwwJnDEJOb9AcYbNGA:1qARXB:RgPTlYnuFu9qR5ClVOftF21KqQQAMLJyCupwtsST0wA', '2023-07-01 08:43:49.603471'),
('jb0qdx7fy8xllzp7n9l9tuzmmhv36b5n', '.eJxVi0kKwjAUQO-StRS_yc_gUvAIrsMfElLUCrZZiXe3Qhe6fcPLZOpLy30uzzyqORpndr-MSa5l-goSefRpGTYynO803i5rc9qSv6_R3Nap-pCYAjgNKSQEVlCPHjHEKMqJWRUOlRCdqCaLNqLsAahGtIW8eX8AtgA0ig:1qAXTr:pRIaMsQGWypdRLJIuhPaKZmo-AhjaONot_ICIdxij80', '2023-07-01 15:04:47.986212'),
('jb1ftbjmehbtm5fr1er08xwm9op31u0g', '.eJxVi70KwjAQgN8ls5S7tJc0joKP4BwulxwpagXbTOK7W6GDrt_Py0Rua41tKc84ZXM0aA6_LLFcy_wVLPJo89rtpDvfebpdtua0J39f5aVuU0H1MvpMmogdiSjo2IMNrEiKGUKgPPRWlaAAWl-gHxwwJnDEJOb9AcYbNGA:1qBtDp:hxc4ACTXDQlsmDNLsFbI7qxYmXIuamECK0vl6cC3xq0', '2023-07-05 08:29:49.752623'),
('jb9v0u8oykar2uxzkivpy5dy9azg3a7d', '.eJxVi0kKwjAUQO-StRS_yc_gUvAIrsMfElLUCrZZiXe3Qhe6fcPLZOpLy30uzzyqORpndr-MSa5l-goSefRpGTYynO803i5rc9qSv6_R3Nap-pCYAjgNKSQEVlCPHjHEKMqJWRUOlRCdqCaLNqLsAahGtIW8eX8AtgA0ig:1qBteu:RjLFD_7hFw25_gOO8fBNxigEoN8zqTSmzv12gnLTrPs', '2023-07-05 08:57:48.304529'),
('jctzh1or9lqx2y2c7jj9j1roei1m61bx', '.eJxVi0kKwjAUQO-StRS_yc_gUvAIrsMfElLUCrZZiXe3Qhe6fcPLZOpLy30uzzyqORpndr-MSa5l-goSefRpGTYynO803i5rc9qSv6_R3Nap-pCYAjgNKSQEVlCPHjHEKMqJWRUOlRCdqCaLNqLsAahGtIW8eX8AtgA0ig:1qAltZ:pJTt__ouEjvDSyZDUGgd3wZuI8S77aLR4dhYP0RRoTY', '2023-07-02 06:28:17.224521'),
('jeofolnygh8xhje2gmvdkse7lo7e4mt3', '.eJxVi0sKwjAQhu-StRQzpn9bl4JHcB0mMxNa1Aq2WYl3N0IXuv0eLxe5rGMsiz3jpO7o4Ha_LLFcbf4KFnmUeW020pzvPN0utTltyd838jLWqUdmGDFlT0mDgrwE2zOZQBFAOYgKYFWztUktkfadH_IBA7rWvT_ZzTUz:1qBTMp:HJcZ19KVNwm0UYT7AwwIyM6_lxd3_cSEzOmFtiuSRx8', '2023-07-04 04:53:23.936860'),
('jjqryu0jeruue57zb2yytglxie2hyzl1', '.eJxVi0kKwjAUQO-StRS_yc_gUvAIrsMfElLUCrZZiXe3Qhe6fcPLZOpLy30uzzyqORpndr-MSa5l-goSefRpGTYynO803i5rc9qSv6_R3Nap-pCYAjgNKSQEVlCPHjHEKMqJWRUOlRCdqCaLNqLsAahGtIW8eX8AtgA0ig:1qBwys:xvW9AUk9OTdhlk58RyAmnvNqV3E6iZ5XOnUao8gblS4', '2023-07-05 12:30:38.890946'),
('jjtb57v69lyvg9vvf3l6rsib5uakelg7', '.eJxVizsOwjAQBe_iGkXOxusPJRJHoLZ210aOgCAlcYW4exwpBbxy3sxHRapriXXJcxyTOitAdfqFTPLI0_6QyLtOa3eQ7vqi8XlrzuVQ_rpCS2mRI0jBBcA7gLbsg6Q2Z4j9oJk9a6MNcs7I1GvpUWwYPAYWMATWqO8G3iM0mg:1qBsTL:P4VLPvuSv55bJgOGn-_mNBDFDCTfVMoESxSoq_PCSfg', '2023-07-05 07:41:47.209287'),
('jkb1xcbgn1aibk2abizhvkhpbfrvf6ih', '.eJxVi0sKwjAQQO-StZROJs3HpeARXIfpZEKKWsE2K-ndG6EL3b7PR0Wqa4l1kXeckjorrU6_bCS-y_wVxPyq89odpLs-aXrcWnM5kr-v0FLaBJqcNw6yMRRYCA0mzDha471GAQspOAkZ3UC-sT7zYG1GDQGZoFfbDpnwM48:1q3ZT1:TXA11FA2VM2EBy9o6KF4I32W3mDpmvvS7b4fvnSr0XU', '2023-06-12 09:47:07.431995'),
('jlnorxmrt4u71klf70rchb1fsklmqy8r', '.eJxVi70KwjAQgN8ls5QzCZeco-AjdA6X3IUUtYJtJvHdrdBB1-_nZRL3taW-6DNNYk7Gojn8wszlqvPXcCmPPq_DTobLnafbuDXnPfn7Gi9tm5RiDJ4yQhXvINZjUCF0DJrReqoC4sCRuohVRTEHJLUFJFjR4s37A9W6NPc:1q9mtn:lWwvYq0S39yAZss-PKCfSA28F6S5RISHvh_4_FXUzV4', '2023-06-29 13:20:27.392054'),
('jm2netmgjcx68um4lwjj395c8d9kniha', '.eJxVizsOwjAQBe-yNYr8wVkvJRJHoLbWXluOgCAlcYW4O0ZKAeWbN_OCwG2roa15CZPACVDD4RdGTrc8fx9O6dnmbdjJcHnwdL9257wrf13ltfbIsLNazNF6rSxFK9mzIUTSxB5JikSjc7EqjcRkaBRSxFhc8n04hPcHutMz2w:1qCACB:yr4l_4pvMq2o2ePU7ikQCQNed7x2M6Pb6YuB2YcuEFc', '2023-07-06 02:37:15.313882'),
('jnflivfnhg240e96s1lcrxsoo1t0emy4', '.eJxVjsEKwjAQRP8lZylpN9kuHgU_wXPYbDakqBVsc5L-eyP0oDCnN29gPiZwXUuoi77DlMzZIJrTL4wsd52_DYu86rx2B-muT54et-ZcDuVvV3gpbZRdz9mTOicek4wUnW3piX2GSKrCFi0ONOZIyUuyA2BWUAIHqZ3ZduqXNN8:1qC15A:FJ9jxVdYyxKFrQDSjEUx-8fXMv1ySfWg0Mg4LRLldUs', '2023-07-05 16:53:24.630639'),
('jo240hg525ffz7ewsn8rjhuue83r43h4', '.eJxVi80KwjAMgN-lZxlN2JrFo-AjeC5pmtKhTnDrSXx3J-yg1-_n5aK0tca22DNO2R1d7w6_LIlebf4KUX20ee120p3vMt0uW3Pak7-vylK3CYdgGYFYPCYOPdlYFHvMpoSMYQymjAA8QPZkYJ4KlcRiAgQK7v0Bn_w0Gw:1q65EA:v5oXAWtnHmFrA0TvaYJWyCKAuS7aH1qv2C6PXhZK9js', '2023-06-19 08:06:10.951719'),
('jozec9o0tx8v1b79mu9vwq352vsljocr', '.eJxVi70KwjAQgN8ls5S7tJc0joKP4BwulxwpagXbTOK7W6GDrt_Py0Rua41tKc84ZXM0aA6_LLFcy_wVLPJo89rtpDvfebpdtua0J39f5aVuU0H1MvpMmogdiSjo2IMNrEiKGUKgPPRWlaAAWl-gHxwwJnDEJOb9AcYbNGA:1q6PI1:kO0uVz6imTLfNCktj6C2G626NczW_sEdg29BdBhj_Lk', '2023-06-20 05:31:29.096524'),
('jpwd762y1rwtcv4hind1rn35ada3ggx6', '.eJxVi70KwjAQgN8ls5S7tJc0joKP4BwulxwpagXbTOK7W6GDrt_Py0Rua41tKc84ZXM0aA6_LLFcy_wVLPJo89rtpDvfebpdtua0J39f5aVuU0H1MvpMmogdiSjo2IMNrEiKGUKgPPRWlaAAWl-gHxwwJnDEJOb9AcYbNGA:1qARSy:B3AWNzyWQtlE46ALj1wtHKy0GcuOrtjQ6XKD57wKR-o', '2023-07-01 08:39:28.975618'),
('jqqh5w5add9vl5t0o72ow5qn4m7djetp', '.eJxVi70KwjAQgN8ls5S7tJc0joKP4BwulxwpagXbTOK7W6GDrt_Py0Rua41tKc84ZXM0aA6_LLFcy_wVLPJo89rtpDvfebpdtua0J39f5aVuU0H1MvpMmogdiSjo2IMNrEiKGUKgPPRWlaAAWl-gHxwwJnDEJOb9AcYbNGA:1qAOPW:ZqT4WL0NDfGKUmFoa78oAuqPmRYNrsgTYzwnFIz99Qw', '2023-07-01 05:23:42.776315'),
('jquew1vxubavz903u78ne0uw39y517r8', '.eJxVi70OwiAQgN-F2TQHB1dxNPERnMlxQGjUmrRlMr5726SDrt_PRwVuSw1tzlMYkroo3avTL4wsjzzuhkXebVy6g3S3Fw_P-9Zcj-TvqzzXbcrIaBCiYW2ppAQOwHkDDILalrMHgB58iZGMsT5pDeIskSNCZBL1XQGunzMp:1q91Yn:Hm0M67zpoOvQqb_edYE0UJqonOPjk6C0dsnR-cxKtJk', '2023-06-27 10:47:37.785619'),
('jqv71ktc07jaytxt60375edd8bap2m6k', '.eJxVi0kKwjAUQO-StRS_yc_gUvAIrsMfElLUCrZZiXe3Qhe6fcPLZOpLy30uzzyqORpndr-MSa5l-goSefRpGTYynO803i5rc9qSv6_R3Nap-pCYAjgNKSQEVlCPHjHEKMqJWRUOlRCdqCaLNqLsAahGtIW8eX8AtgA0ig:1qBsvV:zWERMYo4peXamUi9Y7PP-j-MLSNjbd66thOZuECczTk', '2023-07-05 08:10:53.766282'),
('jsef8mq64a68doswai54gghgggqe1v5x', '.eJxVi80KwjAMgN-lZxkr2drEo-AjeC5pk9ChTnDrSXx3J-yg1-_n5RK3taa26DNN4o5ucIdflrlcdf4KLuXR5rXbSXe-83S7bM1pT_6-ykvdJvQgvRgjBEHJijJYAFP1vrBRBAwDZQ5jVjIAQymgPSHGkTUSufcH2uU1NQ:1q8bMk:2bkaUtVtTEQR4m00KWN8PlKu43erzuQFw-QE37igs00', '2023-06-26 06:49:26.559637'),
('jsioi339bmtol8zj4vtkc23op3rh0kbq', '.eJxVi70KwjAQgN8ls5S7tJc0joKP4BwulxwpagXbTOK7W6GDrt_Py0Rua41tKc84ZXM0aA6_LLFcy_wVLPJo89rtpDvfebpdtua0J39f5aVuU0H1MvpMmogdiSjo2IMNrEiKGUKgPPRWlaAAWl-gHxwwJnDEJOb9AcYbNGA:1q8gS5:rmp3y88_x-S4H62JoHPQjz034ePJRlMLRuCXPR20JIk', '2023-06-26 12:15:17.052399'),
('jt5pcxrbbxawnf2iwvm51txd2fdutxnd', '.eJxVi80KwjAMgN-lZxm02ZrGo-Aj7FySNNKhTnDrSXx3J-yg1-_n5TK3tea22DNPxR1dn9zhFwrr1eavYdVHm9duJ935ztNt3JrTnvx9lZe6TVh0ID946gMhBgxGyUgDRFCTlMQukDgW8ojAChIV1Augp6Bixb0_wtw0lg:1qA1v3:7UVrP7He7f84HA7Cz2od0TqULpG4uKJZCkoIPy7WHzY', '2023-06-30 05:22:45.694761'),
('juw9mt6l8n2e6wa5rxa8yxk46yd49od4', '.eJxVi70OwiAQgN-F2TQHB1dxNPERnMlxQGjUmrRlMr5726SDrt_PRwVuSw1tzlMYkroo3avTL4wsjzzuhkXebVy6g3S3Fw_P-9Zcj-TvqzzXbcrIaBCiYW2ppAQOwHkDDILalrMHgB58iZGMsT5pDeIskSNCZBL1XQGunzMp:1qBsws:WToI0sw-eYuB2k_J0nPIOSYzVFY7KJkp92mEy7CyxPE', '2023-07-05 08:12:18.349845'),
('jv6mhfhqws2a528cyxtwz586bdiintga', '.eJxVi70KwjAQgN8ls5TmkvRyjoKP4BwudwkpagXbTuK7W6GDrt_PyyRel5bWuTzTqOZogjeHX5hZrmX6GhZ5rNPS7aQ733m8XbbmtCd_X-O5bZOt0QZAqD6jHfqYnYC3REjF1qAaVCJGR3lQpxHIgucAQC5iX7OgeX8AsgMzog:1qBToP:pU6nVzP-Q5xfeLew_yvbKgRUyjcQExJjHdWgGDEc6M8', '2023-07-04 05:21:53.730190'),
('jvioefo5w661kealjvmt4t0w2iag1mhl', '.eJxVi70KwjAQgN8ls5S7tJc0joKP4BwulxwpagXbTOK7W6GDrt_Py0Rua41tKc84ZXM0aA6_LLFcy_wVLPJo89rtpDvfebpdtua0J39f5aVuU0H1MvpMmogdiSjo2IMNrEiKGUKgPPRWlaAAWl-gHxwwJnDEJOb9AcYbNGA:1qC2vl:-dnJy-HYrq2JNMDEb8eAHM-PE4SDNJK4SWsJKdLjO5Q', '2023-07-05 18:51:49.472782'),
('jvod5e8igh3f2isyufelk5melrrepirn', '.eJxVi70KwjAQgN8ls5S7tJc0joKP4BwulxwpagXbTOK7W6GDrt_Py0Rua41tKc84ZXM0aA6_LLFcy_wVLPJo89rtpDvfebpdtua0J39f5aVuU0H1MvpMmogdiSjo2IMNrEiKGUKgPPRWlaAAWl-gHxwwJnDEJOb9AcYbNGA:1qBwWv:aLn1Eb7Vzr8gW3abSymxCMJMqSrwb0_ps65Cas-a3g4', '2023-07-05 12:01:45.693492'),
('jvuncq8fgc7vebicijjscflu3zsq76dd', '.eJxVi0sKwjAQhu-StZRMElvjUvAIrsNk8g8pagXbrMS7W6EL3X6Pl0nclprajGcaizmaQGb3CzPLFdPXsMijTUu3ke585_F2WZvTlvx9lee6TiR7dQrlmInEUuYQ6RDgyQHknNVBhaBqUWz0pY9w8CWjl-IHJfP-APg5NbI:1q8yrv:bWER9353BLqiVuLZ5-nYXiJ8JQgtWHlRi8fDJBm7sL4', '2023-06-27 07:55:11.542550'),
('jwho17v632hi75jm1g4n5k2n9jec3gt8', '.eJxVi70OwiAQgN-F2TQHB1dxNPERnMlxQGjUmrRlMr5726SDrt_PRwVuSw1tzlMYkroo3avTL4wsjzzuhkXebVy6g3S3Fw_P-9Zcj-TvqzzXbcrIaBCiYW2ppAQOwHkDDILalrMHgB58iZGMsT5pDeIskSNCZBL1XQGunzMp:1q6T5O:GAq74NAMZOCruWCAJaW1JbJN9piL0XSzHmzka7klvzQ', '2023-06-20 09:34:42.530484'),
('jxp457r3ba19n47sumhu710dnytimz3j', '.eJxVi70KwjAQgN8ls5S7tJc0joKP4BwulxwpagXbTOK7W6GDrt_Py0Rua41tKc84ZXM0aA6_LLFcy_wVLPJo89rtpDvfebpdtua0J39f5aVuU0H1MvpMmogdiSjo2IMNrEiKGUKgPPRWlaAAWl-gHxwwJnDEJOb9AcYbNGA:1qBeQ9:PwTlQgIodyCYDTDL8qsmaoc5e5gcmxEntUYAhcWpKDo', '2023-07-04 16:41:33.491009'),
('jypxgjfu0n3mkbk1kw7yedlgpaoomhos', '.eJxVi70KwjAQgN8ls5S7tJc0joKP4BwulxwpagXbTOK7W6GDrt_Py0Rua41tKc84ZXM0aA6_LLFcy_wVLPJo89rtpDvfebpdtua0J39f5aVuU0H1MvpMmogdiSjo2IMNrEiKGUKgPPRWlaAAWl-gHxwwJnDEJOb9AcYbNGA:1q4KO4:VjazkDWNHXklfFgSqUvlpZ2a-sQI16cDm3uPMTSxLx4', '2023-06-14 11:53:08.171740'),
('k05r8tjju0fhqcgzp8k6eoil6omfo3tv', '.eJxVi0sKwjAQQO-StZR8ZpqMS8EjuA4zSUqKWsE2K-ndW6EL3b7PR0VuS41tLu84ZnVWHtXpFwqne5m-hlN6tWnpDtJdnzw-bntzOZK_r_Jc9ykTaQphEI8FIAWDQgFLsnZAjR56Nr11hOzBCOjADrJkcOSLFnJGrRu7mDOf:1qC0rm:9xnAh0bTqYxLSOYFgFw_dAcv4-Mu6FluVbYNRarwE1c', '2023-07-05 16:39:34.539343'),
('k3kdj85k8m4ig17m2b0fkztbf70iq9iv', '.eJxVi80KwjAMgN-lZxkr2drEo-AjeC5pk9ChTnDrSXx3J-yg1-_n5RK3taa26DNN4o5ucIdflrlcdf4KLuXR5rXbSXe-83S7bM1pT_6-ykvdJvQgvRgjBEHJijJYAFP1vrBRBAwDZQ5jVjIAQymgPSHGkTUSufcH2uU1NQ:1q6n8k:809JssqyOPqpuKL739Ykww07xDKPKACpoxXuFpt4Fq4', '2023-06-21 06:59:30.284490'),
('k3tydo50flwv0oak6xpo1cc9x4zxrmb4', '.eJxVi8sKwjAQRf9l1lImTZo4LoV-QtdhJg9S1AptsxL_3Qhd6O4-znmB57oXX7e0-jnCBfoBTr-jcLil5ftwCM-67N2xdOOD5_vUmOuB_HmFt9IkJQG1pcFxIEWmV4YZrWEkZ-xZNBlNTkR0q4iUcszZWtTELVF08P4Asjc0Jg:1qB6am:2tLfGQ9721A3HEukNr5sFPAIegTKNMXnR6D13kh1KDk', '2023-07-03 04:34:16.139034'),
('k466jyk0k6mnli9nr514vhbj880elylh', '.eJxVi70KwjAQgN8ls5S7tJc0joKP4BwulxwpagXbTOK7W6GDrt_Py0Rua41tKc84ZXM0aA6_LLFcy_wVLPJo89rtpDvfebpdtua0J39f5aVuU0H1MvpMmogdiSjo2IMNrEiKGUKgPPRWlaAAWl-gHxwwJnDEJOb9AcYbNGA:1qC8bN:g3dhUS8CWljpok3BXxcqtmxH44aL14N_FYF0HXOXZ18', '2023-07-06 00:55:09.055779'),
('k4n9ea2wudcxqqbpoi2layq8wxo6nx31', '.eJxVi80KwjAMgN-lZxkr2drEo-AjeC5pk9ChTnDrSXx3J-yg1-_n5RK3taa26DNN4o5ucIdflrlcdf4KLuXR5rXbSXe-83S7bM1pT_6-ykvdJvQgvRgjBEHJijJYAFP1vrBRBAwDZQ5jVjIAQymgPSHGkTUSufcH2uU1NQ:1q6Ee3:rI33QELmv3jeARyJgJiBG7dFSH2fJ2RHbJpYGPSoHVY', '2023-06-19 18:09:31.413354'),
('k5cngt5864d4pl71umotesud0p2sisdd', '.eJxVi0sKwjAQQO8yayn5TJLGpeARXIfJZEqKWsE2K_HuRuhCt-_zgkRtq6mt8kxzgSMEC4dfmImvsnwNMT_asg07Gc53mm-X3pz25O-rtNY-sWHMClUZ--6ytjoIxslidkZ5NKRjEDuhOM_GOTSxFLGsfWGSHEd4fwDYGDTM:1qC1Ll:Y9E68OHN_pVDwCnaaaEOfQLnzpoVDsI5TOiqqYPX78c', '2023-07-05 17:10:33.534825'),
('k741habn0yf0t6u01ca33i029f9sx7nr', '.eJxVi0sKwjAQQO-StZROJs3HpeARXIfpZEKKWsE2K-ndG6EL3b7PR0Wqa4l1kXeckjorrU6_bCS-y_wVxPyq89odpLs-aXrcWnM5kr-v0FLaBJqcNw6yMRRYCA0mzDha471GAQspOAkZ3UC-sT7zYG1GDQGZoFfbDpnwM48:1q7aK8:oPle5ibKS4FX71zGdF0mCrc0_HeaCO2LaZvB_zHOQdg', '2023-06-23 11:30:32.012474'),
('k7grut1ujshles2t07lgwzg2k4so86hy', '.eJxVi0sKwjAQQO-StZRM_nEpeATXYWY6IUWtYJuVeHcrdKHb93mpgn1tpS_yLNOojipodfiFhHyV-WuQ-dHnddjJcL7jdLtszWlP_r6GS9umGsEKWwMCKRICeck6ENkEWEfUFBNXDC64DKGCYeNtTl47MToZBvX-AN0dNDM:1qC1EB:VF5mZR0sFlOrV1pej486nBvWcT0a1t7YHerMfDG8-68', '2023-07-05 17:02:43.010792'),
('k9th22obqa6kvin9dsxcaxtsprim1o5j', '.eJxVi0sKwjAQQO8yaylO_nEpeATXYTKTkKJWaJuVeHcrdKHb93lBor621Jcyp1HgBBjh8Asz8a1MX0PMzz6tw06Gy4PG-3Vrznvy9zVa2jZZIW8z-hKMZg7CupairBOvxCEGpWKkesRQ0ZB3JmbUujrMpMiJFXh_AOCeNKk:1q6W1c:O1XahZ2yVgE0LacKIthb66ac5P1IYHcLCtqp8994ACU', '2023-06-20 12:43:00.505139'),
('kbulcu88kt88bprw6pzleb672f3qo83t', '.eJxVi0sKwjAQQO-StZROJs3HpeARXIfpZEKKWsE2K-ndG6EL3b7PR0Wqa4l1kXeckjorrU6_bCS-y_wVxPyq89odpLs-aXrcWnM5kr-v0FLaBJqcNw6yMRRYCA0mzDha471GAQspOAkZ3UC-sT7zYG1GDQGZoFfbDpnwM48:1q8HPc:nQTzsn7gTKlYPF100Lbw71C6Zgst-s95adRu_hn8a6o', '2023-06-25 09:31:04.248102'),
('kcjwiqmlwdd6cvvlfo0i9euedx0wfgoi', '.eJxVi8sKwjAUBf8laylpcpM2LgU_wXW4r5KiVrDNSvx3I3ShZzkz52Uy1q3kuuozz2KOpk_m8AsJ-arL1yDzoy5bt5PufMf5dmnNaU_-fgXX0k4ORj8msMKMoOQj9wTOk5NIoY2cnyCoDaoy2eAHELIuNjtIshrN-wPTsTSc:1q8mNO:9-vdtX8YdD9qy-ay-QurYkPvaxRNrXHUvPD_z9unJoQ', '2023-06-26 18:34:50.851129'),
('ke20lnc293s8jmq4m39uyrvbwxwk8ssj', '.eJxVi70KwjAQgN8ls5S7tJc0joKP4BwulxwpagXbTOK7W6GDrt_Py0Rua41tKc84ZXM0aA6_LLFcy_wVLPJo89rtpDvfebpdtua0J39f5aVuU0H1MvpMmogdiSjo2IMNrEiKGUKgPPRWlaAAWl-gHxwwJnDEJOb9AcYbNGA:1q4KYe:ffWKm0hFMHf5SrU0SV43hpBbwmk6GZb5baOQThixn3A', '2023-06-14 12:04:04.602112');
INSERT INTO `django_session` (`session_key`, `session_data`, `expire_date`) VALUES
('kemkmji8g0dxju1yqf0mdy5hhtg9i1hk', '.eJxVi0EKwjAQRe-StZR0bJgZl4JH6DpMMhNS1Aq2XYl3N0IXuvu8_97LRdnWGrfFnnFSd3I9u8MvTJKvNn8fyfmxzWu3k-5yl-k2Nue8K39dlaW2KJSBPBc0IcZiKWghNgUJ4HM6DpQECbVtEKIivQVgr5hYgQjQvT_4kTUq:1q8esk:tURNrs9-DKZDehpcuG8A43tOBvLkCfhvRa6lpL5dhOA', '2023-06-26 10:34:42.592258'),
('keqxf6bha8ss2gry95mpu4miay2ikg0h', '.eJxVi70KwjAQgN8ls5S7tJc0joKP4BwulxwpagXbTOK7W6GDrt_Py0Rua41tKc84ZXM0aA6_LLFcy_wVLPJo89rtpDvfebpdtua0J39f5aVuU0H1MvpMmogdiSjo2IMNrEiKGUKgPPRWlaAAWl-gHxwwJnDEJOb9AcYbNGA:1qA9X5:ebWVUgF6Rf3eRa5vvjRg7U66AcogEArb7YjZ6z3DRd8', '2023-06-30 13:30:31.582560'),
('kexknldh4aap4ezr1cai059cf8qnvj2x', '.eJxVi8sKwjAQRf8laymZyUgmLgU_oesweZGiVrDNSvz3ptCF7i7nnvNRXtpafVvy209JXRSSOv3CIPGe5_2RGF9tXoeDDLenTI-xO9dD-euqLLVHgBzJpoRImvXZFcMmoGOxAsYRoLYZSoHkBIpmIWHpO0IhShiC-m6zJjRl:1q6SOZ:CVFJ8mwl4C_jOPoINseBk-l4uc-D_F4IwvE5U_aSyK0', '2023-06-20 08:50:27.447509'),
('kfmeqv5det1ozqfiw2vuw1hef9wcgmlc', '.eJxVi70OwiAQgN-F2TQcB1zraOIjOJPjgNCoNbFlMn331qSDrt_PRwVuSw1tzu8wJnVWxqrTL4ws9zx9DYu82rR0B-muTx4ft725HMnfV3mu-4QQPQ6kc3GefE-FHAyFCjoBLRGKNYyRWSNYxISSfO7FgNfOGaGo1g28zzQJ:1qBtg0:OjzZmbCnbtP55jdGftrumIijShC-KXaJA2-CwZrww14', '2023-07-05 08:58:56.541428'),
('kg5dj2qukxooqu38b72dvi03b6a7slkh', '.eJxVi70KwjAQgN8ls5S7tJc0joKP4BwulxwpagXbTOK7W6GDrt_Py0Rua41tKc84ZXM0aA6_LLFcy_wVLPJo89rtpDvfebpdtua0J39f5aVuU0H1MvpMmogdiSjo2IMNrEiKGUKgPPRWlaAAWl-gHxwwJnDEJOb9AcYbNGA:1qB7PM:gFSkBzUu-RcdtUHKUixWeMlbCWLK7APoDMkMNFUjNFA', '2023-07-03 05:26:32.058050'),
('kh1mgdjnbvi7svfckste5v2zq3vmbzwm', '.eJxVi70KwjAQgN8ls5S7tJc0joKP4BwulxwpagXbTOK7W6GDrt_Py0Rua41tKc84ZXM0aA6_LLFcy_wVLPJo89rtpDvfebpdtua0J39f5aVuU0H1MvpMmogdiSjo2IMNrEiKGUKgPPRWlaAAWl-gHxwwJnDEJOb9AcYbNGA:1q6dRJ:o47jlFin_fhbxiH03RbAEWdwTdYesWPuthX3TXcXaNc', '2023-06-20 20:38:01.845884'),
('kif0bvz6afaxqrjazz66xk4vk5eby0na', '.eJxVi8sKwjAQRf9l1lImTZo4LoV-QtdhJg9S1AptsxL_3Qhd6O4-znmB57oXX7e0-jnCBfoBTr-jcLil5ftwCM-67N2xdOOD5_vUmOuB_HmFt9IkJQG1pcFxIEWmV4YZrWEkZ-xZNBlNTkR0q4iUcszZWtTELVF08P4Asjc0Jg:1qAkgH:TAiTdJDPumMjLqG_psvm6cfn005fpC8BLYsdKfgtr-A', '2023-07-02 05:10:29.651070'),
('kipy2r8vutsik1t69pw7topptvmub45t', '.eJxVi70OwiAQgN-F2TQHB1dxNPERnMlxQGjUmrRlMr5726SDrt_PRwVuSw1tzlMYkroo3avTL4wsjzzuhkXebVy6g3S3Fw_P-9Zcj-TvqzzXbcrIaBCiYW2ppAQOwHkDDILalrMHgB58iZGMsT5pDeIskSNCZBL1XQGunzMp:1q6T7d:NFWaWKgn21IAg4VQtiiHQWF4y0Rti8o90smKVoTb2XE', '2023-06-20 09:37:01.315393'),
('kjbz2hlzxv48toy5grpirt0d4e1f90zq', '.eJxVi70KwjAQgN8ls5TcpTlyjoKP4ByuyYUUtYJtJvHdjdBB1-_nZaK0rca26jPO2RwNenP4hZOkqy5fIyk92rINOxnOd5lvl96c9uTvq7LWPtGkpIWZbUgcAChDKjlIQVVHXjOQG4msx2IDI6L1MHZYPATK1pn3B9XLM8Y:1q8dtu:gIbXa0M9k432r9F2cS9Bg8QL_kbfFdubby4KWvckx6U', '2023-06-26 09:31:50.374838'),
('kjuxrvyg82hzfol9mozrx2ewbuv25jt5', '.eJxVi0sOgjAQQO8ya0Moln5cmngE183MdCYlKiZAV8a7AwkL3b7PBxLWpaQ6y5SGDBdwcPplhPyQcRfI_K7j0hykub1weN635nokf1_BuWyTp1aDIcSzooag1nfsesekKtYY8uzQR-uieO1DNpE7oaBtjmiFjcJ3Bd_2Na0:1qBwAc:Kaih_1_8G4D_tNT6AjjdMLVkZ_ArUs-5Ufy3WTqngBo', '2023-07-05 11:38:42.292477'),
('kk0nchme8g2uj4fts46st19v00qj7gmo', '.eJxVi70KwjAQgN_lZilJc7kLjoKP4BwuyYUUtYJtJvHdrdBB1-_nBVH62mJf9BmnAkdgOPyyJPmq81dIzo8-r8NOhvNdpttla0578vc1Wdo2qXdV1fOoaDyyY0y1JGvElsQkjBoseUfBKYY6JipIEmp2hgVz9fD-ALeQNH4:1qBpvk:QoAwE4E8AF_mCgAYluh9bxXK1LFJHTbHQob43T3n4yg', '2023-07-05 04:58:56.087167'),
('kmfxl2yx1k1f9pxv95xqnhceor74zfs6', '.eJxVi8sKwjAQRf9l1lImTZo4LoV-QtdhJg9S1AptsxL_3Qhd6O4-znmB57oXX7e0-jnCBfoBTr-jcLil5ftwCM-67N2xdOOD5_vUmOuB_HmFt9IkJQG1pcFxIEWmV4YZrWEkZ-xZNBlNTkR0q4iUcszZWtTELVF08P4Asjc0Jg:1qBoB1:qgNgL5vMoGSIrzLfCoJHy2wKBZ2O9HOdGgBeEtIJqSQ', '2023-07-05 03:06:35.947686'),
('kmshjq4oqe0wb2ri6fvuidsc9fet9nwt', '.eJxVi7sOwiAUht-F2TTcDlBHEx_BmfxwIDRqTWyZjO-uTTro-l1eIqKvLfalPOPE4iicEodfmJCvZd4Mcn70eR12MpzvmG6Xb3Pak7-vYWnblJgKe7LSAQQTRnj2owRppwvnWl21xgadismKwORNZajATFraJN4f9181XQ:1qC0Qk:U0aejiro3s8kZiulwbHeKvCe79-BGSuS6mc5SZfRwQY', '2023-07-05 16:11:38.680326'),
('knsbhzg2t8vnchjb7qbtuvnmul0bcimf', '.eJxVi70KwjAQgN8ls5S7tJc0joKP4BwulxwpagXbTOK7W6GDrt_Py0Rua41tKc84ZXM0aA6_LLFcy_wVLPJo89rtpDvfebpdtua0J39f5aVuU0H1MvpMmogdiSjo2IMNrEiKGUKgPPRWlaAAWl-gHxwwJnDEJOb9AcYbNGA:1qBTlB:v1V1vaikLnWT5nmN5d21cnT8c-AS90hUB5ZMQPtdwHQ', '2023-07-04 05:18:33.516240'),
('kntzgtf0wkryayu60gvw62hh262l8bbi', '.eJxVi70OwiAQgN-F2TQHB1dxNPERnMlxQGjUmrRlMr5726SDrt_PRwVuSw1tzlMYkroo3avTL4wsjzzuhkXebVy6g3S3Fw_P-9Zcj-TvqzzXbcrIaBCiYW2ppAQOwHkDDILalrMHgB58iZGMsT5pDeIskSNCZBL1XQGunzMp:1qAlaQ:Wun1WmbvqNcJSyHmf_lybRiiSmjhSNWSrFHbFjgsbUY', '2023-07-02 06:08:30.906691'),
('ko1slpiftr86wqmsf7rojp12bubsklth', '.eJxVi70KwjAQgN_lZilJc7kLjoKP4BwuyYUUtYJtJvHdrdBB1-_nBVH62mJf9BmnAkdgOPyyJPmq81dIzo8-r8NOhvNdpttla0578vc1Wdo2qXdV1fOoaDyyY0y1JGvElsQkjBoseUfBKYY6JipIEmp2hgVz9fD-ALeQNH4:1qBtd0:G3GbiLHxVe__KrBCaHm7cB-5keSTD-BHopTGUq0gH9I', '2023-07-05 08:55:50.455376'),
('koynycjukxakihzwlwjgt73zclhpjryc', '.eJxViz0OwjAMRu_iGVUmTkrMiMQRmCPXcZUKKBJtJsTdCVIH2L6f916QpK4l1cWeacpwBA-7320Qvdr8PUT1Uee125bufJfpdmnMaUP-vCJLaZJjUmEOXvYaW3CBI7G2rnlkjJSDY2_BsmCPB2QyswHJ9y7qiAjvD6KaM_M:1q4KQG:f8PVgzAhzj9izxw6trN3yUPQ3PhywaHJGLipkU7v16Q', '2023-06-14 11:55:24.014819'),
('kptxuvbt3lgd5h6lzy3ix2di6ebyvgp8', '.eJxVi0sKwjAQQO-StZROJs3HpeARXIfpZEKKWsE2K-ndG6EL3b7PR0Wqa4l1kXeckjorrU6_bCS-y_wVxPyq89odpLs-aXrcWnM5kr-v0FLaBJqcNw6yMRRYCA0mzDha471GAQspOAkZ3UC-sT7zYG1GDQGZoFfbDpnwM48:1q9mUK:8VlH_Hk2dJx9KFW6xvpor0fg4N1h9U8LgD_Qawj8704', '2023-06-29 12:54:08.088576'),
('kqjgxwhp7fzhp3cy0ag9ixdurw3qp9fy', '.eJxVi0sKwjAQQO-StZROJs3HpeARXIfpZEKKWsE2K-ndG6EL3b7PR0Wqa4l1kXeckjorrU6_bCS-y_wVxPyq89odpLs-aXrcWnM5kr-v0FLaBJqcNw6yMRRYCA0mzDha471GAQspOAkZ3UC-sT7zYG1GDQGZoFfbDpnwM48:1q3YiD:fKEId60u97vyLDHIO3h8UOW2HY4lKfMOyFB5Lisntrs', '2023-06-12 08:58:45.638334'),
('kqn5js4jkyjohmyb8k7bxe3yq6socg6y', '.eJxVizsOwjAMQO-SGVXOx4UwInEE5sh2HKUCikSbCXF3gtQB1vd5mURtrakt-kxTNkezd2b3C5nkqvPXkMijzeuwkeF8p-l26c1pS_6-SkvtU-DiHUcFDjiC54MPBRiR1UaHObNi6UggWnJCmh0CjEwhRJuxoHl_AOMPNO0:1qBxvm:W41ZdxXvrZygB5uGKYmsfPVq4QlvqWIAbpM17u9s4WM', '2023-07-05 13:31:30.745442'),
('kqrq91ujoc324kd153800y2gullgupiv', '.eJxVi0sKwjAQQO8yaylO_nEpeATXYTKTkKJWaJuVeHcrdKHb93lBor621Jcyp1HgBBjh8Asz8a1MX0PMzz6tw06Gy4PG-3Vrznvy9zVa2jZZIW8z-hKMZg7CupairBOvxCEGpWKkesRQ0ZB3JmbUujrMpMiJFXh_AOCeNKk:1q6ooZ:pkimFmWmUay86YCRTZML9MZrfBaj65VdYEAv6FxJrto', '2023-06-21 08:46:47.070401'),
('kr8g765z7lyo1vifte2qoqsz413kc9pj', '.eJxVi0sKwjAQQO-StZROJs3HpeARXIfpZEKKWsE2K-ndG6EL3b7PR0Wqa4l1kXeckjorrU6_bCS-y_wVxPyq89odpLs-aXrcWnM5kr-v0FLaBJqcNw6yMRRYCA0mzDha471GAQspOAkZ3UC-sT7zYG1GDQGZoFfbDpnwM48:1q8ghU:Tez_kK-9am0Y-XO4eE_3mx7zIiaCKE2IGOCaJgQTAVA', '2023-06-26 12:31:12.258907'),
('krs18g29umsx74y7koyh1yp49qdec1ns', '.eJxVi70KwjAQgN8ls5S7tJc0joKP4BwulxwpagXbTOK7W6GDrt_Py0Rua41tKc84ZXM0aA6_LLFcy_wVLPJo89rtpDvfebpdtua0J39f5aVuU0H1MvpMmogdiSjo2IMNrEiKGUKgPPRWlaAAWl-gHxwwJnDEJOb9AcYbNGA:1q6Qfz:KK-xv1geiC0v5nICFHY6yS-ywcapnLltBJwVCV6aLUE', '2023-06-20 07:00:19.350490'),
('ks6t0m91uqxy9zvae2jgcqo4lfvp6850', '.eJxVi0sKwjAQQO-StZROJs3HpeARXIfpZEKKWsE2K-ndG6EL3b7PR0Wqa4l1kXeckjorrU6_bCS-y_wVxPyq89odpLs-aXrcWnM5kr-v0FLaBJqcNw6yMRRYCA0mzDha471GAQspOAkZ3UC-sT7zYG1GDQGZoFfbDpnwM48:1q9gF9:OSnogpDGxFSeCt4X7cC5CntnwQvWTmYZ0PWlluySN84', '2023-06-29 06:14:03.177188'),
('ksj8wx3r563pusmfbpsi6dud8dgo8omj', '.eJxVi0sKwjAQhu-StRQzpn9bl4JHcB0mMxNa1Aq2WYl3N0IXuv0eLxe5rGMsiz3jpO7o4Ha_LLFcbf4KFnmUeW020pzvPN0utTltyd838jLWqUdmGDFlT0mDgrwE2zOZQBFAOYgKYFWztUktkfadH_IBA7rWvT_ZzTUz:1q92NV:82v_NZvbgl6l004cI_O2dy8pHRldidGS06ebowDEzCY', '2023-06-27 11:40:01.684532'),
('ktw2ntjlph0bomk1pkhtcedlf1zlwiwo', '.eJxVi7sOwiAUht-F2TTcDlBHEx_BmfxwIDRqTWyZjO-uTTro-l1eIqKvLfalPOPE4iicEodfmJCvZd4Mcn70eR12MpzvmG6Xb3Pak7-vYWnblJgKe7LSAQQTRnj2owRppwvnWl21xgadismKwORNZajATFraJN4f9181XQ:1qC1OK:T0VC4-qWruMHb0U0WV4B3WuajUBbTutulUOqABeANXM', '2023-07-05 17:13:12.524073'),
('kuhmifqki4rxhg2ms0x97cxbj6bgqrc3', '.eJxVi80KwjAMgN-lZxkr2drEo-AjeC5pk9ChTnDrSXx3J-yg1-_n5RK3taa26DNN4o5ucIdflrlcdf4KLuXR5rXbSXe-83S7bM1pT_6-ykvdJvQgvRgjBEHJijJYAFP1vrBRBAwDZQ5jVjIAQymgPSHGkTUSufcH2uU1NQ:1q6Etw:tlbTKcHJjb8OhQipoTXJuaP4l1yP9bYQmqpgX3YbdP8', '2023-06-19 18:25:56.727295'),
('kuk985ss1l1xfne03lt6e4z3wf5ul4ww', '.eJxVi70KwjAQgN8ls5T0cklzjoKP4BzuLikpagXbTOK7W6GDrt_PyyRua01tKc80ZXM04MzhFwrrtcxfw6qPNq_dTrrznafbZWtOe_L3VV7qNqFG8YNID-h5YIwWlUckAIo2aFYmzp6KdxqiuABIGUnG4PoYBax5fwDUmzRN:1q6QYC:tj3okg0rmaq5ghXFL3bBF1_TC9EAXS7BiylIa-Koq_M', '2023-06-20 06:52:16.327850'),
('kwiftc08yyxa3d6hjjkypt14nef3kfg5', '.eJxVjsEKwjAQRP8lZylpN9kuHgU_wXPYbDakqBVsc5L-eyP0oDCnN29gPiZwXUuoi77DlMzZIJrTL4wsd52_DYu86rx2B-muT54et-ZcDuVvV3gpbZRdz9mTOicek4wUnW3piX2GSKrCFi0ONOZIyUuyA2BWUAIHqZ3ZduqXNN8:1qC15W:PiRWNf3_LVaiFwCKOPGl3xMOv2kew21pr3hRjkJaR-Q', '2023-07-05 16:53:46.153807'),
('kypeoqzlf3shlk3jwbbvlggahroeps9n', '.eJxVi70KwjAQgN8ls5S7tJc0joKP4BwulxwpagXbTOK7W6GDrt_Py0Rua41tKc84ZXM0aA6_LLFcy_wVLPJo89rtpDvfebpdtua0J39f5aVuU0H1MvpMmogdiSjo2IMNrEiKGUKgPPRWlaAAWl-gHxwwJnDEJOb9AcYbNGA:1q8yLb:h27TmLfFfSHtrWa37jFMWkdUmedjzPtbY8c-ahX3D8c', '2023-06-27 07:21:47.492720'),
('kz5nzlxf8z9bainerm0ddmhoz9xvq7nn', '.eJxVi7sOwiAUht-F2TTcDlBHEx_BmfxwIDRqTWyZjO-uTTro-l1eIqKvLfalPOPE4iicEodfmJCvZd4Mcn70eR12MpzvmG6Xb3Pak7-vYWnblJgKe7LSAQQTRnj2owRppwvnWl21xgadismKwORNZajATFraJN4f9181XQ:1qC9WK:1LqLXVRwt-FOPIExYqGHCJfGQrUWoOhjBeqDPoM1-Eg', '2023-07-06 01:54:00.200052'),
('kzq52rgkb4st73bgb2tuemxdlmbcfxog', '.eJxVi70KwjAQgN8ls5S7tJc0joKP4BwulxwpagXbTOK7W6GDrt_Py0Rua41tKc84ZXM0aA6_LLFcy_wVLPJo89rtpDvfebpdtua0J39f5aVuU0H1MvpMmogdiSjo2IMNrEiKGUKgPPRWlaAAWl-gHxwwJnDEJOb9AcYbNGA:1qA1G2:_ojOyiRG6eICISD19TE4CP_ddIpqbiJqZRSEOXEmdo0', '2023-06-30 04:40:22.643826'),
('l23dcfgzdx3nrwxb8kcsga72u1fk7egf', '.eJxVi70KwjAQgN8ls5S7tJc0joKP4BwulxwpagXbTOK7W6GDrt_Py0Rua41tKc84ZXM0aA6_LLFcy_wVLPJo89rtpDvfebpdtua0J39f5aVuU0H1MvpMmogdiSjo2IMNrEiKGUKgPPRWlaAAWl-gHxwwJnDEJOb9AcYbNGA:1q6dQQ:1-V-EGgWFE0-jIpk-qUKM74LcHo3reujhzX9qG627lc', '2023-06-20 20:37:06.026882'),
('l4or3f0ay1m7nz4ygi6z0j2ffr26uq7k', '.eJxVi0sKwjAQhu-StRQzpn9bl4JHcB0mMxNa1Aq2WYl3N0IXuv0eLxe5rGMsiz3jpO7o4Ha_LLFcbf4KFnmUeW020pzvPN0utTltyd838jLWqUdmGDFlT0mDgrwE2zOZQBFAOYgKYFWztUktkfadH_IBA7rWvT_ZzTUz:1qBTjA:6K_UQhAxQ0rAaRPkhx_rdg43e_60RDp9qOpvSkAtF-M', '2023-07-04 05:16:28.333104'),
('l6hdu7jgtlc5hneio1ryod5ekddtbav9', '.eJxVi80KwjAMgN-lZxkr2drEo-AjeC5pk9ChTnDrSXx3J-yg1-_n5RK3taa26DNN4o5ucIdflrlcdf4KLuXR5rXbSXe-83S7bM1pT_6-ykvdJvQgvRgjBEHJijJYAFP1vrBRBAwDZQ5jVjIAQymgPSHGkTUSufcH2uU1NQ:1q8bmP:vedC-KpFA_nzYgFLZ9gIlpv5uAXrA7fMCdSsyeb2mvM', '2023-06-26 07:15:57.068519'),
('l74kz3240kwqdnyppv79r32iosuiygw3', '.eJxVi70KwjAQgN8ls5Tkwl0ujoKP4Bwul5QUtYJtJvHdrdBB1-_nZZL0taW-1Geaijka8ubwC7Potc5fI6qPPq_DTobzXabbZWtOe_L3NVnaNjkMXDIocXEBiq_iHQOOlV2JIMEL2YojonoSIrTWhagArEwAMZv3B8WtM7w:1qC4CL:hiFeEQvem8DSH0uiFArjIv5UIGrez4A7YWjOr9gp6TE', '2023-07-05 20:13:01.215290'),
('l766447kts02p0ii7iny0mer1drbs1xg', '.eJxVi0sKwjAQhu-StRQzpn9bl4JHcB0mMxNa1Aq2WYl3N0IXuv0eLxe5rGMsiz3jpO7o4Ha_LLFcbf4KFnmUeW020pzvPN0utTltyd838jLWqUdmGDFlT0mDgrwE2zOZQBFAOYgKYFWztUktkfadH_IBA7rWvT_ZzTUz:1q9J9w:Bt-Tz0cT9KjUl5X1P_agNLZyk5E-MNh4YOY67GVtnuA', '2023-06-28 05:35:08.399470'),
('l7ez59rdxrzu4b5qnpnizv2b02gjn2sb', '.eJxVi7sOwiAUht-F2TTcDlBHEx_BmfxwIDRqTWyZjO-uTTro-l1eIqKvLfalPOPE4iicEodfmJCvZd4Mcn70eR12MpzvmG6Xb3Pak7-vYWnblJgKe7LSAQQTRnj2owRppwvnWl21xgadismKwORNZajATFraJN4f9181XQ:1qCBqT:4DfDsg_C6XdokTS5jiKF1sH5L3N7_tc4zQvW09XlMoo', '2023-07-06 04:22:57.100844'),
('l7ypulnyafy82gb6366wz2ec5xk91ssx', '.eJxVi70KwjAQgN8ls5Tkwl0ujoKP4Bwul5QUtYJtJvHdrdBB1-_nZZL0taW-1Geaijka8ubwC7Potc5fI6qPPq_DTobzXabbZWtOe_L3NVnaNjkMXDIocXEBiq_iHQOOlV2JIMEL2YojonoSIrTWhagArEwAMZv3B8WtM7w:1qC4NZ:_btNXWS1kYZjA-VgWzdL0ZIxmpWSmHFGzW0NVpFp-AI', '2023-07-05 20:24:37.459475'),
('l88tmroo4554sqe4j6aiz4rykule0wxr', '.eJxVizsOwjAQBe-yNYr8wVkvJRJHoLbWXluOgCAlcYW4O0ZKAeWbN_OCwG2roa15CZPACVDD4RdGTrc8fx9O6dnmbdjJcHnwdL9257wrf13ltfbIsLNazNF6rSxFK9mzIUTSxB5JikSjc7EqjcRkaBRSxFhc8n04hPcHutMz2w:1qC8a4:6qnGDgxlIbmYI-NS5I2lKU8LUQwPcdJvg3qZ_2oqeUM', '2023-07-06 00:53:48.416365'),
('l89yjx3h2xjig6siqvwfw4l024jhq6dn', '.eJxVi70KwjAQgN_lZilJc7kLjoKP4BwuyYUUtYJtJvHdrdBB1-_nBVH62mJf9BmnAkdgOPyyJPmq81dIzo8-r8NOhvNdpttla0578vc1Wdo2qXdV1fOoaDyyY0y1JGvElsQkjBoseUfBKYY6JipIEmp2hgVz9fD-ALeQNH4:1q8elD:tLYzPCG5Xxio9NGEg7-nbTIhM6HPQo1behgccJ3XglU', '2023-06-26 10:26:55.713514'),
('l8em97zwp44694x268owq7yi51px5kf1', '.eJxVi70KwjAQgN_lZilJc7kLjoKP4BwuyYUUtYJtJvHdrdBB1-_nBVH62mJf9BmnAkdgOPyyJPmq81dIzo8-r8NOhvNdpttla0578vc1Wdo2qXdV1fOoaDyyY0y1JGvElsQkjBoseUfBKYY6JipIEmp2hgVz9fD-ALeQNH4:1q7JL2:b64DjCNDAegJs3jkknBRK8-toegfw1aQ5aW00a40134', '2023-06-22 17:22:20.242424'),
('l8li8vehe8f8qf2avcynd06ivgz6prer', '.eJxVi0sKwjAQhu-StRQzpn9bl4JHcB0mMxNa1Aq2WYl3N0IXuv0eLxe5rGMsiz3jpO7o4Ha_LLFcbf4KFnmUeW020pzvPN0utTltyd838jLWqUdmGDFlT0mDgrwE2zOZQBFAOYgKYFWztUktkfadH_IBA7rWvT_ZzTUz:1qAmEt:VSCAXfXOGFw54Rc4OOeKRLBAL52U9TXMP49IkZWYMYY', '2023-07-02 06:50:19.422092'),
('l8od9i3kq8d37u5rh0bcshhras41fdbq', '.eJxVi70OwiAQgN-F2TQHB1dxNPERnMlxQGjUmrRlMr5726SDrt_PRwVuSw1tzlMYkroo3avTL4wsjzzuhkXebVy6g3S3Fw_P-9Zcj-TvqzzXbcrIaBCiYW2ppAQOwHkDDILalrMHgB58iZGMsT5pDeIskSNCZBL1XQGunzMp:1q9m9Z:RUP1SFfr75yeOJ-we07ImIBO1nzK5XNkS2a1tsnsATE', '2023-06-29 12:32:41.030506'),
('l9oa9llffxfcc8bhmjkbgtcimof8kot4', '.eJxVi70KwjAQgN8ls5S7tJc0joKP4BwulxwpagXbTOK7W6GDrt_Py0Rua41tKc84ZXM0aA6_LLFcy_wVLPJo89rtpDvfebpdtua0J39f5aVuU0H1MvpMmogdiSjo2IMNrEiKGUKgPPRWlaAAWl-gHxwwJnDEJOb9AcYbNGA:1q3vFf:eMF_GQ2eBG4B7PO1OfOgzhwnamvMB0sTY8iA4XVWEpI', '2023-06-13 09:02:47.651340'),
('l9tbwzy43sdrnskwd94ql6br7wd1i9s7', '.eJxVi0sKwjAQQO-StZROJs3HpeARXIfpZEKKWsE2K-ndG6EL3b7PR0Wqa4l1kXeckjorrU6_bCS-y_wVxPyq89odpLs-aXrcWnM5kr-v0FLaBJqcNw6yMRRYCA0mzDha471GAQspOAkZ3UC-sT7zYG1GDQGZoFfbDpnwM48:1q8eti:5yU6kY3nyHq9rMjCjsKyk7GH_J-HrBOpvigGnsf1J38', '2023-06-26 10:35:42.608816'),
('l9tuu7tqjr1j8qfoos3renb666vv386x', '.eJxVi70KwjAQgN8ls5Tc5UKio-AjdA53uYQUtYJtJvHdrdBB1-_nZRL3taW-lGea1JwMHs3hFwrna5m_hnN-9HkddjJc7jzdxq0578nf13hp26SxkBDVUIWAo8Pog1iI4hkUFAW9EtkqOYgrDoIjzh5r8eKArZr3B-IHNOg:1qBq9D:zrUSDcGH-ZH77faha4bODGrDitC9Xdo_PfCB41XSjEU', '2023-07-05 05:12:51.001191'),
('la29ly785j3iud66uaw33zop6dcg9r02', '.eJxVi70KwjAQgN8ls5S7tJc0joKP4BwulxwpagXbTOK7W6GDrt_Py0Rua41tKc84ZXM0aA6_LLFcy_wVLPJo89rtpDvfebpdtua0J39f5aVuU0H1MvpMmogdiSjo2IMNrEiKGUKgPPRWlaAAWl-gHxwwJnDEJOb9AcYbNGA:1q4Kc4:SirrRCwyo7IAGbcpY4QTTmOrkfX32mDKf_sqK3qayWI', '2023-06-14 12:07:36.729727'),
('la4hfos2h138z9sds1lsjy3j9thkvjfc', '.eJxVi70KwjAQgN_lZilJc7kLjoKP4BwuyYUUtYJtJvHdrdBB1-_nBVH62mJf9BmnAkdgOPyyJPmq81dIzo8-r8NOhvNdpttla0578vc1Wdo2qXdV1fOoaDyyY0y1JGvElsQkjBoseUfBKYY6JipIEmp2hgVz9fD-ALeQNH4:1qAmap:_razsy3slQmGWPS4svr3vMER8JKejK4aMI9fgV2rtT8', '2023-07-02 07:12:59.152345'),
('lah4d832h86zrghpu3excmq8p70wb6z8', '.eJxVi70KwjAQgN8ls5S7tJc0joKP4BwulxwpagXbTOK7W6GDrt_Py0Rua41tKc84ZXM0aA6_LLFcy_wVLPJo89rtpDvfebpdtua0J39f5aVuU0H1MvpMmogdiSjo2IMNrEiKGUKgPPRWlaAAWl-gHxwwJnDEJOb9AcYbNGA:1q6rvN:JQ4YRduxlDtIw1hoj6sfbYDKAMnUHPwzHKEvjvnAeAU', '2023-06-21 12:06:01.518075'),
('lasxj5i6nzjk0q3lispmtxc3vpqf0x5g', '.eJxVi70KwjAQgN8ls5TcpTlyjoKP4ByuyYUUtYJtJvHdjdBB1-_nZaK0rca26jPO2RwNenP4hZOkqy5fIyk92rINOxnOd5lvl96c9uTvq7LWPtGkpIWZbUgcAChDKjlIQVVHXjOQG4msx2IDI6L1MHZYPATK1pn3B9XLM8Y:1q6jeO:UEsPkvnCSbluOoFhrsyIh9I83Raq6eqaEzgE5reu-pw', '2023-06-21 03:15:56.261611'),
('lbf4elycuzap4fpoiy23y5e26xuvdu0q', '.eJxVizsOwjAQBe-yNYr8wVkvJRJHoLbWXluOgCAlcYW4O0ZKAeWbN_OCwG2roa15CZPACVDD4RdGTrc8fx9O6dnmbdjJcHnwdL9257wrf13ltfbIsLNazNF6rSxFK9mzIUTSxB5JikSjc7EqjcRkaBRSxFhc8n04hPcHutMz2w:1qC8gV:94UkwtLmcE3j4V1OWjW5tDIgAEMV7c7IwwNxgJe-MUc', '2023-07-06 01:00:27.964629'),
('lbncqdledh1xwd0zox8q4rn39246mnc0', '.eJxVi0sOgjAQQO8ya0Moln5cmngE183MdCYlKiZAV8a7AwkL3b7PBxLWpaQ6y5SGDBdwcPplhPyQcRfI_K7j0hykub1weN635nokf1_BuWyTp1aDIcSzooag1nfsesekKtYY8uzQR-uieO1DNpE7oaBtjmiFjcJ3Bd_2Na0:1qBsz5:ot0ZezrWxKbmueRT2bfP2BVCJdtYnkQ7d0xPFimuqOU', '2023-07-05 08:14:35.182274'),
('lc2zf6v47n2puib2snp9o9niy5aulx4f', '.eJxVi0kKwjAUQO-StRS_yc_gUvAIrsMfElLUCrZZiXe3Qhe6fcPLZOpLy30uzzyqORpndr-MSa5l-goSefRpGTYynO803i5rc9qSv6_R3Nap-pCYAjgNKSQEVlCPHjHEKMqJWRUOlRCdqCaLNqLsAahGtIW8eX8AtgA0ig:1qBo5r:qikzTQpiWX4rDGjNbsYxMdZ-Eq1eCaVHgRgwRuKkfho', '2023-07-05 03:01:15.282609'),
('lc6xy1w1bho6igsd7ezn6z1g4o9rc8ti', '.eJxVi0sKwjAQQO-StZRk8pnWpeARXIeZSUKKWsE2K_HuRuhCt-_zUpHaVmNb8zPOSR2VNerwC5nkmpevIZFHW7ZhJ8P5TvPt0pvTnvx9ldbaJ-2yTGidjAWhOAwjs4UAqRjMKKP3hF2G5HjiJAW8AcNWa2CPQl69P9B9NHY:1q7C5D:LppDKOIpBakvSrJNzd5l_Wjrlvz4XNrPtSd6pqx2baM', '2023-06-22 09:37:31.664442'),
('lcuaq5870rt1xlyw6vuqpoewvj2v6tg1', '.eJxVi70KwjAQgN8ls5S7tJc0joKP4BwulxwpagXbTOK7W6GDrt_Py0Rua41tKc84ZXM0aA6_LLFcy_wVLPJo89rtpDvfebpdtua0J39f5aVuU0H1MvpMmogdiSjo2IMNrEiKGUKgPPRWlaAAWl-gHxwwJnDEJOb9AcYbNGA:1qARVS:Y_N87kn67kbFcQKqcZAveEnHthJp6LnZDnjAdxpo0Ts', '2023-07-01 08:42:02.773183'),
('lcyzqt57i0zrrglda3wmpmkkvohm17op', '.eJxVi70KwjAQgN8ls5S7tJc0joKP4BwulxwpagXbTOK7W6GDrt_Py0Rua41tKc84ZXM0aA6_LLFcy_wVLPJo89rtpDvfebpdtua0J39f5aVuU0H1MvpMmogdiSjo2IMNrEiKGUKgPPRWlaAAWl-gHxwwJnDEJOb9AcYbNGA:1q3awJ:1K1JpCLIPg-TAzSOxxmh2X_Kn0xLq6BWGu9L9nBruQo', '2023-06-12 11:21:27.661725'),
('ld69zjjuki7k7t9h0wi6tr19oel8fn0n', '.eJxVi0sKwjAQQO-StZROJs3HpeARXIfpZEKKWsE2K-ndG6EL3b7PR0Wqa4l1kXeckjorrU6_bCS-y_wVxPyq89odpLs-aXrcWnM5kr-v0FLaBJqcNw6yMRRYCA0mzDha471GAQspOAkZ3UC-sT7zYG1GDQGZoFfbDpnwM48:1q7A4H:P1gqaxL7OiIOzJyHyLdq-IdABFo0v1zFoMljtQLH5Ss', '2023-06-22 07:28:25.123739'),
('ldlee0kteh8zz5lh9cpf4p4dq3zykmml', '.eJxVi0EKwjAQRe-StZR0bJgZl4JH6DpMMhNS1Aq2XYl3N0IXuvu8_97LRdnWGrfFnnFSd3I9u8MvTJKvNn8fyfmxzWu3k-5yl-k2Nue8K39dlaW2KJSBPBc0IcZiKWghNgUJ4HM6DpQECbVtEKIivQVgr5hYgQjQvT_4kTUq:1q8cbk:pztq1hqoDCIMGuGjIK7s2sfyBAAnHvOn5HhUCOsp-Dc', '2023-06-26 08:09:00.294681'),
('le5oztnzw4iyv57kk10twd0uu4zirdzt', '.eJxVi80KwjAMgN-lZxlN2JrFo-AjeC5pmtKhTnDrSXx3J-yg1-_n5aK0tca22DNO2R1d7w6_LIlebf4KUX20ee120p3vMt0uW3Pak7-vylK3CYdgGYFYPCYOPdlYFHvMpoSMYQymjAA8QPZkYJ4KlcRiAgQK7v0Bn_w0Gw:1q5jmi:Jbqvn9uH3Y8gUGcCS5MWJWm0lAi4FRSQ1ZNRnokGc5E', '2023-06-18 09:12:24.860823'),
('lecm6wdlfbunc7dfzbr2pgqa08z6715n', '.eJxVi0sKwjAQQO-StZROJs3HpeARXIfpZEKKWsE2K-ndG6EL3b7PR0Wqa4l1kXeckjorrU6_bCS-y_wVxPyq89odpLs-aXrcWnM5kr-v0FLaBJqcNw6yMRRYCA0mzDha471GAQspOAkZ3UC-sT7zYG1GDQGZoFfbDpnwM48:1qBpfh:Mzt-B2UoOLsVbIySOyur5OE7dcFnGadjC68N1q39Rbo', '2023-07-05 04:42:21.812071'),
('lestproo0bg4bpeg5ljjg4bobiiis8d1', '.eJxVi70KwjAQgN8ls5S7tJc0joKP4BwulxwpagXbTOK7W6GDrt_Py0Rua41tKc84ZXM0aA6_LLFcy_wVLPJo89rtpDvfebpdtua0J39f5aVuU0H1MvpMmogdiSjo2IMNrEiKGUKgPPRWlaAAWl-gHxwwJnDEJOb9AcYbNGA:1qBt4e:o5JchURYWjMpIuso_YPZ9OS92UyZa90FoEdKq4BZckk', '2023-07-05 08:20:20.521975'),
('leu608mbmpca4p46u8wewmwmnkmzr5ix', '.eJxVi70KwjAQgN8ls5Tc5UKio-AjdA53uYQUtYJtJvHdrdBB1-_nZRL3taW-lGea1JwMHs3hFwrna5m_hnN-9HkddjJc7jzdxq0578nf13hp26SxkBDVUIWAo8Pog1iI4hkUFAW9EtkqOYgrDoIjzh5r8eKArZr3B-IHNOg:1qBoCI:a9h7i1nAmzZ6dMMwnYcfiYsUfXFTzDWPdGdwW2OOe0Q', '2023-07-05 03:07:54.515333'),
('lf7j5tmp38si60wk0eci1dqkttmcht8a', '.eJxVi7sOwiAUht-F2TTcDlBHEx_BmfxwIDRqTWyZjO-uTTro-l1eIqKvLfalPOPE4iicEodfmJCvZd4Mcn70eR12MpzvmG6Xb3Pak7-vYWnblJgKe7LSAQQTRnj2owRppwvnWl21xgadismKwORNZajATFraJN4f9181XQ:1qC9rs:_MuqsHHZUnGdMH9e4GVq2BSmj9A-C55-mZXo2OkxxUA', '2023-07-06 02:16:16.000439'),
('lgsjvhlawigcdigy2aqgquzjdqoyarji', '.eJxVi7sOwiAUht-F2TTcDlBHEx_BmfxwIDRqTWyZjO-uTTro-l1eIqKvLfalPOPE4iicEodfmJCvZd4Mcn70eR12MpzvmG6Xb3Pak7-vYWnblJgKe7LSAQQTRnj2owRppwvnWl21xgadismKwORNZajATFraJN4f9181XQ:1qC9FM:24NBcpVfc8TA5JvrTVCoMwhWjc-GtiQgCOHRtei-R-4', '2023-07-06 01:36:28.497908'),
('lgum39vtpoenxdc688x5k9xyxr1nzy8g', '.eJxVi8sKwjAQRf8laymZMsm0LgU_wXWYR0KKWsG2K_HfjdCF7i7nnvNyibe1pm3JzzSZO7rRHX6ZsF7z_D1Y9bHNa7eT7nzn6XZpzmlX_rrKS22R9-qFB0QEtrYtcDHBsYcIAyuRKSF4A08iGftCkEuIsXA2ocDu_QG_-jUU:1qBKZB:iRzhRLrKz4Vf-ttO22Y-98i2jyN7nrSCHqImGyj9P9o', '2023-07-03 19:29:33.327516'),
('lizmfgafipqcqmp166iqw3b0aeb4f5bj', '.eJxVi70KwjAQgN8ls5S7tJc0joKP4BwulxwpagXbTOK7W6GDrt_Py0Rua41tKc84ZXM0aA6_LLFcy_wVLPJo89rtpDvfebpdtua0J39f5aVuU0H1MvpMmogdiSjo2IMNrEiKGUKgPPRWlaAAWl-gHxwwJnDEJOb9AcYbNGA:1q91Fh:VnDiymYX1wvfN5ShmIPoL_HhMHbFx8gK-kdQz006L28', '2023-06-27 10:27:53.543425'),
('ljnozge675uzd2yxuy0i6xhbb4166r7v', '.eJxVi0sKwjAQQO8yaylO_nEpeATXYTKTkKJWaJuVeHcrdKHb93lBor621Jcyp1HgBBjh8Asz8a1MX0PMzz6tw06Gy4PG-3Vrznvy9zVa2jZZIW8z-hKMZg7CupairBOvxCEGpWKkesRQ0ZB3JmbUujrMpMiJFXh_AOCeNKk:1q6Ven:X4wIScEEXxym-_WRdgxG1WcVQq635ymYwOfDEsCBlkA', '2023-06-20 12:19:25.838535'),
('ljzngy2yqkf58u2myn90sln4hu2kb0p0', '.eJxVi0sKwjAQQO-StZROJs3HpeARXIfpZEKKWsE2K-ndG6EL3b7PR0Wqa4l1kXeckjorrU6_bCS-y_wVxPyq89odpLs-aXrcWnM5kr-v0FLaBJqcNw6yMRRYCA0mzDha471GAQspOAkZ3UC-sT7zYG1GDQGZoFfbDpnwM48:1qAYDD:qS5RJfw-Ps00vkRcwRDLXYKKsubcj1qoC3TnBnSPz7U', '2023-07-01 15:51:39.137948'),
('lm6x2k8341w3f6m2wjkmszxwhpl6jt46', '.eJxVizsOwjAQBe-yNYr8wVkvJRJHoLbWXluOgCAlcYW4O0ZKAeWbN_OCwG2roa15CZPACVDD4RdGTrc8fx9O6dnmbdjJcHnwdL9257wrf13ltfbIsLNazNF6rSxFK9mzIUTSxB5JikSjc7EqjcRkaBRSxFhc8n04hPcHutMz2w:1qCBLS:ImkwNaR9xfHv3Eaq34bJIN0mL_OT7x3GRE_Hi782gK4', '2023-07-06 03:50:54.476006'),
('lm7gqlak6q42jxmztv654key3nyp8exe', '.eJxVi70KwjAQgN8ls5Tc5UKio-AjdA53uYQUtYJtJvHdrdBB1-_nZRL3taW-lGea1JwMHs3hFwrna5m_hnN-9HkddjJc7jzdxq0578nf13hp26SxkBDVUIWAo8Pog1iI4hkUFAW9EtkqOYgrDoIjzh5r8eKArZr3B-IHNOg:1qBqWJ:wg8Kil3Gc02EjDwFjvkQqngTzMozvcnDd1sNVwPQAkw', '2023-07-05 05:36:43.654142'),
('lnrxcgq603owquhtrgr278gb71gbie2l', '.eJxVi70KwjAQgN8ls5S7tJc0joKP4BwulxwpagXbTOK7W6GDrt_Py0Rua41tKc84ZXM0aA6_LLFcy_wVLPJo89rtpDvfebpdtua0J39f5aVuU0H1MvpMmogdiSjo2IMNrEiKGUKgPPRWlaAAWl-gHxwwJnDEJOb9AcYbNGA:1q9AP0:3S_p9ipMA1ODmtYaNNPRfKHgqhjpphCQSnaiWSCA5uM', '2023-06-27 20:14:06.105751'),
('lnzbu423z4t60h9oc4v7j0wp8k6r2j5a', '.eJxVi70KwjAQgN_lZilJc7kLjoKP4BwuyYUUtYJtJvHdrdBB1-_nBVH62mJf9BmnAkdgOPyyJPmq81dIzo8-r8NOhvNdpttla0578vc1Wdo2qXdV1fOoaDyyY0y1JGvElsQkjBoseUfBKYY6JipIEmp2hgVz9fD-ALeQNH4:1qBwvG:gIj6TnIaqxQlQ6X0MGwLGn-91bQA6iQx4d2nGILBgyE', '2023-07-05 12:26:54.201369'),
('lq4zp194cxi14imhtsnmz09rjyam7sqj', '.eJxVi7sOwiAUht-F2TTcDlBHEx_BmfxwIDRqTWyZjO-uTTro-l1eIqKvLfalPOPE4iicEodfmJCvZd4Mcn70eR12MpzvmG6Xb3Pak7-vYWnblJgKe7LSAQQTRnj2owRppwvnWl21xgadismKwORNZajATFraJN4f9181XQ:1qCBC4:rW_-Mt34uKRJPtsunElJAjufNQP5HELL8HqeEs_SU-k', '2023-07-06 03:41:12.353566'),
('lr6u8mj8ymdqhl1uyjwmkdiy4k0dfu53', '.eJxVi8sKwjAQRf8laylpOnm5FPwE12FmkiFFrWCblfjvRuhC4a7OPeelEratpraWZ5qzOioT1OEXEvK1LN8HmR9t2YadDOc7zrdLd0678tdVXGuPKFqGkidBEyenIZggQRO57EocXQEkziLg0UfbF8ZMmixa0Cg2evX-AOpGNPA:1q9n3J:2LtuBhmWRVvwFTffCLvMjQ_S0n13COQdazrByIv7zqw', '2023-06-29 13:30:17.543443'),
('ls89kuwhnsinitdhrstsytbi8ubjhhag', '.eJxVi0sKwjAQhu-StRQzpn9bl4JHcB0mMxNa1Aq2WYl3N0IXuv0eLxe5rGMsiz3jpO7o4Ha_LLFcbf4KFnmUeW020pzvPN0utTltyd838jLWqUdmGDFlT0mDgrwE2zOZQBFAOYgKYFWztUktkfadH_IBA7rWvT_ZzTUz:1q92NZ:ztx74ubB2LgIYCKvHMtPtaNdxHcajWrlklL7aWACuHg', '2023-06-27 11:40:05.630916'),
('lsn4g1658jcvap9bzq6wew93u8igd0ev', '.eJxVi0sKwjAQhu-StRQnzdTEpeARXIc_kwkpagXbrMS7a6EL3X6Pl4loS41t1mccszkaJrP7hQly1Wk1EHm0aek20p3vGG-Xb3Pakr-vYq7rhMEHRaGQBDn7kpxKTzZwcbkHwcIyWVYV9lrY9YPs4TgLeUr-YN4fDvE1iQ:1qAQy5:1qOr3Yuad31CfHz1xgZwi4X68L2mJMt1fgStC3uLEPM', '2023-07-01 08:07:33.521898'),
('lsr12vo0g29tkwgpimoblooxiwpqfc6s', '.eJxVi0sKwjAQQO8yayn5TJLGpeARXIfJZEqKWsE2K_HuRuhCt-_zgkRtq6mt8kxzgSMEC4dfmImvsnwNMT_asg07Gc53mm-X3pz25O-rtNY-sWHMClUZ--6ytjoIxslidkZ5NKRjEDuhOM_GOTSxFLGsfWGSHEd4fwDYGDTM:1qC2rw:AFY_QogOGQU2yIQ20kKnoQ9AmY4XDSHqkCzn7KDijX4', '2023-07-05 18:47:52.077338'),
('lssj4nto9trsjvtjp6co9f11i7ucmfr9', '.eJxVi70OwiAQgN-F2TQHB1dxNPERnMlxQGjUmrRlMr5726SDrt_PRwVuSw1tzlMYkroo3avTL4wsjzzuhkXebVy6g3S3Fw_P-9Zcj-TvqzzXbcrIaBCiYW2ppAQOwHkDDILalrMHgB58iZGMsT5pDeIskSNCZBL1XQGunzMp:1q8eXV:3pT_6eTx11RUYcuNEDSNRejlbIPZnHhojPVL51FaYdo', '2023-06-26 10:12:45.951472'),
('ltp2vx1o1t8e74ipdtumew7cxse62vft', '.eJxVi7sOwiAUht-F2TTcDlBHEx_BmfxwIDRqTWyZjO-uTTro-l1eIqKvLfalPOPE4iicEodfmJCvZd4Mcn70eR12MpzvmG6Xb3Pak7-vYWnblJgKe7LSAQQTRnj2owRppwvnWl21xgadismKwORNZajATFraJN4f9181XQ:1qC4Lj:Ons4eAFvq4z4ofV1QlNKPqbbXSF1q3ulAjEIfsbktJ4', '2023-07-05 20:22:43.785806'),
('ltygd8o3uit8p0gubtc3h5iggahhfubp', '.eJxVi0kKwjAUQO-StRS_yc_gUvAIrsMfElLUCrZZiXe3Qhe6fcPLZOpLy30uzzyqORpndr-MSa5l-goSefRpGTYynO803i5rc9qSv6_R3Nap-pCYAjgNKSQEVlCPHjHEKMqJWRUOlRCdqCaLNqLsAahGtIW8eX8AtgA0ig:1qBsqP:zIIY89dQ11tGWLTX_xJETOkh5k_cFAH9u1KN8Ad7MJQ', '2023-07-05 08:05:37.792253'),
('lujgpe03lygs09mleqvobrkatjtapuzx', '.eJxVi70KwjAQgN_lZilJc7kLjoKP4BwuyYUUtYJtJvHdrdBB1-_nBVH62mJf9BmnAkdgOPyyJPmq81dIzo8-r8NOhvNdpttla0578vc1Wdo2qXdV1fOoaDyyY0y1JGvElsQkjBoseUfBKYY6JipIEmp2hgVz9fD-ALeQNH4:1qAPiZ:tX7U1GZZ7ni96rObuwMMOWV7pewHzkxxw7QpxxrsJ2g', '2023-07-01 06:47:27.696224'),
('lvwmq1krzhxxpjex6sxayoxtkgv06fud', '.eJxVi70KwjAQgN8ls5S7tJc0joKP4BwulxwpagXbTOK7W6GDrt_Py0Rua41tKc84ZXM0aA6_LLFcy_wVLPJo89rtpDvfebpdtua0J39f5aVuU0H1MvpMmogdiSjo2IMNrEiKGUKgPPRWlaAAWl-gHxwwJnDEJOb9AcYbNGA:1qBthf:-cePGtRVdP1zvsSJLBAV1YZICUvnkZbBRKBU9LJ01ps', '2023-07-05 09:00:39.671698'),
('lvxq9x4zgisj92fs95f0t54lebsangbo', '.eJxVi80KwjAMgN-lZxkr2drEo-AjeC5pk9ChTnDrSXx3J-yg1-_n5RK3taa26DNN4o5ucIdflrlcdf4KLuXR5rXbSXe-83S7bM1pT_6-ykvdJvQgvRgjBEHJijJYAFP1vrBRBAwDZQ5jVjIAQymgPSHGkTUSufcH2uU1NQ:1q9Ekn:V8gyLrIwedPA8g_q6n7LSa2tebv-IX68v8bKLlaM9L4', '2023-06-28 00:52:53.969480'),
('lwikfa6jrv4gjpzq9ll5ovqt21tt9x1l', '.eJxVi0sKwjAQQO-StZROJs3HpeARXIfpZEKKWsE2K-ndG6EL3b7PR0Wqa4l1kXeckjorrU6_bCS-y_wVxPyq89odpLs-aXrcWnM5kr-v0FLaBJqcNw6yMRRYCA0mzDha471GAQspOAkZ3UC-sT7zYG1GDQGZoFfbDpnwM48:1q6myu:Faat5zzf7Fnu9GAt4ks3Ai_jvgeDUlHxNES8_l08BoY', '2023-06-21 06:49:20.492861'),
('lxh7qbcimr5iq1ibfchdg4o1ey8fk4rg', '.eJxVi80KwjAMgN-lZxkr2drEo-AjeC5pk9ChTnDrSXx3J-yg1-_n5RK3taa26DNN4o5ucIdflrlcdf4KLuXR5rXbSXe-83S7bM1pT_6-ykvdJvQgvRgjBEHJijJYAFP1vrBRBAwDZQ5jVjIAQymgPSHGkTUSufcH2uU1NQ:1q8er8:B84-DopvObirSei73bP3BGVUApl6_rzVwv4ZCVZ3X8o', '2023-06-26 10:33:02.055839'),
('lz6daga7moudmo4rdvftofqfo6y8bali', '.eJxVi0EKwjAQRe-StZRMmkxSl4JHcB0mkwkpagXbrMS7G6ELXX14_72XitS2GtsqzzhndVRo1OEXJuKrLN-HmB9t2YadDOc7zbdLd0678tdVWmuPtACA01MoTkYxbhpTloTFcvHAjJitDim5jH0IMrI2oCV4KsWz9er9Ad0LNQA:1qCC8j:gu8qzejcLZ3TM0dZRoHHAGbulDPBgALIat300eYeQUI', '2023-07-06 04:41:49.545193'),
('m042i1istv2mdlwydgzpjxal7e1npslc', '.eJxVi0kKwjAUQO-StZT6883gUvAIrsMfElLUCrZZiXc3Qhe6fcPLJGprTW3JzzSpORoAs_uFTHLN89eQyKPN67CR4Xyn6XbpzWlL_r5KS-3T6EVyGbGUHCyiPTAyqYpjzi46BfbAWUPBvY_ERXyAYmPsg5IimPcHEHM2NA:1q5iiz:TigYrZpp-Bs3L0Q83CTuyIAhEyRI8Z47nLDIPPbr98U', '2023-06-18 08:04:29.226788'),
('m0o5yjxu6bxjyi262okfy9s1xtuyu8c2', '.eJxVi0sKwjAQQO-StZROJs3HpeARXIfpZEKKWsE2K-ndG6EL3b7PR0Wqa4l1kXeckjorrU6_bCS-y_wVxPyq89odpLs-aXrcWnM5kr-v0FLaBJqcNw6yMRRYCA0mzDha471GAQspOAkZ3UC-sT7zYG1GDQGZoFfbDpnwM48:1q9knO:eRuCH9XDyIAMQgON1VXdcqzbT5yGKaEiwgY3Q5M0ysg', '2023-06-29 11:05:42.657763'),
('m19aohbhgxj6x60ybcgqote5qo48fe01', '.eJxVi0kKwjAUQO-StRS_yc_gUvAIrsMfElLUCrZZiXe3Qhe6fcPLZOpLy30uzzyqORpndr-MSa5l-goSefRpGTYynO803i5rc9qSv6_R3Nap-pCYAjgNKSQEVlCPHjHEKMqJWRUOlRCdqCaLNqLsAahGtIW8eX8AtgA0ig:1qA5FT:F28vmRTH0TPSi0SvzinyDmaZZADbvRXlPHHoVrOJqE8', '2023-06-30 08:56:03.568322'),
('m1a2bhiywqcksn2g4id5u7elq2ml2kn3', '.eJxVi70KwjAQgN8ls5S7tJc0joKP4BwulxwpagXbTOK7W6GDrt_Py0Rua41tKc84ZXM0aA6_LLFcy_wVLPJo89rtpDvfebpdtua0J39f5aVuU0H1MvpMmogdiSjo2IMNrEiKGUKgPPRWlaAAWl-gHxwwJnDEJOb9AcYbNGA:1q9zxU:uN4iHFejZJdocUVWqlGtqji0r_oacUZlb5WtA64N7Ug', '2023-06-30 03:17:08.179632'),
('m2v0hmtsyeh1ncm0nj8yol7fen2hcf7s', '.eJxVjsEKwjAQRP8lZylpN9kuHgU_wXPYbDakqBVsc5L-eyP0oDCnN29gPiZwXUuoi77DlMzZIJrTL4wsd52_DYu86rx2B-muT54et-ZcDuVvV3gpbZRdz9mTOicek4wUnW3piX2GSKrCFi0ONOZIyUuyA2BWUAIHqZ3ZduqXNN8:1qC4SS:9CF9L-u3tG6ov35hT8gP51RtCzNglDq8VOcnx_CUwgc', '2023-07-05 20:29:40.065604'),
('m4bp7vcm6xitd0xt3bx7xqd1j908dvd8', '.eJxVi8sKwjAQRf9l1lImTZo4LoV-QtdhJg9S1AptsxL_3Qhd6O4-znmB57oXX7e0-jnCBfoBTr-jcLil5ftwCM-67N2xdOOD5_vUmOuB_HmFt9IkJQG1pcFxIEWmV4YZrWEkZ-xZNBlNTkR0q4iUcszZWtTELVF08P4Asjc0Jg:1qBe6I:AcNVad2DA33fgbBvoZr-vUPXEpH-IUKMe2orFMPIv7U', '2023-07-04 16:21:02.702943'),
('m533kg6nh9cgofaw4z7s94ftq8nlu786', '.eJxVjMEKwyAYg9_F8yi_WqvdcbBH2Fmiv2LZ1kFbT2PvPgs9bARyyJfkLTzqVnxd0-InFmchtTj9hgHxnuadIMZXnbfuSLrrE9Pj1jqXo_K3K1jLfpdt6G1kZOI8yOYjmgaoRA46NWQBRZl1IDuaXjrFjghstLHRiM8XAPg1Jw:1q4FYm:GbZCb4mxxMFHO0TBdiKFXUqG7eqIEjxCaTZXEzUcRrE', '2023-06-14 06:43:52.632865'),
('m65787k3yizvexze0rbqq8o4qpgowdy2', '.eJxVi70KwjAQgN8ls5S7tJc0joKP4BwulxwpagXbTOK7W6GDrt_Py0Rua41tKc84ZXM0aA6_LLFcy_wVLPJo89rtpDvfebpdtua0J39f5aVuU0H1MvpMmogdiSjo2IMNrEiKGUKgPPRWlaAAWl-gHxwwJnDEJOb9AcYbNGA:1q8yAv:R2W5gEbSEm8LX8agr0FunQjOb0bYudB2aE49Vl79YW4', '2023-06-27 07:10:45.066515'),
('m66wi3h9r7c7t37l8mbyztxrpedzputp', '.eJxVi0kKwjAUQO-StRS_yc_gUvAIrsMfElLUCrZZiXe3Qhe6fcPLZOpLy30uzzyqORpndr-MSa5l-goSefRpGTYynO803i5rc9qSv6_R3Nap-pCYAjgNKSQEVlCPHjHEKMqJWRUOlRCdqCaLNqLsAahGtIW8eX8AtgA0ig:1qAXoA:LU5pVsL1xczAge9pKSX_Uv73X6zUte0zff4mcaP_lKk', '2023-07-01 15:25:46.408119'),
('m6hntisnxkm11mexrrz1ovfqsxvf8q7f', '.eJxVi0sKwjAQQO-StZROJs3HpeARXIfpZEKKWsE2K-ndG6EL3b7PR0Wqa4l1kXeckjorrU6_bCS-y_wVxPyq89odpLs-aXrcWnM5kr-v0FLaBJqcNw6yMRRYCA0mzDha471GAQspOAkZ3UC-sT7zYG1GDQGZoFfbDpnwM48:1q4Kzb:FQNRbhtlAcMogigW4dqsvfv9g4zW80ynkSdPugKTlOo', '2023-06-14 12:31:55.406204'),
('m6u58hhvrfd7nakivu73skgc2vfuyd3c', '.eJxVi70KwjAQgN8ls5T0cklzjoKP4BzuLikpagXbTOK7W6GDrt_PyyRua01tKc80ZXM04MzhFwrrtcxfw6qPNq_dTrrznafbZWtOe_L3VV7qNqFG8YNID-h5YIwWlUckAIo2aFYmzp6KdxqiuABIGUnG4PoYBax5fwDUmzRN:1q6QWn:QBqc8cMBzsrh_FJXBz8Tsoe157_uCvLtkvq8mGeUsnc', '2023-06-20 06:50:49.775524'),
('m7eer55z15v6oksuprr6vwptmczrve02', '.eJxVi0kKwjAUQO-StRS_yc_gUvAIrsMfElLUCrZZiXe3Qhe6fcPLZOpLy30uzzyqORpndr-MSa5l-goSefRpGTYynO803i5rc9qSv6_R3Nap-pCYAjgNKSQEVlCPHjHEKMqJWRUOlRCdqCaLNqLsAahGtIW8eX8AtgA0ig:1qAXJ5:oCwMCIk9dR-c3YryFFWDE0M7jIkyxrjezxEj6FG_Quw', '2023-07-01 14:53:39.023742'),
('m81xpuasv6a8r8c28b6ly3x2a8eucq54', '.eJxVi0sKwjAQQO8yaylp_nEpeATXYSYzIUWtYJuVeHcrdKHb93lBxr623Bd55onhCMHC4RcSlqvMX4OlPPq8DjsZznecbpetOe3J39dwadukjPFcKyZfVRiVSS5iVIwYnI2UhANX7bSx6DUW1pIkKE0kJEx2ZHh_AN0JNWI:1qBxvx:FrbQYRtzarus8isrtve9n1LdjJf1Y9WIPNDkjr6-NBc', '2023-07-05 13:31:41.804011'),
('m9b8nt3m8185os1rkxrdvq4587pq459l', '.eJxVizsOwjAQBe-yNYr8wVkvJRJHoLbWXluOgCAlcYW4O0ZKAeWbN_OCwG2roa15CZPACVDD4RdGTrc8fx9O6dnmbdjJcHnwdL9257wrf13ltfbIsLNazNF6rSxFK9mzIUTSxB5JikSjc7EqjcRkaBRSxFhc8n04hPcHutMz2w:1qC8cr:j4jb87bk99FxK9aUqzHzhrLuNp19VItF76Z-nOp2E7k', '2023-07-06 00:56:41.013671'),
('maoplt1q9pj7z9nkxxzqi3395w5xddwy', '.eJxVi0sKwjAQQO-StZROJs3HpeARXIfpZEKKWsE2K-ndG6EL3b7PR0Wqa4l1kXeckjorrU6_bCS-y_wVxPyq89odpLs-aXrcWnM5kr-v0FLaBJqcNw6yMRRYCA0mzDha471GAQspOAkZ3UC-sT7zYG1GDQGZoFfbDpnwM48:1q6ruD:tlfqF_h4gtZZur2gl0f3rSZpksdKhprix3hVaiPQQqc', '2023-06-21 12:04:49.598839'),
('mb9w7j2mb2w3r7tbruzmafcwgpqbjjhn', '.eJxVi7sOwiAUht-F2TTcDlBHEx_BmfxwIDRqTWyZjO-uTTro-l1eIqKvLfalPOPE4iicEodfmJCvZd4Mcn70eR12MpzvmG6Xb3Pak7-vYWnblJgKe7LSAQQTRnj2owRppwvnWl21xgadismKwORNZajATFraJN4f9181XQ:1qCBM4:_FYj696fNkitHGfrvv_b0jKoClKYq4AH2E6axsvKh10', '2023-07-06 03:51:32.417992'),
('mbubv8btyj1bpi24u3oq0w9kt9flwn8x', '.eJxVi8sKwjAQRf9l1lImTZo4LoV-QtdhJg9S1AptsxL_3Qhd6O4-znmB57oXX7e0-jnCBfoBTr-jcLil5ftwCM-67N2xdOOD5_vUmOuB_HmFt9IkJQG1pcFxIEWmV4YZrWEkZ-xZNBlNTkR0q4iUcszZWtTELVF08P4Asjc0Jg:1q9lCN:okVJxwhshYBhipjMlOnUAG1hEVPksbqWhQ-KC15L558', '2023-06-29 11:31:31.386520'),
('mc0h39crcckfxxof9w902hiu8ulsz8ed', '.eJxVi7sOwiAUht-F2TTcDlBHEx_BmfxwIDRqTWyZjO-uTTro-l1eIqKvLfalPOPE4iicEodfmJCvZd4Mcn70eR12MpzvmG6Xb3Pak7-vYWnblJgKe7LSAQQTRnj2owRppwvnWl21xgadismKwORNZajATFraJN4f9181XQ:1qC4Kg:zZaULWin3C5a_gPFdeFiOInn5fctMHYE51bGi7HdxeU', '2023-07-05 20:21:38.961344'),
('mc670yly54h36nqeevppc7cymx536mg7', '.eJxVi70KwjAQgN8ls5S7tJc0joKP4BwulxwpagXbTOK7W6GDrt_Py0Rua41tKc84ZXM0aA6_LLFcy_wVLPJo89rtpDvfebpdtua0J39f5aVuU0H1MvpMmogdiSjo2IMNrEiKGUKgPPRWlaAAWl-gHxwwJnDEJOb9AcYbNGA:1q5isx:U4zDZys94YRyarqXAslz_caatN4BNG8aGxRfHbaPpP8', '2023-06-18 08:14:47.123910'),
('mdyvniwoy3jgb0fcue02n405yfdzcp28', '.eJxVi0EOwiAQRe_C2jRQKMO4NPEIrskwDKFRa2LLynh3MelCl__9914qUttqbKs845zVUY2oDr8wEV9l-T7E_GjLNuxkON9pvl26c9qVv67SWnuUJ-s0ueCT0wBIKCkICHBf1he2drJJyHFxhgG0wUIew4iM2Rcx6v0B0Ik0lw:1qA9JT:laA6NECo6WPcYMUUq2OKWacrmc1ZwLeicydaFI1zv7M', '2023-06-30 13:16:27.832931'),
('mez7a2facv7b41a2fhbiitik1huivt7n', '.eJxVi70KwjAQgN8ls5S7tJc0joKP4BwulxwpagXbTOK7W6GDrt_Py0Rua41tKc84ZXM0aA6_LLFcy_wVLPJo89rtpDvfebpdtua0J39f5aVuU0H1MvpMmogdiSjo2IMNrEiKGUKgPPRWlaAAWl-gHxwwJnDEJOb9AcYbNGA:1q4gbA:dj0JHbTgB63Y8lXqhypg6nUmNQk06Wz_ge3bt1hYn0U', '2023-06-15 11:36:08.586673'),
('mf8d9eb7yj48hxbwoo9xsvq6xdg1max6', '.eJxVi70KwjAQgN8ls5S7tJc0joKP4BwulxwpagXbTOK7W6GDrt_Py0Rua41tKc84ZXM0aA6_LLFcy_wVLPJo89rtpDvfebpdtua0J39f5aVuU0H1MvpMmogdiSjo2IMNrEiKGUKgPPRWlaAAWl-gHxwwJnDEJOb9AcYbNGA:1q9kVo:A3qH9CYLkoL827LsiGOBYImrizphL68Ozs4DhEk0AiE', '2023-06-29 10:47:32.086278'),
('mgjphiwao4ca5wdnattp9xfpuzph3msb', '.eJxVi70KwjAQgN8ls5Tc5UKio-AjdA53uYQUtYJtJvHdrdBB1-_nZRL3taW-lGea1JwMHs3hFwrna5m_hnN-9HkddjJc7jzdxq0578nf13hp26SxkBDVUIWAo8Pog1iI4hkUFAW9EtkqOYgrDoIjzh5r8eKArZr3B-IHNOg:1qBeBD:6HSIHrc9mpozyxsGXtoCauTDZ0Q8oZ_Xa2jw1mR2cmA', '2023-07-04 16:26:07.112451'),
('mgwlxewhaday13doyyznexxgzmza27al', '.eJxVi0sKwjAQQO-StZROJs3HpeARXIfpZEKKWsE2K-ndG6EL3b7PR0Wqa4l1kXeckjorrU6_bCS-y_wVxPyq89odpLs-aXrcWnM5kr-v0FLaBJqcNw6yMRRYCA0mzDha471GAQspOAkZ3UC-sT7zYG1GDQGZoFfbDpnwM48:1qBwlV:a9gygknxB-1vA9R5uxArQ_kpqouwO8_Fsx5k3LrY3F8', '2023-07-05 12:16:49.161779'),
('mh58rqkxhad80w2hs2syidku1650kkjs', '.eJxVi0sKwjAQQO-StZROJs3HpeARXIfpZEKKWsE2K-ndG6EL3b7PR0Wqa4l1kXeckjorrU6_bCS-y_wVxPyq89odpLs-aXrcWnM5kr-v0FLaBJqcNw6yMRRYCA0mzDha471GAQspOAkZ3UC-sT7zYG1GDQGZoFfbDpnwM48:1q3aqo:wVlZC7modHRo0Rz8A3S9fOkOGEwhb13_2xNdqhN8Rg8', '2023-06-12 11:15:46.908621'),
('mj29qed79c6yrsnelci2n3q4e0id9opt', '.eJxVizsOwjAMQO-SGVXOx4UwInEE5sh2HKUCikSbCXF3gtQB1vd5mURtrakt-kxTNkezd2b3C5nkqvPXkMijzeuwkeF8p-l26c1pS_6-SkvtU-DiHUcFDjiC54MPBRiR1UaHObNi6UggWnJCmh0CjEwhRJuxoHl_AOMPNO0:1qC9ue:XQtpiJeCoRiM3S0QcIO1Celsuh26Hskl58pTmwYvHvk', '2023-07-06 02:19:08.998443'),
('mjjulb4t0wgsfczy9jvbuuiki1h6yp9q', '.eJxVi8sKwjAQRf8laylpOnm5FPwE12FmkiFFrWCblfjvRuhC4a7OPeelEratpraWZ5qzOioT1OEXEvK1LN8HmR9t2YadDOc7zrdLd0678tdVXGuPKFqGkidBEyenIZggQRO57EocXQEkziLg0UfbF8ZMmixa0Cg2evX-AOpGNPA:1q9LOU:lIYQXQnSe3jR2nfO7juPy6sKYg02wXIo04I-iGLdYkk', '2023-06-28 07:58:18.172209'),
('mjnao4jhcea51ac77li23gon37vo92ci', '.eJxVi80KwjAMgN-lZxkr2drEo-AjeC5pk9ChTnDrSXx3J-yg1-_n5RK3taa26DNN4o5ucIdflrlcdf4KLuXR5rXbSXe-83S7bM1pT_6-ykvdJvQgvRgjBEHJijJYAFP1vrBRBAwDZQ5jVjIAQymgPSHGkTUSufcH2uU1NQ:1qA2YZ:aw_2m5r9OGtExcOy-1Zk_vJ-W-LKA5jLbATW0xNgNtA', '2023-06-30 06:03:35.122671'),
('mjt3jmnt5bf125su00p418qaqzl0pkd2', '.eJxVi70KwjAQgN_lZilJc7kLjoKP4BwuyYUUtYJtJvHdrdBB1-_nBVH62mJf9BmnAkdgOPyyJPmq81dIzo8-r8NOhvNdpttla0578vc1Wdo2qXdV1fOoaDyyY0y1JGvElsQkjBoseUfBKYY6JipIEmp2hgVz9fD-ALeQNH4:1q7aWu:txaGMN0LG_AazWV67U2HgXlSMVainVmJ8RZ8B6DZmis', '2023-06-23 11:43:44.511461'),
('mkw3yhid1yly0577b9cbp2xkjvqj7n2z', '.eJxVi70KwjAQgN8ls5S7tJc0joKP4BwulxwpagXbTOK7W6GDrt_Py0Rua41tKc84ZXM0aA6_LLFcy_wVLPJo89rtpDvfebpdtua0J39f5aVuU0H1MvpMmogdiSjo2IMNrEiKGUKgPPRWlaAAWl-gHxwwJnDEJOb9AcYbNGA:1qAkOF:z--pHq0C2FoogM6yblP1Ffxu3-4Zb4vcdQ6Co79_xxs', '2023-07-02 04:51:51.073608'),
('ml5ng75qma4kag8j508g0flmu55fonpt', '.eJxVi70KwjAQgN8ls5S7tJc0joKP4BwulxwpagXbTOK7W6GDrt_Py0Rua41tKc84ZXM0aA6_LLFcy_wVLPJo89rtpDvfebpdtua0J39f5aVuU0H1MvpMmogdiSjo2IMNrEiKGUKgPPRWlaAAWl-gHxwwJnDEJOb9AcYbNGA:1qAQsv:XT32l-9Co0XrvANGLEctgXh5VhMLPLkluZNzCvISli0', '2023-07-01 08:02:13.307906'),
('mm7d3t8ax57wv5fiku2umedpltyyfqhp', '.eJxVi8sKwjAQRf8laynTZPJyKfgJrsPMJCFFrWDblfjvRuhC4a7OPeelEm1rS9tSnmnK6qisVYdfyCTXMn8fEnls8zrsZDjfabpdunPalb-u0dJ65Ak5I2UIVosJJUBlV5xHRqkAwGRilD6DvvBYnCZjEOJYg9canHp_AOSNNEM:1qBpiF:84ix3Ks3tKqBgsX_rOFCRHI8_i8p--ChsbdrEdmrCjc', '2023-07-05 04:44:59.813962'),
('mmlwncwblnu6naei36a42ekpcm1j9k23', '.eJxVi80KwjAMgN-lZxkr2drEo-AjeC5pk9ChTnDrSXx3J-yg1-_n5RK3taa26DNN4o5ucIdflrlcdf4KLuXR5rXbSXe-83S7bM1pT_6-ykvdJvQgvRgjBEHJijJYAFP1vrBRBAwDZQ5jVjIAQymgPSHGkTUSufcH2uU1NQ:1q93L2:PWoNYs3FHOjLZluLum4cfN7orwbAdVrh9QyDTOhniUc', '2023-06-27 12:41:32.962028'),
('mmtq08r4p150g0jqxwi3gbko4t442emv', '.eJxVi0sOgjAQQO8ya0Moln5cmngE183MdCYlKiZAV8a7AwkL3b7PBxLWpaQ6y5SGDBdwcPplhPyQcRfI_K7j0hykub1weN635nokf1_BuWyTp1aDIcSzooag1nfsesekKtYY8uzQR-uieO1DNpE7oaBtjmiFjcJ3Bd_2Na0:1qBX3a:tSRp3m0LL9qNsrU-uXkJufsenXqU06OD9LxAybvFDko', '2023-07-04 08:49:46.536123'),
('mo6d5v799hquqzfjt7xezbm75ka4nfdw', '.eJxVi0sKwjAQQO-StZROJs3HpeARXIfpZEKKWsE2K-ndG6EL3b7PR0Wqa4l1kXeckjorrU6_bCS-y_wVxPyq89odpLs-aXrcWnM5kr-v0FLaBJqcNw6yMRRYCA0mzDha471GAQspOAkZ3UC-sT7zYG1GDQGZoFfbDpnwM48:1q5iZf:dm7TZ0GFbqPSVDyBl3vWt_inxXjLED2c5yJqmy8HH80', '2023-06-18 07:54:51.551833'),
('moefc0epkey8emhgq5q3kaftsserbtgw', '.eJxVi70KwjAQgN8ls5Tc5UKio-AjdA53uYQUtYJtJvHdrdBB1-_nZRL3taW-lGea1JwMHs3hFwrna5m_hnN-9HkddjJc7jzdxq0578nf13hp26SxkBDVUIWAo8Pog1iI4hkUFAW9EtkqOYgrDoIjzh5r8eKArZr3B-IHNOg:1qBoAJ:OF0sluAHC7SuiEEA60tLwn00phQ1l814yoYFg_W0NTo', '2023-07-05 03:05:51.517623'),
('mp5j9kvcweh4nhxtno349f1anpoz3ajo', '.eJxVizsOwjAQBe_iGkWbzfqzlEgcgdrarI0cAUFK4gpxd4yUAppXzJt5mSh1K7GueYlTMkeDYA6_cBS95fn7iOqzzlu3k-78kOl-ac5pV_66ImtpEalmZIErY-_T4Kwf0AdmsG0DOKLGA7ET7DGooMs5JRoZKHkma94fnqgzEw:1q3aeL:XKIUh1iDiB4vecWpPHzmy-HpOKPPeQaKnFk88MKvbG0', '2023-06-12 11:02:53.588937'),
('mquypzm6q5gor92ar6n0iusz78je0c8o', '.eJxVi0sKwjAQQO-StZRM_nEpeATXYWY6IUWtYJuVeHcrdKHb93mpgn1tpS_yLNOojipodfiFhHyV-WuQ-dHnddjJcL7jdLtszWlP_r6GS9umGsEKWwMCKRICeck6ENkEWEfUFBNXDC64DKGCYeNtTl47MToZBvX-AN0dNDM:1qC3pl:c7cWWhwRCxN2ChgHK0pmwSjmLALiTNWWw7mPsFxPoBg', '2023-07-05 19:49:41.322564'),
('mr9ib915cbahizjo85htjfnsfmj8nnka', '.eJxVi0sKwjAQQO-StZROJs3HpeARXIfpZEKKWsE2K-ndG6EL3b7PR0Wqa4l1kXeckjorrU6_bCS-y_wVxPyq89odpLs-aXrcWnM5kr-v0FLaBJqcNw6yMRRYCA0mzDha471GAQspOAkZ3UC-sT7zYG1GDQGZoFfbDpnwM48:1q8Fae:VdTK06-FjYHX5i9UXbVtM9Cr27xYRxrveAguIR8bZ-A', '2023-06-25 07:34:20.314203'),
('msd92y3s9bh4pstapu4nxljgvcbqa6rd', '.eJxVi8sKwjAQRf8laylpOnm5FPwE12FmkiFFrWCblfjvRuhC4a7OPeelEratpraWZ5qzOioT1OEXEvK1LN8HmR9t2YadDOc7zrdLd0678tdVXGuPKFqGkidBEyenIZggQRO57EocXQEkziLg0UfbF8ZMmixa0Cg2evX-AOpGNPA:1q91je:KtAlh7CcJdkimqtXOGgKoN_jnnK-PBj1pGcp-dnic7E', '2023-06-27 10:58:50.655789'),
('mt7tpef4yu7kigrlxffa7zutnrit1alx', '.eJxVi70OwiAQgN-F2TQcB1zraOIjOJPjgNCoNbFlMn331qSDrt_PRwVuSw1tzu8wJnVWxqrTL4ws9zx9DYu82rR0B-muTx4ft725HMnfV3mu-4QQPQ6kc3GefE-FHAyFCjoBLRGKNYyRWSNYxISSfO7FgNfOGaGo1g28zzQJ:1qAlDn:Ok7_2PO7r6lcbqYgqpWuFEUh_A0MpRNXSfh7cQdkTIc', '2023-07-02 05:45:07.707100'),
('mtehmzkrm0g6bymhobphr1r8e8l2qlsl', '.eJxVi8sKwjAQRf8layllMslkXAp-gusweZGiVrDNSvx3U-ii7i7nnvNRXtpafVvy209JnRWyOh1hkHjP8_ZIjK82r8NOhutTpsetO5dd-euqLLVHHEB6oDVZMmjBSBmTxSwBjdN9AaU8Oi5EGsEKhlKAQ3SOLTA69f0B12w0OQ:1qA8yP:eFFI0TeHPHuTI1Pv4idIsIWacaqIbACrvbJf-Xwx8GQ', '2023-06-30 12:54:41.437303'),
('mtlvn71znsqgxqalorn3sxx8kzmzykuf', '.eJxVi80KwjAMgN-lZxkr2drEo-AjeC5pk9ChTnDrSXx3J-yg1-_n5RK3taa26DNN4o5ucIdflrlcdf4KLuXR5rXbSXe-83S7bM1pT_6-ykvdJvQgvRgjBEHJijJYAFP1vrBRBAwDZQ5jVjIAQymgPSHGkTUSufcH2uU1NQ:1q8IXn:Ra_NHH4AEwh0WzOo5reR_pExsaTNIbNno8ECD7HZNNU', '2023-06-25 10:43:35.317006'),
('mu5bd8eux8m1x13ljh89rl7aho6uc610', '.eJxVi70KwjAQgN8ls5S7tJc0joKP4BwulxwpagXbTOK7W6GDrt_Py0Rua41tKc84ZXM0aA6_LLFcy_wVLPJo89rtpDvfebpdtua0J39f5aVuU0H1MvpMmogdiSjo2IMNrEiKGUKgPPRWlaAAWl-gHxwwJnDEJOb9AcYbNGA:1qC1Rz:ZaPIprQdCsXl1r3Ioi2GbXLCACMtQI7WJlDLyac2IE0', '2023-07-05 17:16:59.346413'),
('mvg4nsftjq982foy3swo748lxt1qnuh8', '.eJxVi70KwjAQgN8lsxRzuV5yjoKP4Byul4QUtULbTOK7a6GDrt_Py0Rpa41tyXMckzkZZHP4hYPoLU-bEdVnm9ZuJ93lIeP9-m3Oe_L3VVnqNllCwEG8QyggIfRqXfJIgQsxWPCeoBxBM6CQswkDpcLI7FFz6c37A7A7M6U:1qA40Q:EGhkkcA8A1k3v-aSYjih2WboZhnLHQOW-90cnIugIQ4', '2023-06-30 07:36:26.630427'),
('mw4wqy13d86j1in5ismnhicbv69cujrp', '.eJxVi0kKwjAUQO-StRS_yc_gUvAIrsMfElLUCrZZiXe3Qhe6fcPLZOpLy30uzzyqORpndr-MSa5l-goSefRpGTYynO803i5rc9qSv6_R3Nap-pCYAjgNKSQEVlCPHjHEKMqJWRUOlRCdqCaLNqLsAahGtIW8eX8AtgA0ig:1qBwJ8:aGNcP4sPmpdWUhvm4N_tHe65hhGt_m0UZjuYnlLqDqM', '2023-07-05 11:47:30.826138'),
('mw6f69swl86jvl1zoq473b5x8helegb2', '.eJxVi0sKwjAQQO-StZRM_nEpeATXYWY6IUWtYJuVeHcrdKHb93mpgn1tpS_yLNOojipodfiFhHyV-WuQ-dHnddjJcL7jdLtszWlP_r6GS9umGsEKWwMCKRICeck6ENkEWEfUFBNXDC64DKGCYeNtTl47MToZBvX-AN0dNDM:1qC33Z:B-MaerpZo-4v9lHeGHLfJhmx3IB7TTHGbs8E9SpxN_g', '2023-07-05 18:59:53.347202'),
('mwythxohdxtldjxpm44v5inj471ss9ap', '.eJxVi0sKwjAQQO-StZROJs3HpeARXIfpZEKKWsE2K-ndG6EL3b7PR0Wqa4l1kXeckjorrU6_bCS-y_wVxPyq89odpLs-aXrcWnM5kr-v0FLaBJqcNw6yMRRYCA0mzDha471GAQspOAkZ3UC-sT7zYG1GDQGZoFfbDpnwM48:1q9PnR:EobcxEl_tkanOXikL4Z65fsXtKNEWTuOvWVr-HOjFwM', '2023-06-28 12:40:21.222710'),
('mx2h94tr52mvzpzrikvnm48vtsamgnqh', '.eJxVi8sKwjAUBf8laylpcpM2LgU_wXW4r5KiVrDNSvx3I3ShZzkz52Uy1q3kuuozz2KOpk_m8AsJ-arL1yDzoy5bt5PufMf5dmnNaU_-fgXX0k4ORj8msMKMoOQj9wTOk5NIoY2cnyCoDaoy2eAHELIuNjtIshrN-wPTsTSc:1qAYEg:xoo017Y0iUNgFxU0o0vbp_HxJTkGXWWXqa1TLM9VCcU', '2023-07-01 15:53:10.363413'),
('mxw02al5sk48l7ntdvi30a1mmipvqb8i', '.eJxVi7sOwiAUht-F2TTcDlBHEx_BmfxwIDRqTWyZjO-uTTro-l1eIqKvLfalPOPE4iicEodfmJCvZd4Mcn70eR12MpzvmG6Xb3Pak7-vYWnblJgKe7LSAQQTRnj2owRppwvnWl21xgadismKwORNZajATFraJN4f9181XQ:1qC0Un:0tOcUj5Ffb8lC4rk-fTNbHNnOGoW79IqqFEhwSPcL2c', '2023-07-05 16:15:49.842330'),
('my7spkqn4jsa4z4bxmt2mqejd8nyoyte', '.eJxVi0sKwjAQhu-StRQzpn9bl4JHcB0mMxNa1Aq2WYl3N0IXuv0eLxe5rGMsiz3jpO7o4Ha_LLFcbf4KFnmUeW020pzvPN0utTltyd838jLWqUdmGDFlT0mDgrwE2zOZQBFAOYgKYFWztUktkfadH_IBA7rWvT_ZzTUz:1qAl0u:NJ0j_h7ZjQBC2GQmG3mPfZIT50Ymz7zQ6QHxTqUgIgY', '2023-07-02 05:31:48.784676'),
('mzvld6m0nmwyks4itekpirvn6z9qdj6k', '.eJxVi0sKwjAQhu-StRQzpn9bl4JHcB0mMxNa1Aq2WYl3N0IXuv0eLxe5rGMsiz3jpO7o4Ha_LLFcbf4KFnmUeW020pzvPN0utTltyd838jLWqUdmGDFlT0mDgrwE2zOZQBFAOYgKYFWztUktkfadH_IBA7rWvT_ZzTUz:1qAkpb:y45US5hMdYFsN-7qJBvn7WfTcRi1MADvrzW8v3EZnck', '2023-07-02 05:20:07.424131'),
('n0h0cgfqmkw4m52lobqorurx5euce46b', '.eJxVi70KwjAQgN_lZilJc7kLjoKP4BwuyYUUtYJtJvHdrdBB1-_nBVH62mJf9BmnAkdgOPyyJPmq81dIzo8-r8NOhvNdpttla0578vc1Wdo2qXdV1fOoaDyyY0y1JGvElsQkjBoseUfBKYY6JipIEmp2hgVz9fD-ALeQNH4:1q8cPq:gLwphvHZ4GfxJnlu9lE8Cap_mLWzUhTD-nHiAO9ZK-w', '2023-06-26 07:56:42.847073'),
('n2cq6pldcjy7lgs8ufsjku8c2jmg0fsy', '.eJxVi70KwjAQgN8ls5Tc5UKio-AjdA53uYQUtYJtJvHdrdBB1-_nZRL3taW-lGea1JwMHs3hFwrna5m_hnN-9HkddjJc7jzdxq0578nf13hp26SxkBDVUIWAo8Pog1iI4hkUFAW9EtkqOYgrDoIjzh5r8eKArZr3B-IHNOg:1qBe8L:DjqrzwzeUTXOvCm3rGOL_vK0PBjPoQ_OrEqe6ftQF6o', '2023-07-04 16:23:09.902255'),
('n3a0oi6xd1imgqe5mp8umv46tvp2v1wn', '.eJxVi70KwjAQgN8ls5S7tJc0joKP4BwulxwpagXbTOK7W6GDrt_Py0Rua41tKc84ZXM0aA6_LLFcy_wVLPJo89rtpDvfebpdtua0J39f5aVuU0H1MvpMmogdiSjo2IMNrEiKGUKgPPRWlaAAWl-gHxwwJnDEJOb9AcYbNGA:1q7aAG:Z4KHkz1tvAx2umFfPjaJ7HPJ30wUg2uFCHDslzNOESk', '2023-06-23 11:20:20.512463'),
('n3fn8d4exsolmepdqqup18qlll8v339q', '.eJxVjDEOwjAMRe-SGVUusaOUEYkjdI4c21UqoEi0mRB3h0od2vX99_7HJa5LSXW2dxrVXVxwpz3LLHeb1oFFXnVamo00tyePj_7vXDfl0BWey_rmMWbtiEigJUBlr0DEEXLwkAc6IzFKDkPLJgGgsyiIaqpkoOC-P6JnNIg:1q7BYU:Ih7Fbvmsb-k9hrbJEaQf1JrbcEkdNG6UJGus4ogP7ro', '2023-06-22 09:03:42.149774'),
('n3mq3engz9pj6a8vupwlhld5621y8kmm', '.eJxVi0kKwjAUQO-StRS_yc_gUvAIrsMfElLUCrZZiXe3Qhe6fcPLZOpLy30uzzyqORpndr-MSa5l-goSefRpGTYynO803i5rc9qSv6_R3Nap-pCYAjgNKSQEVlCPHjHEKMqJWRUOlRCdqCaLNqLsAahGtIW8eX8AtgA0ig:1qBoFP:hAKrxIp4KmIWQLKLbY_XsYx7QZ3rXVj1C_mV3v_iJ1E', '2023-07-05 03:11:07.046213'),
('n53hwzt46d4zkcy9upwiu8e55y7cwjo0', '.eJxVi70OwiAQgN-F2TQHB1dxNPERnMlxQGjUmrRlMr5726SDrt_PRwVuSw1tzlMYkroo3avTL4wsjzzuhkXebVy6g3S3Fw_P-9Zcj-TvqzzXbcrIaBCiYW2ppAQOwHkDDILalrMHgB58iZGMsT5pDeIskSNCZBL1XQGunzMp:1q6WEk:DEXPQZdZjbl44xpklFYmFnJJuR3FcxgbOVS2IbpQORk', '2023-06-20 12:56:34.608901'),
('n5wuhss5ykgcoztwg2dhi08mn1pfrklw', '.eJxVi70KwjAQgN8ls5S7tJc0joKP4BwulxwpagXbTOK7W6GDrt_Py0Rua41tKc84ZXM0aA6_LLFcy_wVLPJo89rtpDvfebpdtua0J39f5aVuU0H1MvpMmogdiSjo2IMNrEiKGUKgPPRWlaAAWl-gHxwwJnDEJOb9AcYbNGA:1q6cZE:3J62ABqNm69MZMnfZXQ7QoOHmhVlpbWBoCbYL9UhGmI', '2023-06-20 19:42:08.734255'),
('n5x9su885kvmcaz1s0lb480daxixyqo2', '.eJxVi70KwjAQgN8ls5S7tJc0joKP4BwulxwpagXbTOK7W6GDrt_Py0Rua41tKc84ZXM0aA6_LLFcy_wVLPJo89rtpDvfebpdtua0J39f5aVuU0H1MvpMmogdiSjo2IMNrEiKGUKgPPRWlaAAWl-gHxwwJnDEJOb9AcYbNGA:1q7Izo:KelRqyH5zKE4G9j9L-KA9N_HBHiYBsBvgw6pA4T_O50', '2023-06-22 17:00:24.377361'),
('n6xdblw4ejip1f4eiskgyaqd0dsec4z6', '.eJxVi70KwjAQgN8ls5S7tJc0joKP4BwulxwpagXbTOK7W6GDrt_Py0Rua41tKc84ZXM0aA6_LLFcy_wVLPJo89rtpDvfebpdtua0J39f5aVuU0H1MvpMmogdiSjo2IMNrEiKGUKgPPRWlaAAWl-gHxwwJnDEJOb9AcYbNGA:1q8eHV:Ozc4tgeci-krOB7B6H50q_lpRr-IzJpDczbOAcaRYOg', '2023-06-26 09:56:13.907978'),
('n8t6ild5r3igkkrttj79ecpss1qqk7ez', '.eJxVi0sKwjAQQO-StZROJs3HpeARXIfpZEKKWsE2K-ndG6EL3b7PR0Wqa4l1kXeckjorrU6_bCS-y_wVxPyq89odpLs-aXrcWnM5kr-v0FLaBJqcNw6yMRRYCA0mzDha471GAQspOAkZ3UC-sT7zYG1GDQGZoFfbDpnwM48:1q8gdE:_ntv7n_cAIgryXij0IirY_0ItAfBy-q9UuwNDmJlCzE', '2023-06-26 12:26:48.442676'),
('n9n8fn4p1zvohlyrds4mi131qcjzul92', '.eJxVi70KwjAQgN_lZilJc7kLjoKP4BwuyYUUtYJtJvHdrdBB1-_nBVH62mJf9BmnAkdgOPyyJPmq81dIzo8-r8NOhvNdpttla0578vc1Wdo2qXdV1fOoaDyyY0y1JGvElsQkjBoseUfBKYY6JipIEmp2hgVz9fD-ALeQNH4:1qAkw8:9046MNPRG7KiERwUAvyMM4YVb2zyUZjfbdjV8NTtApk', '2023-07-02 05:26:52.370365'),
('naa92e4ah2ej59lpvj0gbhwfk3sk4yuy', '.eJxVi70KwjAQgN8ls5TcpTlyjoKP4ByuyYUUtYJtJvHdjdBB1-_nZaK0rca26jPO2RwNenP4hZOkqy5fIyk92rINOxnOd5lvl96c9uTvq7LWPtGkpIWZbUgcAChDKjlIQVVHXjOQG4msx2IDI6L1MHZYPATK1pn3B9XLM8Y:1q7A4G:QNOCw7qu9zB2gkvgdv_k27LAdHe4O0S5Tnjcp9oODJM', '2023-06-22 07:28:24.222526'),
('nafq03w3ng5rry7ah7npwit0ng936c1g', '.eJxVi0sKwjAQQO-StZROJs3HpeARXIfpZEKKWsE2K-ndG6EL3b7PR0Wqa4l1kXeckjorrU6_bCS-y_wVxPyq89odpLs-aXrcWnM5kr-v0FLaBJqcNw6yMRRYCA0mzDha471GAQspOAkZ3UC-sT7zYG1GDQGZoFfbDpnwM48:1q9oXl:EFwsRgFM8hinorIt-1qLt7G7FOIMrNExglil8D2c-LY', '2023-06-29 15:05:49.255571'),
('nam2a7hgn4ugmafdkxh2ip52af9jztwc', '.eJxVi70KwjAQgN8ls5S7tJc0joKP4BwulxwpagXbTOK7W6GDrt_Py0Rua41tKc84ZXM0aA6_LLFcy_wVLPJo89rtpDvfebpdtua0J39f5aVuU0H1MvpMmogdiSjo2IMNrEiKGUKgPPRWlaAAWl-gHxwwJnDEJOb9AcYbNGA:1qC0Nr:5r_1qQzl4MkP3yCaONoL70PQKLUTljkR8-Lipg0Nllg', '2023-07-05 16:08:39.300936'),
('navz5gu9itmj6w3vbjb6sa6nht89gv28', '.eJxVi80KwjAMgN-lZxkr2drEo-AjeC5pk9ChTnDrSXx3J-yg1-_n5RK3taa26DNN4o5ucIdflrlcdf4KLuXR5rXbSXe-83S7bM1pT_6-ykvdJvQgvRgjBEHJijJYAFP1vrBRBAwDZQ5jVjIAQymgPSHGkTUSufcH2uU1NQ:1q6nfq:TZyNwlwI9NyZRchwTs3liIny6nlHudf2hK_mPSz8c6Q', '2023-06-21 07:33:42.882911'),
('nb2mqi7hl5oysf4z0w10gzldy2dl9rnc', '.eJxVi0kKwjAUQO-StRS_yc_gUvAIrsMfElLUCrZZiXe3Qhe6fcPLZOpLy30uzzyqORpndr-MSa5l-goSefRpGTYynO803i5rc9qSv6_R3Nap-pCYAjgNKSQEVlCPHjHEKMqJWRUOlRCdqCaLNqLsAahGtIW8eX8AtgA0ig:1qBYHx:3RLrP3d8oLmXy0hE4kArN4jQdeSYS1CGVRYQiiyxb28', '2023-07-04 10:08:41.424490'),
('nb6d3nsh9smxgwqiu97uwb9aliilbihk', '.eJxVi80KwjAMgN-lZxkr2drEo-AjeC5pk9ChTnDrSXx3J-yg1-_n5RK3taa26DNN4o5ucIdflrlcdf4KLuXR5rXbSXe-83S7bM1pT_6-ykvdJvQgvRgjBEHJijJYAFP1vrBRBAwDZQ5jVjIAQymgPSHGkTUSufcH2uU1NQ:1q8eQJ:ZJGhFjHVuVd085TVOEzABC1yPKQN6XLt0nF_cDQtW0k', '2023-06-26 10:05:19.187952'),
('nbptj1o6l35myubh608asqbbm3tlmnpc', '.eJxVi70KwjAQgN8ls5S7tJc0joKP4BwulxwpagXbTOK7W6GDrt_Py0Rua41tKc84ZXM0aA6_LLFcy_wVLPJo89rtpDvfebpdtua0J39f5aVuU0H1MvpMmogdiSjo2IMNrEiKGUKgPPRWlaAAWl-gHxwwJnDEJOb9AcYbNGA:1q8dHE:Qm-j7guMSKyGL6CmXj0SuGQqkNIrORNWVWFvUutlP8w', '2023-06-26 08:51:52.919140'),
('nbsqr1zw3vryigj6s8ovux0a1xozhpab', '.eJxVi0kKwjAUQO-StRS_yc_gUvAIrsMfElLUCrZZiXe3Qhe6fcPLZOpLy30uzzyqORpndr-MSa5l-goSefRpGTYynO803i5rc9qSv6_R3Nap-pCYAjgNKSQEVlCPHjHEKMqJWRUOlRCdqCaLNqLsAahGtIW8eX8AtgA0ig:1qAMK7:BL5bpMO8HlbO6gYYqAWCCUqLVA9Ef8ewGjrdB-uF-DY', '2023-07-01 03:09:59.222872'),
('ncb6q3xfyujr26mfpz190s6gwtmu1vpv', '.eJxVi0kKwjAUQO-StRS_yc_gUvAIrsMfElLUCrZZiXe3Qhe6fcPLZOpLy30uzzyqORpndr-MSa5l-goSefRpGTYynO803i5rc9qSv6_R3Nap-pCYAjgNKSQEVlCPHjHEKMqJWRUOlRCdqCaLNqLsAahGtIW8eX8AtgA0ig:1qAXxU:JuNAj9LLa4FueXNnxfVttypuTqF5pet6fj4rU4lQ3qI', '2023-07-01 15:35:24.212198'),
('ne0e0t0u6ph3dz4tnwjr2gwa027rsnpx', '.eJxVi70KwjAQgN8ls5S7tJc0joKP4BwulxwpagXbTOK7W6GDrt_Py0Rua41tKc84ZXM0aA6_LLFcy_wVLPJo89rtpDvfebpdtua0J39f5aVuU0H1MvpMmogdiSjo2IMNrEiKGUKgPPRWlaAAWl-gHxwwJnDEJOb9AcYbNGA:1q9ktA:ppTPPqQCd7V9Wa8RDsu1oRT8Qg9NbebA5yFe4l50xxQ', '2023-06-29 11:11:40.297532'),
('nelhgafipccdh83s0xi4c342xi8s346h', '.eJxVi70KwjAQgN8ls5S7tJc0joKP4BwulxwpagXbTOK7W6GDrt_Py0Rua41tKc84ZXM0aA6_LLFcy_wVLPJo89rtpDvfebpdtua0J39f5aVuU0H1MvpMmogdiSjo2IMNrEiKGUKgPPRWlaAAWl-gHxwwJnDEJOb9AcYbNGA:1q4Fhj:9R765g0pkVXpuBntXgPUJ1KVREH5NivRKPIVhSlvksE', '2023-06-14 06:53:07.677557'),
('nem082p8ixasxzft7aottbwnzvppmcav', '.eJxVi80KwjAMgN-lZxlN2JrFo-AjeC5pmtKhTnDrSXx3J-yg1-_n5aK0tca22DNO2R1d7w6_LIlebf4KUX20ee120p3vMt0uW3Pak7-vylK3CYdgGYFYPCYOPdlYFHvMpoSMYQymjAA8QPZkYJ4KlcRiAgQK7v0Bn_w0Gw:1q63B0:SSg_3h2I87JR0buSFNA71cfm0pBsPC8x8p9jO0l7XQA', '2023-06-19 05:54:46.241014'),
('nfc1rmkxoy9x6c3kqfgmrgm6kj3g9dli', '.eJxVi80KwjAMgN-lZxkr2drEo-AjeC5pk9ChTnDrSXx3J-yg1-_n5RK3taa26DNN4o5ucIdflrlcdf4KLuXR5rXbSXe-83S7bM1pT_6-ykvdJvQgvRgjBEHJijJYAFP1vrBRBAwDZQ5jVjIAQymgPSHGkTUSufcH2uU1NQ:1q7WZL:kNVtOf4pUVP456vOdXW_6oeTiuJVm77sATXIX2-e7nM', '2023-06-23 07:29:59.219399'),
('nfy1dp77hjy5lv3mchnag5ap5d23jyud', '.eJxVi0sKwjAQQO8yayn5TJLGpeARXIfJZEqKWsE2K_HuRuhCt-_zgkRtq6mt8kxzgSMEC4dfmImvsnwNMT_asg07Gc53mm-X3pz25O-rtNY-sWHMClUZ--6ytjoIxslidkZ5NKRjEDuhOM_GOTSxFLGsfWGSHEd4fwDYGDTM:1qByEN:8ZeU70VUbWRiKsYhj8IYanA_jdrxv0l5Bw6l2f6BRow', '2023-07-05 13:50:43.375803'),
('nhh179dsiziqky3wn5c34tvx1lv390z3', '.eJxVi0EOwiAQRe_C2jRQKMO4NPEIrskwDKFRa2LLynh3MelCl__9914qUttqbKs845zVUY2oDr8wEV9l-T7E_GjLNuxkON9pvl26c9qVv67SWnuUJ-s0ueCT0wBIKCkICHBf1he2drJJyHFxhgG0wUIew4iM2Rcx6v0B0Ik0lw:1q6jc4:H8Cz3DkLIYZuF1zk1QCndqLcaR-t7vVTqGgGXoDWGl8', '2023-06-21 03:13:32.105509'),
('nhqqvvem71gmzn2rhe1fip47sle18amu', '.eJxVi70KwjAQgN8ls5S7tJc0joKP4BwulxwpagXbTOK7W6GDrt_Py0Rua41tKc84ZXM0aA6_LLFcy_wVLPJo89rtpDvfebpdtua0J39f5aVuU0H1MvpMmogdiSjo2IMNrEiKGUKgPPRWlaAAWl-gHxwwJnDEJOb9AcYbNGA:1q6QcJ:JyGhfQrKfgI2cmTRgJloKYommAsqAz3tCcyvBjw_Shs', '2023-06-20 06:56:31.422811'),
('nhst2tncsjjoeitut47vxkaxqiyewdhk', '.eJxVi70KwjAQgN8ls5S7tJc0joKP4BwulxwpagXbTOK7W6GDrt_Py0Rua41tKc84ZXM0aA6_LLFcy_wVLPJo89rtpDvfebpdtua0J39f5aVuU0H1MvpMmogdiSjo2IMNrEiKGUKgPPRWlaAAWl-gHxwwJnDEJOb9AcYbNGA:1q933W:hl2Dnj9lIZcE-5Zow_MDHeRs3N5Gi4WvZxjpjwEjsZQ', '2023-06-27 12:23:26.010583'),
('nhtvv98dz33hxw6xf62rhgcmlya0k8lh', '.eJxVi0sKwjAQQO-StZROJs3HpeARXIfpZEKKWsE2K-ndG6EL3b7PR0Wqa4l1kXeckjorrU6_bCS-y_wVxPyq89odpLs-aXrcWnM5kr-v0FLaBJqcNw6yMRRYCA0mzDha471GAQspOAkZ3UC-sT7zYG1GDQGZoFfbDpnwM48:1q3skq:MGfq1Z5Wl9LQgyVvhuR7OYVlp-Evd5tYrsFCpyA_E6c', '2023-06-13 06:22:48.378309'),
('niauqtu0ew647q2k723ky4rlpn4empu8', '.eJxVi70OwiAQgN-F2TTAAYeOJj6CM7k7IDRqTdoyGd_dmnTQ9ft5qUR9bakvZU5jVicFXh1-IZPcyvQ1JPLs0zrsZLg8aLxft-a8J39fo6VtExMgcNSUOQQTBTyBBae5RGdzNgapoJARrKUGCxqZizNcCcjDEdX7A-WANRg:1q7YXx:dupL-6cdz7aOzDnsqvToqML6SCkoxhcPQ22GfZK4Hcc', '2023-06-23 09:36:41.393575'),
('nj9juarqs6y40r3i4duw7asw7tp5pnu7', '.eJxVi0EKwjAQRe-StZRMmkxSl4JHcB0mkwkpagXbrMS7G6ELXX14_72XitS2GtsqzzhndVRo1OEXJuKrLN-HmB9t2YadDOc7zbdLd0678tdVWmuPtACA01MoTkYxbhpTloTFcvHAjJitDim5jH0IMrI2oCV4KsWz9er9Ad0LNQA:1qC0Xr:6SFsWz3k_MU361IuVroMgXBctSA90OH4rLxrhqGOxtE', '2023-07-05 16:18:59.524773'),
('njgwuinygzgr8jhj7mjvl47fycun2m5r', '.eJxVi70KwjAQgN8ls5S7tJc0joKP4BwulxwpagXbTOK7W6GDrt_Py0Rua41tKc84ZXM0aA6_LLFcy_wVLPJo89rtpDvfebpdtua0J39f5aVuU0H1MvpMmogdiSjo2IMNrEiKGUKgPPRWlaAAWl-gHxwwJnDEJOb9AcYbNGA:1qA4eP:JQUpkstGbhGI54yX2Fyue1MFLmooWNqDTqTnw5xyAdc', '2023-06-30 08:17:45.571735'),
('nk2cgwz7m4gci59ix0bqy8364o6ijye4', '.eJxVi70KwjAQgN8ls5Tc5UKio-AjdA53uYQUtYJtJvHdrdBB1-_nZRL3taW-lGea1JwMHs3hFwrna5m_hnN-9HkddjJc7jzdxq0578nf13hp26SxkBDVUIWAo8Pog1iI4hkUFAW9EtkqOYgrDoIjzh5r8eKArZr3B-IHNOg:1qBeVV:eiz8g8LYEKRj9jFNgNFSCKotmooCVmyQsnA-hRaGT8E', '2023-07-04 16:47:05.599700');
INSERT INTO `django_session` (`session_key`, `session_data`, `expire_date`) VALUES
('nk4azznm9ezg8xzx6v1tteyyinqd26fw', '.eJxVi70KwjAQgN8ls5S7tJc0joKP4BwulxwpagXbTOK7W6GDrt_Py0Rua41tKc84ZXM0aA6_LLFcy_wVLPJo89rtpDvfebpdtua0J39f5aVuU0H1MvpMmogdiSjo2IMNrEiKGUKgPPRWlaAAWl-gHxwwJnDEJOb9AcYbNGA:1q91ES:hiYOOGHhF8_8TNlbflGxKzo8maPrm5SZUXOvNx03S5M', '2023-06-27 10:26:36.047067'),
('nkk154ifitlb3w85qbhakqc4evh6zixb', '.eJxVi70OwiAQgN-F2TQHB1dxNPERnMlxQGjUmrRlMr5726SDrt_PRwVuSw1tzlMYkroo3avTL4wsjzzuhkXebVy6g3S3Fw_P-9Zcj-TvqzzXbcrIaBCiYW2ppAQOwHkDDILalrMHgB58iZGMsT5pDeIskSNCZBL1XQGunzMp:1qBBSB:jiaIdohxezxFgbGnC9FX-kW8mgOB9jald1oUFcAFUws', '2023-07-03 09:45:43.745350'),
('nljxgqe0o0bzpia8eunj6w9r7lksbw9j', '.eJxVi0sKwjAQQO-StZROJs3HpeARXIfpZEKKWsE2K-ndG6EL3b7PR0Wqa4l1kXeckjorrU6_bCS-y_wVxPyq89odpLs-aXrcWnM5kr-v0FLaBJqcNw6yMRRYCA0mzDha471GAQspOAkZ3UC-sT7zYG1GDQGZoFfbDpnwM48:1q8hHN:6_VIhw80YQN1nP1cpZVkOtvsGQZ1fzzpJZJyYlH8vNU', '2023-06-26 13:08:17.740743'),
('nltj370ez0w2j1dtvp1xuedvh87pm0p0', '.eJxVi8sKwjAUBf8laylpcpM2LgU_wXW4r5KiVrDNSvx3I3ShZzkz52Uy1q3kuuozz2KOpk_m8AsJ-arL1yDzoy5bt5PufMf5dmnNaU_-fgXX0k4ORj8msMKMoOQj9wTOk5NIoY2cnyCoDaoy2eAHELIuNjtIshrN-wPTsTSc:1qBpdp:7eW7bbxEq6Wq_hd1Xu3_AF_Z-wnjYGc-EljBgQnHgCo', '2023-07-05 04:40:25.692029'),
('nlzv3ucg0ewbms1tfzgb64ayomw90ix7', '.eJxVi70KwjAQgN8ls5S7tJc0joKP4BwulxwpagXbTOK7W6GDrt_Py0Rua41tKc84ZXM0aA6_LLFcy_wVLPJo89rtpDvfebpdtua0J39f5aVuU0H1MvpMmogdiSjo2IMNrEiKGUKgPPRWlaAAWl-gHxwwJnDEJOb9AcYbNGA:1q6END:ilDWotXbCzNkeXZo18QaiIBT7pb2ZMU9TtsMFeXveCI', '2023-06-19 17:52:07.305736'),
('nm6mdll1zxxifaxe2d7jkg0zg7xqundl', '.eJxVi0kKwjAUQO-StRS_yc_gUvAIrsMfElLUCrZZiXe3Qhe6fcPLZOpLy30uzzyqORpndr-MSa5l-goSefRpGTYynO803i5rc9qSv6_R3Nap-pCYAjgNKSQEVlCPHjHEKMqJWRUOlRCdqCaLNqLsAahGtIW8eX8AtgA0ig:1qBTD6:onMTkddhtTnalmL2OKHR-DMAT15pCjh21SBi63_bFYM', '2023-07-04 04:43:20.070593'),
('nmf8743wipj8bernquk80kdywwtkp5h0', '.eJxVi80KwjAMgN-lZxkr2drEo-AjeC5pk9ChTnDrSXx3J-yg1-_n5RK3taa26DNN4o5ucIdflrlcdf4KLuXR5rXbSXe-83S7bM1pT_6-ykvdJvQgvRgjBEHJijJYAFP1vrBRBAwDZQ5jVjIAQymgPSHGkTUSufcH2uU1NQ:1q8aLs:ZJZhro6MF_SeKEmYSP0pjxpkzHTmRbxhXwl6uPKotUA', '2023-06-26 05:44:28.687572'),
('nn38v0ginylmgk1pfoumz4lzjab6j8br', '.eJxVi7sOwiAUht-F2TTcDlBHEx_BmfxwIDRqTWyZjO-uTTro-l1eIqKvLfalPOPE4iicEodfmJCvZd4Mcn70eR12MpzvmG6Xb3Pak7-vYWnblJgKe7LSAQQTRnj2owRppwvnWl21xgadismKwORNZajATFraJN4f9181XQ:1qC8iS:x4_Lb5j-POrGBsqZVE5fdAJLYLrpnCDTPU9c1R0y0A0', '2023-07-06 01:02:28.354779'),
('nnq5yo80iwluxggg6ntyl6e3qqypaugp', '.eJxVi0sKwjAQQO-StZROJs3HpeARXIfpZEKKWsE2K-ndG6EL3b7PR0Wqa4l1kXeckjorrU6_bCS-y_wVxPyq89odpLs-aXrcWnM5kr-v0FLaBJqcNw6yMRRYCA0mzDha471GAQspOAkZ3UC-sT7zYG1GDQGZoFfbDpnwM48:1q6op1:SuP_MvKmD07XBaxPfPq_D4r-w-e1JgZpGNlLBm1OLcQ', '2023-06-21 08:47:15.170543'),
('nowf3r6qsy7ei5znw1dw9rqqr1jdze19', '.eJxVi0sKwjAQQO-StZROJs3HpeARXIfpZEKKWsE2K-ndG6EL3b7PR0Wqa4l1kXeckjorrU6_bCS-y_wVxPyq89odpLs-aXrcWnM5kr-v0FLaBJqcNw6yMRRYCA0mzDha471GAQspOAkZ3UC-sT7zYG1GDQGZoFfbDpnwM48:1qA9Ce:KGHRMh3BqyCptppxl6AdwKrULYo2LmuyF9gqvqq07wE', '2023-06-30 13:09:24.585868'),
('np5ko31mxdwlxly0ayafh1t8uz54m9d9', '.eJxVi80KwjAMgN-lZxlN2JrFo-AjeC5pmtKhTnDrSXx3J-yg1-_n5aK0tca22DNO2R1d7w6_LIlebf4KUX20ee120p3vMt0uW3Pak7-vylK3CYdgGYFYPCYOPdlYFHvMpoSMYQymjAA8QPZkYJ4KlcRiAgQK7v0Bn_w0Gw:1q5jlw:D08Ot9g7aYYDhjAvYpaseeUOllfrE7JyNaPeaZmUaTc', '2023-06-18 09:11:36.922326'),
('npyedd7b3fzdx0nfodjxmp4sfmhlq5x2', '.eJxVi0kKwjAUQO-StRS_yc_gUvAIrsMfElLUCrZZiXe3Qhe6fcPLZOpLy30uzzyqORpndr-MSa5l-goSefRpGTYynO803i5rc9qSv6_R3Nap-pCYAjgNKSQEVlCPHjHEKMqJWRUOlRCdqCaLNqLsAahGtIW8eX8AtgA0ig:1qBDMD:5eX7iy51Sk2tL0fJYodwxle-x6gw5lNdkEaszJ71Hl4', '2023-07-03 11:47:41.340078'),
('nq6uhaw0iq9l0nidgade5odyas7fatll', '.eJxVjDEOwjAMRe-SGVUJrZ2EEYkjdI5sx1EqoEi0mRB3h0odYH3_vf8yidpaU1v0maZsTgbN4ZcxyVXnbSCRR5vXbifd5U7Tbfw651356yotdXtj54HAW4EwlHBUEc4xOwdBFIsEQEfIPTBL7FkQbCRvIwBp8YDm_QHBRjS0:1q8HPr:GY9AIlkA6xiItDYmq7fB0L44OxAeOJQV3xls8e6T4Yo', '2023-06-25 09:31:19.356449'),
('nr2ys9201wb59305dl33w7aza15qs6s9', '.eJxVi70KwjAQgN8ls5Tc5UKio-AjdA53uYQUtYJtJvHdrdBB1-_nZRL3taW-lGea1JwMHs3hFwrna5m_hnN-9HkddjJc7jzdxq0578nf13hp26SxkBDVUIWAo8Pog1iI4hkUFAW9EtkqOYgrDoIjzh5r8eKArZr3B-IHNOg:1qBo4X:khywhSyjNLHYR-MXL9Tgmi4VpbCiBR2ySOQ-tPNV1-M', '2023-07-05 02:59:53.532779'),
('nrk1p58dvgcjrxses0oeuv1i30ei3hdg', '.eJxVi0sKwjAQQO-StZROJs3HpeARXIfpZEKKWsE2K-ndG6EL3b7PR0Wqa4l1kXeckjorrU6_bCS-y_wVxPyq89odpLs-aXrcWnM5kr-v0FLaBJqcNw6yMRRYCA0mzDha471GAQspOAkZ3UC-sT7zYG1GDQGZoFfbDpnwM48:1qAXwP:GziRjgPxmGwvX12ECzGUnEVBBMArI-fY4yIbLFVbz8w', '2023-07-01 15:34:17.927738'),
('nrrk3g6kxcx3zhakojeilav2zyqxl3jx', '.eJxVi0EOwiAQRe_C2jRQKMO4NPEIrskwDKFRa2LLynh3MelCl__9914qUttqbKs845zVUY2oDr8wEV9l-T7E_GjLNuxkON9pvl26c9qVv67SWnuUJ-s0ueCT0wBIKCkICHBf1he2drJJyHFxhgG0wUIew4iM2Rcx6v0B0Ik0lw:1q6sKa:7JJKf4iDMw069PzHYUDPbFvTnFX9IXCkPgh_AL0lQ-g', '2023-06-21 12:32:04.891584'),
('nrsw2imkj5vl2hj01djq62li4hcaj7fx', '.eJxVi70OwiAQgN-F2TQHB1dxNPERnMlxQGjUmrRlMr5726SDrt_PRwVuSw1tzlMYkroo3avTL4wsjzzuhkXebVy6g3S3Fw_P-9Zcj-TvqzzXbcrIaBCiYW2ppAQOwHkDDILalrMHgB58iZGMsT5pDeIskSNCZBL1XQGunzMp:1qBwTS:q65G_skPaW7LO13sEp9FORaJZV09xCsUQdUnBvWra5k', '2023-07-05 11:58:10.107074'),
('nt3wamfur7x42mdfka6a3a16sak0deh1', '.eJxVi0kKwjAUQO-StRS_yc_gUvAIrsMfElLUCrZZiXe3Qhe6fcPLZOpLy30uzzyqORpndr-MSa5l-goSefRpGTYynO803i5rc9qSv6_R3Nap-pCYAjgNKSQEVlCPHjHEKMqJWRUOlRCdqCaLNqLsAahGtIW8eX8AtgA0ig:1qBwZT:FGZJj5UJvXGN5fRR2Hc7kGvQ8zruHd-5BKSwBOGzaKA', '2023-07-05 12:04:23.920769'),
('ntrgpsifdiz7dc19pomhpvc7hpy78h08', '.eJxVi0sKwjAQQO-StZROJs3HpeARXIfpZEKKWsE2K-ndG6EL3b7PR0Wqa4l1kXeckjorrU6_bCS-y_wVxPyq89odpLs-aXrcWnM5kr-v0FLaBJqcNw6yMRRYCA0mzDha471GAQspOAkZ3UC-sT7zYG1GDQGZoFfbDpnwM48:1q9kp7:nrqCjz7to703Lc-n582glgZMtF3y83bQpGeAPvrUFD4', '2023-06-29 11:07:29.453557'),
('nu79qutlrrhx8jq3tbtwmogtkfl15m3h', '.eJxVi0sKwjAQQO-StZROJs3HpeARXIfpZEKKWsE2K-ndG6EL3b7PR0Wqa4l1kXeckjorrU6_bCS-y_wVxPyq89odpLs-aXrcWnM5kr-v0FLaBJqcNw6yMRRYCA0mzDha471GAQspOAkZ3UC-sT7zYG1GDQGZoFfbDpnwM48:1qBJVh:36w363YR-BcDhyMjQLLU1b49lmOnPIwXlXP1sSZbUjI', '2023-07-03 18:21:53.816592'),
('nuzgfv9vcxxc4jrae645neca96jeklfn', '.eJxVi0sKwjAQQO-StZROJs3HpeARXIfpZEKKWsE2K-ndG6EL3b7PR0Wqa4l1kXeckjorrU6_bCS-y_wVxPyq89odpLs-aXrcWnM5kr-v0FLaBJqcNw6yMRRYCA0mzDha471GAQspOAkZ3UC-sT7zYG1GDQGZoFfbDpnwM48:1qAlYQ:hSaJylzz1csX_8dsO8blg5HL_ekziACa2EYWZS0BjNY', '2023-07-02 06:06:26.025049'),
('nw6jkglymuj8aqbkgee1pwysnxn6mbw9', '.eJxVi70KwjAQgN8ls5S7tJc0joKP4BwulxwpagXbTOK7W6GDrt_Py0Rua41tKc84ZXM0aA6_LLFcy_wVLPJo89rtpDvfebpdtua0J39f5aVuU0H1MvpMmogdiSjo2IMNrEiKGUKgPPRWlaAAWl-gHxwwJnDEJOb9AcYbNGA:1qAY1T:eWnwOK6R3qYrdOninwXfXmW6laLpVk2-C-mPMBUvOOU', '2023-07-01 15:39:31.650183'),
('nw95jcomjr62nt1j790ywgkvmqshaenw', '.eJxVi0sKwjAQQO-StZROJs3HpeARXIfpZEKKWsE2K-ndG6EL3b7PR0Wqa4l1kXeckjorrU6_bCS-y_wVxPyq89odpLs-aXrcWnM5kr-v0FLaBJqcNw6yMRRYCA0mzDha471GAQspOAkZ3UC-sT7zYG1GDQGZoFfbDpnwM48:1q8yBj:dY0fWKTxkHW4_nxZG7uZWQ0C4jyQqlXPv9U2eaUpqqs', '2023-06-27 07:11:35.670703'),
('nwdory36q1yo4ai2xw5l9yv85liy1qxe', '.eJxVi0sKwjAQQO8yayn5TJLGpeARXIfJZEqKWsE2K_HuRuhCt-_zgkRtq6mt8kxzgSMEC4dfmImvsnwNMT_asg07Gc53mm-X3pz25O-rtNY-sWHMClUZ--6ytjoIxslidkZ5NKRjEDuhOM_GOTSxFLGsfWGSHEd4fwDYGDTM:1qC38b:GkeF234Dx9iiXVdMaK7Hcy4IoUj9HC3FXHdlEpZqbN4', '2023-07-05 19:05:05.313810'),
('nwjpszdy5br682xlolxhh82m4ubpsaqr', '.eJxVi8sKwjAQRf8laylpOnm5FPwE12FmkiFFrWCblfjvRuhC4a7OPeelEratpraWZ5qzOioT1OEXEvK1LN8HmR9t2YadDOc7zrdLd0678tdVXGuPKFqGkidBEyenIZggQRO57EocXQEkziLg0UfbF8ZMmixa0Cg2evX-AOpGNPA:1qBo9q:GxbWw-RsiqAVd0RSbEbFtt8Bkx2c1CrMVZC16WwDroo', '2023-07-05 03:05:22.821016'),
('nzv06uprvvo2qv5c5u402ls9cpcczqlf', '.eJxVjDEOwjAMRe-SGVUusaOUEYkjdI4c21UqoEi0mRB3h0od2vX99_7HJa5LSXW2dxrVXVxwpz3LLHeb1oFFXnVamo00tyePj_7vXDfl0BWey_rmMWbtiEigJUBlr0DEEXLwkAc6IzFKDkPLJgGgsyiIaqpkoOC-P6JnNIg:1q7EHl:VyNOb3akkVYTG_leAYHPeHOFBCNQqO_zdZKCjKicGW0', '2023-06-22 11:58:37.636248'),
('o085xcsjcidchisntbc7iwy58btbtrf9', '.eJxVizsOwjAQBe_iGkXOxusPJRJHoLZ210aOgCAlcYW4exwpBbxy3sxHRapriXXJcxyTOitAdfqFTPLI0_6QyLtOa3eQ7vqi8XlrzuVQ_rpCS2mRI0jBBcA7gLbsg6Q2Z4j9oJk9a6MNcs7I1GvpUWwYPAYWMATWqO8G3iM0mg:1qBugd:I-7_UWDcYCOqPx0Jh_xc1JBa2IhvfMHmwUw8D2ZFGY0', '2023-07-05 10:03:39.949193'),
('o0kvx9ymjnagw04yp61h29p56o13btwe', '.eJxVi0EOwiAQRe_C2jQdmAHq0sQjuCbDAKFRa2LLynh3MelCN3_x_nsvFbhtNbQ1P8Oc1FEBqcMvjCzXvHwfFnm0ZRt2MpzvPN8u3Tntyl9Xea090mbKwqg1at-HxINlcuCyjNYYjOgmLJAIorHFFectlCw0oscUxar3B6hnM7o:1q4KdU:c1kcwC0WoLUAelaFbx01VCpiOZ4ZBfjd804fCdg-CoY', '2023-06-14 12:09:04.024051'),
('o144ytnvbrp2bkjdqgb70pqcdq8fark3', '.eJxVi70KwjAQgN_lZilJc7kLjoKP4BwuyYUUtYJtJvHdrdBB1-_nBVH62mJf9BmnAkdgOPyyJPmq81dIzo8-r8NOhvNdpttla0578vc1Wdo2qXdV1fOoaDyyY0y1JGvElsQkjBoseUfBKYY6JipIEmp2hgVz9fD-ALeQNH4:1qBqcX:b3-z_rdw5dAhxwP7H0Mm5xJ6MILVMWfZXKxcBydVsLA', '2023-07-05 05:43:09.359802'),
('o14pzyebhoe0y9nl9bu62e9enppujo9z', '.eJxVi0sKwjAQQO-StZTmMzFxKXgE12FmMiFFrdA2K_HuRuhCt-_zUgnbVlNbZUlTVifl1eGXEfJN5q9A5mebt2Enw-WB0_3am_Oe_H0V19onCESQvXUQrBESU9BkEMaAdmTWpEVG4xhQwNnoegzReDrqyEUXr94fzqI0-Q:1q3owM:IailaMNxP2JMy9Sdh4idLZGPJej0pe1FQK50Y2KQiTc', '2023-06-13 02:18:26.075542'),
('o314l9kh4w0th9pabhp2ch7pjetl8rb1', '.eJxVi0sKwjAQQO-StZROJs3HpeARXIfpZEKKWsE2K-ndG6EL3b7PR0Wqa4l1kXeckjorrU6_bCS-y_wVxPyq89odpLs-aXrcWnM5kr-v0FLaBJqcNw6yMRRYCA0mzDha471GAQspOAkZ3UC-sT7zYG1GDQGZoFfbDpnwM48:1qA9DX:bkPlU5mH1cQPB52JS9pGKaQAhtXPlOWJRtWsZBzW_wU', '2023-06-30 13:10:19.987272'),
('o32py45enxsu3f4sqs0vtx328bj9wimg', '.eJxVi70KwjAQgN8ls5S7tJc0joKP4BwulxwpagXbTOK7W6GDrt_Py0Rua41tKc84ZXM0aA6_LLFcy_wVLPJo89rtpDvfebpdtua0J39f5aVuU0H1MvpMmogdiSjo2IMNrEiKGUKgPPRWlaAAWl-gHxwwJnDEJOb9AcYbNGA:1qC0pQ:_WjKKXemMhgnqQRX7ezG4fCXHKuW-jsLVqMrXqJQgbQ', '2023-07-05 16:37:08.572903'),
('o3cs8ivb4it8x57m2sejmt3wgn8cy664', '.eJxVi8sKwjAQRf8laylpOnm5FPwE12FmkiFFrWCblfjvRuhC4a7OPeelEratpraWZ5qzOioT1OEXEvK1LN8HmR9t2YadDOc7zrdLd0678tdVXGuPKFqGkidBEyenIZggQRO57EocXQEkziLg0UfbF8ZMmixa0Cg2evX-AOpGNPA:1qA1aS:Eo3JkW_6g1R0mFA_v2vYbsEy6wtpiOqDqNkHtfhbDIU', '2023-06-30 05:01:28.652081'),
('o4inukqmf7jfko94oau9gvgnubpmic3j', '.eJxVi70OwiAQgN-F2TQIRwFHkz5CZ3LcHaFRa9KWyfju1qSDrt_PSyVsW01tlSVNrC4K1OmXZaSbzF-BRM82b91BuuGB033cm-uR_H0V17pPAb0VKDoKkslitGX2juUsnkRn6RFMz8zgMMSigy0ZXPG5CBBE0er9AeVgNcg:1q3Yjp:u6p80QL8B5H0UoB8B9Hy2gKfWMipScoLnv9gvacaZFc', '2023-06-12 09:00:25.594228'),
('o66cimk8arzdpa9x6mxnlrf6qh6pc1dd', '.eJxVi70KwjAQgN8ls5S7tJc0joKP4BwulxwpagXbTOK7W6GDrt_Py0Rua41tKc84ZXM0aA6_LLFcy_wVLPJo89rtpDvfebpdtua0J39f5aVuU0H1MvpMmogdiSjo2IMNrEiKGUKgPPRWlaAAWl-gHxwwJnDEJOb9AcYbNGA:1qBqwO:EdT-r0pw1datcEK1KduvH2C2sMdGO8SctqMg3dP_5w8', '2023-07-05 06:03:40.962511'),
('o6kihd3bfp6m5fdj3i3fnqhme5tvk251', '.eJxVi8sKwjAQRf8laylpOnm5FPwE12FmkiFFrWCblfjvRuhC4a7OPeelEratpraWZ5qzOioT1OEXEvK1LN8HmR9t2YadDOc7zrdLd0678tdVXGuPKFqGkidBEyenIZggQRO57EocXQEkziLg0UfbF8ZMmixa0Cg2evX-AOpGNPA:1q9Ktm:mPxFc6REi39emu-8BNzl8FSt-lRuE9Y_Uyg7xDdvHkQ', '2023-06-28 07:26:34.788991'),
('o7ycjtszzhpzsqo7dgeh01j9o8702ewn', '.eJxVi0sKwjAQQO8yayn5TJLGpeARXIfJZEqKWsE2K_HuRuhCt-_zgkRtq6mt8kxzgSMEC4dfmImvsnwNMT_asg07Gc53mm-X3pz25O-rtNY-sWHMClUZ--6ytjoIxslidkZ5NKRjEDuhOM_GOTSxFLGsfWGSHEd4fwDYGDTM:1qCBmq:cnrB7axwLthNNWBLx8nvhmzIcRx0K7zxkoMWfSstjLc', '2023-07-06 04:19:12.646568'),
('o7yxbuc5otcl9qrdgzw16uf6b3omun7j', '.eJxVi0EKwjAQRe-StRSSdCaJS8EjuA6TmYQUtYJtVtK7N0IXuvrw_nsfFamtNbYlv-Mk6qw0qNMvTMT3PH8fYn61eR0OMlyfND1u3bkcyl9Xaak98hwQTMk69_HWidhgUFJmb4PzY0pcWIwQmYJhRKCktUEIBICOndp24bM0wQ:1q91FA:bPVNbKTPwIddt1RMVefbtUt2FvQGG6po2vXAElHnCIE', '2023-06-27 10:27:20.623945'),
('o85aci63sgzgevbm2zgm0zzxfsp7dor2', '.eJxVi70KwjAQgN8ls5S7tJc0joKP4BwulxwpagXbTOK7W6GDrt_Py0Rua41tKc84ZXM0aA6_LLFcy_wVLPJo89rtpDvfebpdtua0J39f5aVuU0H1MvpMmogdiSjo2IMNrEiKGUKgPPRWlaAAWl-gHxwwJnDEJOb9AcYbNGA:1q679i:WCUUJGpu8IHgAPtmrX07gsgd8Yd5jywKakax0JV4YHE', '2023-06-19 10:09:42.988795'),
('o8sxsfceoh2hpkg8d3oc1cjkc16zapsx', '.eJxVi0sKwjAQQO-StZROJs3HpeARXIfpZEKKWsE2K-ndG6EL3b7PR0Wqa4l1kXeckjorrU6_bCS-y_wVxPyq89odpLs-aXrcWnM5kr-v0FLaBJqcNw6yMRRYCA0mzDha471GAQspOAkZ3UC-sT7zYG1GDQGZoFfbDpnwM48:1q6lWc:7HCwCS129ofRRW1JtKMHVesEDhREQ6FMYufmjQ-6tMU', '2023-06-21 05:16:02.795253'),
('o9micpv2034j7phtqn7s4k4tss482a2y', '.eJxVi70KwjAQgN8ls5S7tJc0joKP4BwulxwpagXbTOK7W6GDrt_Py0Rua41tKc84ZXM0aA6_LLFcy_wVLPJo89rtpDvfebpdtua0J39f5aVuU0H1MvpMmogdiSjo2IMNrEiKGUKgPPRWlaAAWl-gHxwwJnDEJOb9AcYbNGA:1q9Jj6:xkC7172cWdWcGquxkBX6Y3a-JjfgKft7R2zNyTGhMpg', '2023-06-28 06:11:28.600346'),
('oab6484smx0btzpu0og1ygz3wtajn62p', '.eJxVi0kKwjAUQO-StRS_yc_gUvAIrsMfElLUCrZZiXe3Qhe6fcPLZOpLy30uzzyqORpndr-MSa5l-goSefRpGTYynO803i5rc9qSv6_R3Nap-pCYAjgNKSQEVlCPHjHEKMqJWRUOlRCdqCaLNqLsAahGtIW8eX8AtgA0ig:1qBJWm:G3qZFEn_6H20f7WaM8Jkoo6ZQozds8o0sRXQD3YkxyM', '2023-07-03 18:23:00.762658'),
('obymytnsz51krq5xcav9ei7lk19ahbex', '.eJxVi0EOwiAQRe_C2jRQKMO4NPEIrskwDKFRa2LLynh3MelCl__9914qUttqbKs845zVUY2oDr8wEV9l-T7E_GjLNuxkON9pvl26c9qVv67SWnuUJ-s0ueCT0wBIKCkICHBf1he2drJJyHFxhgG0wUIew4iM2Rcx6v0B0Ik0lw:1q91H7:4tRAN_XfQKZnMZ-9M6JEU1P14NLG6PSaVWJKcpjzcAI', '2023-06-27 10:29:21.268523'),
('od5hfo7wlwkpej3ooz8tqro63ddbgos9', '.eJxVi8sKwjAUBf8laylpcpM2LgU_wXW4r5KiVrDNSvx3I3ShZzkz52Uy1q3kuuozz2KOpk_m8AsJ-arL1yDzoy5bt5PufMf5dmnNaU_-fgXX0k4ORj8msMKMoOQj9wTOk5NIoY2cnyCoDaoy2eAHELIuNjtIshrN-wPTsTSc:1q8mJh:r_82XlZ1zl6a9SbFBWCYgJsuRwl5Xua5iLFr3X0K5Ds', '2023-06-26 18:31:01.205236'),
('odc44ahtw9nr99gbys7ndj1rozlr4fma', '.eJxVi0sKwjAQQO-StZQQJ5PUpeARug7zCylqBduuxLtboQvdvs_LFVqXVtbZnmVUd3IR3OEXMsnVpq8hkcc6Ld1OusudxtuwNec9-fsazW2bEHL24jGoekULVtl6jRCYahIyZDMvMQGK11oxQzom1B6Yc1Yk9_4A-381qw:1qBeLw:R1Dqm_wcuPqnQ79kkfEF3bP3BKfGnNePgIt9qfeWZ1Y', '2023-07-04 16:37:12.133546'),
('odhxrroeo51tk5txnqmr8jjeho9zf23w', '.eJxVi0kKwjAUQO-StRS_yc_gUvAIrsMfElLUCrZZiXe3Qhe6fcPLZOpLy30uzzyqORpndr-MSa5l-goSefRpGTYynO803i5rc9qSv6_R3Nap-pCYAjgNKSQEVlCPHjHEKMqJWRUOlRCdqCaLNqLsAahGtIW8eX8AtgA0ig:1qBpc2:VW-Bgk6YoDgcInIXgoCVJu45TORjyp_W7LwqBMoYsGU', '2023-07-05 04:38:34.745306'),
('of8cne2wkvmxg3bckxl69v43ksthruxt', '.eJxVi70KwjAQgN8ls5S7tJc0joKP4BwulxwpagXbTOK7W6GDrt_Py0Rua41tKc84ZXM0aA6_LLFcy_wVLPJo89rtpDvfebpdtua0J39f5aVuU0H1MvpMmogdiSjo2IMNrEiKGUKgPPRWlaAAWl-gHxwwJnDEJOb9AcYbNGA:1q92Tj:pDYNIn7cPrIaItf3JXkfd-Cowqk9xm2fkKlJM7UWpPw', '2023-06-27 11:46:27.098779'),
('oh1fk0nvtbxa44ww2p1a9r2o8xlv09rz', '.eJxVi0sKwjAQhu-StRQzpn9bl4JHcB0mMxNa1Aq2WYl3N0IXuv0eLxe5rGMsiz3jpO7o4Ha_LLFcbf4KFnmUeW020pzvPN0utTltyd838jLWqUdmGDFlT0mDgrwE2zOZQBFAOYgKYFWztUktkfadH_IBA7rWvT_ZzTUz:1qA4Om:2ZOPf0nr_VgwcsKA_eOkI1NdSAa5cgEhl-B018HECYk', '2023-06-30 08:01:36.743024'),
('oh4m62xulzlbjg6audqrmstnjd4ufm9t', '.eJxVizkOwjAUBe_iGkV2vHybEokjUFt_ceQICFISV4i7E1AKeOW8mafK2Naa21LmPIo6KgPq8AsJ-Vqmz4PMjzat3U668x3H22VzTrvy11Vc6jfSUQq6KOSSLUmEgo9QLAlg6K0hBOLeuuC3JcCBB5fYExqwRmv1egP9VTUE:1q3uiP:_oDPn3hPVebxX39gOnN-k6pNjikymcuEsR86dyIGgxc', '2023-06-13 08:28:25.723092'),
('ohoelaaewqgj13afemtwjbtilk1tkpi8', '.eJxVi0sKwjAQQO-StZTmMzFxKXgE12FmMiFFrdA2K_HuRuhCt-_zUgnbVlNbZUlTVifl1eGXEfJN5q9A5mebt2Enw-WB0_3am_Oe_H0V19onCESQvXUQrBESU9BkEMaAdmTWpEVG4xhQwNnoegzReDrqyEUXr94fzqI0-Q:1q3aKU:FeKwCfGBXJsD9WT17t-oBElkSkg75cZG6dfEQ7xrGTA', '2023-06-12 10:42:22.384559'),
('oixwletef2ylax3icc39krjgyvub0g57', '.eJxVi0sKwjAQQO8yayn5TJLGpeARXIfJZEqKWsE2K_HuRuhCt-_zgkRtq6mt8kxzgSMEC4dfmImvsnwNMT_asg07Gc53mm-X3pz25O-rtNY-sWHMClUZ--6ytjoIxslidkZ5NKRjEDuhOM_GOTSxFLGsfWGSHEd4fwDYGDTM:1qC0ce:F-p2R8k7Jb-6ji_UgMWUix6-eBgwg3djqOeQByHGHkc', '2023-07-05 16:23:56.034177'),
('oj1pbimbtpxbd1wa4dyvlmmc89v9gaga', '.eJxVi0sKwjAQhu-StRQzpn9bl4JHcB0mMxNa1Aq2WYl3N0IXuv0eLxe5rGMsiz3jpO7o4Ha_LLFcbf4KFnmUeW020pzvPN0utTltyd838jLWqUdmGDFlT0mDgrwE2zOZQBFAOYgKYFWztUktkfadH_IBA7rWvT_ZzTUz:1q92Ka:CRTDRo5mN84i98xUQjXst67wCQu7FsQQiG20gi_Ej9c', '2023-06-27 11:37:00.462862'),
('ojijhdl067h635ly4t1encnovxcqlb7s', '.eJxVi70KwjAQgN8ls5QzCZeco-AjdA6X3IUUtYJtJvHdrdBB1-_nZRL3taW-6DNNYk7Gojn8wszlqvPXcCmPPq_DTobLnafbuDXnPfn7Gi9tm5RiDJ4yQhXvINZjUCF0DJrReqoC4sCRuohVRTEHJLUFJFjR4s37A9W6NPc:1q78O0:g3XE38sqxkNgrqBGy8y9igDkq0SGQkfQBc4KHwvOVo0', '2023-06-22 05:40:40.948867'),
('ok1ti1xsmv5734pug1laj2zyi93xj651', '.eJxVi70KwjAQgN8ls5S7tJc0joKP4BwulxwpagXbTOK7W6GDrt_Py0Rua41tKc84ZXM0aA6_LLFcy_wVLPJo89rtpDvfebpdtua0J39f5aVuU0H1MvpMmogdiSjo2IMNrEiKGUKgPPRWlaAAWl-gHxwwJnDEJOb9AcYbNGA:1qAn9i:rwZB0RCkF8R16xNk44cK1_kWNdHSeVvI6EcdtIdnelA', '2023-07-02 07:49:02.096527'),
('okdhmoh5u2hh1sbokpg61x59psa9s3pj', '.eJxVi0sKwjAQQO-StZROJs3HpeARXIfpZEKKWsE2K-ndG6EL3b7PR0Wqa4l1kXeckjorrU6_bCS-y_wVxPyq89odpLs-aXrcWnM5kr-v0FLaBJqcNw6yMRRYCA0mzDha471GAQspOAkZ3UC-sT7zYG1GDQGZoFfbDpnwM48:1q6VYN:iL8cDgnYTfus1_uf1rHgYSbqD4rZgEhR8AmAWakuVKo', '2023-06-20 12:12:47.697118'),
('oklwzaa9skunufvm6mmy8caxd96mcofq', '.eJxVi80KwjAMgN-lZxkr2drEo-AjeC5pk9ChTnDrSXx3J-yg1-_n5RK3taa26DNN4o5ucIdflrlcdf4KLuXR5rXbSXe-83S7bM1pT_6-ykvdJvQgvRgjBEHJijJYAFP1vrBRBAwDZQ5jVjIAQymgPSHGkTUSufcH2uU1NQ:1q8aDi:oBDYO4NWkkFDwzyRmLmXEiFssnz80rVu2KCejm5jQkg', '2023-06-26 05:36:02.341776'),
('olhazwziltawr798j6igsmntrcbnnop1', '.eJxVi0sKwjAQQO-StZROJs3HpeARXIfpZEKKWsE2K-ndG6EL3b7PR0Wqa4l1kXeckjorrU6_bCS-y_wVxPyq89odpLs-aXrcWnM5kr-v0FLaBJqcNw6yMRRYCA0mzDha471GAQspOAkZ3UC-sT7zYG1GDQGZoFfbDpnwM48:1q3Yiz:FsHZzuy6hz8uKr7Lzo1REWFC-6rPjnma3NrUnA9Hczw', '2023-06-12 08:59:33.227327'),
('olnxgvehxqho1hcoao4kz33p4q54szdt', '.eJxVi0sKwjAQQO-StZRM_nEpeATXYWY6IUWtYJuVeHcrdKHb93mpgn1tpS_yLNOojipodfiFhHyV-WuQ-dHnddjJcL7jdLtszWlP_r6GS9umGsEKWwMCKRICeck6ENkEWEfUFBNXDC64DKGCYeNtTl47MToZBvX-AN0dNDM:1qBxfa:DHp7mjbmr_lbRiNPLVGI07ZL0Vd3UUWA-wXFa15ZRqc', '2023-07-05 13:14:46.107212'),
('omysk81vwaz0zsbiz1dugx4ex80i30sy', '.eJxVi70KwjAQgN8ls5S7tJc0joKP4BwulxwpagXbTOK7W6GDrt_Py0Rua41tKc84ZXM0aA6_LLFcy_wVLPJo89rtpDvfebpdtua0J39f5aVuU0H1MvpMmogdiSjo2IMNrEiKGUKgPPRWlaAAWl-gHxwwJnDEJOb9AcYbNGA:1q8c3q:ptAuvYwhJAuZ_-35e7qk4XxmvX1rQ6XWMDX6Z8121Ec', '2023-06-26 07:33:58.415515'),
('omz6b0yh3trft3wj03k1kht4hqhx40q0', '.eJxVi0kKwjAUQO-StRS_yc_gUvAIrsMfElLUCrZZiXe3Qhe6fcPLZOpLy30uzzyqORpndr-MSa5l-goSefRpGTYynO803i5rc9qSv6_R3Nap-pCYAjgNKSQEVlCPHjHEKMqJWRUOlRCdqCaLNqLsAahGtIW8eX8AtgA0ig:1qBTBn:McPbTIuQ0v9HlMfl_LfHxkktrmwteTv6HDYx_mbzGxU', '2023-07-04 04:41:59.909681'),
('on2kxpupvrlqe39f702o4gt7do143f2d', '.eJxVjsEKwjAQRP8lZylpN9kuHgU_wXPYbDakqBVsc5L-eyP0oDCnN29gPiZwXUuoi77DlMzZIJrTL4wsd52_DYu86rx2B-muT54et-ZcDuVvV3gpbZRdz9mTOicek4wUnW3piX2GSKrCFi0ONOZIyUuyA2BWUAIHqZ3ZduqXNN8:1qCBku:DJFV11yuNmN4QBxIlokpfXVt4yE_g31_x_ZCwFV_Kuc', '2023-07-06 04:17:12.754546'),
('ony3mhefbw37u0056c1mqk0wuxd1k8p0', '.eJxVi0sKwjAQQO-StZROJs3HpeARXIfpZEKKWsE2K-ndG6EL3b7PR0Wqa4l1kXeckjorrU6_bCS-y_wVxPyq89odpLs-aXrcWnM5kr-v0FLaBJqcNw6yMRRYCA0mzDha471GAQspOAkZ3UC-sT7zYG1GDQGZoFfbDpnwM48:1q9PbE:Z_Owr7Sq2caM040h6t7UZu4FKdEJdcX9NmDQMQMxoIY', '2023-06-28 12:27:44.137315'),
('ooift1b8a6hl1mxiy9680em4vkou46vq', '.eJxVi0EKwjAQRe-StZRMmkxSl4JHcB0mkwkpagXbrMS7G6ELXX14_72XitS2GtsqzzhndVRo1OEXJuKrLN-HmB9t2YadDOc7zbdLd0678tdVWmuPtACA01MoTkYxbhpTloTFcvHAjJitDim5jH0IMrI2oCV4KsWz9er9Ad0LNQA:1qBy5p:_mjrlCe-A2k1HNBlA3twNbPnzgf7qm8FsBWxGyKsp7Q', '2023-07-05 13:41:53.797102'),
('op6m4dmlxxd8nimv5gba1y0mpgqty2or', '.eJxVi0sKwjAQhu-StRQnzdTEpeARXIc_kwkpagXbrMS7a6EL3X6Pl4loS41t1mccszkaJrP7hQly1Wk1EHm0aek20p3vGG-Xb3Pakr-vYq7rhMEHRaGQBDn7kpxKTzZwcbkHwcIyWVYV9lrY9YPs4TgLeUr-YN4fDvE1iQ:1qAQln:LudM03AOo0GHhhA7rkSzbLZuRvEOjd4sUUH-giY05Ak', '2023-07-01 07:54:51.623716'),
('opckskykm7s9h2pm0e5ij7cdjyh7mbdl', '.eJxVi80KwjAMgN-lZxkr2drEo-AjeC5pk9ChTnDrSXx3J-yg1-_n5RK3taa26DNN4o5ucIdflrlcdf4KLuXR5rXbSXe-83S7bM1pT_6-ykvdJvQgvRgjBEHJijJYAFP1vrBRBAwDZQ5jVjIAQymgPSHGkTUSufcH2uU1NQ:1q8cF0:3SyvWKPzT7rbY5XRThiMRLAkMmhuqRQoM_6Wt7cXWAc', '2023-06-26 07:45:30.461506'),
('oq5ws84b8xqos3wtbkrvo9nem9wxqhkb', '.eJxVi0EOwiAQRe_C2jQdmAHq0sQjuCbDAKFRa2LLynh3MelCN3_x_nsvFbhtNbQ1P8Oc1FEBqcMvjCzXvHwfFnm0ZRt2MpzvPN8u3Tntyl9Xea090mbKwqg1at-HxINlcuCyjNYYjOgmLJAIorHFFectlCw0oscUxar3B6hnM7o:1q4KgS:DKfIXsjuAKidFoWEEKesUVLR6NNhsmW4lAajHfiNFck', '2023-06-14 12:12:08.122278'),
('or0ffz306lyomrr70b4gb37f3d7cithm', '.eJxVi70KwjAQgN8ls5S7tJc0joKP4BwulxwpagXbTOK7W6GDrt_Py0Rua41tKc84ZXM0aA6_LLFcy_wVLPJo89rtpDvfebpdtua0J39f5aVuU0H1MvpMmogdiSjo2IMNrEiKGUKgPPRWlaAAWl-gHxwwJnDEJOb9AcYbNGA:1q63Bk:XoEQBMzgsGWbGaDoGwwNpAo8TqEcNTKU4dAKpiqH7LQ', '2023-06-19 05:55:32.240556'),
('osil15n6f3a395num6v6q8723rm9vd96', '.eJxVi70KwjAQgN8ls5S7tJc0joKP4BwulxwpagXbTOK7W6GDrt_Py0Rua41tKc84ZXM0aA6_LLFcy_wVLPJo89rtpDvfebpdtua0J39f5aVuU0H1MvpMmogdiSjo2IMNrEiKGUKgPPRWlaAAWl-gHxwwJnDEJOb9AcYbNGA:1qBWBm:sy3tBc_zpAyo6PjYhFkLHHI8jVK5chRAh2L3AEqQY-M', '2023-07-04 07:54:10.923575'),
('osk4sm16cldwsi45jihb9jbkuqpjafmr', '.eJxVi70KwjAQgN8ls5S7tJc0joKP4BwulxwpagXbTOK7W6GDrt_Py0Rua41tKc84ZXM0aA6_LLFcy_wVLPJo89rtpDvfebpdtua0J39f5aVuU0H1MvpMmogdiSjo2IMNrEiKGUKgPPRWlaAAWl-gHxwwJnDEJOb9AcYbNGA:1q92NP:kr_OjdZQT1C0pPRbReTanf2pa7dF7sCAOkWLz--Movk', '2023-06-27 11:39:55.654491'),
('osyntsjb8afjx7u86o7ry7mr3gs78wcf', '.eJxVi0kKwjAUQO-StRS_yc_gUvAIrsMfElLUCrZZiXe3Qhe6fcPLZOpLy30uzzyqORpndr-MSa5l-goSefRpGTYynO803i5rc9qSv6_R3Nap-pCYAjgNKSQEVlCPHjHEKMqJWRUOlRCdqCaLNqLsAahGtIW8eX8AtgA0ig:1qBwwx:_pBhhI3YzwcgGmlk9KSW6MfXAspP3pXgyJ7lo91Rzto', '2023-07-05 12:28:39.519776'),
('ot3zc7kppwdm630ce4n50eukyavmj77f', '.eJxVi70KwjAQgN8ls5S7tJc0joKP4BwulxwpagXbTOK7W6GDrt_Py0Rua41tKc84ZXM0aA6_LLFcy_wVLPJo89rtpDvfebpdtua0J39f5aVuU0H1MvpMmogdiSjo2IMNrEiKGUKgPPRWlaAAWl-gHxwwJnDEJOb9AcYbNGA:1q8KKz:YtYQnVDhy86U0DniJA2ZRxsR4tYTuoQzYDoA2WUU06M', '2023-06-25 12:38:29.622686'),
('ot78x1v2tyeei65546ex67hpixekyh1z', '.eJxVi80KwjAMgN-lZxkr2drEo-AjeC5pk9ChTnDrSXx3J-yg1-_n5RK3taa26DNN4o5ucIdflrlcdf4KLuXR5rXbSXe-83S7bM1pT_6-ykvdJvQgvRgjBEHJijJYAFP1vrBRBAwDZQ5jVjIAQymgPSHGkTUSufcH2uU1NQ:1q9hVl:lckMF_leJijfNB5xE7pw8tybf2stkryjczSXmTeZZvk', '2023-06-29 07:35:17.798247'),
('otnptp3i5jfj5bhomksdu9kzorvusttj', '.eJxVi0kKwjAUQO-StZSmP0PjUvAIrsMf8klRK9hmJd7dCl3o9g0vk7GtNbelPPMk5mggmsMvJORrmb8GmR9tXruddOc7TrfL1pz25O-ruNRtUk0ghbBn0GBtIepDSRCH6GlUFmKfIqhYHAcUdcDqpEBPwatnZ837AxJtNfY:1q8eEd:opzcvhp4bEQNdgBEwkAHKD0Me6O_ysr6BIXVPxT05Pw', '2023-06-26 09:53:15.576428'),
('ou7q7nfwlsx8o76qtdd506m9usfffs3n', '.eJxVi70KwjAQgN8ls5S7tJc0joKP4BwulxwpagXbTOK7W6GDrt_Py0Rua41tKc84ZXM0aA6_LLFcy_wVLPJo89rtpDvfebpdtua0J39f5aVuU0H1MvpMmogdiSjo2IMNrEiKGUKgPPRWlaAAWl-gHxwwJnDEJOb9AcYbNGA:1qByFy:KI3DOluyzpqIFYniRyGav8TlFeCwjaBMvcjXGe4g3bk', '2023-07-05 13:52:22.151537'),
('ov5t91rdlkqlrrb4czp1oola6bbe0c9t', '.eJxVi0sKwjAQhu-StZRM8sdUl4JHcB0m0wkpagXbrMS7W6EL3X6Pl0nclprarM80DuZoALP7hZnlqtPXsMijTUu3ke585_F2WZvTlvx9lee6TgOIYAGNopz1oI5dH4pkoWKDV0RPEZBMPvdWORIFF2CpZCDQ3rw_3YQ0Iw:1q935h:IjpmJw41VKzsWQGRUctBEjUQqJBmE4h6rjASkMtEDyk', '2023-06-27 12:25:41.127134'),
('ovful30lqxqv3astxvlb6a3qqxzoewdi', '.eJxVi70KwjAQgN8ls5S7tJc0joKP4BwulxwpagXbTOK7W6GDrt_Py0Rua41tKc84ZXM0aA6_LLFcy_wVLPJo89rtpDvfebpdtua0J39f5aVuU0H1MvpMmogdiSjo2IMNrEiKGUKgPPRWlaAAWl-gHxwwJnDEJOb9AcYbNGA:1qBKcT:2JY7vlVrb-4WTZWKIeYLoMqbtZyiSHkhHwgt31bBOS0', '2023-07-03 19:32:57.174328'),
('ow7o9wuxinbyy9jobayaajlbfhilzjqp', '.eJxVi0sKwjAQQO-StZROJs3HpeARXIfpZEKKWsE2K-ndG6EL3b7PR0Wqa4l1kXeckjorrU6_bCS-y_wVxPyq89odpLs-aXrcWnM5kr-v0FLaBJqcNw6yMRRYCA0mzDha471GAQspOAkZ3UC-sT7zYG1GDQGZoFfbDpnwM48:1qAYES:b0znzNVw6O_7VXpk_7ntTwXRVsDiNE2xaGwJWZw5Sck', '2023-07-01 15:52:56.363554'),
('owt5ztbpc5bntbgr2rnld2v6iaelhklb', '.eJxVi0EOwiAQRe_C2jTDIFBcmngE12QYmNCoNWnLynh3MelCdz_vv_dSkdpWY1vLEqesTsqN6vALE_GtzN-HmJ9t3oadDJcHTfdrd8678tdVWmuPjPcgRTQGQG_QhYQekFlMytaRkMG-WScWK5RdcIxCRzvqbAgA1PsD3FE08w:1qC4Qy:kFA1Lkd7OE17aGO-5sbDXkG63QXwDT0yvCjVSumVipY', '2023-07-05 20:28:08.995856'),
('ox1pc2k0zymnblb3qsbjwu2e8jzk6dgg', '.eJxVi70KwjAQgN8ls5S7tJc0joKP4BwulxwpagXbTOK7W6GDrt_Py0Rua41tKc84ZXM0aA6_LLFcy_wVLPJo89rtpDvfebpdtua0J39f5aVuU0H1MvpMmogdiSjo2IMNrEiKGUKgPPRWlaAAWl-gHxwwJnDEJOb9AcYbNGA:1qBqsv:t3TwAtF-LrTNKbUg8ZNP9PpUxBdFw2qo-WFWo9gBFYs', '2023-07-05 06:00:05.399793'),
('oyukez7gze4gzdrfranwna95p8vbi2y0', '.eJxVi0sKwjAQhu-StRQzpn9bl4JHcB0mMxNa1Aq2WYl3N0IXuv0eLxe5rGMsiz3jpO7o4Ha_LLFcbf4KFnmUeW020pzvPN0utTltyd838jLWqUdmGDFlT0mDgrwE2zOZQBFAOYgKYFWztUktkfadH_IBA7rWvT_ZzTUz:1q9Ke8:1BkoO1j6BojSPLFMEWL-oujb6EoYbKkkksrmly_8N-k', '2023-06-28 07:10:24.197802'),
('p0z4rlx8zukmp6zb7hohk5utrla7vxqz', '.eJxVi0sKwjAQQO-StZROJs3HpeARXIfpZEKKWsE2K-ndG6EL3b7PR0Wqa4l1kXeckjorrU6_bCS-y_wVxPyq89odpLs-aXrcWnM5kr-v0FLaBJqcNw6yMRRYCA0mzDha471GAQspOAkZ3UC-sT7zYG1GDQGZoFfbDpnwM48:1q3eDx:MDkgTClGQMg0FDEq7ifIjf6UQZ8hyo7ExqlhySOqL7s', '2023-06-12 14:51:53.149616'),
('p2awjwupp82k7stw0x4apm79krk4iqdc', '.eJxVi70KwjAQgN8ls5S7tJc0joKP4BwulxwpagXbTOK7W6GDrt_Py0Rua41tKc84ZXM0aA6_LLFcy_wVLPJo89rtpDvfebpdtua0J39f5aVuU0H1MvpMmogdiSjo2IMNrEiKGUKgPPRWlaAAWl-gHxwwJnDEJOb9AcYbNGA:1qBCHH:wkecx9XmC2AU_JvDq_iLcfUe8__twthwUuv6hLztI2M', '2023-07-03 10:38:31.659277'),
('p3j4hkhcfyg84xz7qki73es2zszzdf0o', '.eJxVi70KwjAQgN8ls5Qjl14ujoKP4BwuyYUUtYJtJvHdrdBB1-_nZaL0tcW-6DNOxRyNRXP4hUnyVeevkZwffV6HnQznu0y3y9ac9uTva7K0bWJJQiC-VKqAKso-oxb2gYBdJeZM1iLCiKOCuKAusGTPthKUkMz7A-TxNI4:1qARNb:egjZJC8Ju_QxpaTK17aDjRIabzE0zdGjpb-5fyXwl-E', '2023-07-01 08:33:55.204724'),
('p3v81n82s4j35gf9ibo3cazuuxw8kkak', '.eJxVizsOwjAQBe_iGkXOxusPJRJHoLZ210aOgCAlcYW4exwpBbxy3sxHRapriXXJcxyTOitAdfqFTPLI0_6QyLtOa3eQ7vqi8XlrzuVQ_rpCS2mRI0jBBcA7gLbsg6Q2Z4j9oJk9a6MNcs7I1GvpUWwYPAYWMATWqO8G3iM0mg:1qBw1g:FQXtBljxd_hmyibzJVyajeR5m1SuP4ieg20wYELYOZ4', '2023-07-05 11:29:28.979018'),
('p45a6vravg9gmeji1suxdh9ybxtr1kis', '.eJxVi70KwjAQgN8ls5S7tJc0joKP4BwulxwpagXbTOK7W6GDrt_Py0Rua41tKc84ZXM0aA6_LLFcy_wVLPJo89rtpDvfebpdtua0J39f5aVuU0H1MvpMmogdiSjo2IMNrEiKGUKgPPRWlaAAWl-gHxwwJnDEJOb9AcYbNGA:1q4Kco:htnwuJmK4kn139ekapiAMduX6emaCwyRvmRWAU0r7qw', '2023-06-14 12:08:22.151098'),
('p4euwq7l0qkvwxt5a9pqn611dl5sizxq', '.eJxVi0EKwjAQRe-StZRMmkxSl4JHcB0mkwkpagXbrMS7G6ELXX14_72XitS2GtsqzzhndVRo1OEXJuKrLN-HmB9t2YadDOc7zbdLd0678tdVWmuPtACA01MoTkYxbhpTloTFcvHAjJitDim5jH0IMrI2oCV4KsWz9er9Ad0LNQA:1qCBLg:XgVb5-q4UJBFxNYcPoeIMLPZnI0IjiRfyW7YPQu32TQ', '2023-07-06 03:51:08.289497'),
('p4kf5tlkffsqnr7i9hqiocy74cb1krmx', '.eJxVi70KwjAQgN8ls5S7tJc0joKP4BwulxwpagXbTOK7W6GDrt_Py0Rua41tKc84ZXM0aA6_LLFcy_wVLPJo89rtpDvfebpdtua0J39f5aVuU0H1MvpMmogdiSjo2IMNrEiKGUKgPPRWlaAAWl-gHxwwJnDEJOb9AcYbNGA:1qCBx0:T1hjfhlV0kh4rfo6SwP8qP0qAvVPrDX-JD2-oeHux6g', '2023-07-06 04:29:42.001370'),
('p4r4p5jki8139g89e6jncomrey7mapk7', '.eJxVi70KwjAQgN8ls5S7tJc0joKP4BwulxwpagXbTOK7W6GDrt_Py0Rua41tKc84ZXM0aA6_LLFcy_wVLPJo89rtpDvfebpdtua0J39f5aVuU0H1MvpMmogdiSjo2IMNrEiKGUKgPPRWlaAAWl-gHxwwJnDEJOb9AcYbNGA:1qBxUn:SEjyn0P7LgxzNRTGOE1BId57x4JYiwsAJOxO5IStW_s', '2023-07-05 13:03:37.392915'),
('p4wbe0wnc2yyg4fpkpt5rsvla67okvuu', '.eJxVi70KwjAQgN_lZilJc7kLjoKP4BwuyYUUtYJtJvHdrdBB1-_nBVH62mJf9BmnAkdgOPyyJPmq81dIzo8-r8NOhvNdpttla0578vc1Wdo2qXdV1fOoaDyyY0y1JGvElsQkjBoseUfBKYY6JipIEmp2hgVz9fD-ALeQNH4:1q7Ifg:-f8fKC-t6d5HAtb8Gs8GlHDxrPKfCCwN5skueatFDs0', '2023-06-22 16:39:36.227104'),
('p5kg3kwrvls1vwtclneo2q365o0r3ynh', '.eJxVi70KwjAQgN8ls5S7tJc0joKP4BwulxwpagXbTOK7W6GDrt_Py0Rua41tKc84ZXM0aA6_LLFcy_wVLPJo89rtpDvfebpdtua0J39f5aVuU0H1MvpMmogdiSjo2IMNrEiKGUKgPPRWlaAAWl-gHxwwJnDEJOb9AcYbNGA:1q7XCl:QBQzBmFsyINYhlI25iA4vdxx7-2KWdVCAbNQR-cbdz4', '2023-06-23 08:10:43.869414'),
('p61e3h1f5m9qb8pe5dqvpbjy4ydpdjta', '.eJxVi0sKwjAQQO-StZROJs3HpeARXIfpZEKKWsE2K-ndG6EL3b7PR0Wqa4l1kXeckjorrU6_bCS-y_wVxPyq89odpLs-aXrcWnM5kr-v0FLaBJqcNw6yMRRYCA0mzDha471GAQspOAkZ3UC-sT7zYG1GDQGZoFfbDpnwM48:1q8wXB:Ntz1U24KkY9B7rUa1ktxIenA4dtcT_WM87WlCkmb0OI', '2023-06-27 05:25:37.204500'),
('p8bpve1hzbmw5n4z7ovwkcpzs2ekyswr', '.eJxVi70KwjAQgN_lZilJc7kLjoKP4BwuyYUUtYJtJvHdrdBB1-_nBVH62mJf9BmnAkdgOPyyJPmq81dIzo8-r8NOhvNdpttla0578vc1Wdo2qXdV1fOoaDyyY0y1JGvElsQkjBoseUfBKYY6JipIEmp2hgVz9fD-ALeQNH4:1qAQwP:5Qdq3xfoU0x8mcvY3in3Cl4QcwTWs9W335OBc1WiDvU', '2023-07-01 08:05:49.419581'),
('p8yrheehsocp7oakfw6vusz9boc0x951', '.eJxVi0sKwjAQQO-StZROPibjUvAIrsNkkiFFrdA2K_HubaEL3b7PR0VqS41tLlMcsroo49TpFybiRxl3Q8zvNi7dQbrbi4bnfWuuR_L3VZrrNnljCKgHkBTQ65QZrT8jO07i2WqyKGJJKFASAMha616cD8ZlxJLVdwXilTUK:1q8yWQ:zMojj6tCydnilKHthxrpm2omP9I9KLgt0xW8qo9RODs', '2023-06-27 07:32:58.087858'),
('pa5vuew0xk5dn2p1gcppk0f77wjkrnb2', '.eJxVizsOwjAMQO-SGVXOx4UwInEE5sh2HKUCikSbCXF3gtQB1vd5mURtrakt-kxTNkezd2b3C5nkqvPXkMijzeuwkeF8p-l26c1pS_6-SkvtU-DiHUcFDjiC54MPBRiR1UaHObNi6UggWnJCmh0CjEwhRJuxoHl_AOMPNO0:1qByCG:8jUqncvE-aShZ-uuCY8e0fgoeVcV-72RmXZpdsoH49U', '2023-07-05 13:48:32.635335'),
('pafwwjwg7v67t90odpnzccak1w1k3crv', '.eJxVi0sKwjAQQO-StZROJs3HpeARXIfpZEKKWsE2K-ndG6EL3b7PR0Wqa4l1kXeckjorrU6_bCS-y_wVxPyq89odpLs-aXrcWnM5kr-v0FLaBJqcNw6yMRRYCA0mzDha471GAQspOAkZ3UC-sT7zYG1GDQGZoFfbDpnwM48:1q8cox:LotEzXKsfeB_-OSDwO1ljmncMTRwbN3v1lo0KQk65_k', '2023-06-26 08:22:39.809798'),
('paxy65vdjd4g1nltfpgz1i2s11one2ak', '.eJxVi8sKwjAUBf8laylpcpM2LgU_wXW4r5KiVrDNSvx3I3ShZzkz52Uy1q3kuuozz2KOpk_m8AsJ-arL1yDzoy5bt5PufMf5dmnNaU_-fgXX0k4ORj8msMKMoOQj9wTOk5NIoY2cnyCoDaoy2eAHELIuNjtIshrN-wPTsTSc:1qAYFJ:9j_puV9bDaXgtTNpHdl-VTpItshWZNO2T2JlkJB7Up4', '2023-07-01 15:53:49.092239'),
('pcijnagy4oi6ft5tgahxb20rnlk9avhx', '.eJxVi80KwjAMgN-lZxkr2drEo-AjeC5pk9ChTnDrSXx3J-yg1-_n5RK3taa26DNN4o5ucIdflrlcdf4KLuXR5rXbSXe-83S7bM1pT_6-ykvdJvQgvRgjBEHJijJYAFP1vrBRBAwDZQ5jVjIAQymgPSHGkTUSufcH2uU1NQ:1q6VaK:vlHPmYH3MJ-RROd0HWg4gwdABLDSxEtT5orJ391sB48', '2023-06-20 12:14:48.357042'),
('pdspiwki17cug3mnzgkaemdqg1efxl6o', '.eJxVi7sOwiAUht-F2TScciuOJj6CM_k5QGjUmtgyGd9dTDro-l1eIqBtNbQ1P8OcxFGQFYdfGMHXvHwNmB9t2YadDOc75tulN6c9-fsq1tonTiNingyMddqzy4k8WVkYo1KFSEtTdImEKBnZ2V7aqWhFHgrZaPH-AO2ENPg:1q3ZdR:ArxWTfqMIzhVtdbVBQJ5fyT3VdqFpH_iPkAUE-G41SU', '2023-06-12 09:57:53.811339'),
('petc6te9so3o29rewzod53qnqzmg3l2c', '.eJxVi0sKwjAQQO-StZROJs3HpeARXIfpZEKKWsE2K-ndG6EL3b7PR0Wqa4l1kXeckjorrU6_bCS-y_wVxPyq89odpLs-aXrcWnM5kr-v0FLaBJqcNw6yMRRYCA0mzDha471GAQspOAkZ3UC-sT7zYG1GDQGZoFfbDpnwM48:1qBTEe:BhL7IOdyWwH23QRtyG7HT_256347lTbzpT9hrdbYfok', '2023-07-04 04:44:56.407332'),
('pg413uli9oxsho3g0humjd09kih1d202', '.eJxVi70KwjAQgN8ls5S7tJc0joKP4BwulxwpagXbTOK7W6GDrt_Py0Rua41tKc84ZXM0aA6_LLFcy_wVLPJo89rtpDvfebpdtua0J39f5aVuU0H1MvpMmogdiSjo2IMNrEiKGUKgPPRWlaAAWl-gHxwwJnDEJOb9AcYbNGA:1qBXJS:J_euDxfYVdjKtL4NoFnLpQEYWWhq6VXym_mD2sK87_I', '2023-07-04 09:06:10.264437'),
('pg8wio35brw1cvg6wrbj8kdyrdkx1l4q', '.eJxVi0sKwjAQQO-StZROJs3HpeARXIfpZEKKWsE2K-ndG6EL3b7PR0Wqa4l1kXeckjorrU6_bCS-y_wVxPyq89odpLs-aXrcWnM5kr-v0FLaBJqcNw6yMRRYCA0mzDha471GAQspOAkZ3UC-sT7zYG1GDQGZoFfbDpnwM48:1q9m73:idKU8itK8bF3LVk2wz5K7rqjbS5OsfH4Tlz6fcqI1s8', '2023-06-29 12:30:05.403822'),
('pgovsq9tzcasju7aldcdc3r0tlw3emhw', '.eJxVi7sOwiAUht-F2TTcDlBHEx_BmfxwIDRqTWyZjO-uTTro-l1eIqKvLfalPOPE4iicEodfmJCvZd4Mcn70eR12MpzvmG6Xb3Pak7-vYWnblJgKe7LSAQQTRnj2owRppwvnWl21xgadismKwORNZajATFraJN4f9181XQ:1qC2VF:Z79vAfEWZ0LT2unRMO_fpvdEU4miIcmXJQKFe9vzViM', '2023-07-05 18:24:25.018855'),
('phmsnsp7wdzmsbgucl6x73kq1zfr0tem', '.eJxVi0sKwjAQQO-StZROJs3HpeARXIfpZEKKWsE2K-ndG6EL3b7PR0Wqa4l1kXeckjorrU6_bCS-y_wVxPyq89odpLs-aXrcWnM5kr-v0FLaBJqcNw6yMRRYCA0mzDha471GAQspOAkZ3UC-sT7zYG1GDQGZoFfbDpnwM48:1qAY3A:qWhyh8OBIrVatLldLBzJKqMU3cPRSafbJm3LLe5AhZo', '2023-07-01 15:41:16.034738'),
('phxalmn470ad6x77mn89ezp1tdwr9ruh', '.eJxVi0sKwjAQQO-StZROJs3HpeARXIfpZEKKWsE2K-ndG6EL3b7PR0Wqa4l1kXeckjorrU6_bCS-y_wVxPyq89odpLs-aXrcWnM5kr-v0FLaBJqcNw6yMRRYCA0mzDha471GAQspOAkZ3UC-sT7zYG1GDQGZoFfbDpnwM48:1qBtfX:uyncnH09WRwjmfjg9ySRuf_Ts_Wn9jSoLwALzRGgdzw', '2023-07-05 08:58:27.660942'),
('pi3juhk40prij3sdkk7cbit0pbp8x9tm', '.eJxVi70KwjAQgN_lZilJc7kLjoKP4BwuyYUUtYJtJvHdrdBB1-_nBVH62mJf9BmnAkdgOPyyJPmq81dIzo8-r8NOhvNdpttla0578vc1Wdo2qXdV1fOoaDyyY0y1JGvElsQkjBoseUfBKYY6JipIEmp2hgVz9fD-ALeQNH4:1qA42S:9Sxvi_lTt8atPVeunx-Ozuc21vExnoBr8tpf1sW7dyQ', '2023-06-30 07:38:32.650004'),
('pinyyayvjebawh0e1hpjza2tva79sdbr', '.eJxVi0sKwjAQQO-StZROJs3HpeARXIfpZEKKWsE2K-ndG6EL3b7PR0Wqa4l1kXeckjorrU6_bCS-y_wVxPyq89odpLs-aXrcWnM5kr-v0FLaBJqcNw6yMRRYCA0mzDha471GAQspOAkZ3UC-sT7zYG1GDQGZoFfbDpnwM48:1q8mEx:J0QChgdlOMtVD6i8uWB0dxCbFrnwYc1kLZ0_SV3GKMw', '2023-06-26 18:26:07.277588'),
('pixy6c1w47na5c8y2q9cn3i7flun2w5k', '.eJxVi70KwjAQgN8ls5Tc5UKio-AjdA53uYQUtYJtJvHdrdBB1-_nZRL3taW-lGea1JwMHs3hFwrna5m_hnN-9HkddjJc7jzdxq0578nf13hp26SxkBDVUIWAo8Pog1iI4hkUFAW9EtkqOYgrDoIjzh5r8eKArZr3B-IHNOg:1qB6Zi:rpESG9fEyaUo6De8bfjoKw9anv9jWZw50TrT8H0592Q', '2023-07-03 04:33:10.402944'),
('pkbdkcxkeu1g1dkqwwqgd7dk4nn3afwf', '.eJxVizsOwjAQBe_iGkXOxusPJRJHoLZ210aOgCAlcYW4exwpBbxy3sxHRapriXXJcxyTOitAdfqFTPLI0_6QyLtOa3eQ7vqi8XlrzuVQ_rpCS2mRI0jBBcA7gLbsg6Q2Z4j9oJk9a6MNcs7I1GvpUWwYPAYWMATWqO8G3iM0mg:1qBtXe:Do5xi4yOYIKiVuZRALetl5b-CVDySUxrX6E8y_sA3Lw', '2023-07-05 08:50:18.965329'),
('pklkdvi65m4gqx7p5ug3uv65ooqp19i3', '.eJxVi8sKwjAQRf8layl5Ncm4FPwE12EmmZCiVrDNSvrvjdCFri6ce85HRGxrjW3hd5yyOAvtxekXEqY7z98HU3q1eR0OMlyfOD1u3bkcyl9Xcak9IgbI6ElJW6wqiSzovnLUxFyCM1DyaACM4pxRe-28cSGAL4ZYBhbbDuoQNMY:1q6s7X:8a-Bgar8K-TPS7U-hhARMR-Z0Ik_H93vl0asx9hynJY', '2023-06-21 12:18:35.620728'),
('pkvcmk1t39kjuz72tqv2cppu0ztxzter', '.eJxVi0sKwjAQhu-StRQzpn9bl4JHcB0mMxNa1Aq2WYl3N0IXuv0eLxe5rGMsiz3jpO7o4Ha_LLFcbf4KFnmUeW020pzvPN0utTltyd838jLWqUdmGDFlT0mDgrwE2zOZQBFAOYgKYFWztUktkfadH_IBA7rWvT_ZzTUz:1q9yet:rHrMle-iHdwXCQTYpJeeSTkfEYyQ0cMmMOXTj_ximc0', '2023-06-30 01:53:51.850203'),
('pl12qsqowcmm8rjlhjvbi8yel4zssuk3', '.eJxVi7sOwiAUht-F2TTcDlBHEx_BmfxwIDRqTWyZjO-uTTro-l1eIqKvLfalPOPE4iicEodfmJCvZd4Mcn70eR12MpzvmG6Xb3Pak7-vYWnblJgKe7LSAQQTRnj2owRppwvnWl21xgadismKwORNZajATFraJN4f9181XQ:1qC4Cx:u8HE594RiZ6rKAeMHeaXQADFqCWkZveSfnll2ELcMx0', '2023-07-05 20:13:39.228200'),
('pnusmg5jx03p13gr3kjfined9geudade', '.eJxVy0EOwiAQheG7sDYNdYABlyYewTUZhk5o1Jq0ZWW8e2nShW7_972PilTXEusyzHHM6qLAqNNvTMSPYdoXYn7Xae2O0t1eND7vzVwP8vcrtJR2QgcagrWCAYKgTex9n4Omc7AsYCyioEPvnM_YZBM-mSyakXoUUN8NpZczkQ:1q7WvA:Ihq6UTqJy4G2ebxHnwbQmjUSIpOKqv18viBCC3ik2g0', '2023-06-23 07:52:32.684698'),
('po6y21woaif32822a8a0vno5fxw3e6pf', '.eJxVi70KwjAQgN8ls5S7tJc0joKP4BwulxwpagXbTOK7W6GDrt_Py0Rua41tKc84ZXM0aA6_LLFcy_wVLPJo89rtpDvfebpdtua0J39f5aVuU0H1MvpMmogdiSjo2IMNrEiKGUKgPPRWlaAAWl-gHxwwJnDEJOb9AcYbNGA:1qBYTq:fjyhvSQhZls7glhu1H3Ar-hjL9N2nbCBdexJ2vyhH0o', '2023-07-04 10:20:58.224516'),
('ppom5koy7be44xhryhbvjpc6ineijpta', '.eJxVi0EKwjAQRe-StRSSdCaJS8EjuA6TmYQUtYJtVtK7N0IXuvrw_nsfFamtNbYlv-Mk6qw0qNMvTMT3PH8fYn61eR0OMlyfND1u3bkcyl9Xaak98hwQTMk69_HWidhgUFJmb4PzY0pcWIwQmYJhRKCktUEIBICOndp24bM0wQ:1q9002:pXB6piHNEqzy7hv0Eug5zdUfe16Viniq3MeqWyUHl9w', '2023-06-27 09:07:38.334038'),
('ppz3vs0csi7ayvgbzi6cr7ye1y0gad4c', '.eJxVi8sKwjAQRf8laylpOnm5FPwE12FmkiFFrWCblfjvRuhC4a7OPeelEratpraWZ5qzOioT1OEXEvK1LN8HmR9t2YadDOc7zrdLd0678tdVXGuPKFqGkidBEyenIZggQRO57EocXQEkziLg0UfbF8ZMmixa0Cg2evX-AOpGNPA:1q91oV:hSVjpP7NSQHH1UMbxfdJCVv0E6svQx1XTWXlUvpsaZ4', '2023-06-27 11:03:51.682447'),
('pq2p4f9fh2d5hhhazjqop7f3r2vxsv3i', '.eJxVi70KwjAQgN8ls5S7tJc0joKP4BwulxwpagXbTOK7W6GDrt_Py0Rua41tKc84ZXM0aA6_LLFcy_wVLPJo89rtpDvfebpdtua0J39f5aVuU0H1MvpMmogdiSjo2IMNrEiKGUKgPPRWlaAAWl-gHxwwJnDEJOb9AcYbNGA:1qBvQI:oFUmPYNaoPbs0d7i5tDrjgNfpzWL9PcP78I1MQhykqU', '2023-07-05 10:50:50.328118'),
('pqo4t0nuhw9sqrv5u69ci5wiu2d0bg2r', '.eJxVi70KwjAQgN_lZilJc7kLjoKP4BwuyYUUtYJtJvHdrdBB1-_nBVH62mJf9BmnAkdgOPyyJPmq81dIzo8-r8NOhvNdpttla0578vc1Wdo2qXdV1fOoaDyyY0y1JGvElsQkjBoseUfBKYY6JipIEmp2hgVz9fD-ALeQNH4:1qBeZa:8X14JqGP-oTkSiFyM_6RuzPg5-8Fuy7XjlTQwrSJrM4', '2023-07-04 16:51:18.119130'),
('prbxzqvz3g7ljbjswem72ra3r1l6gjsh', '.eJxVi70KwjAQgN8ls5S7tJc0joKP4BwulxwpagXbTOK7W6GDrt_Py0Rua41tKc84ZXM0aA6_LLFcy_wVLPJo89rtpDvfebpdtua0J39f5aVuU0H1MvpMmogdiSjo2IMNrEiKGUKgPPRWlaAAWl-gHxwwJnDEJOb9AcYbNGA:1qC0Qt:J3axO6RFt-t-oylqSjp2P4LD7-0BxvnOfHQZt34-mPw', '2023-07-05 16:11:47.844896'),
('prhwfcyp8ypfcb2a8e7yxlx16aue2on2', '.eJxVi8sKwjAQRf8laymTyROXgp_gOkwmU1LUCrZZSf-9EbrQ5T33nI9K1Naa2iLvNBV1VqjV6Rdm4rvM34eYX21eh4MM1ydNj1t3Lofy11Vaao8cZM-RnQgEQItZ-wLWgAlgsRgpMY-CPAIWAWb23msdYh9Rk0NW2w7LDDR-:1q3svI:EpdwMIQi931vb7xBk25_ORsUo0mk0a6VO6u0nVBYNdA', '2023-06-13 06:33:36.250487'),
('pry87jngqinhr6aom11xncej9is0s0n7', '.eJxVi70KwjAQgN8ls5S7tJc0joKP4BwulxwpagXbTOK7W6GDrt_Py0Rua41tKc84ZXM0aA6_LLFcy_wVLPJo89rtpDvfebpdtua0J39f5aVuU0H1MvpMmogdiSjo2IMNrEiKGUKgPPRWlaAAWl-gHxwwJnDEJOb9AcYbNGA:1qCCZ5:YeYN-gdjY2QTqdCRl2N2mgHruqKTz17kE9LYAfQP7FE', '2023-07-06 05:09:03.033881'),
('psri2xc1ga5rfnkon60jfmak9ckattsc', '.eJxVi0EOwiAQRe_C2jRQKMO4NPEIrskwDKFRa2LLynh3MelCl__9914qUttqbKs845zVUY2oDr8wEV9l-T7E_GjLNuxkON9pvl26c9qVv67SWnuUJ-s0ueCT0wBIKCkICHBf1he2drJJyHFxhgG0wUIew4iM2Rcx6v0B0Ik0lw:1q8wdY:5F7BiB4REP5VDilJunfx--ohSbLyv6Mbmbi6EPLkg0Y', '2023-06-27 05:32:12.379618'),
('pt5f2sgv9qaqiqdp47xswl4iwk3peaub', '.eJxVi0kKwjAUQO-StRS_yc_gUvAIrsMfElLUCrZZiXe3Qhe6fcPLZOpLy30uzzyqORpndr-MSa5l-goSefRpGTYynO803i5rc9qSv6_R3Nap-pCYAjgNKSQEVlCPHjHEKMqJWRUOlRCdqCaLNqLsAahGtIW8eX8AtgA0ig:1qARTi:98n291iGEIbI2iE_P5LICuItziiWIkMsaUpfGrEJuqo', '2023-07-01 08:40:14.359949'),
('ptsul8mcww4cjdinsw2kmg3li6h0bxy5', '.eJxVi8sKwjAUBf8laylpcpM2LgU_wXW4r5KiVrDNSvx3I3ShZzkz52Uy1q3kuuozz2KOpk_m8AsJ-arL1yDzoy5bt5PufMf5dmnNaU_-fgXX0k4ORj8msMKMoOQj9wTOk5NIoY2cnyCoDaoy2eAHELIuNjtIshrN-wPTsTSc:1qBYLg:f_aat8bp2v8vaU9ETl2x9B5Cjzp_fsgijrO_nQxQxjg', '2023-07-04 10:12:32.791472'),
('pu2za9ca2ih4fjxwe9ek3jeuexfuiqlj', '.eJxVi70KwjAQgN8ls5S7tJc0joKP4BwulxwpagXbTOK7W6GDrt_Py0Rua41tKc84ZXM0aA6_LLFcy_wVLPJo89rtpDvfebpdtua0J39f5aVuU0H1MvpMmogdiSjo2IMNrEiKGUKgPPRWlaAAWl-gHxwwJnDEJOb9AcYbNGA:1q6QTV:-vc8r-3TVa17Zp0X2rvsPo_9fP-_2ywCe4CiHJhS1eg', '2023-06-20 06:47:25.653296'),
('pukykg9bc4c37kxwpshvp8ysh04yf0k5', '.eJxVi80KwjAMgN-lZxkr2drEo-AjeC5pk9ChTnDrSXx3J-yg1-_n5RK3taa26DNN4o5ucIdflrlcdf4KLuXR5rXbSXe-83S7bM1pT_6-ykvdJvQgvRgjBEHJijJYAFP1vrBRBAwDZQ5jVjIAQymgPSHGkTUSufcH2uU1NQ:1q8gpK:ekzx_6OJDkn7uGb4rq5kuaC_AN_hG0ppuOmHmIUI3qA', '2023-06-26 12:39:18.614450'),
('pxoruyslonm4x9ega22wmh24yvf10tpg', '.eJxVi0sKwjAQQO-StZROJs3HpeARXIfpZEKKWsE2K-ndG6EL3b7PR0Wqa4l1kXeckjorrU6_bCS-y_wVxPyq89odpLs-aXrcWnM5kr-v0FLaBJqcNw6yMRRYCA0mzDha471GAQspOAkZ3UC-sT7zYG1GDQGZoFfbDpnwM48:1qBtdw:Jyb8bKaxsd-WLPfSCKRHs_mQv6o4cf9n5UlBvEBHV6k', '2023-07-05 08:56:48.774136'),
('pxrfy2l45cgu3sae4k1ti7kjkyaj6t3c', '.eJxVi70KwjAQgN8ls5S7tJc0joKP4BwulxwpagXbTOK7W6GDrt_Py0Rua41tKc84ZXM0aA6_LLFcy_wVLPJo89rtpDvfebpdtua0J39f5aVuU0H1MvpMmogdiSjo2IMNrEiKGUKgPPRWlaAAWl-gHxwwJnDEJOb9AcYbNGA:1q3b8Z:u9KJuk67J7Jo8t2BcXOKRWhBzKLO-SuINexDEPYd9bM', '2023-06-12 11:34:07.471742'),
('pxte6xnal8vd0bpvlbktvrta3wzo0317', '.eJxVi8sKwjAQRf8laylpOnm5FPwE12FmkiFFrWCblfjvRuhC4a7OPeelEratpraWZ5qzOioT1OEXEvK1LN8HmR9t2YadDOc7zrdLd0678tdVXGuPKFqGkidBEyenIZggQRO57EocXQEkziLg0UfbF8ZMmixa0Cg2evX-AOpGNPA:1q9PUq:VtxT5SnuTQZmzVkldMN1jgIm_m8yhe2ubab2cFCuO3o', '2023-06-28 12:21:08.972066'),
('pxx2brdxkzfng7hsj1g3jev016t672ll', '.eJxVjDEOwjAMRe-SGVUusaOUEYkjdI4c21UqoEi0mRB3h0od2vX99_7HJa5LSXW2dxrVXVxwpz3LLHeb1oFFXnVamo00tyePj_7vXDfl0BWey_rmMWbtiEigJUBlr0DEEXLwkAc6IzFKDkPLJgGgsyiIaqpkoOC-P6JnNIg:1q655M:-6o6NlqNYZlmYL02YUUkVjZajNT1TK8XLZ9Qd6_UlDk', '2023-06-19 07:57:04.165393'),
('py1dcqt2g2ht2r05k6xn2qyi9edj50m2', '.eJxVi70KwjAQgN8ls5S7tJc0joKP4BwulxwpagXbTOK7W6GDrt_Py0Rua41tKc84ZXM0aA6_LLFcy_wVLPJo89rtpDvfebpdtua0J39f5aVuU0H1MvpMmogdiSjo2IMNrEiKGUKgPPRWlaAAWl-gHxwwJnDEJOb9AcYbNGA:1q5kt1:hxpT5_o7yANLQKPbU9Ca1L6xfYDYC1vk7aio-7Me2wc', '2023-06-18 10:22:59.083664'),
('pyqw92ct84qaen6ewlio5j95gne8zvy9', '.eJxVi70KwjAQgN8ls5S7tJc0joKP4BwulxwpagXbTOK7W6GDrt_Py0Rua41tKc84ZXM0aA6_LLFcy_wVLPJo89rtpDvfebpdtua0J39f5aVuU0H1MvpMmogdiSjo2IMNrEiKGUKgPPRWlaAAWl-gHxwwJnDEJOb9AcYbNGA:1qC32y:smkWOBfW0_iQ2dQHDzr1Epg2xcepZsFj8yBrYB4O7ow', '2023-07-05 18:59:16.066706'),
('pzx5ocq332nvlgc6359ewa2xp26jco2e', '.eJxVi7sOwiAUht-F2TTcDlBHEx_BmfxwIDRqTWyZjO-uTTro-l1eIqKvLfalPOPE4iicEodfmJCvZd4Mcn70eR12MpzvmG6Xb3Pak7-vYWnblJgKe7LSAQQTRnj2owRppwvnWl21xgadismKwORNZajATFraJN4f9181XQ:1qC2TC:-YgR5jsP_mAbNY54E00goh3ZU5W4IMqr1LNewpOvUVs', '2023-07-05 18:22:18.484218'),
('q00qoqiindm40hlns319b6rkju8qhf7a', '.eJxVi70KwjAQgN8ls5S7tJc0joKP4BwulxwpagXbTOK7W6GDrt_Py0Rua41tKc84ZXM0aA6_LLFcy_wVLPJo89rtpDvfebpdtua0J39f5aVuU0H1MvpMmogdiSjo2IMNrEiKGUKgPPRWlaAAWl-gHxwwJnDEJOb9AcYbNGA:1qC1Ib:7JHBVPVM4IMALwhGN4g6wmRpMBurX3NBa2vaFGywSAk', '2023-07-05 17:07:17.275084'),
('q07ybjq6z1dg4xbvzhxo7gm5kulazqy1', '.eJxVi0sOgjAQQO8ya0Moln5cmngE183MdCYlKiZAV8a7AwkL3b7PBxLWpaQ6y5SGDBdwcPplhPyQcRfI_K7j0hykub1weN635nokf1_BuWyTp1aDIcSzooag1nfsesekKtYY8uzQR-uieO1DNpE7oaBtjmiFjcJ3Bd_2Na0:1qBwDB:1LhA1GPWyP6XrI47B_i40L1AGNzGQ53wI81rHA0u8k8', '2023-07-05 11:41:21.594785'),
('q0gojpgf4azatqfncb73r0zeu6sy81gj', '.eJxVi70KwjAQgN8ls5S7tJc0joKP4BwulxwpagXbTOK7W6GDrt_Py0Rua41tKc84ZXM0aA6_LLFcy_wVLPJo89rtpDvfebpdtua0J39f5aVuU0H1MvpMmogdiSjo2IMNrEiKGUKgPPRWlaAAWl-gHxwwJnDEJOb9AcYbNGA:1q90iH:0tN7jGesLExQozd3J0pWna2JF1wJ2dgekXAMOuWoPZs', '2023-06-27 09:53:21.933552'),
('q0iox5szm8irdnvp2bhqm738pyq3afex', '.eJxVi7sOwiAUht-F2TTcDlBHEx_BmfxwIDRqTWyZjO-uTTro-l1eIqKvLfalPOPE4iicEodfmJCvZd4Mcn70eR12MpzvmG6Xb3Pak7-vYWnblJgKe7LSAQQTRnj2owRppwvnWl21xgadismKwORNZajATFraJN4f9181XQ:1qCBVX:mmwTk71FQhRAB-lHxDK1j7vawQUbXGb6SRFVFEj0g88', '2023-07-06 04:01:19.712118'),
('q0qjhqtmjmrhalkgc58ykcqsy8ihiuvd', '.eJxVi8sKwjAUBf8laylpcpM2LgU_wXW4r5KiVrDNSvx3I3ShZzkz52Uy1q3kuuozz2KOpk_m8AsJ-arL1yDzoy5bt5PufMf5dmnNaU_-fgXX0k4ORj8msMKMoOQj9wTOk5NIoY2cnyCoDaoy2eAHELIuNjtIshrN-wPTsTSc:1qAYHV:ZVfrmusOBnzKseGhpHMQ6Sn88-QIFoKs2sODoe-HTLg', '2023-07-01 15:56:05.432337'),
('q0y4y7cwtplq3r7z849us5qdfqqfcmh3', '.eJxVi0sKwjAQhu-StRQzpn9bl4JHcB0mMxNa1Aq2WYl3N0IXuv0eLxe5rGMsiz3jpO7o4Ha_LLFcbf4KFnmUeW020pzvPN0utTltyd838jLWqUdmGDFlT0mDgrwE2zOZQBFAOYgKYFWztUktkfadH_IBA7rWvT_ZzTUz:1qBT2S:y5wgElXTw9bPmZu7PylTlA14fHfWdPnABDzJgA2cXyM', '2023-07-04 04:32:20.334129'),
('q1c7428sd04z1las4b652wnah6h08m1h', '.eJxVi70KwjAQgN8ls5S7tJc0joKP4BwulxwpagXbTOK7W6GDrt_Py0Rua41tKc84ZXM0aA6_LLFcy_wVLPJo89rtpDvfebpdtua0J39f5aVuU0H1MvpMmogdiSjo2IMNrEiKGUKgPPRWlaAAWl-gHxwwJnDEJOb9AcYbNGA:1q6mq0:hrcU0pm30JRZMQd76X8ueoDH4HIL082jitx0JKyS3Oo', '2023-06-21 06:40:08.305891'),
('q1ft6cj1wt89j8okelknbo0oxknm3ne2', '.eJxVi0kKwjAUQO-StRS_yc_gUvAIrsMfElLUCrZZiXe3Qhe6fcPLZOpLy30uzzyqORpndr-MSa5l-goSefRpGTYynO803i5rc9qSv6_R3Nap-pCYAjgNKSQEVlCPHjHEKMqJWRUOlRCdqCaLNqLsAahGtIW8eX8AtgA0ig:1qAXsy:opoO1QmyFAyZAZg6BnjhG6epPaB_NCkLbvNXNeCbz9Q', '2023-07-01 15:30:44.465632'),
('q1r6krk4onbfq6wfciytdzqdrk183f2f', '.eJxVi0sKwjAQQO-StZROJs3HpeARXIfpZEKKWsE2K-ndG6EL3b7PR0Wqa4l1kXeckjorrU6_bCS-y_wVxPyq89odpLs-aXrcWnM5kr-v0FLaBJqcNw6yMRRYCA0mzDha471GAQspOAkZ3UC-sT7zYG1GDQGZoFfbDpnwM48:1q4eHJ:Q0Frav_svdl2BjS5tbOyuwo4IKnH2PU9hAqlGJnqfok', '2023-06-15 09:07:29.159339'),
('q32334wbutlnw5i524rmdnfr7urhl0i2', '.eJxVi0kKwjAUQO-StRS_yc_gUvAIrsMfElLUCrZZiXe3Qhe6fcPLZOpLy30uzzyqORpndr-MSa5l-goSefRpGTYynO803i5rc9qSv6_R3Nap-pCYAjgNKSQEVlCPHjHEKMqJWRUOlRCdqCaLNqLsAahGtIW8eX8AtgA0ig:1qBYJX:gdboIW2xjFBL3K7XwQs9BXeG5fehl7GAuCy4ffdgWbo', '2023-07-04 10:10:19.682402'),
('q4age7chvqsrelkr3dr5r10b0moor24n', '.eJxVi0sKwjAQQO-StZROJs3HpeARXIfpZEKKWsE2K-ndG6EL3b7PR0Wqa4l1kXeckjorrU6_bCS-y_wVxPyq89odpLs-aXrcWnM5kr-v0FLaBJqcNw6yMRRYCA0mzDha471GAQspOAkZ3UC-sT7zYG1GDQGZoFfbDpnwM48:1qBwAY:AgXVBfHC1pnKBXms9xVUo3MjoKCMie44t3cUSwF_WIs', '2023-07-05 11:38:38.443465'),
('q64uj5kmj5d4cyk99dtps3lduomrkhek', '.eJxVi70KwjAQgN8ls5S7tJc0joKP4BwulxwpagXbTOK7W6GDrt_Py0Rua41tKc84ZXM0aA6_LLFcy_wVLPJo89rtpDvfebpdtua0J39f5aVuU0H1MvpMmogdiSjo2IMNrEiKGUKgPPRWlaAAWl-gHxwwJnDEJOb9AcYbNGA:1q8W1w:C5sXENnv4rulOiFO5-5ufzZuSYZ39jLntBGw14RmGWQ', '2023-06-26 01:07:36.407138'),
('q6hilfaktindj38idiy3xlnfqel4qvns', '.eJxVi70KwjAQgN8ls5TcpTlyjoKP4ByuyYUUtYJtJvHdjdBB1-_nZaK0rca26jPO2RwNenP4hZOkqy5fIyk92rINOxnOd5lvl96c9uTvq7LWPtGkpIWZbUgcAChDKjlIQVVHXjOQG4msx2IDI6L1MHZYPATK1pn3B9XLM8Y:1q92kU:laaNB48SkITHQtrqVWRMMtIHA7IXma6z44DQbvYhByI', '2023-06-27 12:03:46.803222'),
('q7ec6yj9l0fcje1zgkol6yg8nphad4nh', '.eJxVi70KwjAQgN8ls5TmkvRyjoKP4BwudwkpagXbTuK7W6GDrt_PyyRel5bWuTzTqOZogjeHX5hZrmX6GhZ5rNPS7aQ733m8XbbmtCd_X-O5bZOt0QZAqD6jHfqYnYC3REjF1qAaVCJGR3lQpxHIgucAQC5iX7OgeX8AsgMzog:1qBTkk:3ptQl3MW-rl4GRhx7J4HBQqIzxutucY0pv1h618oXCw', '2023-07-04 05:18:06.641315'),
('q7yswddw4xvr0w1czvq5dovbwo0sl99x', '.eJxVi70KwjAQgN8ls5S7tJc0joKP4BwulxwpagXbTOK7W6GDrt_Py0Rua41tKc84ZXM0aA6_LLFcy_wVLPJo89rtpDvfebpdtua0J39f5aVuU0H1MvpMmogdiSjo2IMNrEiKGUKgPPRWlaAAWl-gHxwwJnDEJOb9AcYbNGA:1q8dy3:BfZTw70rCeQ4CR2qSk1VFv_D5Va6cDCyfbo2tVorodY', '2023-06-26 09:36:07.004548'),
('q8ud6i1svirinsj29hujzv4w6y7g94j7', '.eJxVjDEOwjAMRe-SGVVNcJyUEYkjMEeOHSsVUKS2mRB3h0odYH3_vf8yidpaU1vKnEYxJ-PBHH5hJr6VaVuI-dmmtdtJd3nQeL9-nfOu_HWVlrrdUebSW-UyoPcSaLAh2gwBIykgwjE61ztQKA4ZJeRoxXqJXjWzqHl_ANpeNOg:1qBvBX:7Y1FIr_mJGAcs807unQteiMGouUFvClBVD3E0MBAfqM', '2023-07-05 10:35:35.302252'),
('q9bkcrgumnumqwk3vjoq1ok42j9epm4k', '.eJxVi70KwjAQgN8ls5S7tJc0joKP4BwulxwpagXbTOK7W6GDrt_Py0Rua41tKc84ZXM0aA6_LLFcy_wVLPJo89rtpDvfebpdtua0J39f5aVuU0H1MvpMmogdiSjo2IMNrEiKGUKgPPRWlaAAWl-gHxwwJnDEJOb9AcYbNGA:1q8vkX:MKTOhYnJhxzHaGyETLfwcl5Yt5ecr5vzTIE3O2Wu0r0', '2023-06-27 04:35:21.583263'),
('q9rcgfvqmva74789kgvehi7fkbr0hwpx', '.eJxVi0sKwjAQQO-StZROJs3HpeARXIfpZEKKWsE2K-ndG6EL3b7PR0Wqa4l1kXeckjorrU6_bCS-y_wVxPyq89odpLs-aXrcWnM5kr-v0FLaBJqcNw6yMRRYCA0mzDha471GAQspOAkZ3UC-sT7zYG1GDQGZoFfbDpnwM48:1q8mnb:AfUh5TtZjHeTE9Xw7jzsC4A95EBLqMTza34AmB1CI5Y', '2023-06-26 19:01:55.368794'),
('qa4qg6wwwwogre4uuyl6u5tllc9bej8f', '.eJxVi0sKwjAQQO-StZROJs3HpeARXIfpZEKKWsE2K-ndG6EL3b7PR0Wqa4l1kXeckjorrU6_bCS-y_wVxPyq89odpLs-aXrcWnM5kr-v0FLaBJqcNw6yMRRYCA0mzDha471GAQspOAkZ3UC-sT7zYG1GDQGZoFfbDpnwM48:1qAXYT:67md5T-Qn4OTBvwnFHTY62JwSEkyuRvAMeFij3EVVpc', '2023-07-01 15:09:33.639620'),
('qahnuz8vna8js46k8t5xxjtclfegblho', '.eJxVi70KwjAQgN8ls5S7tJc0joKP4BwulxwpagXbTOK7W6GDrt_Py0Rua41tKc84ZXM0aA6_LLFcy_wVLPJo89rtpDvfebpdtua0J39f5aVuU0H1MvpMmogdiSjo2IMNrEiKGUKgPPRWlaAAWl-gHxwwJnDEJOb9AcYbNGA:1q8c45:VTPJt9Bqxj5Z4USx5JOp_j4ANSpQMGThS8hh86xS0dg', '2023-06-26 07:34:13.349528'),
('qak26ven8poib36iww4rlizy6j53b6va', '.eJxVi70KwjAQgN8ls5S7tJc0joKP4BwulxwpagXbTOK7W6GDrt_Py0Rua41tKc84ZXM0aA6_LLFcy_wVLPJo89rtpDvfebpdtua0J39f5aVuU0H1MvpMmogdiSjo2IMNrEiKGUKgPPRWlaAAWl-gHxwwJnDEJOb9AcYbNGA:1q9gyY:QL1QUJqoeBpKSFsZjvewoXMlkXF8tp5C2p1SssDDDvo', '2023-06-29 07:00:58.766089'),
('qb4b31ebwiqt9ky217rm26op49wq9ume', '.eJxVi0sKwjAQhu-StRQzpn9bl4JHcB0mMxNa1Aq2WYl3N0IXuv0eLxe5rGMsiz3jpO7o4Ha_LLFcbf4KFnmUeW020pzvPN0utTltyd838jLWqUdmGDFlT0mDgrwE2zOZQBFAOYgKYFWztUktkfadH_IBA7rWvT_ZzTUz:1qAktp:kxbXThZ3vndi18iDx563CJ0MM1Lt_LR2BTp66FIvqTY', '2023-07-02 05:24:29.064369'),
('qb4t48pkvr32z909740slqkb0k2rywlr', '.eJxVi0sKwjAQQO8yayn5TJLGpeARXIfJZEqKWsE2K_HuRuhCt-_zgkRtq6mt8kxzgSMEC4dfmImvsnwNMT_asg07Gc53mm-X3pz25O-rtNY-sWHMClUZ--6ytjoIxslidkZ5NKRjEDuhOM_GOTSxFLGsfWGSHEd4fwDYGDTM:1qC0nC:E2pd0yS8qmK3-5yj1nhT456v5CHKqNznInd7OvjJ_Xk', '2023-07-05 16:34:50.598713'),
('qcwlc379vz4sr6ntjlvc5ho14m1kdrzy', '.eJxVi7sOwiAUht-F2TTcDlBHEx_BmfxwIDRqTWyZjO-uTTro-l1eIqKvLfalPOPE4iicEodfmJCvZd4Mcn70eR12MpzvmG6Xb3Pak7-vYWnblJgKe7LSAQQTRnj2owRppwvnWl21xgadismKwORNZajATFraJN4f9181XQ:1qC8ZI:QQ8cb6RvSyCORJMSB3lBjYhbf-JkCHs1RhJsCxCuZVs', '2023-07-06 00:53:00.050710'),
('qfetsbfu35udhs7u5gihx75681fwkrh3', '.eJxVi70KwjAQgN_lZilJc7kLjoKP4BwuyYUUtYJtJvHdrdBB1-_nBVH62mJf9BmnAkdgOPyyJPmq81dIzo8-r8NOhvNdpttla0578vc1Wdo2qXdV1fOoaDyyY0y1JGvElsQkjBoseUfBKYY6JipIEmp2hgVz9fD-ALeQNH4:1qAkHL:trpLQvmIIXG25au-N9JiSqQ0o96hud5_bS2oOci8fdY', '2023-07-02 04:44:43.392116'),
('qghz6aehwch9s3lth23erfsfl1bgswvu', '.eJxVi70KwjAQgN8ls5S7tJc0joKP4BwulxwpagXbTOK7W6GDrt_Py0Rua41tKc84ZXM0aA6_LLFcy_wVLPJo89rtpDvfebpdtua0J39f5aVuU0H1MvpMmogdiSjo2IMNrEiKGUKgPPRWlaAAWl-gHxwwJnDEJOb9AcYbNGA:1q6ckk:1de0FBJwv9ZxAT_LnijwmWHL1MvaysCeUKcNLKSn8YU', '2023-06-20 19:54:02.919423'),
('qjzpflbm1s8scmvx4y4g4ttwca06ksw5', '.eJxVi0EKwjAQRe-StRSSdCaJS8EjuA6TmYQUtYJtVtK7N0IXuvrw_nsfFamtNbYlv-Mk6qw0qNMvTMT3PH8fYn61eR0OMlyfND1u3bkcyl9Xaak98hwQTMk69_HWidhgUFJmb4PzY0pcWIwQmYJhRKCktUEIBICOndp24bM0wQ:1qBx0e:JNu_iTHEz4E89jvApNynS95j_9vjdxCEMdIEb1vKH8c', '2023-07-05 12:32:28.284695'),
('qm8e95a927r24vg13ies4ghnmpgsrlna', '.eJxVi0sKwjAQQO-StZROJs3HpeARXIfpZEKKWsE2K-ndG6EL3b7PR0Wqa4l1kXeckjorrU6_bCS-y_wVxPyq89odpLs-aXrcWnM5kr-v0FLaBJqcNw6yMRRYCA0mzDha471GAQspOAkZ3UC-sT7zYG1GDQGZoFfbDpnwM48:1q8mrs:h5s0rDJfjWV9I-_5h63nuxRG9IdkEE89sPLkesFVe8U', '2023-06-26 19:06:20.370492'),
('qmp7jsvqiq5cs5e863ag01tlqoidspan', '.eJxVi70KwjAQgN8ls5S7tJc0joKP4BwulxwpagXbTOK7W6GDrt_Py0Rua41tKc84ZXM0aA6_LLFcy_wVLPJo89rtpDvfebpdtua0J39f5aVuU0H1MvpMmogdiSjo2IMNrEiKGUKgPPRWlaAAWl-gHxwwJnDEJOb9AcYbNGA:1q6VdS:tWIcACSh5r6NRnaBGfRt_aetbqWwCS2N3NM6HFISFrs', '2023-06-20 12:18:02.047101'),
('qo0c1zc8krms9g735q0fvt11jo24vxwk', '.eJxVi80KwjAMgN-lZxkr2drEo-AjeC5pk9ChTnDrSXx3J-yg1-_n5RK3taa26DNN4o5ucIdflrlcdf4KLuXR5rXbSXe-83S7bM1pT_6-ykvdJvQgvRgjBEHJijJYAFP1vrBRBAwDZQ5jVjIAQymgPSHGkTUSufcH2uU1NQ:1qA2I2:gcYnzGU1rHwocGFgUFPD3gZtRjZakYUcDVNXo0qqT-o', '2023-06-30 05:46:30.437529'),
('qoaujjq1nnetnxwtm54kyorzev419j81', '.eJxVi0kKwjAUQO-StRS_yc_gUvAIrsMfElLUCrZZiXe3Qhe6fcPLZOpLy30uzzyqORpndr-MSa5l-goSefRpGTYynO803i5rc9qSv6_R3Nap-pCYAjgNKSQEVlCPHjHEKMqJWRUOlRCdqCaLNqLsAahGtIW8eX8AtgA0ig:1qBss6:OIUYdoku5_zkUdYcZfkeH-5xGj6-hjqY0Zf9lFg-cJU', '2023-07-05 08:07:22.045090'),
('qoe97n2nzsek97jmfrfv7gzc4j9xw9dg', '.eJxVi0sKwjAQhu-StZQ0DybjUvAIrsOfTEKKWsE2K_HuVuhCt9_jpSL62mJfyjNOoo6KSB1-YUK-lvlrkPOjz-uwk-F8x3S7bM1pT_6-hqVtk5RMQOIquYwgFue9toErW6q-am1EW5AzDC6oYoxxKQTPFMZgrVfvDwECNJM:1qC9m7:spYn5ks_0cELFI05w0XF9CPhE2Rg6xysqNYVaMD836A', '2023-07-06 02:10:19.967707'),
('qouzbmexwvuuui76o07p974x765xvfi1', '.eJxVi70KwjAQgN8ls5S7tJc0joKP4BwulxwpagXbTOK7W6GDrt_Py0Rua41tKc84ZXM0aA6_LLFcy_wVLPJo89rtpDvfebpdtua0J39f5aVuU0H1MvpMmogdiSjo2IMNrEiKGUKgPPRWlaAAWl-gHxwwJnDEJOb9AcYbNGA:1qC2Bq:MKhxMpj_sqCBols2VAJJIJD46LuM-2mQpCp776o5nHU', '2023-07-05 18:04:22.481517'),
('qp4gb8pgxl1x53f1ct5q1jhzsh172uu1', '.eJxVi0EOwiAQRe_C2jRQKMO4NPEIrskwDKFRa2LLynh3MelCl__9914qUttqbKs845zVUY2oDr8wEV9l-T7E_GjLNuxkON9pvl26c9qVv67SWnuUJ-s0ueCT0wBIKCkICHBf1he2drJJyHFxhgG0wUIew4iM2Rcx6v0B0Ik0lw:1q9mrY:7unijKRV8Xj-xW9Og0uSDXktWEbZsA5vJkZw1T71Iwo', '2023-06-29 13:18:08.886001'),
('qql2xqwzot9pkozi6wmflhzbcgkuic80', '.eJxVi0EOwiAQRe_C2jQdmAHq0sQjuCbDAKFRa2LLynh3MelCN3_x_nsvFbhtNbQ1P8Oc1FEBqcMvjCzXvHwfFnm0ZRt2MpzvPN8u3Tntyl9Xea090mbKwqg1at-HxINlcuCyjNYYjOgmLJAIorHFFectlCw0oscUxar3B6hnM7o:1q5krs:gAFi8Hj9B7ga_vBQXpeGu_4M3jQtiKr5qP7EZi_UrjM', '2023-06-18 10:21:48.753626'),
('qqucjc0qv1yc92xvsjbvq5citbe92771', '.eJxVjDEOwjAMRe-SGVUusaOUEYkjdI4c21UqoEi0mRB3h0od2vX99_7HJa5LSXW2dxrVXVxwpz3LLHeb1oFFXnVamo00tyePj_7vXDfl0BWey_rmMWbtiEigJUBlr0DEEXLwkAc6IzFKDkPLJgGgsyiIaqpkoOC-P6JnNIg:1q6QTE:xxDq_XnJcKQoDovAyfpDf14VqSx-LqlpYF9Llgx2eoE', '2023-06-20 06:47:08.223392'),
('qr0gsgk6xsdtdaitjl1yy8mo7g5on5pp', '.eJxVi0sKwjAQQO-StZROJs3HpeARXIfpZEKKWsE2K-ndG6EL3b7PR0Wqa4l1kXeckjorrU6_bCS-y_wVxPyq89odpLs-aXrcWnM5kr-v0FLaBJqcNw6yMRRYCA0mzDha471GAQspOAkZ3UC-sT7zYG1GDQGZoFfbDpnwM48:1q90nB:ZXPmloSvlv-Fmkd9DUXoM2SREfHMVXGTs0hh6nDw-Gk', '2023-06-27 09:58:25.713707'),
('qrpfrxi73hjn6gd262ob9sihsul3tas0', '.eJxVi0EOwiAQRe_C2jRQKMO4NPEIrskwDKFRa2LLynh3MelCl__9914qUttqbKs845zVUY2oDr8wEV9l-T7E_GjLNuxkON9pvl26c9qVv67SWnuUJ-s0ueCT0wBIKCkICHBf1he2drJJyHFxhgG0wUIew4iM2Rcx6v0B0Ik0lw:1q8eJf:u9HX8C24fabM2v-E-zdA7w2wRXO0eXTmVEJb5IUyo6c', '2023-06-26 09:58:27.050553'),
('qs713r6vq4m4r013je0hv7146fsxf0xc', '.eJxVi70KwjAQgN8ls5S7tJc0joKP4BwulxwpagXbTOK7W6GDrt_Py0Rua41tKc84ZXM0aA6_LLFcy_wVLPJo89rtpDvfebpdtua0J39f5aVuU0H1MvpMmogdiSjo2IMNrEiKGUKgPPRWlaAAWl-gHxwwJnDEJOb9AcYbNGA:1qBTlD:KM1utdDuMv34u1Xvh6QT9jTXW-C1A95QSud9XiYdjA4', '2023-07-04 05:18:35.387200'),
('qsexljrqmg35nw9xfvrsqw4c62m5q1vc', '.eJxVi0EOwiAQRe_C2jRQKMO4NPEIrskwDKFRa2LLynh3MelCl__9914qUttqbKs845zVUY2oDr8wEV9l-T7E_GjLNuxkON9pvl26c9qVv67SWnuUJ-s0ueCT0wBIKCkICHBf1he2drJJyHFxhgG0wUIew4iM2Rcx6v0B0Ik0lw:1qAPiu:oJX06Xe7eU9R_37L9tdAcuS_5_2nDh_zQYCMgGM7TK8', '2023-07-01 06:47:48.247146');
INSERT INTO `django_session` (`session_key`, `session_data`, `expire_date`) VALUES
('qsvg909u1riltejtng1ioxi00xopm9pe', '.eJxVi0sOgjAQQO8ya0Moln5cmngE183MdCYlKiZAV8a7AwkL3b7PBxLWpaQ6y5SGDBdwcPplhPyQcRfI_K7j0hykub1weN635nokf1_BuWyTp1aDIcSzooag1nfsesekKtYY8uzQR-uieO1DNpE7oaBtjmiFjcJ3Bd_2Na0:1qBskY:DKIvy_2DOl2mP7TCEAf0cvjvRsRwpjXEYldsvT4gVGk', '2023-07-05 07:59:34.702730'),
('qv6qckpaov36t188lr7imoiqh2sr5flr', '.eJxVi0sKwjAQQO-StZROJs3HpeARXIfpZEKKWsE2K-ndG6EL3b7PR0Wqa4l1kXeckjorrU6_bCS-y_wVxPyq89odpLs-aXrcWnM5kr-v0FLaBJqcNw6yMRRYCA0mzDha471GAQspOAkZ3UC-sT7zYG1GDQGZoFfbDpnwM48:1qAXHb:OdlbaAxr3yNMEN_nNVPYHtRlc3vjCWEbOlUJM0tjits', '2023-07-01 14:52:07.879620'),
('qvupr66zljqa8h7fdlkdqitzbugbsj2d', '.eJxVi8sKwjAUBf8laylpcpM2LgU_wXW4r5KiVrDNSvx3I3ShZzkz52Uy1q3kuuozz2KOpk_m8AsJ-arL1yDzoy5bt5PufMf5dmnNaU_-fgXX0k4ORj8msMKMoOQj9wTOk5NIoY2cnyCoDaoy2eAHELIuNjtIshrN-wPTsTSc:1qAXyZ:Ps0MMOlCenueyrN1iNAnUsbmxOIq5o7oeBa7cRDZjMI', '2023-07-01 15:36:31.219156'),
('qwmios0mm8r1btirttaex3k845a4qf3z', '.eJxVi70OwiAQgN-F2TQHB1dxNPERnMlxQGjUmrRlMr5726SDrt_PRwVuSw1tzlMYkroo3avTL4wsjzzuhkXebVy6g3S3Fw_P-9Zcj-TvqzzXbcrIaBCiYW2ppAQOwHkDDILalrMHgB58iZGMsT5pDeIskSNCZBL1XQGunzMp:1q6oEW:wHO0Rykk6KyHkWnOH7FR0ndPhyxvdW5-SUoAKinXSr0', '2023-06-21 08:09:32.127550'),
('qz44awcmkwjd22aa2pgqex1h0jkzpbtd', '.eJxVi70KwjAQgN_lZilJc7kLjoKP4BwuyYUUtYJtJvHdrdBB1-_nBVH62mJf9BmnAkdgOPyyJPmq81dIzo8-r8NOhvNdpttla0578vc1Wdo2qXdV1fOoaDyyY0y1JGvElsQkjBoseUfBKYY6JipIEmp2hgVz9fD-ALeQNH4:1q7JWr:Qpgu_20vDidRUEDO8Dcwy-L3SBG97m9NsNDvrbf2DrA', '2023-06-22 17:34:33.156472'),
('r1euzypgtsol05g0gmvmt6oz2nbjkz0s', '.eJxVi7sOwiAUht-F2TTcDlBHEx_BmfxwIDRqTWyZjO-uTTro-l1eIqKvLfalPOPE4iicEodfmJCvZd4Mcn70eR12MpzvmG6Xb3Pak7-vYWnblJgKe7LSAQQTRnj2owRppwvnWl21xgadismKwORNZajATFraJN4f9181XQ:1qC9TL:S332pXBikGSIWXGLNZ7kUy3-ImRlXfd7fUF_HlLiu6k', '2023-07-06 01:50:55.882066'),
('r1sdiurij8kvvo2ezan6z7r34fxyrhu6', '.eJxVi70KwjAQgN_lZilJc7kLjoKP4BwuyYUUtYJtJvHdrdBB1-_nBVH62mJf9BmnAkdgOPyyJPmq81dIzo8-r8NOhvNdpttla0578vc1Wdo2qXdV1fOoaDyyY0y1JGvElsQkjBoseUfBKYY6JipIEmp2hgVz9fD-ALeQNH4:1qA1GH:_t_PBGYt7-ov1RbTwELU4af70_U-gtVT8ueUzCDed0k', '2023-06-30 04:40:37.687326'),
('r2b9lzw4vmv6sb83kf9i9hksikb2s6z3', '.eJxVi70OwiAQgN-F2TQHB1dxNPERnMlxQGjUmrRlMr5726SDrt_PRwVuSw1tzlMYkroo3avTL4wsjzzuhkXebVy6g3S3Fw_P-9Zcj-TvqzzXbcrIaBCiYW2ppAQOwHkDDILalrMHgB58iZGMsT5pDeIskSNCZBL1XQGunzMp:1qBwx0:8UCArqvqJ9fmqOvAU7Fa0ZkxpMhDcrNLpeFQ8QMyvtI', '2023-07-05 12:28:42.079341'),
('r2t6s0o3y12v985f2js02eczkr0o0ote', '.eJxVizsOwjAMQO-SGVXOx4UwInEE5sh2HKUCikSbCXF3gtQB1vd5mURtrakt-kxTNkezd2b3C5nkqvPXkMijzeuwkeF8p-l26c1pS_6-SkvtU-DiHUcFDjiC54MPBRiR1UaHObNi6UggWnJCmh0CjEwhRJuxoHl_AOMPNO0:1qC2MB:FSC3MtIkpeii7DV10KGBT-TTR4zcT3BQJDZ-nEzXpoo', '2023-07-05 18:15:03.236782'),
('r37pdn5ckpsvhufdlwys3e6ojsh0c88k', '.eJxVi0kKwjAUQO-StRS_yc_gUvAIrsMfElLUCrZZiXe3Qhe6fcPLZOpLy30uzzyqORpndr-MSa5l-goSefRpGTYynO803i5rc9qSv6_R3Nap-pCYAjgNKSQEVlCPHjHEKMqJWRUOlRCdqCaLNqLsAahGtIW8eX8AtgA0ig:1qBY8O:Ua1bLLvT8577aM_E2ihDIvqH1R5nJH05v9KTAL5QPww', '2023-07-04 09:58:48.907679'),
('r4ghz261utnk4sixkm2ajode5wk68mh4', '.eJxVi70KwjAQgN8ls5Tc5UKio-AjdA53uYQUtYJtJvHdrdBB1-_nZRL3taW-lGea1JwMHs3hFwrna5m_hnN-9HkddjJc7jzdxq0578nf13hp26SxkBDVUIWAo8Pog1iI4hkUFAW9EtkqOYgrDoIjzh5r8eKArZr3B-IHNOg:1qB7Dh:-XyVVigRzSdKLB7PldN2wRWu8_Ih6lVYUPSxeliRJpM', '2023-07-03 05:14:29.493111'),
('r5goh6isyzdv9x56au7vi65d8slkke1w', '.eJxVi0sKwjAQQO-StZROJs3HpeARXIfpZEKKWsE2K-ndG6EL3b7PR0Wqa4l1kXeckjorrU6_bCS-y_wVxPyq89odpLs-aXrcWnM5kr-v0FLaBJqcNw6yMRRYCA0mzDha471GAQspOAkZ3UC-sT7zYG1GDQGZoFfbDpnwM48:1qA7um:29O1CL0kRvTzqL-GXx2IfxlBWI2hUTrdZ1Oisp-Ojkk', '2023-06-30 11:46:52.189101'),
('r6zcxlpoccvynore5d7p3zevq8xg5pg3', '.eJxVi8sKwjAQRf8layl5Ncm4FPwE12EmmZCiVrDNSvrvjdCFri6ce85HRGxrjW3hd5yyOAvtxekXEqY7z98HU3q1eR0OMlyfOD1u3bkcyl9Xcak9IgbI6ElJW6wqiSzovnLUxFyCM1DyaACM4pxRe-28cSGAL4ZYBhbbDuoQNMY:1q6W0Q:xhaExaG50QB7XYG_y_4NuCOLofG3ml_Nj6G7M3sKsck', '2023-06-20 12:41:46.295340'),
('r74g7bcr75bqwdkixcs60e0vj91p61ce', '.eJxVi0sOgjAQhu_StSGUDm3HpYlHcN1Mf8aUqJgAXRnvLiYsdPs9XiZJXUuqi85pHMzRkDn8siy46fQVAjzrtDY7ac4PGe-XrTntyd9XZCnb1PWuDYONGphChGWhXhWOI3mKQuy1xbWzgPfiPEFdhGbOANtAbN4fmq40Mw:1q3vsy:NBlQ_5wNKQiEZAK4LxQ8m9QT9mqu3xuAwA7_JbtyfvU', '2023-06-13 09:43:24.443862'),
('r8aqds9zbixjpqx4bd5iizslneibq2i5', '.eJxVi70KwjAQgN8ls5S7tJc0joKP4BwulxwpagXbTOK7W6GDrt_Py0Rua41tKc84ZXM0aA6_LLFcy_wVLPJo89rtpDvfebpdtua0J39f5aVuU0H1MvpMmogdiSjo2IMNrEiKGUKgPPRWlaAAWl-gHxwwJnDEJOb9AcYbNGA:1qC0dQ:kN5RKm--bunzOvKaMV2aC2IN0kMJdCri7MFZmn96Xzo', '2023-07-05 16:24:44.814066'),
('r9f7ytcr6yny20i9p5si7938i1xyj4hm', '.eJxVi0sKwjAQQO-StZRM_nEpeATXYWY6IUWtYJuVeHcrdKHb93mpgn1tpS_yLNOojipodfiFhHyV-WuQ-dHnddjJcL7jdLtszWlP_r6GS9umGsEKWwMCKRICeck6ENkEWEfUFBNXDC64DKGCYeNtTl47MToZBvX-AN0dNDM:1qC2Fu:K0r3DNW26EUgW1n8ITzcigbSlidekDjua9g4qcLAEeU', '2023-07-05 18:08:34.216688'),
('r9nxyuo6pjyb6tfin06k8rhgv0ubu35u', '.eJxVi0sKwjAQQO-StZROJs3HpeARXIfpZEKKWsE2K-ndG6EL3b7PR0Wqa4l1kXeckjorrU6_bCS-y_wVxPyq89odpLs-aXrcWnM5kr-v0FLaBJqcNw6yMRRYCA0mzDha471GAQspOAkZ3UC-sT7zYG1GDQGZoFfbDpnwM48:1q4y9O:x5ojiv6vH6v07W-vd7Bix1ShQSN6TRAizZokL5ouIck', '2023-06-16 06:20:38.724879'),
('r9t9umqssk8sreya5u04y44805vdbxo2', '.eJxVi70KwjAQgN8ls5S7tJc0joKP4BwulxwpagXbTOK7W6GDrt_Py0Rua41tKc84ZXM0aA6_LLFcy_wVLPJo89rtpDvfebpdtua0J39f5aVuU0H1MvpMmogdiSjo2IMNrEiKGUKgPPRWlaAAWl-gHxwwJnDEJOb9AcYbNGA:1qA7Q8:0Qvr6UkpygTBejnWcZW4Hkq3pOjPnhkX213f-1JuVHY', '2023-06-30 11:15:12.751059'),
('rabixhjgrl82zbgi63atmjdqe86e6kwx', '.eJxVi70KwjAQgN_lZilJc7kLjoKP4BwuyYUUtYJtJvHdrdBB1-_nBVH62mJf9BmnAkdgOPyyJPmq81dIzo8-r8NOhvNdpttla0578vc1Wdo2qXdV1fOoaDyyY0y1JGvElsQkjBoseUfBKYY6JipIEmp2hgVz9fD-ALeQNH4:1q7Jlt:nNLaxADt7RNIwsxLVII2rQnHlSKBe8uF4lCbv7OH-RQ', '2023-06-22 17:50:05.567656'),
('rakg1sjniyh2yofjm6iyxfgmzbyu2bom', '.eJxVi0sKwjAQQO-StZROJs3HpeARXIfpZEKKWsE2K-ndG6EL3b7PR0Wqa4l1kXeckjorrU6_bCS-y_wVxPyq89odpLs-aXrcWnM5kr-v0FLaBJqcNw6yMRRYCA0mzDha471GAQspOAkZ3UC-sT7zYG1GDQGZoFfbDpnwM48:1q8mok:-a7ZabdpMyDWKlRgca98FWYtoXhOyG12tWd-S9aY-pY', '2023-06-26 19:03:06.180161'),
('rbuh23o8i9mo3dt4204figo2xulg5dqr', '.eJxVi0EKwjAQRe-StZRMmkxSl4JHcB0mkwkpagXbrMS7G6ELXX14_72XitS2GtsqzzhndVRo1OEXJuKrLN-HmB9t2YadDOc7zbdLd0678tdVWmuPtACA01MoTkYxbhpTloTFcvHAjJitDim5jH0IMrI2oCV4KsWz9er9Ad0LNQA:1qC8jU:lwGwR1tgo56fNVOmfWQfoiXUhSUHClcieKJr2W7fwvg', '2023-07-06 01:03:32.800909'),
('rd2clm8i70ow4smudjtarm9fapdhscja', '.eJxVjDEOwjAMRe-SGVUJrZ2EEYkjdI5sx1EqoEi0mRB3h0odYH3_vf8yidpaU1v0maZsTgbN4ZcxyVXnbSCRR5vXbifd5U7Tbfw651356yotdXtj54HAW4EwlHBUEc4xOwdBFIsEQEfIPTBL7FkQbCRvIwBp8YDm_QHBRjS0:1q8cp2:7bek_1nKHHC8hGJqz80S6ESxta79fhTLSEb6BYq64cs', '2023-06-26 08:22:44.421324'),
('rdwwzm4cmddafbita0xmsw9mgp8f8xti', '.eJxVi70KwjAQgN8ls5S7tJc0joKP4BwulxwpagXbTOK7W6GDrt_Py0Rua41tKc84ZXM0aA6_LLFcy_wVLPJo89rtpDvfebpdtua0J39f5aVuU0H1MvpMmogdiSjo2IMNrEiKGUKgPPRWlaAAWl-gHxwwJnDEJOb9AcYbNGA:1qC1es:y5q0YTJeVXrJZB5OWgx_d0Hz7Eu7-bBMzlg9QQ4kHpw', '2023-07-05 17:30:18.675526'),
('rekg9g3km2w1fwm0obrzgvql5vafsqrk', '.eJxVi0sKwjAQQO-StZROJs3HpeARXIfpZEKKWsE2K-ndG6EL3b7PR0Wqa4l1kXeckjorrU6_bCS-y_wVxPyq89odpLs-aXrcWnM5kr-v0FLaBJqcNw6yMRRYCA0mzDha471GAQspOAkZ3UC-sT7zYG1GDQGZoFfbDpnwM48:1q8h9M:4PRhGqa31jKWYGyIDhm2hfxLgDBxFDSknx_P7MOBNKE', '2023-06-26 13:00:00.518590'),
('reow15e3xvcumm3glrezebq87w3spyka', '.eJxVi80KwjAMgN-lZxkr2drEo-AjeC5pk9ChTnDrSXx3J-yg1-_n5RK3taa26DNN4o5ucIdflrlcdf4KLuXR5rXbSXe-83S7bM1pT_6-ykvdJvQgvRgjBEHJijJYAFP1vrBRBAwDZQ5jVjIAQymgPSHGkTUSufcH2uU1NQ:1q8HOb:5HOwVcoKo-DQm5lENN2Pq6Qp5aiO5vO0UpGbhjNr5jA', '2023-06-25 09:30:01.459099'),
('rf29pp0kzet4ppotj3ehu59lk33as067', '.eJxVi0sKwjAQQO-StZROJs3HpeARXIfpZEKKWsE2K-ndG6EL3b7PR0Wqa4l1kXeckjorrU6_bCS-y_wVxPyq89odpLs-aXrcWnM5kr-v0FLaBJqcNw6yMRRYCA0mzDha471GAQspOAkZ3UC-sT7zYG1GDQGZoFfbDpnwM48:1qA1Ni:SV5kpBF1fH93MeBdzg8BdgnBkT87zjIA57uhuh-uWLA', '2023-06-30 04:48:18.837908'),
('rgtpbszk4jnymtaflo7nlcuhfdombr3z', '.eJxVi0kKwjAUQO-StRS_yc_gUvAIrsMfElLUCrZZiXe3Qhe6fcPLZOpLy30uzzyqORpndr-MSa5l-goSefRpGTYynO803i5rc9qSv6_R3Nap-pCYAjgNKSQEVlCPHjHEKMqJWRUOlRCdqCaLNqLsAahGtIW8eX8AtgA0ig:1qAXI8:h8KQ0gj5PFZ28WSD7WBr6Xv-6aiZEMFpNdAJJ2Xodvo', '2023-07-01 14:52:40.023222'),
('rhsdxnajx7h6i319mqy1lo5yarp5t5gq', '.eJxVi0sKwjAQQO-StZROJs3HpeARXIfpZEKKWsE2K-ndG6EL3b7PR0Wqa4l1kXeckjorrU6_bCS-y_wVxPyq89odpLs-aXrcWnM5kr-v0FLaBJqcNw6yMRRYCA0mzDha471GAQspOAkZ3UC-sT7zYG1GDQGZoFfbDpnwM48:1q8mt4:jFnpseBFf6lEPMXXcKLnqTpGVIAT4PavLB18um8ZCa4', '2023-06-26 19:07:34.985392'),
('rj7aczbkopiksvtd0c33b130n0klxrxj', '.eJxVi7sOwiAUht-F2TTcDlBHEx_BmfxwIDRqTWyZjO-uTTro-l1eIqKvLfalPOPE4iicEodfmJCvZd4Mcn70eR12MpzvmG6Xb3Pak7-vYWnblJgKe7LSAQQTRnj2owRppwvnWl21xgadismKwORNZajATFraJN4f9181XQ:1qC0pH:gJbS7lqjV6467CMmOqM0rV8zHNq2HfzJ1HiwLSItNm8', '2023-07-05 16:36:59.950125'),
('rk7ipcddfwkidp8a61ckz5lsu4s3soqw', '.eJxVi70OwiAQgN-F2TQHB1dxNPERnMlxQGjUmrRlMr5726SDrt_PRwVuSw1tzlMYkroo3avTL4wsjzzuhkXebVy6g3S3Fw_P-9Zcj-TvqzzXbcrIaBCiYW2ppAQOwHkDDILalrMHgB58iZGMsT5pDeIskSNCZBL1XQGunzMp:1q91St:tUb4cL8sbxTF-dy9CopHWrNhaH0TTVslex1CKxKTZlg', '2023-06-27 10:41:31.349314'),
('rku4lbdm9in1wqtk6ikvb2bb7o664uo9', '.eJxVi0kKwjAUQO-StRS_yc_gUvAIrsMfElLUCrZZiXe3Qhe6fcPLZOpLy30uzzyqORpndr-MSa5l-goSefRpGTYynO803i5rc9qSv6_R3Nap-pCYAjgNKSQEVlCPHjHEKMqJWRUOlRCdqCaLNqLsAahGtIW8eX8AtgA0ig:1qAVcq:PDUIRfxDBKS9BxqtvxdfBa3n3mMQs7Xktx52-U9tXXg', '2023-07-01 13:05:56.871299'),
('rkxiy4x9nse36wcnuf161405o1ha85m6', '.eJxVi70OwiAQgN-F2TQHB1dxNPERnMlxQGjUmrRlMr5726SDrt_PRwVuSw1tzlMYkroo3avTL4wsjzzuhkXebVy6g3S3Fw_P-9Zcj-TvqzzXbcrIaBCiYW2ppAQOwHkDDILalrMHgB58iZGMsT5pDeIskSNCZBL1XQGunzMp:1q8gV4:wsP0klbqxV8Kla1LAZXYFzC0Jh2ek0cy7GX1JmA_aq4', '2023-06-26 12:18:22.605895'),
('rltopmujrlwfscuz1emc3uddxfl02am7', '.eJxVi8sKwjAQRf9l1lImTZo4LoV-QtdhJg9S1AptsxL_3Qhd6O4-znmB57oXX7e0-jnCBfoBTr-jcLil5ftwCM-67N2xdOOD5_vUmOuB_HmFt9IkJQG1pcFxIEWmV4YZrWEkZ-xZNBlNTkR0q4iUcszZWtTELVF08P4Asjc0Jg:1qBqSj:mvQzcioFLpQYHPNfcTpd8tB8CUoUAn_cBW-DmUX10J0', '2023-07-05 05:33:01.364027'),
('rma9yvdi4cvsa50f4vxn49mzxjiiqjsm', '.eJxVi0sKwjAQhu-StRQzpn9bl4JHcB0mMxNa1Aq2WYl3N0IXuv0eLxe5rGMsiz3jpO7o4Ha_LLFcbf4KFnmUeW020pzvPN0utTltyd838jLWqUdmGDFlT0mDgrwE2zOZQBFAOYgKYFWztUktkfadH_IBA7rWvT_ZzTUz:1qA6gC:gkVsuTtPJFA2tHxySKwbvZcru6u6X3rR5ASdbg76M6I', '2023-06-30 10:27:44.183308'),
('rn7kw5riifq4cz3n45iescqem1i3uxs8', '.eJxVi0sKwjAQQO-StZRM_nEpeATXYWY6IUWtYJuVeHcrdKHb93mpgn1tpS_yLNOojipodfiFhHyV-WuQ-dHnddjJcL7jdLtszWlP_r6GS9umGsEKWwMCKRICeck6ENkEWEfUFBNXDC64DKGCYeNtTl47MToZBvX-AN0dNDM:1qC0q8:Id714X3nWXmyjE64_4RmCVvUQuGMQybctejKnNbIN3U', '2023-07-05 16:37:52.113079'),
('rnw9mkxb1uqy6mijb55i41x17888j4l5', '.eJxVi0EOwiAQRe_C2jRQKMO4NPEIrskwDKFRa2LLynh3MelCl__9914qUttqbKs845zVUY2oDr8wEV9l-T7E_GjLNuxkON9pvl26c9qVv67SWnuUJ-s0ueCT0wBIKCkICHBf1he2drJJyHFxhgG0wUIew4iM2Rcx6v0B0Ik0lw:1q79Xt:UZ8-E55JY3-qckBfK-_VRJTDVHU5r2kHfK_khPCjoaI', '2023-06-22 06:54:57.641468'),
('ro4gep28shhtw1wl7ouiz4wrbqndbnxb', '.eJxVi8sKwjAUBf8laylpcpM2LgU_wXW4r5KiVrDNSvx3I3ShZzkz52Uy1q3kuuozz2KOpk_m8AsJ-arL1yDzoy5bt5PufMf5dmnNaU_-fgXX0k4ORj8msMKMoOQj9wTOk5NIoY2cnyCoDaoy2eAHELIuNjtIshrN-wPTsTSc:1q8g0x:k4UTFZlAS9vHYAwVnaruOepE48AKa0stpx-XlewE1fY', '2023-06-26 11:47:15.360764'),
('ro54dp4hs45ru9twc74b4gfugprrpcd1', '.eJxVi0EKwjAQRe-StZRMmkxSl4JHcB0mkwkpagXbrMS7G6ELXX14_72XitS2GtsqzzhndVRo1OEXJuKrLN-HmB9t2YadDOc7zbdLd0678tdVWmuPtACA01MoTkYxbhpTloTFcvHAjJitDim5jH0IMrI2oCV4KsWz9er9Ad0LNQA:1qC0uw:PEh5NdJn64xSyqTWc3mOuUuyJlAZxQHFS24kQVWkEcU', '2023-07-05 16:42:50.167462'),
('rqpxveteqf0xa4wq46504utph82u0220', '.eJxVi70KwjAQgN8ls5S7tJc0joKP4BwulxwpagXbTOK7W6GDrt_Py0Rua41tKc84ZXM0aA6_LLFcy_wVLPJo89rtpDvfebpdtua0J39f5aVuU0H1MvpMmogdiSjo2IMNrEiKGUKgPPRWlaAAWl-gHxwwJnDEJOb9AcYbNGA:1q9fXF:_Dl5GeW3Y5psLrkAU5Hz2V-ukBxX68ITEsPe6sNMHf4', '2023-06-29 05:28:41.145261'),
('rrqr999kx6tx4fy7x1b0812appbggmps', '.eJxVi70KwjAQgN8ls5S7tJc0joKP4BwulxwpagXbTOK7W6GDrt_Py0Rua41tKc84ZXM0aA6_LLFcy_wVLPJo89rtpDvfebpdtua0J39f5aVuU0H1MvpMmogdiSjo2IMNrEiKGUKgPPRWlaAAWl-gHxwwJnDEJOb9AcYbNGA:1q6n6m:R447r60IY55lj63q37BsZ5aB2d6lRYChAuciDr_GSAU', '2023-06-21 06:57:28.191941'),
('rt31tt4e6zgrxcwcwd28lybkm9y7g6n0', '.eJxVi0sOwiAQhu_C2jRAkTIuTTyCa_LPAKFRa9KWlfHu2qQL3X6Pl4poa41tyXMckzopE9ThFzLklqfNQOTZprXbSXd5YLxfv815T_6-iqVuU07Cupgehbz4xNQTDZmth4Z2Xgi9s2zJZRRjjdcJaYDXzvBRQlDvDwFFNSQ:1q8eLZ:-xIb9cToQ2Uq9Sn1Uu0Ii0xj6GFdnUhSRHaf5abVJ3k', '2023-06-26 10:00:25.834211'),
('rtpz2n0zipdqdi8r7ucujrm3v79nnssd', '.eJxVy0EOwiAQheG7sDYNdYABlyYewTUZhk5o1Jq0ZWW8e2nShW7_972PilTXEusyzHHM6qLAqNNvTMSPYdoXYn7Xae2O0t1eND7vzVwP8vcrtJR2QgcagrWCAYKgTex9n4Omc7AsYCyioEPvnM_YZBM-mSyakXoUUN8NpZczkQ:1q7WfM:WNDmREDjes8a6B3Vb304sB_S4xiPCuxh5cw5OW7aLCA', '2023-06-23 07:36:12.677094'),
('rv3piw0m41xmfcvzfkf789i3gjm9w9gb', '.eJxVi0kKwjAUQO-StRS_yc_gUvAIrsMfElLUCrZZiXe3Qhe6fcPLZOpLy30uzzyqORpndr-MSa5l-goSefRpGTYynO803i5rc9qSv6_R3Nap-pCYAjgNKSQEVlCPHjHEKMqJWRUOlRCdqCaLNqLsAahGtIW8eX8AtgA0ig:1qBtc6:08LpgqKvJKaUxO2SMHNfcF9x7huWlj8j86mHs2Al_l4', '2023-07-05 08:54:54.945032'),
('rvbss4mg4yks1kkg9vlnrp0acnruvjb0', '.eJxVi0sKwjAQQO-StZROJs3HpeARXIfpZEKKWsE2K-ndG6EL3b7PR0Wqa4l1kXeckjorrU6_bCS-y_wVxPyq89odpLs-aXrcWnM5kr-v0FLaBJqcNw6yMRRYCA0mzDha471GAQspOAkZ3UC-sT7zYG1GDQGZoFfbDpnwM48:1q8zfR:wFWmnAD0fddrq3JZhZdr4g0tcMcxDLRxRFB1nsK_GG4', '2023-06-27 08:46:21.503373'),
('rw5fzkm04j8dalc759s945h35exngb3i', '.eJxVi0EOwiAQRe_C2jTDIFBcmngE12QYmNCoNWnLynh3MelCdz_vv_dSkdpWY1vLEqesTsqN6vALE_GtzN-HmJ9t3oadDJcHTfdrd8678tdVWmuPjPcgRTQGQG_QhYQekFlMytaRkMG-WScWK5RdcIxCRzvqbAgA1PsD3FE08w:1qBy4E:_VkGmd4Z_c1DV4YZ_ZACGvvqRGwoGh0RUozPBwkTdFo', '2023-07-05 13:40:14.579078'),
('rw81ibpd0i1p55t6fw2vi140ed660gje', '.eJxVi8sKwjAQRf8laylpOnm5FPwE12FmkiFFrWCblfjvRuhC4a7OPeelEratpraWZ5qzOioT1OEXEvK1LN8HmR9t2YadDOc7zrdLd0678tdVXGuPKFqGkidBEyenIZggQRO57EocXQEkziLg0UfbF8ZMmixa0Cg2evX-AOpGNPA:1q91k0:N_ELqLoe5jDKuYRIuqvohOsRx_P_WAoJZpdMU6BV7IQ', '2023-06-27 10:59:12.961297'),
('rwdm4uhzjg17sr889r57xfuagm9uwnt8', '.eJxVi0sKwjAQhu-StRQnzdTEpeARXIc_kwkpagXbrMS7a6EL3X6Pl4loS41t1mccszkaJrP7hQly1Wk1EHm0aek20p3vGG-Xb3Pakr-vYq7rhMEHRaGQBDn7kpxKTzZwcbkHwcIyWVYV9lrY9YPs4TgLeUr-YN4fDvE1iQ:1qAQf6:H2LoxnQs-xd2ampR3y7Dg4geHGISe8TgrKofOhqlApI', '2023-07-01 07:47:56.120871'),
('rwrbdihk823voyrheamy5g9oyxlf687s', '.eJxVi0EKwjAQRe-StZRMmkxSl4JHcB0mkwkpagXbrMS7G6ELXX14_72XitS2GtsqzzhndVRo1OEXJuKrLN-HmB9t2YadDOc7zbdLd0678tdVWmuPtACA01MoTkYxbhpTloTFcvHAjJitDim5jH0IMrI2oCV4KsWz9er9Ad0LNQA:1qC95d:CG1RkMmdHzWvgZX1yrfNaQ0LNCVOVg4l2jgRUMCS4Zw', '2023-07-06 01:26:25.866306'),
('rwujsswkkmlfrflbd19dknzvstthiio6', '.eJxVi0sKwjAQQO-StZROJs3HpeARXIfpZEKKWsE2K-ndG6EL3b7PR0Wqa4l1kXeckjorrU6_bCS-y_wVxPyq89odpLs-aXrcWnM5kr-v0FLaBJqcNw6yMRRYCA0mzDha471GAQspOAkZ3UC-sT7zYG1GDQGZoFfbDpnwM48:1qBJWU:eXYnVVPsb36y6FLrughHGk_0oZ3Q-nC8GZAHIxHBTbg', '2023-07-03 18:22:42.488334'),
('rwwwyikbsyjonsopod1wsgfmzbz9t5wc', '.eJxVi80KwjAMgN-lZxkr2drEo-AjeC5pk9ChTnDrSXx3J-yg1-_n5RK3taa26DNN4o5ucIdflrlcdf4KLuXR5rXbSXe-83S7bM1pT_6-ykvdJvQgvRgjBEHJijJYAFP1vrBRBAwDZQ5jVjIAQymgPSHGkTUSufcH2uU1NQ:1q939l:TWfaQ7LDkFU5twk9N2DqsnAIye4msZ8qziyYuAvYjwM', '2023-06-27 12:29:53.935705'),
('ry75hp0lf4zh0aus8ec5cezasscv3c1c', '.eJxVjDEOwjAMRe-SGVUJrZ2EEYkjdI5sx1EqoEi0mRB3h0odYH3_vf8yidpaU1v0maZsTgbN4ZcxyVXnbSCRR5vXbifd5U7Tbfw651356yotdXtj54HAW4EwlHBUEc4xOwdBFIsEQEfIPTBL7FkQbCRvIwBp8YDm_QHBRjS0:1q8XTq:umInLmLxRFHbd--xlbryaCghXWw3ln_CON_x-vbhUWQ', '2023-06-26 02:40:30.041914'),
('rz4nb9l64n2z5efwq5xbgmb4a0sdbfcp', '.eJxVi70KwjAQgN8ls5S7tJc0joKP4BwulxwpagXbTOK7W6GDrt_Py0Rua41tKc84ZXM0aA6_LLFcy_wVLPJo89rtpDvfebpdtua0J39f5aVuU0H1MvpMmogdiSjo2IMNrEiKGUKgPPRWlaAAWl-gHxwwJnDEJOb9AcYbNGA:1q8cMR:E6ZJ4l07tKueXzNrwsp8f7o-W5HEl6LqHeNs-TOkFrU', '2023-06-26 07:53:11.236284'),
('rzf4u6wju9d7lqcuccilbjzaxkyzstcb', '.eJxVi70KwjAQgN8ls5S7tJc0joKP4BwulxwpagXbTOK7W6GDrt_Py0Rua41tKc84ZXM0aA6_LLFcy_wVLPJo89rtpDvfebpdtua0J39f5aVuU0H1MvpMmogdiSjo2IMNrEiKGUKgPPRWlaAAWl-gHxwwJnDEJOb9AcYbNGA:1q4yA1:bfz2uKIxDscAsWcm0QT_BLesERQQwGG2ECobLdO8Fhs', '2023-06-16 06:21:17.371157'),
('rzgghfloh6jadnxqdrkcnnwniu5foizm', '.eJxVi70OwiAQgN-F2TQHB1dxNPERnMlxQGjUmrRlMr5726SDrt_PRwVuSw1tzlMYkroo3avTL4wsjzzuhkXebVy6g3S3Fw_P-9Zcj-TvqzzXbcrIaBCiYW2ppAQOwHkDDILalrMHgB58iZGMsT5pDeIskSNCZBL1XQGunzMp:1qA7G1:wgE0PIChIC8ltpWiqDF5-r27uJCq-tqOzmvCb4pmo7A', '2023-06-30 11:04:45.167717'),
('rzjsstym1dhhl6wijxrjgqmoyit03xgx', '.eJxVi0sKwjAQhu-StRQzpn9bl4JHcB0mMxNa1Aq2WYl3N0IXuv0eLxe5rGMsiz3jpO7o4Ha_LLFcbf4KFnmUeW020pzvPN0utTltyd838jLWqUdmGDFlT0mDgrwE2zOZQBFAOYgKYFWztUktkfadH_IBA7rWvT_ZzTUz:1qAkHN:cR9DbSYzmOGerQOHydU4pn8wiLDNlIxzb6hrlktMtuY', '2023-07-02 04:44:45.145593'),
('s0brhqsijptivw9gkvh52qqpugtmpf7l', '.eJxVi70OwiAQgN-F2TQHB1dxNPERnMlxQGjUmrRlMr5726SDrt_PRwVuSw1tzlMYkroo3avTL4wsjzzuhkXebVy6g3S3Fw_P-9Zcj-TvqzzXbcrIaBCiYW2ppAQOwHkDDILalrMHgB58iZGMsT5pDeIskSNCZBL1XQGunzMp:1qAXzB:r3_uES9yQIyPifzg_UP80P0WAyY1l7He-c6ik-1IN60', '2023-07-01 15:37:09.913286'),
('s0eirqa0ckayoyaap4gupznn5v8voe7q', '.eJxVi8sKwjAUBf8layn2JmkSl4Kf4DrcV0hRK_SxEv_dCF3o6sCcmZfJuK01b4vOeRRzMs4cfhkh33T6Hsj83Ka120l3eeB4vzbnvCt_XcWltqiQOjtI8egY1MvRFscpUOoBfNGo0SWK1IYH8CwBbFLmHoJYigLm_QHVazUW:1q3teU:mDajuIhjnLXXFGEn2thMXykSjY9Y9nsvFweT74WEQxc', '2023-06-13 07:20:18.331979'),
('s0hpuxwydp8tlv04m6zv5gn0bpok3es9', '.eJxVi0sKwjAQhu-StRQzpn9bl4JHcB0mMxNa1Aq2WYl3N0IXuv0eLxe5rGMsiz3jpO7o4Ha_LLFcbf4KFnmUeW020pzvPN0utTltyd838jLWqUdmGDFlT0mDgrwE2zOZQBFAOYgKYFWztUktkfadH_IBA7rWvT_ZzTUz:1qBKYL:PvH-lU1TyGK0kET33SBXI6K5ie70Fq-NBCd92PgKDRQ', '2023-07-03 19:28:41.163633'),
('s1hqhirvqer7xjo81vnevkn96hew7hcm', '.eJxVi70KwjAQgN8ls5S7tJc0joKP4BwulxwpagXbTOK7W6GDrt_Py0Rua41tKc84ZXM0aA6_LLFcy_wVLPJo89rtpDvfebpdtua0J39f5aVuU0H1MvpMmogdiSjo2IMNrEiKGUKgPPRWlaAAWl-gHxwwJnDEJOb9AcYbNGA:1q6dRq:mneo_2D6kEfvwXFPXPDZdbhxs8aYfEb8XOdVH88qRfo', '2023-06-20 20:38:34.936452'),
('s1yuha4v7f1dpyv57edtqzj5wp63clef', '.eJxVi0sKwjAQQO-StZRM_nEpeATXYWY6IUWtYJuVeHcrdKHb93mpgn1tpS_yLNOojipodfiFhHyV-WuQ-dHnddjJcL7jdLtszWlP_r6GS9umGsEKWwMCKRICeck6ENkEWEfUFBNXDC64DKGCYeNtTl47MToZBvX-AN0dNDM:1qC2WY:CTJyAyUEPZLktKTcRgomqOwAaXOqTk7EmUCoVYqMFbg', '2023-07-05 18:25:46.098844'),
('s79vkyia1orx6b3levyclfvnta4u2cnq', '.eJxVi0sKwjAQQO-StZROJs3HpeARXIfpZEKKWsE2K-ndG6EL3b7PR0Wqa4l1kXeckjorrU6_bCS-y_wVxPyq89odpLs-aXrcWnM5kr-v0FLaBJqcNw6yMRRYCA0mzDha471GAQspOAkZ3UC-sT7zYG1GDQGZoFfbDpnwM48:1q90nJ:YLdT84U-q1DEZMNWf_Y0rXfGWnMcKf1_Itxt75Fn-Js', '2023-06-27 09:58:33.474114'),
('s8lrslj1v3ufsdwcn2s55sa200q3zyy1', '.eJxViz0OwjAMRu_iGVUmTkrMiMQRmCPXcZUKKBJtJsTdCVIH2L6f916QpK4l1cWeacpwBA-7320Qvdr8PUT1Uee125bufJfpdmnMaUP-vCJLaZJjUmEOXvYaW3CBI7G2rnlkjJSDY2_BsmCPB2QyswHJ9y7qiAjvD6KaM_M:1q4akW:SFf77mqpwx57sm7Z3aYoM32qHSYzA_6MFlv4tqTsglY', '2023-06-15 05:21:24.667291'),
('s8rrwuifb9g19nnxpz9rs40pqvl865k5', '.eJxVi0sKwjAQhu-StZRMElvjUvAIrsNk8g8pagXbrMS7W6EL3X6Pl0nclprajGcaizmaQGb3CzPLFdPXsMijTUu3ke585_F2WZvTlvx9lee6TiR7dQrlmInEUuYQ6RDgyQHknNVBhaBqUWz0pY9w8CWjl-IHJfP-APg5NbI:1q8z3N:WnpcScXruduVq-l-FTRTT6xLQfJ1KNbYqrw5o9FnlpY', '2023-06-27 08:07:01.217648'),
('s93wxjy93x4sm9c1qt6e6vt78a39nj3f', '.eJxVi70OwiAQgN-F2TQHB1dxNPERnMlxQGjUmrRlMr5726SDrt_PRwVuSw1tzlMYkroo3avTL4wsjzzuhkXebVy6g3S3Fw_P-9Zcj-TvqzzXbcrIaBCiYW2ppAQOwHkDDILalrMHgB58iZGMsT5pDeIskSNCZBL1XQGunzMp:1q65F5:Hdj9rMBIfqq0k0l61pcqaw4hq7G8h6s1BvOUrs3CVIE', '2023-06-19 08:07:07.488655'),
('sakh3p1h4gx1opyjxhu4x32maj9txb3g', '.eJxVi70OwiAQgN-F2TQIRwFHkz5CZ3LcHaFRa9KWyfju1qSDrt_PSyVsW01tlSVNrC4K1OmXZaSbzF-BRM82b91BuuGB033cm-uR_H0V17pPAb0VKDoKkslitGX2juUsnkRn6RFMz8zgMMSigy0ZXPG5CBBE0er9AeVgNcg:1q3aOr:F7RLHQqrehmBHkSYV9wvOM-dFa_5fErQA-2fIkxXkZg', '2023-06-12 10:46:53.551270'),
('sb1rqjhwkewk1uyhztm5gcqpy7cw9vug', '.eJxVi0kKwjAUQO-StRS_yc_gUvAIrsMfElLUCrZZiXe3Qhe6fcPLZOpLy30uzzyqORpndr-MSa5l-goSefRpGTYynO803i5rc9qSv6_R3Nap-pCYAjgNKSQEVlCPHjHEKMqJWRUOlRCdqCaLNqLsAahGtIW8eX8AtgA0ig:1qBwpP:WwdMKL48NgWcs5ZfSaAa8dayUUFz0fA7U550Hl9L4oQ', '2023-07-05 12:20:51.521457'),
('sb1y7h6omv35lnzmteik6lrb4svbe3sf', '.eJxVi70KwjAQgN_lZilJc7kLjoKP4BwuyYUUtYJtJvHdrdBB1-_nBVH62mJf9BmnAkdgOPyyJPmq81dIzo8-r8NOhvNdpttla0578vc1Wdo2qXdV1fOoaDyyY0y1JGvElsQkjBoseUfBKYY6JipIEmp2hgVz9fD-ALeQNH4:1qBq62:n7-qgqfdIpxf90Etf89LdcINmhl6AcOzeL9v-xOK0e4', '2023-07-05 05:09:34.421555'),
('sb3ge9vn02vi9gabkzhjdxj9gzyee80a', '.eJxVi70KwjAQgN8lsxSTXJKeo-AjOJfL3YUUtULbTOK7W6GDrt_PywzU1jq0RedhFHMyHs3hF2bim05fQ8zPNq3dTrrLg8b7dWvOe_L3VVrqNmUJIL7PLoRocyEFJ8rFWx-pB7RBERwkiumIViMIFsCcEhOrVQHz_gDhTzTo:1q8fQ0:ge7Rwk45uVjoaA7QmJk4sluEoUXpxmRtC4x_SNoAuMg', '2023-06-26 11:09:04.871654'),
('sb6pvz9fkr7weg9bzht8dghcez9e5jan', '.eJxVi0sKwjAQQO-StZROPibjUvAIrsNkkiFFrdA2K_HubaEL3b7PR0VqS41tLlMcsroo49TpFybiRxl3Q8zvNi7dQbrbi4bnfWuuR_L3VZrrNnljCKgHkBTQ65QZrT8jO07i2WqyKGJJKFASAMha616cD8ZlxJLVdwXilTUK:1q8yna:zAjRoMZ38AvSkdpfgUy5YGEQBJhTRDrGcjJooMhUruk', '2023-06-27 07:50:42.078574'),
('scwu4hbch9vob7rn8f3delah5ckk1r3n', '.eJxVi0sKwjAQhu-StRQzpn9bl4JHcB0mMxNa1Aq2WYl3N0IXuv0eLxe5rGMsiz3jpO7o4Ha_LLFcbf4KFnmUeW020pzvPN0utTltyd838jLWqUdmGDFlT0mDgrwE2zOZQBFAOYgKYFWztUktkfadH_IBA7rWvT_ZzTUz:1qApHF:47flbG9E1h7txr_JnRmzaiSoVNffHF9L_AOnfpdxK5w', '2023-07-02 10:04:57.554481'),
('sega4xrjokiebqhpqpj3xtu8q1f60zxb', '.eJxVi70KwjAQgN8ls5S7tJc0joKP4BwulxwpagXbTOK7W6GDrt_Py0Rua41tKc84ZXM0aA6_LLFcy_wVLPJo89rtpDvfebpdtua0J39f5aVuU0H1MvpMmogdiSjo2IMNrEiKGUKgPPRWlaAAWl-gHxwwJnDEJOb9AcYbNGA:1qBvMP:qaXIEJiV2TH_UOKlnLsBh_HYbIii-msaJDJm3e1a7PU', '2023-07-05 10:46:49.374955'),
('sf44xe0f3sbtb5ynas9eg1odxxfrenun', '.eJxVi70KwjAQgN_lZilJc7kLjoKP4BwuyYUUtYJtJvHdrdBB1-_nBVH62mJf9BmnAkdgOPyyJPmq81dIzo8-r8NOhvNdpttla0578vc1Wdo2qXdV1fOoaDyyY0y1JGvElsQkjBoseUfBKYY6JipIEmp2hgVz9fD-ALeQNH4:1q9mtO:4To9ezEjWFvp5UrLky6KGtVnVl1ca2oArBsHWpAFvBw', '2023-06-29 13:20:02.714360'),
('sfovumu0xtbdw8qe63e0rpwk3ua4k1mn', '.eJxVi70KwjAQgN8ls5S7tJc0joKP4BwulxwpagXbTOK7W6GDrt_Py0Rua41tKc84ZXM0aA6_LLFcy_wVLPJo89rtpDvfebpdtua0J39f5aVuU0H1MvpMmogdiSjo2IMNrEiKGUKgPPRWlaAAWl-gHxwwJnDEJOb9AcYbNGA:1qAY2z:sDumJFa6IV7ob6UbAvXZfZc33SASv71lgN7BeBMBcsM', '2023-07-01 15:41:05.353677'),
('sfpbkmjp0zx2r340v134eimm97wqksu4', '.eJxVi70KwjAQgN8ls5S7tJc0joKP4BwulxwpagXbTOK7W6GDrt_Py0Rua41tKc84ZXM0aA6_LLFcy_wVLPJo89rtpDvfebpdtua0J39f5aVuU0H1MvpMmogdiSjo2IMNrEiKGUKgPPRWlaAAWl-gHxwwJnDEJOb9AcYbNGA:1q6TuD:wXgOE022KjmdQVRLmJvbbHcqS4wlEqibJQPn8apPtXw', '2023-06-20 10:27:13.068614'),
('sgcnwi6cbwdhgoimsh6lcdriufnh9305', '.eJxVi0sKwjAQQO8yaylO_nEpeATXYTKTkKJWaJuVeHcrdKHb93lBor621Jcyp1HgBBjh8Asz8a1MX0PMzz6tw06Gy4PG-3Vrznvy9zVa2jZZIW8z-hKMZg7CupairBOvxCEGpWKkesRQ0ZB3JmbUujrMpMiJFXh_AOCeNKk:1q6ngC:HC8phL_lHupcNHFANnHdH_R2FYo28izKKbXsfYwp4aI', '2023-06-21 07:34:04.201948'),
('sgh3dmke12zkklmjnvfkteng2ja427f4', '.eJxVi70KwjAQgN_lZilJc7kLjoKP4BwuyYUUtYJtJvHdrdBB1-_nBVH62mJf9BmnAkdgOPyyJPmq81dIzo8-r8NOhvNdpttla0578vc1Wdo2qXdV1fOoaDyyY0y1JGvElsQkjBoseUfBKYY6JipIEmp2hgVz9fD-ALeQNH4:1q8ytq:ib0s1wFxMsNO03R0J7UZpPFyplpaO0qK_JogidBZZiw', '2023-06-27 07:57:10.379193'),
('shm8gcemh06sd9qnvferd72vg0u83ld8', '.eJxVi70KwjAQgN_lZilJc7kLjoKP4BwuyYUUtYJtJvHdrdBB1-_nBVH62mJf9BmnAkdgOPyyJPmq81dIzo8-r8NOhvNdpttla0578vc1Wdo2qXdV1fOoaDyyY0y1JGvElsQkjBoseUfBKYY6JipIEmp2hgVz9fD-ALeQNH4:1qBsmD:owNDXQ34taJMk5N-Lea2pxAs_v2i20jUs0kbaEpugzI', '2023-07-05 08:01:17.911481'),
('sj5wgokym62kaickpwema48hju6z0r7m', '.eJxVi70KwjAQgN8ls5S7tJc0joKP4BwulxwpagXbTOK7W6GDrt_Py0Rua41tKc84ZXM0aA6_LLFcy_wVLPJo89rtpDvfebpdtua0J39f5aVuU0H1MvpMmogdiSjo2IMNrEiKGUKgPPRWlaAAWl-gHxwwJnDEJOb9AcYbNGA:1q655t:D6KNT2tHJ_7hMmY9m4aow2gboSyEJqXU-N-htf7DzgY', '2023-06-19 07:57:37.563946'),
('sja238lpnv58te9seelnxt7nndbrst8d', '.eJxVi70KwjAQgN8ls5S7tJc0joKP4BwulxwpagXbTOK7W6GDrt_Py0Rua41tKc84ZXM0aA6_LLFcy_wVLPJo89rtpDvfebpdtua0J39f5aVuU0H1MvpMmogdiSjo2IMNrEiKGUKgPPRWlaAAWl-gHxwwJnDEJOb9AcYbNGA:1qByPE:wX7prIZuRLZhFFWDSGS7MqzNepVJlrH1WqMnKTlNrB4', '2023-07-05 14:01:56.509818'),
('sjsmj1hzuw1l972o73s9p2zo4qzii7lb', '.eJxVjsEKwjAQRP8lZylpN9kuHgU_wXPYbDakqBVsc5L-eyP0oDCnN29gPiZwXUuoi77DlMzZIJrTL4wsd52_DYu86rx2B-muT54et-ZcDuVvV3gpbZRdz9mTOicek4wUnW3piX2GSKrCFi0ONOZIyUuyA2BWUAIHqZ3ZduqXNN8:1qC4O2:gUUGNnusaE7FM4p8syKtVukLzBFSZ82KLKsrbb78Ha0', '2023-07-05 20:25:06.494771'),
('ske3hxil6a5ta38ydqrrkpae2qtrc7c7', '.eJxVi0kKwjAUQO-StRS_yc_gUvAIrsMfElLUCrZZiXe3Qhe6fcPLZOpLy30uzzyqORpndr-MSa5l-goSefRpGTYynO803i5rc9qSv6_R3Nap-pCYAjgNKSQEVlCPHjHEKMqJWRUOlRCdqCaLNqLsAahGtIW8eX8AtgA0ig:1qAXLH:5fKRj9JO6zOTJRZMpTwrWCeoStgLq6bJmt9jfDWuzlE', '2023-07-01 14:55:55.404958'),
('skmuyjn20l00bw897q7adwuvjsxnmxli', '.eJxVi0EKwjAQRe-StZRMmkxSl4JHcB0mkwkpagXbrMS7G6ELXX14_72XitS2GtsqzzhndVRo1OEXJuKrLN-HmB9t2YadDOc7zbdLd0678tdVWmuPtACA01MoTkYxbhpTloTFcvHAjJitDim5jH0IMrI2oCV4KsWz9er9Ad0LNQA:1qByQf:uKNV-OiMEjUoFnDGLktDpKHDmiIn8x136umsZ-Ospu4', '2023-07-05 14:03:25.951059'),
('sllolyq7wb019kzfdf5obofiynjwm9li', '.eJxVi0kKwjAUQO-StRS_yc_gUvAIrsMfElLUCrZZiXe3Qhe6fcPLZOpLy30uzzyqORpndr-MSa5l-goSefRpGTYynO803i5rc9qSv6_R3Nap-pCYAjgNKSQEVlCPHjHEKMqJWRUOlRCdqCaLNqLsAahGtIW8eX8AtgA0ig:1qAY3s:bWqP6ip4d8xnfOZsFKpWWJjBs6FdAEBavqcy49X0Lzw', '2023-07-01 15:42:00.350571'),
('sm263d2vwuivpmtc0x10sqw3u1058xvc', '.eJxVi7sOwiAUht-F2TTcDlBHEx_BmfxwIDRqTWyZjO-uTTro-l1eIqKvLfalPOPE4iicEodfmJCvZd4Mcn70eR12MpzvmG6Xb3Pak7-vYWnblJgKe7LSAQQTRnj2owRppwvnWl21xgadismKwORNZajATFraJN4f9181XQ:1qC9xF:TL-Nh6MgBJLThA7b_Jm8f61_C7qZF-nGzoX2QfUkX6k', '2023-07-06 02:21:49.712743'),
('smwhff5wragb345cmxpy77s32pob0sra', '.eJxVi8sKwjAQRf9l1lImTZo4LoV-QtdhJg9S1AptsxL_3Qhd6O4-znmB57oXX7e0-jnCBfoBTr-jcLil5ftwCM-67N2xdOOD5_vUmOuB_HmFt9IkJQG1pcFxIEWmV4YZrWEkZ-xZNBlNTkR0q4iUcszZWtTELVF08P4Asjc0Jg:1qBeRd:jnLmCnFxAaBbyEEJ44wXg4VdpBOQRc_MRnAyj8rfClo', '2023-07-04 16:43:05.671251'),
('sneqfbzl293mmcaffe1fievslicjp88m', '.eJxVi0EOwiAQRe_C2jRQKMO4NPEIrskwDKFRa2LLynh3MelCl__9914qUttqbKs845zVUY2oDr8wEV9l-T7E_GjLNuxkON9pvl26c9qVv67SWnuUJ-s0ueCT0wBIKCkICHBf1he2drJJyHFxhgG0wUIew4iM2Rcx6v0B0Ik0lw:1qA1iG:rnETdXx56G9in6ywUNSL5ZQXbZe0tPyGorxvoNMLBao', '2023-06-30 05:09:32.534230'),
('snnnhmx4dw5275pjvypw38p56o19pkin', '.eJxVi70KwjAQgN8ls5S7tJc0joKP4BwulxwpagXbTOK7W6GDrt_Py0Rua41tKc84ZXM0aA6_LLFcy_wVLPJo89rtpDvfebpdtua0J39f5aVuU0H1MvpMmogdiSjo2IMNrEiKGUKgPPRWlaAAWl-gHxwwJnDEJOb9AcYbNGA:1q7Wml:LYzeuWiRudIbM9YE1FEgdnNMEDi9Bj_zFvNZ1BKZu34', '2023-06-23 07:43:51.881537'),
('sozesxqsnodmv8i4p1ivgyymcdzykzjw', '.eJxVi0sKwjAQQO-StZROJs3HpeARXIfpZEKKWsE2K-ndG6EL3b7PR0Wqa4l1kXeckjorrU6_bCS-y_wVxPyq89odpLs-aXrcWnM5kr-v0FLaBJqcNw6yMRRYCA0mzDha471GAQspOAkZ3UC-sT7zYG1GDQGZoFfbDpnwM48:1q8K2n:dcjwh4Jr6C5y0_fdqC0Oh6ed3kJrGF3BxAflz9fWBEs', '2023-06-25 12:19:41.489812'),
('sp4usjpcqrob5vxfgssko92sbs2on24i', '.eJxVi70OwiAQgN-F2TQHB1dxNPERnMlxQGjUmrRlMr5726SDrt_PRwVuSw1tzlMYkroo3avTL4wsjzzuhkXebVy6g3S3Fw_P-9Zcj-TvqzzXbcrIaBCiYW2ppAQOwHkDDILalrMHgB58iZGMsT5pDeIskSNCZBL1XQGunzMp:1qBwRK:dfYAC4GD5B74Bq73OgcBTASHqmRbXcf-NIvmi6voHME', '2023-07-05 11:55:58.964543'),
('sr4q55colzqofyuuiavyg6hc6uu8epvz', '.eJxVi70KwjAQgN8ls5S7tJc0joKP4BwulxwpagXbTOK7W6GDrt_Py0Rua41tKc84ZXM0aA6_LLFcy_wVLPJo89rtpDvfebpdtua0J39f5aVuU0H1MvpMmogdiSjo2IMNrEiKGUKgPPRWlaAAWl-gHxwwJnDEJOb9AcYbNGA:1qBT56:i3tDQYyiYybT78iQqSuAUJDB3quoeuupkpmL2B52KVc', '2023-07-04 04:35:04.225759'),
('ssjmm156axa30ppogvznj07wpqdq7oh3', '.eJxVi70OwiAQgN-F2TQHB1dxNPERnMlxQGjUmrRlMr5726SDrt_PRwVuSw1tzlMYkroo3avTL4wsjzzuhkXebVy6g3S3Fw_P-9Zcj-TvqzzXbcrIaBCiYW2ppAQOwHkDDILalrMHgB58iZGMsT5pDeIskSNCZBL1XQGunzMp:1q6ny3:CcuhXiq4V50DlXO-ZUmHoWeKq2wX12QDgXU3s6QxuSk', '2023-06-21 07:52:31.686364'),
('ssw910vgveavzzysklokz709tmlzg20x', '.eJxVi70KwjAQgN_lZilJc7kLjoKP4BwuyYUUtYJtJvHdrdBB1-_nBVH62mJf9BmnAkdgOPyyJPmq81dIzo8-r8NOhvNdpttla0578vc1Wdo2qXdV1fOoaDyyY0y1JGvElsQkjBoseUfBKYY6JipIEmp2hgVz9fD-ALeQNH4:1qB6Ww:hLZgqyn8K4Bo3RiN08-jWEe08nsqJMgLnJEslueZAb4', '2023-07-03 04:30:18.915825'),
('stubaiai2exuc3hksu9knnsmgmyx4s36', '.eJxVi80KwjAMgN-lZxkr2drEo-AjeC5pk9ChTnDrSXx3J-yg1-_n5RK3taa26DNN4o5ucIdflrlcdf4KLuXR5rXbSXe-83S7bM1pT_6-ykvdJvQgvRgjBEHJijJYAFP1vrBRBAwDZQ5jVjIAQymgPSHGkTUSufcH2uU1NQ:1q91c8:iWc27i3AIL_gFUr6fYdQSkJUsrDrJFrE-KvXz8RQ38s', '2023-06-27 10:51:04.692643'),
('swqv5vqt8zl9pyode7v03wlzrqpe54qa', '.eJxVi0sKwjAQQO-StZROJs3HpeARXIfpZEKKWsE2K-ndG6EL3b7PR0Wqa4l1kXeckjorrU6_bCS-y_wVxPyq89odpLs-aXrcWnM5kr-v0FLaBJqcNw6yMRRYCA0mzDha471GAQspOAkZ3UC-sT7zYG1GDQGZoFfbDpnwM48:1qBJYE:7YOENxu_2CsGA5YarahLMU1Lm8lPIWdlpggrOUMWDlk', '2023-07-03 18:24:30.844949'),
('sxh9yvf48kxzmcyvh0b0qk516w0q9bxb', '.eJxVi7sOwiAUht-F2TTcDlBHEx_BmfxwIDRqTWyZjO-uTTro-l1eIqKvLfalPOPE4iicEodfmJCvZd4Mcn70eR12MpzvmG6Xb3Pak7-vYWnblJgKe7LSAQQTRnj2owRppwvnWl21xgadismKwORNZajATFraJN4f9181XQ:1qCBOu:_kMm6oz4_5Ij-FlakaD3Okgd1yKDE9CHOpLWrkUmxNI', '2023-07-06 03:54:28.705083'),
('sxjpkvd9hqivc7n7p3cv09r0cxn2fiqd', '.eJxVi7sOwiAUht-F2TTcDlBHEx_BmfxwIDRqTWyZjO-uTTro-l1eIqKvLfalPOPE4iicEodfmJCvZd4Mcn70eR12MpzvmG6Xb3Pak7-vYWnblJgKe7LSAQQTRnj2owRppwvnWl21xgadismKwORNZajATFraJN4f9181XQ:1qC9zF:oZNS20Exkyuqdz0NpNAh8_QFLRdflmWMn8PEtmNignw', '2023-07-06 02:23:53.786565'),
('sye4kjjny97aaati5j94whajuhaxmzs0', '.eJxVi70KwjAQgN8ls5S7tJc0joKP4BwulxwpagXbTOK7W6GDrt_Py0Rua41tKc84ZXM0aA6_LLFcy_wVLPJo89rtpDvfebpdtua0J39f5aVuU0H1MvpMmogdiSjo2IMNrEiKGUKgPPRWlaAAWl-gHxwwJnDEJOb9AcYbNGA:1q9Mry:yTgvS0avli9EozaOA_0fvqy4J1ZjvOhMcVc99INNYZg', '2023-06-28 09:32:50.819359'),
('sz58e206627omf4w7bo1ay95cbx3glgy', '.eJxVi80KwjAMgN-lZxkr2drEo-AjeC5pk9ChTnDrSXx3J-yg1-_n5RK3taa26DNN4o5ucIdflrlcdf4KLuXR5rXbSXe-83S7bM1pT_6-ykvdJvQgvRgjBEHJijJYAFP1vrBRBAwDZQ5jVjIAQymgPSHGkTUSufcH2uU1NQ:1q8guO:qqncnib-TuisCN_c7WPea9mIAQxDEfSroCeWShgKXx0', '2023-06-26 12:44:32.241466'),
('szqiil3u6yhkvdttxxjkksl6ngnrohp7', '.eJxVi0sKwjAQQO-StZROPibjUvAIrsNkkiFFrdA2K_HubaEL3b7PR0VqS41tLlMcsroo49TpFybiRxl3Q8zvNi7dQbrbi4bnfWuuR_L3VZrrNnljCKgHkBTQ65QZrT8jO07i2WqyKGJJKFASAMha616cD8ZlxJLVdwXilTUK:1q8ym7:7p962psSpO0xmxHDxwrw_ZObxEQ-gfYtixhuTGLsjTE', '2023-06-27 07:49:11.368229'),
('szs8itn1msn2v2ycfmerr3b9o5s4fnbb', '.eJxVi80KwjAMgN-lZxkr2drEo-AjeC5pk9ChTnDrSXx3J-yg1-_n5RK3taa26DNN4o5ucIdflrlcdf4KLuXR5rXbSXe-83S7bM1pT_6-ykvdJvQgvRgjBEHJijJYAFP1vrBRBAwDZQ5jVjIAQymgPSHGkTUSufcH2uU1NQ:1q90ow:vCCrSwimhLBUyno5EzE_yqEo_AL5cFJMVNSPvKJc7co', '2023-06-27 10:00:14.071385'),
('t18kdhcjxxa5miewgk05zgeu8jtx3113', '.eJxVi70KwjAQgN8ls5S7tJc0joKP4BwulxwpagXbTOK7W6GDrt_Py0Rua41tKc84ZXM0aA6_LLFcy_wVLPJo89rtpDvfebpdtua0J39f5aVuU0H1MvpMmogdiSjo2IMNrEiKGUKgPPRWlaAAWl-gHxwwJnDEJOb9AcYbNGA:1qAkfj:67YlBtcAqeR-H4m6FAvL0tIY3QxXDXA6SIX1KxG34C4', '2023-07-02 05:09:55.386219'),
('t1ftw5aajorsljnckhc0fkox8p6xxjfk', '.eJxVi0sKwjAQhu-StRQzpn9bl4JHcB0mMxNa1Aq2WYl3N0IXuv0eLxe5rGMsiz3jpO7o4Ha_LLFcbf4KFnmUeW020pzvPN0utTltyd838jLWqUdmGDFlT0mDgrwE2zOZQBFAOYgKYFWztUktkfadH_IBA7rWvT_ZzTUz:1qBTPk:RTp3dUGxkEU99s21wdfkhE_G4Fv0sJU-FrQIqaC_4l0', '2023-07-04 04:56:24.542194'),
('t2dx8lkkz7qmjv221ggxzaoyf4sbj6eg', '.eJxVi70KwjAQgN8ls5S7tJc0joKP4BwulxwpagXbTOK7W6GDrt_Py0Rua41tKc84ZXM0aA6_LLFcy_wVLPJo89rtpDvfebpdtua0J39f5aVuU0H1MvpMmogdiSjo2IMNrEiKGUKgPPRWlaAAWl-gHxwwJnDEJOb9AcYbNGA:1q8cMJ:DNkPv1cHICBWTk3qv6c96VgTtHAgQKua0ctm20Tf7-k', '2023-06-26 07:53:03.109079'),
('t3kl81d45yp5ul4o3cpmu6cywde9880s', '.eJxVizsOwjAMQO-SGVXOx4UwInEE5sh2HKUCikSbCXF3gtQB1vd5mURtrakt-kxTNkezd2b3C5nkqvPXkMijzeuwkeF8p-l26c1pS_6-SkvtU-DiHUcFDjiC54MPBRiR1UaHObNi6UggWnJCmh0CjEwhRJuxoHl_AOMPNO0:1qC0WJ:yVw0UFYClYWm4v9yfDMW-heYrG6xIQNTvadXg1dvaDM', '2023-07-05 16:17:23.440444'),
('t4bhp4une53ozzamei0issnpgvutvwd0', '.eJxVi0sKwjAQQO-StZROJs3HpeARXIfpZEKKWsE2K-ndG6EL3b7PR0Wqa4l1kXeckjorrU6_bCS-y_wVxPyq89odpLs-aXrcWnM5kr-v0FLaBJqcNw6yMRRYCA0mzDha471GAQspOAkZ3UC-sT7zYG1GDQGZoFfbDpnwM48:1q647B:1xwPOvIEFXQDqxvER_7B_CGsPduXCwieQ3EDOtC20X8', '2023-06-19 06:54:53.532813'),
('t55ad1ts9an6q2mw2lkw11vpwpxt7c6r', '.eJxVi80KwjAMgN-lZxkr2drEo-AjeC5pk9ChTnDrSXx3J-yg1-_n5RK3taa26DNN4o5ucIdflrlcdf4KLuXR5rXbSXe-83S7bM1pT_6-ykvdJvQgvRgjBEHJijJYAFP1vrBRBAwDZQ5jVjIAQymgPSHGkTUSufcH2uU1NQ:1q9zoD:eleJu9P9K5rBHbwMzRFgWieoE7WAbKKMmPFRFMuzWtM', '2023-06-30 03:07:33.288857'),
('t75sbhwq50eg727rn4witei4btlxxh10', '.eJxVi0EKwjAQRe-StZRMmkxSl4JHcB0mkwkpagXbrMS7G6ELXX14_72XitS2GtsqzzhndVRo1OEXJuKrLN-HmB9t2YadDOc7zbdLd0678tdVWmuPtACA01MoTkYxbhpTloTFcvHAjJitDim5jH0IMrI2oCV4KsWz9er9Ad0LNQA:1qC13Q:Lv3IPtuAbyYGX1GIwr2ivtsik26wRtiV2Pnt-JliwVE', '2023-07-05 16:51:36.430394'),
('t8akkrrjiq2dskz7wi4e7xxn9yhfq75o', '.eJxVi70KwjAQgN8ls5S7tJc0joKP4BwulxwpagXbTOK7W6GDrt_Py0Rua41tKc84ZXM0aA6_LLFcy_wVLPJo89rtpDvfebpdtua0J39f5aVuU0H1MvpMmogdiSjo2IMNrEiKGUKgPPRWlaAAWl-gHxwwJnDEJOb9AcYbNGA:1qC3mx:Pp_T5czkGV4SR9kG5WuVracfAt3Fx6mJtjtUcwVM4jg', '2023-07-05 19:46:47.689782'),
('t8stj09nrn9ikw0lzd36n77ocp9jdoa1', '.eJxVi7sOwiAUht-F2TTcDlBHEx_BmfxwIDRqTWyZjO-uTTro-l1eIqKvLfalPOPE4iicEodfmJCvZd4Mcn70eR12MpzvmG6Xb3Pak7-vYWnblJgKe7LSAQQTRnj2owRppwvnWl21xgadismKwORNZajATFraJN4f9181XQ:1qC4DC:pqTdfiH7i1thtWY3pSRVEZwRmFTaRlwpDx_LAoBXX3g', '2023-07-05 20:13:54.984409'),
('t94h5fvsadlkt72l3wl5b54399f96i3b', '.eJxVi0EOwiAQRe_C2jTDIFBcmngE12QYmNCoNWnLynh3MelCdz_vv_dSkdpWY1vLEqesTsqN6vALE_GtzN-HmJ9t3oadDJcHTfdrd8678tdVWmuPjPcgRTQGQG_QhYQekFlMytaRkMG-WScWK5RdcIxCRzvqbAgA1PsD3FE08w:1qCBds:URbVtAjw8xxGzdFwwld3_qY2C8tahZIJSNWp5guSW08', '2023-07-06 04:09:56.066298'),
('t9eud3ufcnfpp1pazgqy2zhpkms2hvw4', '.eJxVi70KwjAQgN8ls5Tc5UKio-AjdA53uYQUtYJtJvHdrdBB1-_nZRL3taW-lGea1JwMHs3hFwrna5m_hnN-9HkddjJc7jzdxq0578nf13hp26SxkBDVUIWAo8Pog1iI4hkUFAW9EtkqOYgrDoIjzh5r8eKArZr3B-IHNOg:1qBo0L:RFBt8QYDqPj5a0PYBReC4Vjbms4F1FqIJdhCH5Ub388', '2023-07-05 02:55:33.200226'),
('tb50vz4pnjr944gx5r28q93w58gskpa0', '.eJxVi0sOgjAQQO8ya0Moln5cmngE183MdCYlKiZAV8a7AwkL3b7PBxLWpaQ6y5SGDBdwcPplhPyQcRfI_K7j0hykub1weN635nokf1_BuWyTp1aDIcSzooag1nfsesekKtYY8uzQR-uieO1DNpE7oaBtjmiFjcJ3Bd_2Na0:1qBXm9:oSKaXQIIKD5xghv2VuhdRBeeMuIh-DKPgOgR4-pXR7s', '2023-07-04 09:35:49.536046'),
('tb6mdydbc7bkjzx0mzcdtq2jtxblvau7', '.eJxVi0sKwjAQhu-StRQzpn9bl4JHcB0mMxNa1Aq2WYl3N0IXuv0eLxe5rGMsiz3jpO7o4Ha_LLFcbf4KFnmUeW020pzvPN0utTltyd838jLWqUdmGDFlT0mDgrwE2zOZQBFAOYgKYFWztUktkfadH_IBA7rWvT_ZzTUz:1q9m2X:S7LbyVITALZG_pdKP0lFPsI8rkOFbneAMdN2LNTri3Y', '2023-06-29 12:25:25.658111'),
('tb85hpy76bfsrobb6rhsgqs99r9zoebo', '.eJxVi0sKwjAQQO-StZRM_nEpeATXYWY6IUWtYJuVeHcrdKHb93mpgn1tpS_yLNOojipodfiFhHyV-WuQ-dHnddjJcL7jdLtszWlP_r6GS9umGsEKWwMCKRICeck6ENkEWEfUFBNXDC64DKGCYeNtTl47MToZBvX-AN0dNDM:1qCFVa:Y-ZLhWMwIjnJGOaTkT7DqIaKE9Z2LxcCsnziQK_fz9Y', '2023-07-06 08:17:38.957073'),
('tb92uxbs6eoua0bou7kk87w9kog0f7kd', '.eJxVi0kKwjAUQO-StRS_yc_gUvAIrsMfElLUCrZZiXe3Qhe6fcPLZOpLy30uzzyqORpndr-MSa5l-goSefRpGTYynO803i5rc9qSv6_R3Nap-pCYAjgNKSQEVlCPHjHEKMqJWRUOlRCdqCaLNqLsAahGtIW8eX8AtgA0ig:1qAlPQ:wGvPhNjtGKE7bAmrHIWJ0L_GixC4SfTRI75vqnNmGjw', '2023-07-02 05:57:08.906560'),
('tbayxhcf4k8tblikmn3e4om5zarwm2iz', '.eJxVi0sKwjAQQO-StZROJs3HpeARXIfpZEKKWsE2K-ndG6EL3b7PR0Wqa4l1kXeckjorrU6_bCS-y_wVxPyq89odpLs-aXrcWnM5kr-v0FLaBJqcNw6yMRRYCA0mzDha471GAQspOAkZ3UC-sT7zYG1GDQGZoFfbDpnwM48:1q6Q5J:cprbANhuxehMTdrzwuzhJP-Dd1d4JgSaEuJIevhN6tA', '2023-06-20 06:22:25.420996'),
('tbovl8ncyn4iknn4giteg87xnroq92s1', '.eJxVi0EOwiAQRe_C2jRQKMO4NPEIrskwDKFRa2LLynh3MelCl__9914qUttqbKs845zVUY2oDr8wEV9l-T7E_GjLNuxkON9pvl26c9qVv67SWnuUJ-s0ueCT0wBIKCkICHBf1he2drJJyHFxhgG0wUIew4iM2Rcx6v0B0Ik0lw:1qA2ZF:4lIG5aBT_7DIajJR72xzv1wAqChgRWmLUmWR3Utd6pc', '2023-06-30 06:04:17.706528'),
('tbpeyuhw865kh04h909bw80ibac78mop', '.eJxVi0sKwjAQQO-StZROJs3HpeARXIfpZEKKWsE2K-ndG6EL3b7PR0Wqa4l1kXeckjorrU6_bCS-y_wVxPyq89odpLs-aXrcWnM5kr-v0FLaBJqcNw6yMRRYCA0mzDha471GAQspOAkZ3UC-sT7zYG1GDQGZoFfbDpnwM48:1q91Qz:cXII88Qq7LoB365-lN7efHn4ejinQYXR70p5lPBsSC0', '2023-06-27 10:39:33.014372'),
('td4ny37ckqqt4asyoic8g4v3456wefsm', '.eJxVi70KwjAQgN8ls5S7tJc0joKP4BwulxwpagXbTOK7W6GDrt_Py0Rua41tKc84ZXM0aA6_LLFcy_wVLPJo89rtpDvfebpdtua0J39f5aVuU0H1MvpMmogdiSjo2IMNrEiKGUKgPPRWlaAAWl-gHxwwJnDEJOb9AcYbNGA:1q6S2e:cnNOjtwEtRT0ZjAgoYiPtFpoYCFqN-nCQt7ODD-ocFM', '2023-06-20 08:27:48.793574'),
('td4veq2fo6av07i9mgtvs6j9ftvytu8u', '.eJxVi0sKwjAQQO-StZR8ZhLGpeARXIdpZkKKWsE2K_HuVuhCt-_zMpn72nJf9JknMUcDwRx-4cjlqvPXcCmPPq_DTobznafbZWtOe_L3NV7aNjkaUV1QzzZ5qkQUMVah4EbHABVUUqhoLYoHF6WAaCpok1UUFjTvD8coNHo:1q915I:oO24btU9UVv4pLjYFOahxvfN9PEPqEj0MjWXYy51k7I', '2023-06-27 10:17:08.916676'),
('teur92epdgj2l4dvh9xcr84siyc7yuuy', '.eJxVi70KwjAQgN_lZilJc7kLjoKP4BwuyYUUtYJtJvHdrdBB1-_nBVH62mJf9BmnAkdgOPyyJPmq81dIzo8-r8NOhvNdpttla0578vc1Wdo2qXdV1fOoaDyyY0y1JGvElsQkjBoseUfBKYY6JipIEmp2hgVz9fD-ALeQNH4:1q7YTe:HTKN6eB5yvHm-rQHJgfCqfPkMXOZ7aECu5bBkN2bxHU', '2023-06-23 09:32:14.308630'),
('tgc7z8mlmtis2orrko75bpachq4gn97r', '.eJxVi0sKwjAQQO-StZROJs3HpeARXIfpZEKKWsE2K-ndG6EL3b7PR0Wqa4l1kXeckjorrU6_bCS-y_wVxPyq89odpLs-aXrcWnM5kr-v0FLaBJqcNw6yMRRYCA0mzDha471GAQspOAkZ3UC-sT7zYG1GDQGZoFfbDpnwM48:1qAXnm:3tK8NFBqHtdQRcRi0wwv3C39eNILl9UZLILEkDnl4LU', '2023-07-01 15:25:22.089265'),
('tiqokfo3qu0qr4l22zio3odzxb2tez7c', '.eJxVi80KwjAMgN-lZxkr2drEo-AjeC5pk9ChTnDrSXx3J-yg1-_n5RK3taa26DNN4o5ucIdflrlcdf4KLuXR5rXbSXe-83S7bM1pT_6-ykvdJvQgvRgjBEHJijJYAFP1vrBRBAwDZQ5jVjIAQymgPSHGkTUSufcH2uU1NQ:1q6P37:FJpEgyu2Z0xBTf3YPpQhvpk5ZUSzBN74FSJRz4tx1Xk', '2023-06-20 05:16:05.180893'),
('tjnzg0mqidnwo2m4gwohiopjdrjehme2', '.eJxVi70KwjAQgN8ls5TcpTlyjoKP4ByuyYUUtYJtJvHdjdBB1-_nZaK0rca26jPO2RwNenP4hZOkqy5fIyk92rINOxnOd5lvl96c9uTvq7LWPtGkpIWZbUgcAChDKjlIQVVHXjOQG4msx2IDI6L1MHZYPATK1pn3B9XLM8Y:1q92tO:UZOd_8VTEDZ__2X-2M_Yvh62GLdapb_w68vUZfqQxD8', '2023-06-27 12:12:58.308777'),
('tlqzan8aw25ygxv6q4btho8mst15j5a0', '.eJxVi0sKwjAQQO-StZROJs3HpeARXIfpZEKKWsE2K-ndG6EL3b7PR0Wqa4l1kXeckjorrU6_bCS-y_wVxPyq89odpLs-aXrcWnM5kr-v0FLaBJqcNw6yMRRYCA0mzDha471GAQspOAkZ3UC-sT7zYG1GDQGZoFfbDpnwM48:1qBsxN:tO4doKNGMRyUHkx-VKiG9VuH-SRLo03cp1LeVXQL0eA', '2023-07-05 08:12:49.437779'),
('tojphwvunel5liwmz5ny6lukvc03p75i', '.eJxVi70KwjAQgN_lZilJc7kLjoKP4BwuyYUUtYJtJvHdrdBB1-_nBVH62mJf9BmnAkdgOPyyJPmq81dIzo8-r8NOhvNdpttla0578vc1Wdo2qXdV1fOoaDyyY0y1JGvElsQkjBoseUfBKYY6JipIEmp2hgVz9fD-ALeQNH4:1q939k:htikMqZPiQDXxPRnAcTB_pQEYoYhbcB2nr1ZFcMsC8E', '2023-06-27 12:29:52.523282'),
('tpe9t60o90iy129ldw2o1c6tm1wvattk', '.eJxVi0sKwjAQQO-StZROJs3HpeARXIfpZEKKWsE2K-ndG6EL3b7PR0Wqa4l1kXeckjorrU6_bCS-y_wVxPyq89odpLs-aXrcWnM5kr-v0FLaBJqcNw6yMRRYCA0mzDha471GAQspOAkZ3UC-sT7zYG1GDQGZoFfbDpnwM48:1q63lU:WyqrX7bCqRWbPR7ZO11wBDTAXzBPH1KfnO1Jiz5Jfyg', '2023-06-19 06:32:28.524015'),
('tq6eqjn407322xhm9mooohvjsb4ojguu', '.eJxVi70KwjAQgN8ls5S7tJc0joKP4BwulxwpagXbTOK7W6GDrt_Py0Rua41tKc84ZXM0aA6_LLFcy_wVLPJo89rtpDvfebpdtua0J39f5aVuU0H1MvpMmogdiSjo2IMNrEiKGUKgPPRWlaAAWl-gHxwwJnDEJOb9AcYbNGA:1qBcja:iLnKd_6FaaffCHHq1IfM6wa74vhXYQqUfnKp4A9B7fI', '2023-07-04 14:53:30.739920'),
('tq7r7er55afgmoknvr18r7hiq7jo2sxv', '.eJxVi70KwjAQgN8ls5S7tJc0joKP4BwulxwpagXbTOK7W6GDrt_Py0Rua41tKc84ZXM0aA6_LLFcy_wVLPJo89rtpDvfebpdtua0J39f5aVuU0H1MvpMmogdiSjo2IMNrEiKGUKgPPRWlaAAWl-gHxwwJnDEJOb9AcYbNGA:1q6d7q:K2LISeNRf1_pvMASiUSbDl-J8a1KYtt3iv_f4fYj7lY', '2023-06-20 20:17:54.355799'),
('trk35i8yf6n88fiaeghfmw13rjcjk2qw', '.eJxVi0sKwjAQhu-StRQzpn9bl4JHcB0mMxNa1Aq2WYl3N0IXuv0eLxe5rGMsiz3jpO7o4Ha_LLFcbf4KFnmUeW020pzvPN0utTltyd838jLWqUdmGDFlT0mDgrwE2zOZQBFAOYgKYFWztUktkfadH_IBA7rWvT_ZzTUz:1q92Mn:2xMqo_XYCHNOIzWcQetQgCCGrTDzP1ofJf8W8RK7TGU', '2023-06-27 11:39:17.211107'),
('tse4kbp7fe8r6fp2hjxvjkkjzdex624n', '.eJxVi70KwjAQgN8ls5Tc5UKio-AjdA53uYQUtYJtJvHdrdBB1-_nZRL3taW-lGea1JwMHs3hFwrna5m_hnN-9HkddjJc7jzdxq0578nf13hp26SxkBDVUIWAo8Pog1iI4hkUFAW9EtkqOYgrDoIjzh5r8eKArZr3B-IHNOg:1qBeOZ:plI4dNZAAzO3PQq5GYiVv3NMEC5adi7e9k8uL1JKBwY', '2023-07-04 16:39:55.264591'),
('ttggnmr7lw8zoui0gko7o5z7o0bdah68', '.eJxVi0sOgjAQQO8ya0Moln5cmngE183MdCYlKiZAV8a7AwkL3b7PBxLWpaQ6y5SGDBdwcPplhPyQcRfI_K7j0hykub1weN635nokf1_BuWyTp1aDIcSzooag1nfsesekKtYY8uzQR-uieO1DNpE7oaBtjmiFjcJ3Bd_2Na0:1qBwu5:X5U2tHqcnGq_jX0-Y57eLYn6n2C268CVInzr0606hnM', '2023-07-05 12:25:41.721122'),
('tu1ahmpr2ewkbcz8fxdmzv05pb8ptn6w', '.eJxVi8sKwjAQRf8laynTZPJyKfgJrsPMJCFFrWDblfjvRuhC4a7OPeelEm1rS9tSnmnK6qisVYdfyCTXMn8fEnls8zrsZDjfabpdunPalb-u0dJ65Ak5I2UIVosJJUBlV5xHRqkAwGRilD6DvvBYnCZjEOJYg9canHp_AOSNNEM:1qBqdV:qP1x5dpZlUq9myEw0JtbU2SRKJ-lZBa54LE0mJ44ZGU', '2023-07-05 05:44:09.022501'),
('tu8w5nbqy9pidcn5f1exbjd8017dhrdn', '.eJxVi70KwjAQgN8ls5TcpTlyjoKP4ByuyYUUtYJtJvHdjdBB1-_nZaK0rca26jPO2RwNenP4hZOkqy5fIyk92rINOxnOd5lvl96c9uTvq7LWPtGkpIWZbUgcAChDKjlIQVVHXjOQG4msx2IDI6L1MHZYPATK1pn3B9XLM8Y:1q8dqB:U9hvJMjtiiQEeXBDuV5HSQr-5Dcb5hqoxlHwYrMOjE0', '2023-06-26 09:27:59.415925'),
('twjmu0e2xbdezuec8qvswpoij6tbp9l0', '.eJxVi80KwjAMgN-lZxkr2drEo-AjeC5pk9ChTnDrSXx3J-yg1-_n5RK3taa26DNN4o5ucIdflrlcdf4KLuXR5rXbSXe-83S7bM1pT_6-ykvdJvQgvRgjBEHJijJYAFP1vrBRBAwDZQ5jVjIAQymgPSHGkTUSufcH2uU1NQ:1q8gVE:pquVXnxUs5mUz9gLYLZ6s8XAsE_Y7kndWhBVQGXkUHk', '2023-06-26 12:18:32.917479'),
('txpe2rxzwabsu4gpkydfugasls9hrmoy', '.eJxVi8sKwjAQRf8laylpOnm5FPwE12FmkiFFrWCblfjvRuhC4a7OPeelEratpraWZ5qzOioT1OEXEvK1LN8HmR9t2YadDOc7zrdLd0678tdVXGuPKFqGkidBEyenIZggQRO57EocXQEkziLg0UfbF8ZMmixa0Cg2evX-AOpGNPA:1q6jTS:MCSpdQ7CZcCvz98f6gtFpdqnJYSRVVpmWyMvrrzFF2k', '2023-06-21 03:04:38.653339'),
('txxps32flcemrxtjuys9vsu59t7rcx95', '.eJxVi0sKwjAQQO-StZROJs3HpeARXIfpZEKKWsE2K-ndG6EL3b7PR0Wqa4l1kXeckjorrU6_bCS-y_wVxPyq89odpLs-aXrcWnM5kr-v0FLaBJqcNw6yMRRYCA0mzDha471GAQspOAkZ3UC-sT7zYG1GDQGZoFfbDpnwM48:1q6EYe:Glf65MBFloTzKUft6fGxmlR86gB9YeqONE9h4Rxi8xY', '2023-06-19 18:03:56.196239'),
('txzvy4mcfk3n6d2ft3f71ji8vhye29rq', '.eJxVi70KwjAQgN8ls5S7tJc0joKP4BwulxwpagXbTOK7W6GDrt_Py0Rua41tKc84ZXM0aA6_LLFcy_wVLPJo89rtpDvfebpdtua0J39f5aVuU0H1MvpMmogdiSjo2IMNrEiKGUKgPPRWlaAAWl-gHxwwJnDEJOb9AcYbNGA:1qC0sj:B6NIAhtRl5rM1s0PMCsJ_h6USKo8urGYqiRvZJq9NjI', '2023-07-05 16:40:33.100815'),
('tynts5pa6tbj69x0y8cl9bjo16vu8cjv', '.eJxVi70KwjAQgN_lZilJc7kLjoKP4BwuyYUUtYJtJvHdrdBB1-_nBVH62mJf9BmnAkdgOPyyJPmq81dIzo8-r8NOhvNdpttla0578vc1Wdo2qXdV1fOoaDyyY0y1JGvElsQkjBoseUfBKYY6JipIEmp2hgVz9fD-ALeQNH4:1q7JTA:gATA-E-4BVCg_2yeC_JY74-EZt8sWOR8je-2zeemwE8', '2023-06-22 17:30:44.841260'),
('tz0sks999lushtue08mmio854aw5vm23', '.eJxVi8sKwjAQRf8layl5Ncm4FPwE12EmmZCiVrDNSvrvjdCFri6ce85HRGxrjW3hd5yyOAvtxekXEqY7z98HU3q1eR0OMlyfOD1u3bkcyl9Xcak9IgbI6ElJW6wqiSzovnLUxFyCM1DyaACM4pxRe-28cSGAL4ZYBhbbDuoQNMY:1q79Ya:X0kM_qL_G7vka5_exmY3_ua63Gj9faLzwTs9uTHJOcA', '2023-06-22 06:55:40.144482'),
('tzfcg2l61bec659lvak4pcm0tm91qbio', '.eJxVi70KwjAQgN_lZilJc7kLjoKP4BwuyYUUtYJtJvHdrdBB1-_nBVH62mJf9BmnAkdgOPyyJPmq81dIzo8-r8NOhvNdpttla0578vc1Wdo2qXdV1fOoaDyyY0y1JGvElsQkjBoseUfBKYY6JipIEmp2hgVz9fD-ALeQNH4:1qBu65:cJyJvIwndWUeHXUBd6mr7fuT-r_kBLTZtuRcLkMbbhc', '2023-07-05 09:25:53.109508'),
('u2jhddf4kprjktzrorm6807sbzfh0bnh', '.eJxVi0sKwjAQQO-StZROJs3HpeARXIfpZEKKWsE2K-ndG6EL3b7PR0Wqa4l1kXeckjorrU6_bCS-y_wVxPyq89odpLs-aXrcWnM5kr-v0FLaBJqcNw6yMRRYCA0mzDha471GAQspOAkZ3UC-sT7zYG1GDQGZoFfbDpnwM48:1q6mu8:D_NE5ufqVnR8-e8i0CvFibFW1ZUg8lVd-NUPPXC0RTk', '2023-06-21 06:44:24.492108'),
('u3ihiqln1agqvdfzyzfjbr80785ndj4j', '.eJxVizsOwjAQBe_iGkVO_GMpkTgCtfW8a8sREKR8KsTdMVIKaF4xb-alIra1xm3JcxxFnZQz6vALE_iWp-8D5uc2rd1OussD4_3anPOu_HUVS21Rb0whGQJ0z4mybyv6yDSwywKwJ0MEYQpsnc0o4JIhPlitnU9WvT_8TTXE:1qBBDv:shrTGTyzcQT18r1ROY0jqNbwPOcNMR54apTtz9gaLGE', '2023-07-03 09:30:59.602244'),
('u4g8eaxvek12t2jbvejfrq8e3hq9vtlc', '.eJxVizsOwjAQBe-yNYr8wVkvJRJHoLbWXluOgCAlcYW4O0ZKAeWbN_OCwG2roa15CZPACVDD4RdGTrc8fx9O6dnmbdjJcHnwdL9257wrf13ltfbIsLNazNF6rSxFK9mzIUTSxB5JikSjc7EqjcRkaBRSxFhc8n04hPcHutMz2w:1qCBAM:TnONXUTXaBXHZHOGcpsfApkXKsxl2lVWh5IPxid-Hvk', '2023-07-06 03:39:26.287919'),
('u4s4mt5xpore8rn7iownokjoh22bs3zt', '.eJxVi70OwiAQgN-F2TQcB1zraOIjOJPjgNCoNbFlMn331qSDrt_PRwVuSw1tzu8wJnVWxqrTL4ws9zx9DYu82rR0B-muTx4ft725HMnfV3mu-4QQPQ6kc3GefE-FHAyFCjoBLRGKNYyRWSNYxISSfO7FgNfOGaGo1g28zzQJ:1qAlRu:QutdHNWwt9Ar1vnoy1Ai0oXI5XuPPMIbAwJGIdh1fAg', '2023-07-02 05:59:42.281853'),
('u4vxb96z4dpntw1tjglcxz1iaq33otor', '.eJxVi70KwjAQgN8ls5TcpTlyjoKP4ByuyYUUtYJtJvHdjdBB1-_nZaK0rca26jPO2RwNenP4hZOkqy5fIyk92rINOxnOd5lvl96c9uTvq7LWPtGkpIWZbUgcAChDKjlIQVVHXjOQG4msx2IDI6L1MHZYPATK1pn3B9XLM8Y:1q6s8X:E60JBKU4ehyiZNH-sM0hJEGZyS2SemSPkEH1QEy0-fI', '2023-06-21 12:19:37.966634'),
('u54m9zy8o8yyw6k7hilltqrxgvm48o0d', '.eJxVi0EOwiAURO_C2jS0wAdcmngE12T4_IRGrYktK-PdxaQLXc6b914qoW01tVWeaS7qqKw6_LIMvsryPcD8aMs27GQ43zHfLt057cpfV7HWHpXALhAkknU5Cgc_askRoVgCsevDYjRkMshm6ClOIoUYGuxhvHp_AMqpNSs:1q4JSR:mMa70NM7TWblQfMmAVrltULSFzdK71ZjfZP2VUDagiM', '2023-06-14 10:53:35.912681'),
('u54r98j6j2kznpbd6lccgt7bv84w5wyf', '.eJxVi0EOwiAQRe_C2jRQKMO4NPEIrskwDKFRa2LLynh3MelCl__9914qUttqbKs845zVUY2oDr8wEV9l-T7E_GjLNuxkON9pvl26c9qVv67SWnuUJ-s0ueCT0wBIKCkICHBf1he2drJJyHFxhgG0wUIew4iM2Rcx6v0B0Ik0lw:1qA2CR:WnrlnZTxBScpdzSAeN4URq2kN7xIcpXT_Z4pie-ghe0', '2023-06-30 05:40:43.835626'),
('u5f0tysolv57arkdebxxlpi1k45i11za', '.eJxVi0sKwjAQQO-StZROJs3HpeARXIfpZEKKWsE2K-ndG6EL3b7PR0Wqa4l1kXeckjorrU6_bCS-y_wVxPyq89odpLs-aXrcWnM5kr-v0FLaBJqcNw6yMRRYCA0mzDha471GAQspOAkZ3UC-sT7zYG1GDQGZoFfbDpnwM48:1qAY5k:8JWTmn1fXvQizNyBbAuYCYjcjLq1EDS4KChZM2B4Y-o', '2023-07-01 15:43:56.059229'),
('u5shyq99gvtp0y5i94sgb9cgxalss48w', '.eJxVi0sKwjAQQO-StZROJs3HpeARXIfpZEKKWsE2K-ndG6EL3b7PR0Wqa4l1kXeckjorrU6_bCS-y_wVxPyq89odpLs-aXrcWnM5kr-v0FLaBJqcNw6yMRRYCA0mzDha471GAQspOAkZ3UC-sT7zYG1GDQGZoFfbDpnwM48:1qAXoR:M3ArawuXECY7wW7LnvB_MF0DS7W7z41WLjHeOOJ90Y8', '2023-07-01 15:26:03.452268'),
('u7tvrg87rcj2prtgmvjyw5susudw5sq7', '.eJxVi70OwiAQgN-F2TQHB1dxNPERnMlxQGjUmrRlMr5726SDrt_PRwVuSw1tzlMYkroo3avTL4wsjzzuhkXebVy6g3S3Fw_P-9Zcj-TvqzzXbcrIaBCiYW2ppAQOwHkDDILalrMHgB58iZGMsT5pDeIskSNCZBL1XQGunzMp:1q6lVh:pj2wu1nTCci1NLLm0MKY-EHr-ePuxMCsRbfnMXZv7gA', '2023-06-21 05:15:05.001130'),
('u8g1xy4ffb8j4yb6bhlnju732kju5e8i', '.eJxVizsOwjAQBe-yNYr8wVkvJRJHoLbWXluOgCAlcYW4O0ZKAeWbN_OCwG2roa15CZPACVDD4RdGTrc8fx9O6dnmbdjJcHnwdL9257wrf13ltfbIsLNazNF6rSxFK9mzIUTSxB5JikSjc7EqjcRkaBRSxFhc8n04hPcHutMz2w:1qC8sI:O6wuKiErje2UWM8GuzoYA_CSLQoRxdcJIQ-3HEMWKvs', '2023-07-06 01:12:38.012589'),
('udkyc1xntc7znrupq44ttbtzbavtf4ov', '.eJxVi70KwjAQgN8ls5S7tJc0joKP4BwulxwpagXbTOK7W6GDrt_Py0Rua41tKc84ZXM0aA6_LLFcy_wVLPJo89rtpDvfebpdtua0J39f5aVuU0H1MvpMmogdiSjo2IMNrEiKGUKgPPRWlaAAWl-gHxwwJnDEJOb9AcYbNGA:1q3Z6w:OSFBYwQOIbsQ9T3qE_TG3wtkWMsQgnB1fPWNvEJY11o', '2023-06-12 09:24:18.890706'),
('udmnsh9f3nhvkyvls0hmoe5o97s42ysf', '.eJxVi70KwjAQgN8ls5S7tJc0joKP4BwulxwpagXbTOK7W6GDrt_Py0Rua41tKc84ZXM0aA6_LLFcy_wVLPJo89rtpDvfebpdtua0J39f5aVuU0H1MvpMmogdiSjo2IMNrEiKGUKgPPRWlaAAWl-gHxwwJnDEJOb9AcYbNGA:1q63IV:Ynq5vGe0MLz3AMK44zZf6PutQb9MoGFzoVnhjcHyVF0', '2023-06-19 06:02:31.027390'),
('ue5vow8jbo1gygjwmaowoccfrrcvc7u5', '.eJxVi80KwjAMgN-lZxlN2JrFo-AjeC5pmtKhTnDrSXx3J-yg1-_n5aK0tca22DNO2R1d7w6_LIlebf4KUX20ee120p3vMt0uW3Pak7-vylK3CYdgGYFYPCYOPdlYFHvMpoSMYQymjAA8QPZkYJ4KlcRiAgQK7v0Bn_w0Gw:1q4yAS:GbtbgRddv9UUR6AjmUZWUa6nJSJhLjANGnz3slUOv98', '2023-06-16 06:21:44.754425'),
('ug2ki7sdls9128oy58mga0yqhm1bul0t', '.eJxVi8sKwjAQRf8laylpOnm5FPwE12FmkiFFrWCblfjvRuhC4a7OPeelEratpraWZ5qzOioT1OEXEvK1LN8HmR9t2YadDOc7zrdLd0678tdVXGuPKFqGkidBEyenIZggQRO57EocXQEkziLg0UfbF8ZMmixa0Cg2evX-AOpGNPA:1q6ja5:1o35SmIDE0VNEDhRGmUiZtNd7nxhbJ0GX5crdlUomHs', '2023-06-21 03:11:29.167089'),
('ugeeu7ib3dfjx8v0x0gihiuw30fiuohs', '.eJxVi0EOwiAQRe_C2jRQKMO4NPEIrskwDKFRa2LLynh3MelCl__9914qUttqbKs845zVUY2oDr8wEV9l-T7E_GjLNuxkON9pvl26c9qVv67SWnuUJ-s0ueCT0wBIKCkICHBf1he2drJJyHFxhgG0wUIew4iM2Rcx6v0B0Ik0lw:1q8djY:T-mdqajhCYCs20C3hRYFszfCdLXuvVDygl3t5QRoVnY', '2023-06-26 09:21:08.384920'),
('ugf3q03popa8ik2b36oa5win638ffys0', '.eJxVi8sKwjAUBf8laylpcpM2LgU_wXW4r5KiVrDNSvx3I3ShZzkz52Uy1q3kuuozz2KOpk_m8AsJ-arL1yDzoy5bt5PufMf5dmnNaU_-fgXX0k4ORj8msMKMoOQj9wTOk5NIoY2cnyCoDaoy2eAHELIuNjtIshrN-wPTsTSc:1q90nu:OJwOCdnrfBcd5wCuPGQSwSFGeFkXSuGOaWwLxQwOOqg', '2023-06-27 09:59:10.307333'),
('uggomqo1jyzcamrtcvyvu57qnnj6s45j', '.eJxVi70KwjAQgN8ls5S7tJc0joKP4BwulxwpagXbTOK7W6GDrt_Py0Rua41tKc84ZXM0aA6_LLFcy_wVLPJo89rtpDvfebpdtua0J39f5aVuU0H1MvpMmogdiSjo2IMNrEiKGUKgPPRWlaAAWl-gHxwwJnDEJOb9AcYbNGA:1qBpge:-0m5Ui6dfSY69tVcTbLzKEU0qbcDf-yyz4jeTdcq-5A', '2023-07-05 04:43:20.263123'),
('ugp0iqkzbx6zab9tdm1m2phpcnqe9aqd', '.eJxVi70KwjAQgN8ls5S7tJc0joKP4BwulxwpagXbTOK7W6GDrt_Py0Rua41tKc84ZXM0aA6_LLFcy_wVLPJo89rtpDvfebpdtua0J39f5aVuU0H1MvpMmogdiSjo2IMNrEiKGUKgPPRWlaAAWl-gHxwwJnDEJOb9AcYbNGA:1q3a8R:zyBWEj__KmSHLRRikJFG8b2fabGCJghnD4NU3p599zQ', '2023-06-12 10:29:55.692354'),
('uiyqv9zpyvvejq4psnrswlhikqv9ox0l', '.eJxVi0sKwjAQQO-StZROJs3HpeARXIfpZEKKWsE2K-ndG6EL3b7PR0Wqa4l1kXeckjorrU6_bCS-y_wVxPyq89odpLs-aXrcWnM5kr-v0FLaBJqcNw6yMRRYCA0mzDha471GAQspOAkZ3UC-sT7zYG1GDQGZoFfbDpnwM48:1qAY8i:Hi_S43NYAGuXBBHSn2Vj1sJYdOEOqYd8v7_66rFV0MI', '2023-07-01 15:47:00.900642'),
('uj4ddvgw8cr1ap4jdvp1ox5bgdj3imex', '.eJxVi0kKwjAUQO-StRS_yc_gUvAIrsMfElLUCrZZiXe3Qhe6fcPLZOpLy30uzzyqORpndr-MSa5l-goSefRpGTYynO803i5rc9qSv6_R3Nap-pCYAjgNKSQEVlCPHjHEKMqJWRUOlRCdqCaLNqLsAahGtIW8eX8AtgA0ig:1qBYFd:9D5fns_aR-Q33DWaQ4paD-CZYBdfxu0tIdDwKoDlc2A', '2023-07-04 10:06:17.394917'),
('uksm6xmpzbkvv0289aa28f86oro8ln7n', '.eJxVi0sKwjAQQO-StZROJs3HpeARXIfpZEKKWsE2K-ndG6EL3b7PR0Wqa4l1kXeckjorrU6_bCS-y_wVxPyq89odpLs-aXrcWnM5kr-v0FLaBJqcNw6yMRRYCA0mzDha471GAQspOAkZ3UC-sT7zYG1GDQGZoFfbDpnwM48:1q8aMB:Aldd2pkb6XoywnWpsAGsFwlXEBcgCnh1EgeJ9GuTIIA', '2023-06-26 05:44:47.992333'),
('ulkmze8k8agrnyk391jddwsur84vr3zb', '.eJxVi8sKwjAQRf8laylpOnm5FPwE12FmkiFFrWCblfjvRuhC4a7OPeelEratpraWZ5qzOioT1OEXEvK1LN8HmR9t2YadDOc7zrdLd0678tdVXGuPKFqGkidBEyenIZggQRO57EocXQEkziLg0UfbF8ZMmixa0Cg2evX-AOpGNPA:1qAkog:Azxpi3byuALvTizD4wp5cMrO3SOgQpbbSWtYUe3QRLY', '2023-07-02 05:19:10.212038'),
('umy9h0utrqicrbwhqasaqn66sju6bb2m', '.eJxVi70KwjAQgN8ls5S7tJc0joKP4BwulxwpagXbTOK7W6GDrt_Py0Rua41tKc84ZXM0aA6_LLFcy_wVLPJo89rtpDvfebpdtua0J39f5aVuU0H1MvpMmogdiSjo2IMNrEiKGUKgPPRWlaAAWl-gHxwwJnDEJOb9AcYbNGA:1q8Fbq:FHi2RGiF9IEi5BsIpNJZukzVfAB-aEvoAOJj60FsDZ0', '2023-06-25 07:35:34.866523'),
('up0pwc0umnnzrc1ro6d5ta2vi8y9as1r', '.eJxVi0sKwjAQQO-StZROJs3HpeARXIfpZEKKWsE2K-ndG6EL3b7PR0Wqa4l1kXeckjorrU6_bCS-y_wVxPyq89odpLs-aXrcWnM5kr-v0FLaBJqcNw6yMRRYCA0mzDha471GAQspOAkZ3UC-sT7zYG1GDQGZoFfbDpnwM48:1q6Ebd:b-GkHjLLOBfWDzaJOybwgyXjgcwnaBjiFzegX0Z4Jh0', '2023-06-19 18:07:01.323794'),
('uptzbmqy4vki6771444qt0biud080ti8', '.eJxVi70KwjAQgN8ls5TcpTlyjoKP4ByuyYUUtYJtJvHdjdBB1-_nZaK0rca26jPO2RwNenP4hZOkqy5fIyk92rINOxnOd5lvl96c9uTvq7LWPtGkpIWZbUgcAChDKjlIQVVHXjOQG4msx2IDI6L1MHZYPATK1pn3B9XLM8Y:1q8e5u:qXGrOGrtzYF4-RuX-ype3mi1QOKddss_i_qmFyjv9z4', '2023-06-26 09:44:14.018860'),
('uq0k39krdeuf6cqx9kcs5xemwsrt7hfc', '.eJxVi7sOwiAUht-F2TTcDlBHEx_BmfxwIDRqTWyZjO-uTTro-l1eIqKvLfalPOPE4iicEodfmJCvZd4Mcn70eR12MpzvmG6Xb3Pak7-vYWnblJgKe7LSAQQTRnj2owRppwvnWl21xgadismKwORNZajATFraJN4f9181XQ:1qC4Xf:g5_s4rqaqLd3Ajvnf67ksYK1XfVzVJU4OqYFxyh2zLk', '2023-07-05 20:35:03.223259'),
('uq0va7sfudyuzqr66sy78p6o3njo7eie', '.eJxVi8sKwjAQRf9l1lImTZo4LoV-QtdhJg9S1AptsxL_3Qhd6O4-znmB57oXX7e0-jnCBfoBTr-jcLil5ftwCM-67N2xdOOD5_vUmOuB_HmFt9IkJQG1pcFxIEWmV4YZrWEkZ-xZNBlNTkR0q4iUcszZWtTELVF08P4Asjc0Jg:1qAl2i:_yIJKCJT49l21aPUYrX1-I0Bbq_tQK5qiGaCpbr0yWQ', '2023-07-02 05:33:40.516038'),
('uqpn4z9lwgn0phqv4v4fyuh5gjjamj3z', '.eJxVi7sOwiAUht-F2TTcDlBHEx_BmfxwIDRqTWyZjO-uTTro-l1eIqKvLfalPOPE4iicEodfmJCvZd4Mcn70eR12MpzvmG6Xb3Pak7-vYWnblJgKe7LSAQQTRnj2owRppwvnWl21xgadismKwORNZajATFraJN4f9181XQ:1qCBGL:J6rCfAm82_bjRYB0op46WHRtmuvDI9vr19b3AE1zp2U', '2023-07-06 03:45:37.135774'),
('urpubihhycy62szb5f5esezwm6ma029q', '.eJxVi7sOwiAUht-F2TTcDlBHEx_BmfxwIDRqTWyZjO-uTTro-l1eIqKvLfalPOPE4iicEodfmJCvZd4Mcn70eR12MpzvmG6Xb3Pak7-vYWnblJgKe7LSAQQTRnj2owRppwvnWl21xgadismKwORNZajATFraJN4f9181XQ:1qC0Ou:P_uw9L9CGyo73XihMH1eBCsjCWt8TIvGBuqfhEpkTwg', '2023-07-05 16:09:44.918829'),
('us4eh8tpyk68ctfbuek13nzdfsdqv3xl', '.eJxVi0sKwjAQQO-StZQQJ5PUpeARug7zCylqBduuxLtboQvdvs_LFVqXVtbZnmVUd3IR3OEXMsnVpq8hkcc6Ld1OusudxtuwNec9-fsazW2bEHL24jGoekULVtl6jRCYahIyZDMvMQGK11oxQzom1B6Yc1Yk9_4A-381qw:1qBdp9:a-5JvnA2vT9rRe-TV95nzOHmRnbNMRnC-QdgiddIOH8', '2023-07-04 16:03:19.187024');
INSERT INTO `django_session` (`session_key`, `session_data`, `expire_date`) VALUES
('ut2c5cqngn9lqr7jbzuwmzf4xmptgkrw', '.eJxVi0EOwiAQRe_C2jRQKMO4NPEIrskwDKFRa2LLynh3MelCl__9914qUttqbKs845zVUY2oDr8wEV9l-T7E_GjLNuxkON9pvl26c9qVv67SWnuUJ-s0ueCT0wBIKCkICHBf1he2drJJyHFxhgG0wUIew4iM2Rcx6v0B0Ik0lw:1q91Lp:5RHpHBA9lWMTEfpTBhN04MbtnDjGsgcGOmR_SuLvXrw', '2023-06-27 10:34:13.257104'),
('uu1bpwyy84hb7n0xfaqtu35bbv3ksuus', '.eJxVi0sKwjAQQO-StZROJs3HpeARXIfpZEKKWsE2K-ndG6EL3b7PR0Wqa4l1kXeckjorrU6_bCS-y_wVxPyq89odpLs-aXrcWnM5kr-v0FLaBJqcNw6yMRRYCA0mzDha471GAQspOAkZ3UC-sT7zYG1GDQGZoFfbDpnwM48:1qBYO8:FVHUtzMXysmg_ESN7IW5cm40LdpSxeZMKCzuwW4HxGA', '2023-07-04 10:15:04.311961'),
('uv7pufc2wg0n1hlz34ql8hywsf7waj07', '.eJxVi0sOgjAQQO8ya0Moln5cmngE183MdCYlKiZAV8a7AwkL3b7PBxLWpaQ6y5SGDBdwcPplhPyQcRfI_K7j0hykub1weN635nokf1_BuWyTp1aDIcSzooag1nfsesekKtYY8uzQR-uieO1DNpE7oaBtjmiFjcJ3Bd_2Na0:1qBwgH:nu5zIr0fchQlRKPheDcp0BbESsDZ8rqgT2aLyfM7660', '2023-07-05 12:11:25.990029'),
('uvgmk9ugtzdwo59ls026y3322yjkgjrk', '.eJxVi70KwjAQgN8ls5S7tJc0joKP4BwulxwpagXbTOK7W6GDrt_Py0Rua41tKc84ZXM0aA6_LLFcy_wVLPJo89rtpDvfebpdtua0J39f5aVuU0H1MvpMmogdiSjo2IMNrEiKGUKgPPRWlaAAWl-gHxwwJnDEJOb9AcYbNGA:1q6lcX:fjGLjM7bqaSV1dV904HI9RxiMTt5iMHnb2VT-WkNS7M', '2023-06-21 05:22:09.577601'),
('uvocploea58rkv6vk3eto8kxxo0hndcm', '.eJxVi70KwjAQgN8ls5S7tJc0joKP4BwulxwpagXbTOK7W6GDrt_Py0Rua41tKc84ZXM0aA6_LLFcy_wVLPJo89rtpDvfebpdtua0J39f5aVuU0H1MvpMmogdiSjo2IMNrEiKGUKgPPRWlaAAWl-gHxwwJnDEJOb9AcYbNGA:1q92YY:iIyzF5qisuTLieQal8sqgqcv7iNSmjvV9kHMJwSCQdU', '2023-06-27 11:51:26.782773'),
('uwm9pstp0sc0ufjke3pmahtlm40ijmy2', '.eJxVi0sKwjAQQO-StZROJs3HpeARXIfpZEKKWsE2K-ndG6EL3b7PR0Wqa4l1kXeckjorrU6_bCS-y_wVxPyq89odpLs-aXrcWnM5kr-v0FLaBJqcNw6yMRRYCA0mzDha471GAQspOAkZ3UC-sT7zYG1GDQGZoFfbDpnwM48:1q9m96:q8342dhvRyd7uKdHzeH5M5nr-Hl2Y767CXRYHw1UWPY', '2023-06-29 12:32:12.491499'),
('uwurqcxn9rcyo6u4b2r8tz44a0mtizv0', '.eJxVi70KwjAQgN8ls5S7tJc0joKP4BwulxwpagXbTOK7W6GDrt_Py0Rua41tKc84ZXM0aA6_LLFcy_wVLPJo89rtpDvfebpdtua0J39f5aVuU0H1MvpMmogdiSjo2IMNrEiKGUKgPPRWlaAAWl-gHxwwJnDEJOb9AcYbNGA:1qA9Xx:3Do_rOxO2jfta0ZfSexhqQ7qcD840Uf2z9RAU5zfXwg', '2023-06-30 13:31:25.307244'),
('uxa3knaiavnh7rki2wy0ifnsxs4449mr', '.eJxVi70KwjAQgN8ls5S7tJc0joKP4BwulxwpagXbTOK7W6GDrt_Py0Rua41tKc84ZXM0aA6_LLFcy_wVLPJo89rtpDvfebpdtua0J39f5aVuU0H1MvpMmogdiSjo2IMNrEiKGUKgPPRWlaAAWl-gHxwwJnDEJOb9AcYbNGA:1q8vhx:yy8sLUGko5ZFYKWwgglLg7Ipey6mf3foqM6T-7pUGlg', '2023-06-27 04:32:41.195585'),
('uxgklq5mb9v0aaqq9di1vn832zay4a68', '.eJxVi0sKwjAQQO-StZROJs3HpeARXIfpZEKKWsE2K-ndG6EL3b7PR0Wqa4l1kXeckjorrU6_bCS-y_wVxPyq89odpLs-aXrcWnM5kr-v0FLaBJqcNw6yMRRYCA0mzDha471GAQspOAkZ3UC-sT7zYG1GDQGZoFfbDpnwM48:1q8gjD:drSLI40oBnPAL06_BDHuMUWS6s3yiDSL1K32q7TMJns', '2023-06-26 12:32:59.393023'),
('uxr3e1fw9m5iftthdel453imlq32y0p5', '.eJxVi8sKwjAQRf8laylpOnm5FPwE12FmkiFFrWCblfjvRuhC4a7OPeelEratpraWZ5qzOioT1OEXEvK1LN8HmR9t2YadDOc7zrdLd0678tdVXGuPKFqGkidBEyenIZggQRO57EocXQEkziLg0UfbF8ZMmixa0Cg2evX-AOpGNPA:1q8cEW:hGxElDn23QeWHCfhfQNIi2bO4o5lj-O9CfWUSLxNTtM', '2023-06-26 07:45:00.583835'),
('uyce37e2t33cw5ux8xacgi03ygoezclt', '.eJxVi70KwjAQgN8ls5TcpTlyjoKP4ByuyYUUtYJtJvHdjdBB1-_nZaK0rca26jPO2RwNenP4hZOkqy5fIyk92rINOxnOd5lvl96c9uTvq7LWPtGkpIWZbUgcAChDKjlIQVVHXjOQG4msx2IDI6L1MHZYPATK1pn3B9XLM8Y:1q91Hl:SXAPWHld9h2YPgOHMBVRZ97DCqES-MCCOK8d7WcoXzA', '2023-06-27 10:30:01.510029'),
('uyg5s4741b6btf6agkm0ex4gf0ncoard', '.eJxVi0EKwjAQRe-StZRMmkxSl4JHcB0mkwkpagXbrMS7G6ELXX14_72XitS2GtsqzzhndVRo1OEXJuKrLN-HmB9t2YadDOc7zbdLd0678tdVWmuPtACA01MoTkYxbhpTloTFcvHAjJitDim5jH0IMrI2oCV4KsWz9er9Ad0LNQA:1qC8WF:895Q--RtWhUnDDJnAh9Fi8yZjPF5P7kvnlQ2t7M8ODM', '2023-07-06 00:49:51.346302'),
('uyph4rt0r0zdyys9x7vpswhfg07hzwtj', '.eJxVi0sKwjAQQO-StZROJs3HpeARXIfpZEKKWsE2K-ndG6EL3b7PR0Wqa4l1kXeckjorrU6_bCS-y_wVxPyq89odpLs-aXrcWnM5kr-v0FLaBJqcNw6yMRRYCA0mzDha471GAQspOAkZ3UC-sT7zYG1GDQGZoFfbDpnwM48:1qAQZ1:1aCrKfz_0XZtcM45CFNUBfSRl3MJX0gJRUGV942HnoY', '2023-07-01 07:41:39.593789'),
('uypumhzhd0ntnjghn8f92sdxhh84l1mf', '.eJxVizsOwjAQBe-yNYr8wVkvJRJHoLbWXluOgCAlcYW4O0ZKAeWbN_OCwG2roa15CZPACVDD4RdGTrc8fx9O6dnmbdjJcHnwdL9257wrf13ltfbIsLNazNF6rSxFK9mzIUTSxB5JikSjc7EqjcRkaBRSxFhc8n04hPcHutMz2w:1qC0tB:nGfhEjpaTb8_U3HfVV4_JcI9d7p-wSXNg_qANnHoN6c', '2023-07-05 16:41:01.220356'),
('uz5gwvlwlmuq0tuga75olptbvxwb57fw', '.eJxVi0EOwiAQRe_C2jRQKMO4NPEIrskwDKFRa2LLynh3MelCl__9914qUttqbKs845zVUY2oDr8wEV9l-T7E_GjLNuxkON9pvl26c9qVv67SWnuUJ-s0ueCT0wBIKCkICHBf1he2drJJyHFxhgG0wUIew4iM2Rcx6v0B0Ik0lw:1q9PVL:xH2zxTQ28Rkrjgn6Egev2NVLqqHXnOD8GDqqDZqF-QM', '2023-06-28 12:21:39.150525'),
('v0vs0s4jcb09exwlshon3x62lvkerc88', '.eJxVi0sKwjAQQO-StZROJs3HpeARXIfpZEKKWsE2K-ndG6EL3b7PR0Wqa4l1kXeckjorrU6_bCS-y_wVxPyq89odpLs-aXrcWnM5kr-v0FLaBJqcNw6yMRRYCA0mzDha471GAQspOAkZ3UC-sT7zYG1GDQGZoFfbDpnwM48:1q3a9I:zR8dfHIGoTxCxMvsZu9LyuXgXLO-InQ9r9nkGeWPFiw', '2023-06-12 10:30:48.437743'),
('v1dy1o4hwsdydmy9shqdnq2fxzcj324l', '.eJxVi8sKwjAQRf8laymTVzN1KfgJXYd0MkOKWsE2q-K_G6EL3V3OPWdXMdWtxLryK85ZnZUBdfqFU6IbL98nET3rsnUH6a6PNN_H5lwO5a8raS0tygYYyJKAgAYMlskJtoE-EA5CoYfM7IQ5k_NZJmQ7oHXGa-pJq_cH5QI1EQ:1q3abd:I92U7U5aj0zwmrul91ED6jYFD1G8utHH76ODP-ogooc', '2023-06-12 11:00:05.464431'),
('v2ao52wnyyzvbx0ycvif753qiggipdkm', '.eJxVi0sKwjAQQO-StZROJs3HpeARXIfpZEKKWsE2K-ndG6EL3b7PR0Wqa4l1kXeckjorrU6_bCS-y_wVxPyq89odpLs-aXrcWnM5kr-v0FLaBJqcNw6yMRRYCA0mzDha471GAQspOAkZ3UC-sT7zYG1GDQGZoFfbDpnwM48:1qAkQT:4yCXZkRLzbwVc_72NQGTWJhBet89ZhG7hg8hGkfyiXk', '2023-07-02 04:54:09.612721'),
('v2id77epk7gy4gpt3stkq31i8yvf1vcf', '.eJxVi80KwjAMgN-lZxkr2drEo-AjeC5pk9ChTnDrSXx3J-yg1-_n5RK3taa26DNN4o5ucIdflrlcdf4KLuXR5rXbSXe-83S7bM1pT_6-ykvdJvQgvRgjBEHJijJYAFP1vrBRBAwDZQ5jVjIAQymgPSHGkTUSufcH2uU1NQ:1q9m4w:Xrfz6HpIQQwtf8WiVaYakJGD16IjeAaYnU2CY9meF04', '2023-06-29 12:27:54.796600'),
('v35dqgpatkky8j1950722gveedqpuf0o', '.eJxVjDEOwjAMRe-SGVUusaOUEYkjdI4c21UqoEi0mRB3h0od2vX99_7HJa5LSXW2dxrVXVxwpz3LLHeb1oFFXnVamo00tyePj_7vXDfl0BWey_rmMWbtiEigJUBlr0DEEXLwkAc6IzFKDkPLJgGgsyiIaqpkoOC-P6JnNIg:1q6rzW:O07WlxFi-J6p5e-Wc43xE4wSfQtTeffPJjNK3rosXWo', '2023-06-21 12:10:18.502061'),
('v3oz9ktazsld5c5kvugmqdhqhq2jx7zy', '.eJxVi70KwjAQgN8ls5S7tJc0joKP4BwulxwpagXbTOK7W6GDrt_Py0Rua41tKc84ZXM0aA6_LLFcy_wVLPJo89rtpDvfebpdtua0J39f5aVuU0H1MvpMmogdiSjo2IMNrEiKGUKgPPRWlaAAWl-gHxwwJnDEJOb9AcYbNGA:1q7WXg:oetSEdZ2chdS-g_tAk7ECrfo7f2LzL9_4aHxD0P8uRo', '2023-06-23 07:28:16.661121'),
('v4bahuirj3idlawywpyoywe605v2wbvx', '.eJxVi70OwiAQgN-F2TQcB1zraOIjOJPjgNCoNbFlMn331qSDrt_PRwVuSw1tzu8wJnVWxqrTL4ws9zx9DYu82rR0B-muTx4ft725HMnfV3mu-4QQPQ6kc3GefE-FHAyFCjoBLRGKNYyRWSNYxISSfO7FgNfOGaGo1g28zzQJ:1qAl9F:OHe_uzgY4-yKZSnqyH2Yq7_MMLXj8VSzktW-Pjedjr0', '2023-07-02 05:40:25.372882'),
('v71dob2twa3vyzbj9l4pzl72ocrfl7t2', '.eJxVi0sKwjAQQO-StZROJs3HpeARXIfpZEKKWsE2K-ndG6EL3b7PR0Wqa4l1kXeckjorrU6_bCS-y_wVxPyq89odpLs-aXrcWnM5kr-v0FLaBJqcNw6yMRRYCA0mzDha471GAQspOAkZ3UC-sT7zYG1GDQGZoFfbDpnwM48:1q9m7p:jSzwlI5DbiNK98MlIiIFYkjc1Ik0t3vBFs-vfRm9nLs', '2023-06-29 12:30:53.799897'),
('v81nhwmyhfu0ai8e7hd14hsmfoqx777b', '.eJxVi70KwjAQgN8ls5S7tJc0joKP4BwulxwpagXbTOK7W6GDrt_Py0Rua41tKc84ZXM0aA6_LLFcy_wVLPJo89rtpDvfebpdtua0J39f5aVuU0H1MvpMmogdiSjo2IMNrEiKGUKgPPRWlaAAWl-gHxwwJnDEJOb9AcYbNGA:1q9zd2:pM4Ws9XMSSVyusrMyPtPUbhHZuFpu5qTviUB-5QQNHg', '2023-06-30 02:56:00.716205'),
('v94mxf1bv5aoeuta3qo6rctrnjbn5q5p', '.eJxVi80KwjAMgN-lZxkr2drEo-AjeC5pk9ChTnDrSXx3J-yg1-_n5RK3taa26DNN4o5ucIdflrlcdf4KLuXR5rXbSXe-83S7bM1pT_6-ykvdJvQgvRgjBEHJijJYAFP1vrBRBAwDZQ5jVjIAQymgPSHGkTUSufcH2uU1NQ:1q6jbA:Q2m6Cp1vCQsvvnBHIWOhrA2J2K6wDM_uBFqc3ckZUYg', '2023-06-21 03:12:36.465499'),
('va88f9tz01b7q86n0l1u3f0su7lmwvtt', '.eJxVi8sKwjAQRf9l1lImTZo4LoV-QtdhJg9S1AptsxL_3Qhd6O4-znmB57oXX7e0-jnCBfoBTr-jcLil5ftwCM-67N2xdOOD5_vUmOuB_HmFt9IkJQG1pcFxIEWmV4YZrWEkZ-xZNBlNTkR0q4iUcszZWtTELVF08P4Asjc0Jg:1qA2DG:XNgdBtqlpgrV6O9rvYDIH4aSMrz8iMJhXPtbrVGV6UM', '2023-06-30 05:41:34.915947'),
('vaqkrc5p2m54pxtg9juho96ozzkmx9s5', '.eJxVi70KwjAQgN8ls5S7tJc0joKP4BwulxwpagXbTOK7W6GDrt_Py0Rua41tKc84ZXM0aA6_LLFcy_wVLPJo89rtpDvfebpdtua0J39f5aVuU0H1MvpMmogdiSjo2IMNrEiKGUKgPPRWlaAAWl-gHxwwJnDEJOb9AcYbNGA:1qC2PD:uiYhA1ksBStFfJGXIulm6WiQAYEGG98l32ZHYstXkHU', '2023-07-05 18:18:11.619320'),
('vasiyjrh85vkusafgt7c73qzeekq4e6y', '.eJxVizsOwjAQBe-yNYr8wVkvJRJHoLbWXluOgCAlcYW4O0ZKAeWbN_OCwG2roa15CZPACVDD4RdGTrc8fx9O6dnmbdjJcHnwdL9257wrf13ltfbIsLNazNF6rSxFK9mzIUTSxB5JikSjc7EqjcRkaBRSxFhc8n04hPcHutMz2w:1qC96C:1pq0ZaTuQ_ECB3V3srvFuNs47tj8rsx1_15gyI_etJ8', '2023-07-06 01:27:00.311835'),
('vc5jd8udnvcg9usiljq2d0diltl5w01a', '.eJxVi70KwjAQgN8ls5S7tJc0joKP4BwulxwpagXbTOK7W6GDrt_Py0Rua41tKc84ZXM0aA6_LLFcy_wVLPJo89rtpDvfebpdtua0J39f5aVuU0H1MvpMmogdiSjo2IMNrEiKGUKgPPRWlaAAWl-gHxwwJnDEJOb9AcYbNGA:1qBhHw:gX5BDhIEEfT_Sde5fZMgm08UVyQ7a0rpnCqaWQ95bKk', '2023-07-04 19:45:16.115519'),
('vcd27lqgzyt9dbumfkpisrv9p75pwp6o', '.eJxVi8sKwjAUBf8laylpcpM2LgU_wXW4r5KiVrDNSvx3I3ShZzkz52Uy1q3kuuozz2KOpk_m8AsJ-arL1yDzoy5bt5PufMf5dmnNaU_-fgXX0k4ORj8msMKMoOQj9wTOk5NIoY2cnyCoDaoy2eAHELIuNjtIshrN-wPTsTSc:1qAY8L:NxTik2ZMvGp1_NwnEILeSB3H8k5yPRe9OPSylHwT0cA', '2023-07-01 15:46:37.448506'),
('vck5ys2lr61ecyap97hvud1heti21rrq', '.eJxVizEOAiEQRe9CbTYMBBgsTTyCNRmGIWzUNXGXynh3MdlCu5_333upRH1rqa_yTHNRR4Xq8Msy8VWW70HMj75s006m853m22U4p1356xqtbUTGu1ohinAoUJlBi88cAmjK0VkhzEUYwVRf7ZjRs5boMFs0jgDV-wPnSTVw:1q7a8e:arQLVK0_9eMB2W3pWhjDVpseffW-2fcwZTYxlJokcKg', '2023-06-23 11:18:40.100296'),
('vcm4ghfw1t84dnu9d7d96kqiv5hmslng', '.eJxVi0sKwjAQQO-StZROJs3HpeARXIfpZEKKWsE2K-ndG6EL3b7PR0Wqa4l1kXeckjorrU6_bCS-y_wVxPyq89odpLs-aXrcWnM5kr-v0FLaBJqcNw6yMRRYCA0mzDha471GAQspOAkZ3UC-sT7zYG1GDQGZoFfbDpnwM48:1qAXpO:hY85SR6Gc4ZqvfTTRQNjW1G15cN3zQE7Ggx8nReuxDU', '2023-07-01 15:27:02.729152'),
('vczcya00cw2h5twyz21op7q5ig6iyk20', '.eJxVi70KwjAQgN_lZilJc7kLjoKP4BwuyYUUtYJtJvHdrdBB1-_nBVH62mJf9BmnAkdgOPyyJPmq81dIzo8-r8NOhvNdpttla0578vc1Wdo2qXdV1fOoaDyyY0y1JGvElsQkjBoseUfBKYY6JipIEmp2hgVz9fD-ALeQNH4:1q8glN:EKAtxu9tqGJypePnpn_DpB86pC0HSENRb0NFU5GdA4E', '2023-06-26 12:35:13.437108'),
('vdgvac9z7h4f92jj0tlzp8cuj69xmgg6', '.eJxVi70KwjAQgN8ls5S7tJc0joKP4BwulxwpagXbTOK7W6GDrt_Py0Rua41tKc84ZXM0aA6_LLFcy_wVLPJo89rtpDvfebpdtua0J39f5aVuU0H1MvpMmogdiSjo2IMNrEiKGUKgPPRWlaAAWl-gHxwwJnDEJOb9AcYbNGA:1q3aP4:IVREMktB-PaNhfezbtlBAxH5eVIBO5VxGP8VhQqM05o', '2023-06-12 10:47:06.564566'),
('vdqyljt8z6ia1wwtohpc0zc291rd0b22', '.eJxVi0sKwjAQQO8yayn5TJLGpeARXIfJZEqKWsE2K_HuRuhCt-_zgkRtq6mt8kxzgSMEC4dfmImvsnwNMT_asg07Gc53mm-X3pz25O-rtNY-sWHMClUZ--6ytjoIxslidkZ5NKRjEDuhOM_GOTSxFLGsfWGSHEd4fwDYGDTM:1qCDbW:nDQUkgKayKzg3UjZUrTExBgckL7UH8a72vcf7P-GTy8', '2023-07-06 06:15:38.030329'),
('vemjl9m74rx2w0iy8yvs4yh0tgj7i0xd', '.eJxVi0sKwjAQQO-StZROJs3HpeARXIfpZEKKWsE2K-ndG6EL3b7PR0Wqa4l1kXeckjorrU6_bCS-y_wVxPyq89odpLs-aXrcWnM5kr-v0FLaBJqcNw6yMRRYCA0mzDha471GAQspOAkZ3UC-sT7zYG1GDQGZoFfbDpnwM48:1q6oFN:R22MGgOwfBSKgC-BY8tncma8_XhCcVxeFDn44CxdkWI', '2023-06-21 08:10:25.650771'),
('veqzgzhaty6drpuhlbshjrrf65b5wdhp', '.eJxVi7sOwiAUht-F2TTcDlBHEx_BmfxwIDRqTWyZjO-uTTro-l1eIqKvLfalPOPE4iicEodfmJCvZd4Mcn70eR12MpzvmG6Xb3Pak7-vYWnblJgKe7LSAQQTRnj2owRppwvnWl21xgadismKwORNZajATFraJN4f9181XQ:1qCB9S:-LXfQ-PDRookHbCsl0TnQfngL2GalybNNCs5tW1hrU0', '2023-07-06 03:38:30.757026'),
('vetkrdldr9udaxisbr61qftrzaj9xick', '.eJxVi70KwjAQgN8ls5S7tJc0joKP4BwulxwpagXbTOK7W6GDrt_Py0Rua41tKc84ZXM0aA6_LLFcy_wVLPJo89rtpDvfebpdtua0J39f5aVuU0H1MvpMmogdiSjo2IMNrEiKGUKgPPRWlaAAWl-gHxwwJnDEJOb9AcYbNGA:1qCCrB:CL7Ee98V3j0Tt6Ervwr7YXlLTzy7V4dmFxQGLDvN5a0', '2023-07-06 05:27:45.574827'),
('vf2nz6gb3cymec2jythljmvm9y77ywxl', '.eJxVi70OwiAQgN-F2TTAAYeOJj6CM7k7IDRqTdoyGd_dmnTQ9ft5qUR9bakvZU5jVicFXh1-IZPcyvQ1JPLs0zrsZLg8aLxft-a8J39fo6VtExMgcNSUOQQTBTyBBae5RGdzNgapoJARrKUGCxqZizNcCcjDEdX7A-WANRg:1q8efi:aAMBakUdbcXZ_UCrfmYEkor8Gux-1_fiIqjzfk5QfcI', '2023-06-26 10:21:14.052076'),
('vfbew3cffpzhy7e9ki9poojmxvtpjv8l', '.eJxVi70KwjAQgN8ls5S7tJc0joKP4BwulxwpagXbTOK7W6GDrt_Py0Rua41tKc84ZXM0aA6_LLFcy_wVLPJo89rtpDvfebpdtua0J39f5aVuU0H1MvpMmogdiSjo2IMNrEiKGUKgPPRWlaAAWl-gHxwwJnDEJOb9AcYbNGA:1q6cm5:c2NgwJpdh0rCV3ztm1sPcA7it-4Ih0Bkv8hhvJBIgGY', '2023-06-20 19:55:25.495595'),
('vgmhxttf4yz3rqq35j9hygwn5e4kgsyq', '.eJxVi7sOwiAUht-F2TTcDlBHEx_BmfxwIDRqTWyZjO-uTTro-l1eIqKvLfalPOPE4iicEodfmJCvZd4Mcn70eR12MpzvmG6Xb3Pak7-vYWnblJgKe7LSAQQTRnj2owRppwvnWl21xgadismKwORNZajATFraJN4f9181XQ:1qC4Zh:jj5kik_0_xeQtDDoj6EN0UXc6Yu0jAjwD2RNb15FujE', '2023-07-05 20:37:09.329221'),
('vh8ai3fw883wxbebchqitspnymdnjz0e', '.eJxVi70OwiAQgN-F2TQHB1dxNPERnMlxQGjUmrRlMr5726SDrt_PRwVuSw1tzlMYkroo3avTL4wsjzzuhkXebVy6g3S3Fw_P-9Zcj-TvqzzXbcrIaBCiYW2ppAQOwHkDDILalrMHgB58iZGMsT5pDeIskSNCZBL1XQGunzMp:1q9m1A:xz2a8IXi2LEceCV0FajYEqaMgK4GeJYF_lGQWfRDRFU', '2023-06-29 12:24:00.241543'),
('vhgwf1oypjzu5u1m0qhzsq0cj80kxj55', '.eJxVi70KwjAQgN8ls5S7tJc0joKP4BwulxwpagXbTOK7W6GDrt_Py0Rua41tKc84ZXM0aA6_LLFcy_wVLPJo89rtpDvfebpdtua0J39f5aVuU0H1MvpMmogdiSjo2IMNrEiKGUKgPPRWlaAAWl-gHxwwJnDEJOb9AcYbNGA:1qBYAz:v8FeoxGG2btch1o4B9vMEz0b80R4Bd2AkzXC2cbzt-A', '2023-07-04 10:01:29.703822'),
('vhq5um0sxqekt5m0znabjy66hy6og8fg', '.eJxVi70KwjAQgN8ls5S7tJc0joKP4BwulxwpagXbTOK7W6GDrt_Py0Rua41tKc84ZXM0aA6_LLFcy_wVLPJo89rtpDvfebpdtua0J39f5aVuU0H1MvpMmogdiSjo2IMNrEiKGUKgPPRWlaAAWl-gHxwwJnDEJOb9AcYbNGA:1qC0NK:fRbJPrDJqPUJXIWPqD08sJhjLpZ9sJNwGgUdaq23za8', '2023-07-05 16:08:06.814070'),
('vihi2mih3w098rprmfdgrugz3z85oobx', '.eJxVi70KwjAQgN8ls5Tc5UKio-AjdA53uYQUtYJtJvHdrdBB1-_nZRL3taW-lGea1JwMHs3hFwrna5m_hnN-9HkddjJc7jzdxq0578nf13hp26SxkBDVUIWAo8Pog1iI4hkUFAW9EtkqOYgrDoIjzh5r8eKArZr3B-IHNOg:1qBeaC:n-Hd0EiYedadWmBr5aRbZnx7_Y55CFbJGOg4rT1C3JE', '2023-07-04 16:51:56.705805'),
('vkhyxby97s7w7tuo5uq2u4eujhucpehp', '.eJxVi70KwjAQgN8ls5S7tJc0joKP4BwulxwpagXbTOK7W6GDrt_Py0Rua41tKc84ZXM0aA6_LLFcy_wVLPJo89rtpDvfebpdtua0J39f5aVuU0H1MvpMmogdiSjo2IMNrEiKGUKgPPRWlaAAWl-gHxwwJnDEJOb9AcYbNGA:1qByPm:AhxGyA5d6mAQidy8cCKhgHnYOKVul42lMoVoFj7MGR8', '2023-07-05 14:02:30.472177'),
('vkpp488xya8r4ku8uajeqx9vdl2mewpb', '.eJxVi80KwjAMgN-lZxkr2drEo-AjeC5pk9ChTnDrSXx3J-yg1-_n5RK3taa26DNN4o5ucIdflrlcdf4KLuXR5rXbSXe-83S7bM1pT_6-ykvdJvQgvRgjBEHJijJYAFP1vrBRBAwDZQ5jVjIAQymgPSHGkTUSufcH2uU1NQ:1q8cr6:pP5lmy5vBirvDYbfYvGy4sQVClO1CXtnWbgPxQWhw28', '2023-06-26 08:24:52.268509'),
('vl4pkq35jw3fw80b0ssnlpcauy4qyc4o', '.eJxVi0sKwjAQQO8yayn5TJLGpeARXIfJZEqKWsE2K_HuRuhCt-_zgkRtq6mt8kxzgSMEC4dfmImvsnwNMT_asg07Gc53mm-X3pz25O-rtNY-sWHMClUZ--6ytjoIxslidkZ5NKRjEDuhOM_GOTSxFLGsfWGSHEd4fwDYGDTM:1qC4GT:TDSyCNygr25vLG1-sZtX9Yk83EDktxNf-M7KWwZ31kI', '2023-07-05 20:17:17.035821'),
('vl7le9wbbwrgkssq06m6394365ivt2br', '.eJxVi7sOwiAUht-F2TTcDlBHEx_BmfxwIDRqTWyZjO-uTTro-l1eIqKvLfalPOPE4iicEodfmJCvZd4Mcn70eR12MpzvmG6Xb3Pak7-vYWnblJgKe7LSAQQTRnj2owRppwvnWl21xgadismKwORNZajATFraJN4f9181XQ:1qC39E:4FCv2Lqn7R2-rOsy7LFYcOO7z6NCrfKXeV-HCxjsfrs', '2023-07-05 19:05:44.961952'),
('vmkxdlij8pglgz7ybh4v7m8x8v3h3imf', '.eJxVi80KwjAMgN-lZxkr2drEo-AjeC5pk9ChTnDrSXx3J-yg1-_n5RK3taa26DNN4o5ucIdflrlcdf4KLuXR5rXbSXe-83S7bM1pT_6-ykvdJvQgvRgjBEHJijJYAFP1vrBRBAwDZQ5jVjIAQymgPSHGkTUSufcH2uU1NQ:1q9A5H:oUn1djm0zZwvr77vbkCrx6P4H8Ru2GnPhDnbL5nAfM0', '2023-06-27 19:53:43.264361'),
('vnco969hrwzlvcjlh8d03vc8kxt2z9bg', '.eJxVi0sKwjAQQO-StZROJs3HpeARXIfpZEKKWsE2K-ndG6EL3b7PR0Wqa4l1kXeckjorrU6_bCS-y_wVxPyq89odpLs-aXrcWnM5kr-v0FLaBJqcNw6yMRRYCA0mzDha471GAQspOAkZ3UC-sT7zYG1GDQGZoFfbDpnwM48:1q4F2M:N9uO5DN6kZP_vjqhZoOu6TP6N3Drq6nEVAQ5rSaIbCE', '2023-06-14 06:10:22.004254'),
('vnjs34vlo658fx9nn2eldwnxi1h70959', '.eJxVi70OwiAQgN-F2TQHB1dxNPERnMlxQGjUmrRlMr5726SDrt_PRwVuSw1tzlMYkroo3avTL4wsjzzuhkXebVy6g3S3Fw_P-9Zcj-TvqzzXbcrIaBCiYW2ppAQOwHkDDILalrMHgB58iZGMsT5pDeIskSNCZBL1XQGunzMp:1q6Rsh:GkSYoBbLSI_7ZWkM7aQ9EG2jqvpIyKxSst7XNbIxWUk', '2023-06-20 08:17:31.405276'),
('vnr7md5jsy2etgc30v9tnqxpl8ksx0pd', '.eJxVi70KwjAQgN8ls5TcpTlyjoKP4ByuyYUUtYJtJvHdjdBB1-_nZaK0rca26jPO2RwNenP4hZOkqy5fIyk92rINOxnOd5lvl96c9uTvq7LWPtGkpIWZbUgcAChDKjlIQVVHXjOQG4msx2IDI6L1MHZYPATK1pn3B9XLM8Y:1q6Rzx:xqshYAzT-0T014OxJjitV0e6-f4WG4t_6CdZ_cvog-o', '2023-06-20 08:25:01.390899'),
('vokio97msfa031p3ht50vkd7pqzd3zz0', '.eJxVi8sKwjAUBf8laylpcpM2LgU_wXW4r5KiVrDNSvx3I3ShZzkz52Uy1q3kuuozz2KOpk_m8AsJ-arL1yDzoy5bt5PufMf5dmnNaU_-fgXX0k4ORj8msMKMoOQj9wTOk5NIoY2cnyCoDaoy2eAHELIuNjtIshrN-wPTsTSc:1q8mnu:2hybiqvtfuxVQE9fiBjS6bl0WqgCEEoUX4fze8LT_rs', '2023-06-26 19:02:14.198578'),
('votqw350sa1ahih04sye2bepr087fmdl', '.eJxVi0sOgjAQQO8ya0Moln5cmngE183MdCYlKiZAV8a7AwkL3b7PBxLWpaQ6y5SGDBdwcPplhPyQcRfI_K7j0hykub1weN635nokf1_BuWyTp1aDIcSzooag1nfsesekKtYY8uzQR-uieO1DNpE7oaBtjmiFjcJ3Bd_2Na0:1qBsjm:lCEddhR-BUjwiuCP_d6T_M59dq1_mFOnMGycoEenExI', '2023-07-05 07:58:46.302553'),
('vp73o9dlnqyndsq7g04glhbzzxbrbisf', '.eJxVi70KwjAQgN_lZilJc7kLjoKP4BwuyYUUtYJtJvHdrdBB1-_nBVH62mJf9BmnAkdgOPyyJPmq81dIzo8-r8NOhvNdpttla0578vc1Wdo2qXdV1fOoaDyyY0y1JGvElsQkjBoseUfBKYY6JipIEmp2hgVz9fD-ALeQNH4:1q7Izz:JKoJVkM6IR98ZRaSLkVmjVwzj0O2R4WSB3lfc-ceX7E', '2023-06-22 17:00:35.210715'),
('vqgi14v3mzisn9p5744i3ztc4z6y6bf1', '.eJxVi70KwjAQgN8ls5S7tJc0joKP4BwulxwpagXbTOK7W6GDrt_Py0Rua41tKc84ZXM0aA6_LLFcy_wVLPJo89rtpDvfebpdtua0J39f5aVuU0H1MvpMmogdiSjo2IMNrEiKGUKgPPRWlaAAWl-gHxwwJnDEJOb9AcYbNGA:1q3YkM:WGprR7DOaI9Ja7Om1JgJb9J4alA4NUeiAaJ1Xlgn7hI', '2023-06-12 09:00:58.410369'),
('vs1rgxtcf4kv2lvvw9zhykp5vbcqnhf4', '.eJxVi0sKwjAQQO-StZROJs3HpeARXIfpZEKKWsE2K-ndG6EL3b7PR0Wqa4l1kXeckjorrU6_bCS-y_wVxPyq89odpLs-aXrcWnM5kr-v0FLaBJqcNw6yMRRYCA0mzDha471GAQspOAkZ3UC-sT7zYG1GDQGZoFfbDpnwM48:1q9m46:uTwBSFyF4TC438J5tjvoWV1oXLNC3tAkFNgepXV1m5A', '2023-06-29 12:27:02.629048'),
('vs23tg2kn71rh68aaku7zo9dztbhajok', '.eJxVjDsOwjAQBe_iGkXx2jg2JRJHoLb245UjIEj5VIi7Y6QU0M6beS-TcVtr3pYy51HMyYAzh19IyLcyfRdkfm7T2u2kuzxwvF-bc96Vv67iUlvUJxYQK33wSUBLAW4_ybtEQxkSW1YUif4YIXpyoGRJiwZS9uJCMu8PAzc2AQ:1q6QSb:xcJ4aC6V9kjG3HvRu0tPuwq4C5_IVuoej9EzpWFUxSg', '2023-06-20 06:46:29.777725'),
('vshwv6851spujxeool2k1yymqqnjer26', '.eJxVi70KwjAQgN8ls5S7tJc0joKP4BwulxwpagXbTOK7W6GDrt_Py0Rua41tKc84ZXM0aA6_LLFcy_wVLPJo89rtpDvfebpdtua0J39f5aVuU0H1MvpMmogdiSjo2IMNrEiKGUKgPPRWlaAAWl-gHxwwJnDEJOb9AcYbNGA:1qAP1d:hMBSgQkWH9R0XTmDaNw8JfXvtp0O3tveBbI4AUhMyZU', '2023-07-01 06:03:05.463458'),
('vstj907hmsnyu2zl0nbtzixye0q1gjp7', '.eJxVi0sKwjAQQO-StZROJs3HpeARXIfpZEKKWsE2K-ndG6EL3b7PR0Wqa4l1kXeckjorrU6_bCS-y_wVxPyq89odpLs-aXrcWnM5kr-v0FLaBJqcNw6yMRRYCA0mzDha471GAQspOAkZ3UC-sT7zYG1GDQGZoFfbDpnwM48:1q6clv:sbv8EXIY03ydveKrc6V4imz8XoETK1ctKGuMvyVotBI', '2023-06-20 19:55:15.393102'),
('vu3lwq4p4i1kx826l4h99w15u0l7x3ey', '.eJxVi80KwjAMgN-lZxkr2drEo-AjeC5pk9ChTnDrSXx3J-yg1-_n5RK3taa26DNN4o5ucIdflrlcdf4KLuXR5rXbSXe-83S7bM1pT_6-ykvdJvQgvRgjBEHJijJYAFP1vrBRBAwDZQ5jVjIAQymgPSHGkTUSufcH2uU1NQ:1q9lzC:LpBSXgQF0kh9RkFGm3psOq93vrE5CGHNv54KsIRJwNU', '2023-06-29 12:21:58.578899'),
('vuph8l53y60beseyos3w1xbvmfizfxvb', '.eJxVi70KwjAQgN8ls5S7tJc0joKP4BwulxwpagXbTOK7W6GDrt_Py0Rua41tKc84ZXM0aA6_LLFcy_wVLPJo89rtpDvfebpdtua0J39f5aVuU0H1MvpMmogdiSjo2IMNrEiKGUKgPPRWlaAAWl-gHxwwJnDEJOb9AcYbNGA:1q8eIX:O1MayYMqQD5gCINpaLuWHINbt-Dw861WuLmDVXcOcG0', '2023-06-26 09:57:17.382118'),
('vvi6q654ce4bptfgg4uwe1hobpuohfe4', '.eJxVi0sKwjAQhu-StRQzpn9bl4JHcB0mMxNa1Aq2WYl3N0IXuv0eLxe5rGMsiz3jpO7o4Ha_LLFcbf4KFnmUeW020pzvPN0utTltyd838jLWqUdmGDFlT0mDgrwE2zOZQBFAOYgKYFWztUktkfadH_IBA7rWvT_ZzTUz:1q9mRG:o4BcZR_5afJCrTJyoc9vR_laNHEpM7WnJrBAeatbrSs', '2023-06-29 12:50:58.121089'),
('vvuvjap7coitbgzgcaepc26y6pnzbitk', '.eJxVi0sKwjAQQO-StZROJs3HpeARXIfpZEKKWsE2K-ndG6EL3b7PR0Wqa4l1kXeckjorrU6_bCS-y_wVxPyq89odpLs-aXrcWnM5kr-v0FLaBJqcNw6yMRRYCA0mzDha471GAQspOAkZ3UC-sT7zYG1GDQGZoFfbDpnwM48:1q4b9G:DHmrsc8HYSqZsn66Z9YyB9h5Uz7OYr-2mNGt9vtug6Q', '2023-06-15 05:46:58.967977'),
('vwr4r8bntitesd7w7uk1oetqeleatn14', '.eJxVi70KwjAQgN8ls5S7tJc0joKP4BwulxwpagXbTOK7W6GDrt_Py0Rua41tKc84ZXM0aA6_LLFcy_wVLPJo89rtpDvfebpdtua0J39f5aVuU0H1MvpMmogdiSjo2IMNrEiKGUKgPPRWlaAAWl-gHxwwJnDEJOb9AcYbNGA:1q6oFu:wD937Ilj0ssaXf3msfGaF9gkc4ApIyBn7dXAIg-9E2c', '2023-06-21 08:10:58.129201'),
('vwseqknz6pxok53p96u3eqzgbwcj8wra', '.eJxVi70OwiAQgN-F2TTAAYeOJj6CM7k7IDRqTdoyGd_dmnTQ9ft5qUR9bakvZU5jVicFXh1-IZPcyvQ1JPLs0zrsZLg8aLxft-a8J39fo6VtExMgcNSUOQQTBTyBBae5RGdzNgapoJARrKUGCxqZizNcCcjDEdX7A-WANRg:1q8dBx:rdwpsKLoCY-yM7LnFpyOf76lERY7V9DGybmpzhrdAwI', '2023-06-26 08:46:25.091941'),
('vxhehtfsirfmm63eg9f8hfstdcctprio', '.eJxVi0sKwjAQQO-StZROJs3HpeARXIfpZEKKWsE2K-ndG6EL3b7PR0Wqa4l1kXeckjorrU6_bCS-y_wVxPyq89odpLs-aXrcWnM5kr-v0FLaBJqcNw6yMRRYCA0mzDha471GAQspOAkZ3UC-sT7zYG1GDQGZoFfbDpnwM48:1qBpd1:VZ0_YYo-rQMZqpt2oVoCslHcJiDiz78RXQDS_6YoTIw', '2023-07-05 04:39:35.280072'),
('vxyc4qgabhtfihkvf6ljoezd3l3y6kpe', '.eJxVi8sKwjAQRf9l1lImTZo4LoV-QtdhJg9S1AptsxL_3Qhd6O4-znmB57oXX7e0-jnCBfoBTr-jcLil5ftwCM-67N2xdOOD5_vUmOuB_HmFt9IkJQG1pcFxIEWmV4YZrWEkZ-xZNBlNTkR0q4iUcszZWtTELVF08P4Asjc0Jg:1qATR5:gC9HAEFFZtXUQulwYxFAP8n5rYDEIuf2z31yJJVCV_I', '2023-07-01 10:45:39.304536'),
('vy2d74t83z010p2lu5m57h4rwazu7exl', '.eJxVi0sKwjAQhu-StRQzpn9bl4JHcB0mMxNa1Aq2WYl3N0IXuv0eLxe5rGMsiz3jpO7o4Ha_LLFcbf4KFnmUeW020pzvPN0utTltyd838jLWqUdmGDFlT0mDgrwE2zOZQBFAOYgKYFWztUktkfadH_IBA7rWvT_ZzTUz:1q8yog:Wuuj0FX24fe-1URRQWlgQHCvS5EZyUUo0oV3zgdMkNU', '2023-06-27 07:51:50.931657'),
('vy62od8bo1arvmeej3oukpkk8u3lf9ha', '.eJxVi0sKwjAQQO-StZROJs3HpeARXIfpZEKKWsE2K-ndG6EL3b7PR0Wqa4l1kXeckjorrU6_bCS-y_wVxPyq89odpLs-aXrcWnM5kr-v0FLaBJqcNw6yMRRYCA0mzDha471GAQspOAkZ3UC-sT7zYG1GDQGZoFfbDpnwM48:1q6dSI:8-cilMmSlGOEFNHusNnFbKu4ftR0kmtq0c3bM9A99gI', '2023-06-20 20:39:02.802380'),
('vyyp40pw67sr7bdmryi9cuinu1xmi809', '.eJxVi70OwiAQgN-F2TTAAYeOJj6CM7k7IDRqTdoyGd_dmnTQ9ft5qUR9bakvZU5jVicFXh1-IZPcyvQ1JPLs0zrsZLg8aLxft-a8J39fo6VtExMgcNSUOQQTBTyBBae5RGdzNgapoJARrKUGCxqZizNcCcjDEdX7A-WANRg:1q8cN4:pHe0PpBK7zD6dYBmReAy-J6Br6UBJu37DWRonxdOicI', '2023-06-26 07:53:50.603690'),
('vz180945rx8orhskf87w6dq2co706aoe', '.eJxVi0sKwjAQQO-StZROJs3HpeARXIfpZEKKWsE2K-ndG6EL3b7PR0Wqa4l1kXeckjorrU6_bCS-y_wVxPyq89odpLs-aXrcWnM5kr-v0FLaBJqcNw6yMRRYCA0mzDha471GAQspOAkZ3UC-sT7zYG1GDQGZoFfbDpnwM48:1qA1OT:5CLxvcc0i9FoAMVsRfpXhI6dhcAcYj9r5zeEGdwIwJM', '2023-06-30 04:49:05.696138'),
('vznwwbrkom9gvsipraczunsxy2gojpgp', '.eJxVi0kKwjAUQO-StRS_yc_gUvAIrsMfElLUCrZZiXe3Qhe6fcPLZOpLy30uzzyqORpndr-MSa5l-goSefRpGTYynO803i5rc9qSv6_R3Nap-pCYAjgNKSQEVlCPHjHEKMqJWRUOlRCdqCaLNqLsAahGtIW8eX8AtgA0ig:1qAkTJ:v_ifmHEc8PbCNbsvkIjVqkGFEHpIvD0VNpK349qWW80', '2023-07-02 04:57:05.059323'),
('vzpd0pnd4ib2oh4ur86esdy9lpfnljz5', '.eJxVi8sKwjAQRf8laylpOnm5FPwE12FmkiFFrWCblfjvRuhC4a7OPeelEratpraWZ5qzOioT1OEXEvK1LN8HmR9t2YadDOc7zrdLd0678tdVXGuPKFqGkidBEyenIZggQRO57EocXQEkziLg0UfbF8ZMmixa0Cg2evX-AOpGNPA:1qAsxz:lbCI7V7EeoquX6wj9MwqO4vRTdsBMsTlBbcFuqC65uU', '2023-07-02 14:01:19.398137'),
('w09mkf6t8rhkpwxhhvmikktu1o1pgrli', '.eJxVi0EOwiAQRe_C2jRQKMO4NPEIrskwDKFRa2LLynh3MelCl__9914qUttqbKs845zVUY2oDr8wEV9l-T7E_GjLNuxkON9pvl26c9qVv67SWnuUJ-s0ueCT0wBIKCkICHBf1he2drJJyHFxhgG0wUIew4iM2Rcx6v0B0Ik0lw:1q8e5C:RB6ZPjOssX0-8bQtpx5w4k3kPZTzHncqg00VLxkl5x4', '2023-06-26 09:43:30.950490'),
('w09v6y45apb74ay1c1rcnreifp27mwip', '.eJxVizkOwjAUBe_iGkV2vHybEokjUFt_ceQICFISV4i7E1AKeOW8mafK2Naa21LmPIo6KgPq8AsJ-Vqmz4PMjzat3U668x3H22VzTrvy11Vc6jfSUQq6KOSSLUmEgo9QLAlg6K0hBOLeuuC3JcCBB5fYExqwRmv1egP9VTUE:1q3w6Y:rTWGeY7w5COqowaFnJQrr0wEL9YdxLAyzPVDfSnzf0U', '2023-06-13 09:57:26.492011'),
('w0pfjx79bshbzsixj3zg16silp3ra3ro', '.eJxVi70KwjAQgN8ls5QzCZeco-AjdA6X3IUUtYJtJvHdrdBB1-_nZRL3taW-6DNNYk7Gojn8wszlqvPXcCmPPq_DTobLnafbuDXnPfn7Gi9tm5RiDJ4yQhXvINZjUCF0DJrReqoC4sCRuohVRTEHJLUFJFjR4s37A9W6NPc:1q6s6a:ehQ_UADO24Ow3aROX6hU981AsaKqewaFVwy4ycX3Zg8', '2023-06-21 12:17:36.823118'),
('w0qzwryb4i5womb2xhegr55ga37cj6lv', '.eJxVi70KwjAQgN8ls5S7tJc0joKP4BwulxwpagXbTOK7W6GDrt_Py0Rua41tKc84ZXM0aA6_LLFcy_wVLPJo89rtpDvfebpdtua0J39f5aVuU0H1MvpMmogdiSjo2IMNrEiKGUKgPPRWlaAAWl-gHxwwJnDEJOb9AcYbNGA:1qBX5m:zbrlsTjWF0oZmeoKW3JDO2a9U-niPC9v7T5IRDimdz8', '2023-07-04 08:52:02.031444'),
('w1alpj2upbpa9yoj8imhta4ws3gxx4qr', '.eJxVi0sKwjAQQO8yayn5TJLGpeARXIfJZEqKWsE2K_HuRuhCt-_zgkRtq6mt8kxzgSMEC4dfmImvsnwNMT_asg07Gc53mm-X3pz25O-rtNY-sWHMClUZ--6ytjoIxslidkZ5NKRjEDuhOM_GOTSxFLGsfWGSHEd4fwDYGDTM:1qC35R:lp3FxLtkZ2UrDy_kZ_8tJrL_MzQDgo_bk7caJ1uJSxo', '2023-07-05 19:01:49.793997'),
('w2tifyka547rurk5ce42l58vj5zr3cn5', '.eJxVi70KwjAQgN8ls5TcpTlyjoKP4ByuyYUUtYJtJvHdjdBB1-_nZaK0rca26jPO2RwNenP4hZOkqy5fIyk92rINOxnOd5lvl96c9uTvq7LWPtGkpIWZbUgcAChDKjlIQVVHXjOQG4msx2IDI6L1MHZYPATK1pn3B9XLM8Y:1q92t1:U5zmrt-UY69E3sQA1AET36VD5dTT5-mo8vE7JXjc_g4', '2023-06-27 12:12:35.618756'),
('w42wqoygnf8hzpcv8axyw58bt825llha', '.eJxVi0kKwjAUQO-StRS_yc_gUvAIrsMfElLUCrZZiXe3Qhe6fcPLZOpLy30uzzyqORpndr-MSa5l-goSefRpGTYynO803i5rc9qSv6_R3Nap-pCYAjgNKSQEVlCPHjHEKMqJWRUOlRCdqCaLNqLsAahGtIW8eX8AtgA0ig:1qAY9Y:3zrLjFJ2-O9MOo27bHZWqiDL-1EZKhthsW43vMLW8II', '2023-07-01 15:47:52.903633'),
('w5rxg0n67u395ujguoxj19bu04v7t9o7', '.eJxVi0sKwjAQQO-StZROJs3HpeARXIfpZEKKWsE2K-ndG6EL3b7PR0Wqa4l1kXeckjorrU6_bCS-y_wVxPyq89odpLs-aXrcWnM5kr-v0FLaBJqcNw6yMRRYCA0mzDha471GAQspOAkZ3UC-sT7zYG1GDQGZoFfbDpnwM48:1q91hr:bQnhh8PDKgp0miCr4Wwn2DEQGptacSoDCf3Ts-0fnJw', '2023-06-27 10:56:59.332618'),
('w61pkxza6cumvlopvuxrnb7rv5d1rih5', '.eJxVi0kKwjAUQO-StRS_yc_gUvAIrsMfElLUCrZZiXe3Qhe6fcPLZOpLy30uzzyqORpndr-MSa5l-goSefRpGTYynO803i5rc9qSv6_R3Nap-pCYAjgNKSQEVlCPHjHEKMqJWRUOlRCdqCaLNqLsAahGtIW8eX8AtgA0ig:1qAYDx:y--2QVvvQWVD4PX7dqxq_Tm-4Bw-Izz1uKR0tfHkUTA', '2023-07-01 15:52:25.604509'),
('w67k0gqv1yj41jca8c5frurookj3115a', '.eJxVi7sKwjAUQP8ls5QkvUlTR8FPcA73FVLUCraZxH-3Qgddz-NlMra15rboM09ijiZEc_iFhHzV-WuQ-dHmtdtJd77jdLtszWlP_r6KS90m63woiMlpGEZL3kFhYS_AUIhTLFExpjJYSX0h6METjmJFNVACr-b9AfFnNZQ:1qBsjL:F5dSwsf78Z-PUEaJiazVuQhIpvOh3V4ShbnoRxAudxo', '2023-07-05 07:58:19.687207'),
('w6b7it0qad05n4113hslb2mvswu5vtgz', '.eJxVi80KwjAMgN-lZxkr2drEo-AjeC5pk9ChTnDrSXx3J-yg1-_n5RK3taa26DNN4o5ucIdflrlcdf4KLuXR5rXbSXe-83S7bM1pT_6-ykvdJvQgvRgjBEHJijJYAFP1vrBRBAwDZQ5jVjIAQymgPSHGkTUSufcH2uU1NQ:1q6ngW:8v4CjTmnrhSgT_xjpLKcGFuiPsxXJNre47zV_FPsoQU', '2023-06-21 07:34:24.206328'),
('w6w6y878avndddc9d0f7nt3anub1fyex', '.eJxVi70KwjAQgN8ls5S7tJc0joKP4BwulxwpagXbTOK7W6GDrt_Py0Rua41tKc84ZXM0aA6_LLFcy_wVLPJo89rtpDvfebpdtua0J39f5aVuU0H1MvpMmogdiSjo2IMNrEiKGUKgPPRWlaAAWl-gHxwwJnDEJOb9AcYbNGA:1q93M0:Bs1Lgv6YYkZcdJOmYJozYO5vjwckr5cyMG6h6E_mrMI', '2023-06-27 12:42:32.773789'),
('w72jxao989vpew6roy5wn2z8dax8ccbn', '.eJxVizsOwjAQBe_iGkXOxusPJRJHoLZ210aOgCAlcYW4exwpBbxy3sxHRapriXXJcxyTOitAdfqFTPLI0_6QyLtOa3eQ7vqi8XlrzuVQ_rpCS2mRI0jBBcA7gLbsg6Q2Z4j9oJk9a6MNcs7I1GvpUWwYPAYWMATWqO8G3iM0mg:1qBvfC:iTxhHfOsGFgSl9Ga_f1XCz450W4cl5Tx0lLPgkSrxUs', '2023-07-05 11:06:14.512927'),
('w7zjt5n9kaebd45bsxkbj5fv6hw562s7', '.eJxVi70KwjAQgN8ls5S7tJc0joKP4BwulxwpagXbTOK7W6GDrt_Py0Rua41tKc84ZXM0aA6_LLFcy_wVLPJo89rtpDvfebpdtua0J39f5aVuU0H1MvpMmogdiSjo2IMNrEiKGUKgPPRWlaAAWl-gHxwwJnDEJOb9AcYbNGA:1qC3mh:xC8TuTCILmptQSRWKE23UQbWV2ZwGk17H7zUKUEvC10', '2023-07-05 19:46:31.056291'),
('w9dbqr4fkb16kjen3pcutp9e3omo07vb', '.eJxVi70KwjAQgN8ls5Tc5UKio-AjdA53uYQUtYJtJvHdrdBB1-_nZRL3taW-lGea1JwMHs3hFwrna5m_hnN-9HkddjJc7jzdxq0578nf13hp26SxkBDVUIWAo8Pog1iI4hkUFAW9EtkqOYgrDoIjzh5r8eKArZr3B-IHNOg:1qAl43:YAe9o7yum1XCjTccGldBMnbuRVeJvXn2h7TRDB-FuZM', '2023-07-02 05:35:03.304095'),
('w9n4bgx04o3ezufxs9jemybf9sk2l052', '.eJxVi70KwjAQgN8ls5S7tJc0joKP4BwulxwpagXbTOK7W6GDrt_Py0Rua41tKc84ZXM0aA6_LLFcy_wVLPJo89rtpDvfebpdtua0J39f5aVuU0H1MvpMmogdiSjo2IMNrEiKGUKgPPRWlaAAWl-gHxwwJnDEJOb9AcYbNGA:1q5jVt:R4Tfvv1Rtu0LlZHKnC80yPU7al7TFlHpg96fEK3g2vs', '2023-06-18 08:55:01.040199'),
('w9nfbaudw7cty6o5avgiwxn2bne3o61g', '.eJxVi7sOwiAUht-F2TTcDlBHEx_BmfxwIDRqTWyZjO-uTTro-l1eIqKvLfalPOPE4iicEodfmJCvZd4Mcn70eR12MpzvmG6Xb3Pak7-vYWnblJgKe7LSAQQTRnj2owRppwvnWl21xgadismKwORNZajATFraJN4f9181XQ:1qC4Tc:FgL_1R9M5RemyQTZsyWCsE86XSOZ8Qb4w5rdCNV-dWI', '2023-07-05 20:30:52.670509'),
('wa5b6c9czn26y2ibqnjimtpptlsxgpun', '.eJxVi70KwjAQgN8ls5TcpTlyjoKP4ByuyYUUtYJtJvHdjdBB1-_nZaK0rca26jPO2RwNenP4hZOkqy5fIyk92rINOxnOd5lvl96c9uTvq7LWPtGkpIWZbUgcAChDKjlIQVVHXjOQG4msx2IDI6L1MHZYPATK1pn3B9XLM8Y:1q6Vzr:I3WIUzKGH_n1d4GFbkoZLRNH_FMiwcPAPCr8GJCtIY0', '2023-06-20 12:41:11.021107'),
('wd072duwu6poatddue6mucisvlq4bppm', '.eJxVizsOwjAQBe_iGkXOxusPJRJHoLZ210aOgCAlcYW4exwpBbxy3sxHRapriXXJcxyTOitAdfqFTPLI0_6QyLtOa3eQ7vqi8XlrzuVQ_rpCS2mRI0jBBcA7gLbsg6Q2Z4j9oJk9a6MNcs7I1GvpUWwYPAYWMATWqO8G3iM0mg:1qBwbw:1C8bJfxON-zKE2AXjcZ6fjHoVxdZ16puPx6tZ7a-C88', '2023-07-05 12:06:56.237729'),
('wei2nwm2l16t7okk9962jr4ee9hq9jc6', '.eJxVi70KwjAQgN_lZilJc7kLjoKP4BwuyYUUtYJtJvHdrdBB1-_nBVH62mJf9BmnAkdgOPyyJPmq81dIzo8-r8NOhvNdpttla0578vc1Wdo2qXdV1fOoaDyyY0y1JGvElsQkjBoseUfBKYY6JipIEmp2hgVz9fD-ALeQNH4:1qAlo6:WaShwN3cDKIfGuxt3oKpO5QZyc8F3RQHfEuPbMaj-Ac', '2023-07-02 06:22:38.804185'),
('wejmemk8ysy4zghfot626fnt0imcpy82', '.eJxVi0sKwjAQQO-StZR8ZhLGpeARXIdpZkKKWsE2K_HuVuhCt-_zMpn72nJf9JknMUcDwRx-4cjlqvPXcCmPPq_DTobznafbZWtOe_L3NV7aNjkaUV1QzzZ5qkQUMVah4EbHABVUUqhoLYoHF6WAaCpok1UUFjTvD8coNHo:1q91g0:xDo_YYnAx-vbe5SwTREky0p6sbJjiAgiOGmA-eAFtZc', '2023-06-27 10:55:04.454489'),
('wep7dp5xyi26nzsza0bdd0mw1zchcia0', '.eJxVi70KwjAQgN8ls5S7tJc0joKP4BwulxwpagXbTOK7W6GDrt_Py0Rua41tKc84ZXM0aA6_LLFcy_wVLPJo89rtpDvfebpdtua0J39f5aVuU0H1MvpMmogdiSjo2IMNrEiKGUKgPPRWlaAAWl-gHxwwJnDEJOb9AcYbNGA:1q9m1j:WTra2ogLEwW7Oy98tiwwAmBY0JltqSX0DE89wxOSo-s', '2023-06-29 12:24:35.488082'),
('wg9ip5m0m66i4ctfszlhs2xdkgc098b6', '.eJxVi0sKwjAQQO-StZROJs3HpeARXIfpZEKKWsE2K-ndG6EL3b7PR0Wqa4l1kXeckjorrU6_bCS-y_wVxPyq89odpLs-aXrcWnM5kr-v0FLaBJqcNw6yMRRYCA0mzDha471GAQspOAkZ3UC-sT7zYG1GDQGZoFfbDpnwM48:1qBtHl:IT6DgVmIJA-KSDkBdwnb7QCO_mhM-r8qURyCNn1YliY', '2023-07-05 08:33:53.632070'),
('wi57ik9dyp0awdooern59m0a65o7cfsh', '.eJxVi0EKwjAQRe-StZRMmkxSl4JHcB0mkwkpagXbrMS7G6ELXX14_72XitS2GtsqzzhndVRo1OEXJuKrLN-HmB9t2YadDOc7zbdLd0678tdVWmuPtACA01MoTkYxbhpTloTFcvHAjJitDim5jH0IMrI2oCV4KsWz9er9Ad0LNQA:1qC9Te:AJw0rr5YSGPkc7uBRn4F0Ei_PzSjc0pmzfaN_s6-gyU', '2023-07-06 01:51:14.860531'),
('wied08uchaty4dfo79lcvpns620ce0fy', '.eJxVi70KwjAQgN8ls5Qjl14ujoKP4BwuyYUUtYJtJvHdrdBB1-_nZaL0tcW-6DNOxRyNRXP4hUnyVeevkZwffV6HnQznu0y3y9ac9uTva7K0bWJJQiC-VKqAKso-oxb2gYBdJeZM1iLCiKOCuKAusGTPthKUkMz7A-TxNI4:1qARXh:hXznWTypKDDFhoqC5DfR9hc9s7KoX3Z-6iO0-4qV9JE', '2023-07-01 08:44:21.980579'),
('wigw49ky5d8kkj3tget2usm8l6app5c6', '.eJxVi70OwiAQgN-F2TQHB1dxNPERnMlxQGjUmrRlMr5726SDrt_PRwVuSw1tzlMYkroo3avTL4wsjzzuhkXebVy6g3S3Fw_P-9Zcj-TvqzzXbcrIaBCiYW2ppAQOwHkDDILalrMHgB58iZGMsT5pDeIskSNCZBL1XQGunzMp:1q6sJp:AJGv3t5973-Brjr3uEFADh-EvNlWuhBK9JyqThD55ko', '2023-06-21 12:31:17.708740'),
('wiowrt5etmhku78xudg3by9aj9t3dmlm', '.eJxVi0sKwjAQQO-StZROJs3HpeARXIfpZEKKWsE2K-ndG6EL3b7PR0Wqa4l1kXeckjorrU6_bCS-y_wVxPyq89odpLs-aXrcWnM5kr-v0FLaBJqcNw6yMRRYCA0mzDha471GAQspOAkZ3UC-sT7zYG1GDQGZoFfbDpnwM48:1qBhNQ:pGCf3BgVk3ShIC9AZDkVwfrZV3Plpbx3flgmBGECwCk', '2023-07-04 19:50:56.006706'),
('wj9whgp90ywgovgcpsg8cepf8yt0pqo0', '.eJxVi70KwjAQgN8ls5QzCZeco-AjdA6X3IUUtYJtJvHdrdBB1-_nZRL3taW-6DNNYk7Gojn8wszlqvPXcCmPPq_DTobLnafbuDXnPfn7Gi9tm5RiDJ4yQhXvINZjUCF0DJrReqoC4sCRuohVRTEHJLUFJFjR4s37A9W6NPc:1q6SwY:I38XFEqR9dk6fW4tWDvA_j3nrDRNghDXoR3c3dChas8', '2023-06-20 09:25:34.161461'),
('wkckoljtfy4728mefmyx3img8y5y0uq5', '.eJxVi0EOwiAQRe_C2jRQKMO4NPEIrskwDKFRa2LLynh3MelCl__9914qUttqbKs845zVUY2oDr8wEV9l-T7E_GjLNuxkON9pvl26c9qVv67SWnuUJ-s0ueCT0wBIKCkICHBf1he2drJJyHFxhgG0wUIew4iM2Rcx6v0B0Ik0lw:1qA27F:zPydrmyRZcoGKTF1JnIJaKcRfTXtdnPE2TcXUr7XLVM', '2023-06-30 05:35:21.774836'),
('wkwf1fjepe401h5n3x95paj3t83k2c9a', '.eJxVi70OwiAQgN-F2TQHB1dxNPERnMlxQGjUmrRlMr5726SDrt_PRwVuSw1tzlMYkroo3avTL4wsjzzuhkXebVy6g3S3Fw_P-9Zcj-TvqzzXbcrIaBCiYW2ppAQOwHkDDILalrMHgB58iZGMsT5pDeIskSNCZBL1XQGunzMp:1q6sCP:2tp7-I1TUrdBbdx_GvyYAxmZKmZAquut7QxAUMyxo9Y', '2023-06-21 12:23:37.899545'),
('wlo64q2rd0juc4u35dytn99b8ob40c4s', '.eJxVi0sKwjAQQO-StZROJs3HpeARXIfpZEKKWsE2K-ndG6EL3b7PR0Wqa4l1kXeckjorrU6_bCS-y_wVxPyq89odpLs-aXrcWnM5kr-v0FLaBJqcNw6yMRRYCA0mzDha471GAQspOAkZ3UC-sT7zYG1GDQGZoFfbDpnwM48:1qAXqK:RpPbaxpCdJxXoP7emcg0PFcfybP28QWu3jnx5vlb_Qs', '2023-07-01 15:28:00.877862'),
('wm9rfd0lo5rqp5h52q21t2wtsgju0mak', '.eJxVi0sKwjAQQO8yayn5TJLGpeARXIfJZEqKWsE2K_HuRuhCt-_zgkRtq6mt8kxzgSMEC4dfmImvsnwNMT_asg07Gc53mm-X3pz25O-rtNY-sWHMClUZ--6ytjoIxslidkZ5NKRjEDuhOM_GOTSxFLGsfWGSHEd4fwDYGDTM:1qCC4r:LprJWLhDzQj9YxZJl2oITQjUc7CHZ_PTiJl81eBUpxY', '2023-07-06 04:37:49.070760'),
('wn3du1zk185ukkubz0ooxzsaxq96zchm', '.eJxVi0sKwjAQQO8yaylO_nEpeATXYTKTkKJWaJuVeHcrdKHb93lBor621Jcyp1HgBBjh8Asz8a1MX0PMzz6tw06Gy4PG-3Vrznvy9zVa2jZZIW8z-hKMZg7CupairBOvxCEGpWKkesRQ0ZB3JmbUujrMpMiJFXh_AOCeNKk:1q7A31:a4dxHHZgENLOQrLy-EKsL5hCH79Y0-HhgN0sZyraLm8', '2023-06-22 07:27:07.584716'),
('wnydvheslcsv9swybg11bp4bahawc3ub', '.eJxVi0EKwjAQRe-StZRMmkxSl4JHcB0mkwkpagXbrMS7G6ELXX14_72XitS2GtsqzzhndVRo1OEXJuKrLN-HmB9t2YadDOc7zbdLd0678tdVWmuPtACA01MoTkYxbhpTloTFcvHAjJitDim5jH0IMrI2oCV4KsWz9er9Ad0LNQA:1qByL5:BZNTxNdDVWv10DmOrhSnLWuwmXRYxpkx6yqeqsIql2Q', '2023-07-05 13:57:39.551778'),
('wo1oif6ob8f21pecj2wtlphapgkinnxx', '.eJxVi70OwiAQgN-F2TQHB1dxNPERnMlxQGjUmrRlMr5726SDrt_PRwVuSw1tzlMYkroo3avTL4wsjzzuhkXebVy6g3S3Fw_P-9Zcj-TvqzzXbcrIaBCiYW2ppAQOwHkDDILalrMHgB58iZGMsT5pDeIskSNCZBL1XQGunzMp:1q6T6W:m38hFcoKWOy0wNsEOsOg9nCtOigygiSDLGFR_9vHMzs', '2023-06-20 09:35:52.865266'),
('wo51a7k91j294eui6rmw6qw7y2ot0f87', '.eJxVi70OwiAQgN-F2TQHB1dxNPERnMlxQGjUmrRlMr5726SDrt_PRwVuSw1tzlMYkroo3avTL4wsjzzuhkXebVy6g3S3Fw_P-9Zcj-TvqzzXbcrIaBCiYW2ppAQOwHkDDILalrMHgB58iZGMsT5pDeIskSNCZBL1XQGunzMp:1q8eET:pz1-YYOx6smlGhPiyOT2D3tlUwkcEbMiHOtmC0o2OXc', '2023-06-26 09:53:05.424519'),
('woztngxm714rldcauf0exup3mhx0p2xf', '.eJxVi0sKwjAQQO-StZROJs3HpeARXIfpZEKKWsE2K-ndG6EL3b7PR0Wqa4l1kXeckjorrU6_bCS-y_wVxPyq89odpLs-aXrcWnM5kr-v0FLaBJqcNw6yMRRYCA0mzDha471GAQspOAkZ3UC-sT7zYG1GDQGZoFfbDpnwM48:1q8mDM:8Gki99q-wjq19eolb0dMo-jQJrtPyatCGvLpEhbEUmU', '2023-06-26 18:24:28.611687'),
('wql13na7j3od783f8ahs8zvs1l7armrb', '.eJxVi70KwjAQgN8ls5S7tJc0joKP4BwulxwpagXbTOK7W6GDrt_Py0Rua41tKc84ZXM0aA6_LLFcy_wVLPJo89rtpDvfebpdtua0J39f5aVuU0H1MvpMmogdiSjo2IMNrEiKGUKgPPRWlaAAWl-gHxwwJnDEJOb9AcYbNGA:1q6Rzh:FmenGrsX_Erx8m6opPa9zBz2kWtpVDGyoozXFauEvv4', '2023-06-20 08:24:45.467448'),
('wr7i0hb5g8wxzwb8a6qbqk4rhfvtuqhh', '.eJxVi8sKwjAQRf8laylpOnm5FPwE12FmkiFFrWCblfjvRuhC4a7OPeelEratpraWZ5qzOioT1OEXEvK1LN8HmR9t2YadDOc7zrdLd0678tdVXGuPKFqGkidBEyenIZggQRO57EocXQEkziLg0UfbF8ZMmixa0Cg2evX-AOpGNPA:1q8dzG:nHO_tdmnZ7K1wjd9hIuoSK9JsJrIedVMP-cQHiEc9ss', '2023-06-26 09:37:22.421073'),
('wr9uyavrpm2tmcczlmjpokahb6nicvtk', '.eJxVi0sKwjAQQO-StZROJs3HpeARXIfpZEKKWsE2K-ndG6EL3b7PR0Wqa4l1kXeckjorrU6_bCS-y_wVxPyq89odpLs-aXrcWnM5kr-v0FLaBJqcNw6yMRRYCA0mzDha471GAQspOAkZ3UC-sT7zYG1GDQGZoFfbDpnwM48:1q8ziO:rGM6LUy_0w9FEud0K_vB9sdeS_gYsKhRPwX2nZOkjKQ', '2023-06-27 08:49:24.472301'),
('wrrjllvfy37j9x7hae1vd3be0o1c6w6o', '.eJxVi70KwjAQgN8ls5S7tJc0joKP4BwulxwpagXbTOK7W6GDrt_Py0Rua41tKc84ZXM0aA6_LLFcy_wVLPJo89rtpDvfebpdtua0J39f5aVuU0H1MvpMmogdiSjo2IMNrEiKGUKgPPRWlaAAWl-gHxwwJnDEJOb9AcYbNGA:1q6QR9:ajDTC2wA114CWJKHTL64R_K7fBAGbb1mKAg3Q6yo2KA', '2023-06-20 06:44:59.886922'),
('wt2i5ibffcigkj88ya442y1pmsv2omsj', '.eJxVi0sKwjAQQO-StZROJs3HpeARXIfpZEKKWsE2K-ndG6EL3b7PR0Wqa4l1kXeckjorrU6_bCS-y_wVxPyq89odpLs-aXrcWnM5kr-v0FLaBJqcNw6yMRRYCA0mzDha471GAQspOAkZ3UC-sT7zYG1GDQGZoFfbDpnwM48:1qA9CP:nI997BnMNrhaQk5miNHLfpjzu_NFfbtO21ZeqbYopJ4', '2023-06-30 13:09:09.611279'),
('wtyyr8ollj0dnl67kafh5snd3eunja02', '.eJxVi70KwjAQgN8ls5Tc5UKio-AjdA53uYQUtYJtJvHdrdBB1-_nZRL3taW-lGea1JwMHs3hFwrna5m_hnN-9HkddjJc7jzdxq0578nf13hp26SxkBDVUIWAo8Pog1iI4hkUFAW9EtkqOYgrDoIjzh5r8eKArZr3B-IHNOg:1qBeIP:Eno-kHNVH04r1MUo8lSnF1Qi8isFi_ayN-uKfRYQtLk', '2023-07-04 16:33:33.264229'),
('wu5015w7tdvdynjlnsq2tsezrsphizmp', '.eJxVi70KwjAQgN8ls5Tc5UKio-AjdA53uYQUtYJtJvHdrdBB1-_nZRL3taW-lGea1JwMHs3hFwrna5m_hnN-9HkddjJc7jzdxq0578nf13hp26SxkBDVUIWAo8Pog1iI4hkUFAW9EtkqOYgrDoIjzh5r8eKArZr3B-IHNOg:1qAlTn:LdiHyjLUNaGqL8FY3i37iePeWrnSPiBIrelo0FVQ_pQ', '2023-07-02 06:01:39.958379'),
('wu654tgpcmvrgovnacc2etc5pu53v678', '.eJxVi0EOwiAQRe_C2jRQKMO4NPEIrskwDKFRa2LLynh3MelCl__9914qUttqbKs845zVUY2oDr8wEV9l-T7E_GjLNuxkON9pvl26c9qVv67SWnuUJ-s0ueCT0wBIKCkICHBf1he2drJJyHFxhgG0wUIew4iM2Rcx6v0B0Ik0lw:1q6sIf:TqypVlDa6VOjA6os2EYT2nYyDJ0Hfqc8m_yWrrLFJNs', '2023-06-21 12:30:05.636637'),
('wuuvrl3yh0k4wlowo17wd174i3m1f1fm', '.eJxVi8sKwjAUBf8laylpcpM2LgU_wXW4r5KiVrDNSvx3I3ShZzkz52Uy1q3kuuozz2KOpk_m8AsJ-arL1yDzoy5bt5PufMf5dmnNaU_-fgXX0k4ORj8msMKMoOQj9wTOk5NIoY2cnyCoDaoy2eAHELIuNjtIshrN-wPTsTSc:1qBspQ:S4zr5Ti1mhcsVloZ23cP3jlJ7H_UO5pjmduZM1dKmec', '2023-07-05 08:04:36.216090'),
('wv5ijo8lmfmzgnwn9l7q8prg7vvuw0io', '.eJxVi0sKwjAQQO-StZROJs3HpeARXIfpZEKKWsE2K-ndG6EL3b7PR0Wqa4l1kXeckjorrU6_bCS-y_wVxPyq89odpLs-aXrcWnM5kr-v0FLaBJqcNw6yMRRYCA0mzDha471GAQspOAkZ3UC-sT7zYG1GDQGZoFfbDpnwM48:1q4KzQ:WuvuAa9NXlKCQot1szACZ23mTlDXDes5p_TSMG7UFPA', '2023-06-14 12:31:44.263181'),
('ww5ru2r2ji2pxii1zz36ps93jw5j0mh9', '.eJxVizsOwjAQBe_iGkXOxusPJRJHoLZ210aOgCAlcYW4exwpBbxy3sxHRapriXXJcxyTOitAdfqFTPLI0_6QyLtOa3eQ7vqi8XlrzuVQ_rpCS2mRI0jBBcA7gLbsg6Q2Z4j9oJk9a6MNcs7I1GvpUWwYPAYWMATWqO8G3iM0mg:1qBvIs:S-LORz5cfxwEUK_K8bpHU1DRdPOqtXI66PmJyI_YPMQ', '2023-07-05 10:43:10.744813'),
('wxaq02a3est5w5e2lat1f2kkuwvhejm2', '.eJxVi0sKwjAQQO-StZROJs3HpeARXIfpZEKKWsE2K-ndG6EL3b7PR0Wqa4l1kXeckjorrU6_bCS-y_wVxPyq89odpLs-aXrcWnM5kr-v0FLaBJqcNw6yMRRYCA0mzDha471GAQspOAkZ3UC-sT7zYG1GDQGZoFfbDpnwM48:1q4gkY:AAn3t1eF7Zbk7QsvsfFUJiQnle3YornKR4ns4SzPB0Q', '2023-06-15 11:45:50.859484'),
('wzli3u0ve9rxc7grqhvgkeiflshl7zsz', '.eJxVi0sKwjAQQO-StZROJs3HpeARXIfpZEKKWsE2K-ndG6EL3b7PR0Wqa4l1kXeckjorrU6_bCS-y_wVxPyq89odpLs-aXrcWnM5kr-v0FLaBJqcNw6yMRRYCA0mzDha471GAQspOAkZ3UC-sT7zYG1GDQGZoFfbDpnwM48:1qB7RR:ZSlP2AwQ_deClJ-ujEYnyUvLsa07fMyclfGoUY0-URk', '2023-07-03 05:28:41.700973'),
('x0c7rex2eq0qr6za3dihfxppl1mk17if', '.eJxVi0sKwjAQQO-StZQkZjLWpeARXIf5JKSoFWyzEu9uhC50-z4vk6itNbUlP9Ok5mgCmN0vZJJrnr-GRB5tXoeNDOc7TbdLb05b8vdVWmqfrDBwZH8oggAjKHkNGYFVnBJldAHHfWFb0NqIhNEq-4DKrn8o5v0B9lQ1Lg:1q9Kgi:a7WuxuidoultYPtxqwP9Nm-4FvsrN6DmCeEJTU1y924', '2023-06-28 07:13:04.727934'),
('x0qc0mo369n1ecpfazigj4p83k41y9az', '.eJxVi0EOwiAQRe_C2jRQKMO4NPEIrskwDKFRa2LLynh3MelCl__9914qUttqbKs845zVUY2oDr8wEV9l-T7E_GjLNuxkON9pvl26c9qVv67SWnuUJ-s0ueCT0wBIKCkICHBf1he2drJJyHFxhgG0wUIew4iM2Rcx6v0B0Ik0lw:1q8dsp:dq7anB8P380KeiZT4c3HzzyTMAbhOtrx2rZVH8MGl-E', '2023-06-26 09:30:43.103623'),
('x1n2igt4trqaxelkdjfi10fc9onuews4', '.eJxVi0sKwjAQQO-StZROJs3HpeARXIfpZEKKWsE2K-ndG6EL3b7PR0Wqa4l1kXeckjorrU6_bCS-y_wVxPyq89odpLs-aXrcWnM5kr-v0FLaBJqcNw6yMRRYCA0mzDha471GAQspOAkZ3UC-sT7zYG1GDQGZoFfbDpnwM48:1q5hKn:_sndoxu9w9p9uVBoGU12ROaHmUj1G1P_dwnr2O02Zq0', '2023-06-18 06:35:25.580652'),
('x5jmzofg93bl90x1tp6qsq93oqdujj6u', '.eJxVi70KwjAQgN8ls5S7tJc0joKP4BwulxwpagXbTOK7W6GDrt_Py0Rua41tKc84ZXM0aA6_LLFcy_wVLPJo89rtpDvfebpdtua0J39f5aVuU0H1MvpMmogdiSjo2IMNrEiKGUKgPPRWlaAAWl-gHxwwJnDEJOb9AcYbNGA:1q6VYB:D1dwUJNzW3SzusSKX41tKz1yaEl1rU8-DnWjjrEfSuQ', '2023-06-20 12:12:35.491449'),
('x5lvjhxmhizg842hew76trvq4wxktme9', '.eJxVi7sOwiAUht-F2TTcDlBHEx_BmfxwIDRqTWyZjO-uTTro-l1eIqKvLfalPOPE4iicEodfmJCvZd4Mcn70eR12MpzvmG6Xb3Pak7-vYWnblJgKe7LSAQQTRnj2owRppwvnWl21xgadismKwORNZajATFraJN4f9181XQ:1qC0N0:SYX9y7HUQwHG_KTZoKVw7YV6E-vSbJ9wUzmD6_1voUE', '2023-07-05 16:07:46.729124'),
('x73m6u2kwhi1xfkge531lvpcguqognkm', '.eJxVi70KwjAQgN8ls5Tc5UKio-AjdA53uYQUtYJtJvHdrdBB1-_nZRL3taW-lGea1JwMHs3hFwrna5m_hnN-9HkddjJc7jzdxq0578nf13hp26SxkBDVUIWAo8Pog1iI4hkUFAW9EtkqOYgrDoIjzh5r8eKArZr3B-IHNOg:1qAl1L:E8apU4JPKXsXjM2ln9OQBDlK-sr-vBxShv6gJmkX49I', '2023-07-02 05:32:15.772653'),
('x77nxrts2gvnw29b0j32n0bxiyvwf8b3', '.eJxVi70KwjAQgN8ls5S7tJc0joKP4BwulxwpagXbTOK7W6GDrt_Py0Rua41tKc84ZXM0aA6_LLFcy_wVLPJo89rtpDvfebpdtua0J39f5aVuU0H1MvpMmogdiSjo2IMNrEiKGUKgPPRWlaAAWl-gHxwwJnDEJOb9AcYbNGA:1q6V0A:eHguu7JnOdrd_k8abF50iiLvdlzSsicemG-aqUlQ3PI', '2023-06-20 11:37:26.411110'),
('x7al8t835vubpu2g5ldpat6ncxhbl9qj', '.eJxVi70KwjAQgN8ls5S7tJc0joKP4BwulxwpagXbTOK7W6GDrt_Py0Rua41tKc84ZXM0aA6_LLFcy_wVLPJo89rtpDvfebpdtua0J39f5aVuU0H1MvpMmogdiSjo2IMNrEiKGUKgPPRWlaAAWl-gHxwwJnDEJOb9AcYbNGA:1qBDTg:HXB44EtcwUuMjDzdfUzkJgoU8lfYzrDudOQOJyk9h6o', '2023-07-03 11:55:24.018832'),
('x7klsn5y1rbz4wmfwbg1c7nhs35dzk5p', '.eJxVi70KwjAQgN_lZilJc7kLjoKP4BwuyYUUtYJtJvHdrdBB1-_nBVH62mJf9BmnAkdgOPyyJPmq81dIzo8-r8NOhvNdpttla0578vc1Wdo2qXdV1fOoaDyyY0y1JGvElsQkjBoseUfBKYY6JipIEmp2hgVz9fD-ALeQNH4:1q8gRI:uXq7gzdXPi47g_4ZM2icgZZbx0yuSHeBs4LXlAk3liQ', '2023-06-26 12:14:28.641935'),
('x7ru2df94nfks6zu949nqu0ll8h3x0ms', '.eJxVi70KwjAQgN8ls5S7tJc0joKP4BwulxwpagXbTOK7W6GDrt_Py0Rua41tKc84ZXM0aA6_LLFcy_wVLPJo89rtpDvfebpdtua0J39f5aVuU0H1MvpMmogdiSjo2IMNrEiKGUKgPPRWlaAAWl-gHxwwJnDEJOb9AcYbNGA:1q92Gs:nOUbXa6xt3OFSSYMeG3ZP6VwdBIlxDI37B2ZaHZNUtk', '2023-06-27 11:33:10.959935'),
('x8a89bksjwrv8b97cjyrg3myotnlih48', '.eJxVi0sKwjAQQO-StZROJs3HpeARXIfpZEKKWsE2K-ndG6EL3b7PR0Wqa4l1kXeckjorrU6_bCS-y_wVxPyq89odpLs-aXrcWnM5kr-v0FLaBJqcNw6yMRRYCA0mzDha471GAQspOAkZ3UC-sT7zYG1GDQGZoFfbDpnwM48:1qBDO1:NScIfrVmX8VxAjTgDAI-aWe0uzx-fEJwI4WmpBgvcz0', '2023-07-03 11:49:33.846873'),
('x8x6o49z7ucy74o5dmgl44ka15uvl1af', '.eJxVi8sKwjAQRf9l1lImTZo4LoV-QtdhJg9S1AptsxL_3Qhd6O4-znmB57oXX7e0-jnCBfoBTr-jcLil5ftwCM-67N2xdOOD5_vUmOuB_HmFt9IkJQG1pcFxIEWmV4YZrWEkZ-xZNBlNTkR0q4iUcszZWtTELVF08P4Asjc0Jg:1qAPjg:ywfaCmeuhpQxP5SRYctbbnu7coCMypK-y48u6cIk6kI', '2023-07-01 06:48:36.166096'),
('xa6hgkf4r9iay1ewhcrre7akylpikzbb', '.eJxVi7sOwiAUht-F2TTcDlBHEx_BmfxwIDRqTWyZjO-uTTro-l1eIqKvLfalPOPE4iicEodfmJCvZd4Mcn70eR12MpzvmG6Xb3Pak7-vYWnblJgKe7LSAQQTRnj2owRppwvnWl21xgadismKwORNZajATFraJN4f9181XQ:1qC0Jp:h8gJRVWFDmSzyxH9BCgbJU5A-NV3zo-KaV851XZynCQ', '2023-07-05 16:04:29.818270'),
('xar15j0fxualxl7klme1v2zzy4r5g675', '.eJxVi0sKwjAQQO-StZROJs3HpeARXIfpZEKKWsE2K-ndG6EL3b7PR0Wqa4l1kXeckjorrU6_bCS-y_wVxPyq89odpLs-aXrcWnM5kr-v0FLaBJqcNw6yMRRYCA0mzDha471GAQspOAkZ3UC-sT7zYG1GDQGZoFfbDpnwM48:1q8eY2:Kq1AHH5RB699I4RQgFDx6_gh9r6ea6sr6L3HsEGpFBM', '2023-06-26 10:13:18.592985'),
('xbndkbx5a01bs8g6o03pk6degcbekv40', '.eJxVi0EKwjAQRe-StZRMmkxSl4JHcB0mkwkpagXbrMS7G6ELXX14_72XitS2GtsqzzhndVRo1OEXJuKrLN-HmB9t2YadDOc7zbdLd0678tdVWmuPtACA01MoTkYxbhpTloTFcvHAjJitDim5jH0IMrI2oCV4KsWz9er9Ad0LNQA:1qBy74:Mj2UQyZwCkmTKLRsgzpqRmsOTfmPIck_WGmowY9LPWg', '2023-07-05 13:43:10.714351'),
('xbt1h3lsngwg5jmyw3wkc09lfkga44h5', '.eJxVi0sKwjAQQO-StZR8ZhLGpeARXIdpZkKKWsE2K_HuVuhCt-_zMpn72nJf9JknMUcDwRx-4cjlqvPXcCmPPq_DTobznafbZWtOe_L3NV7aNjkaUV1QzzZ5qkQUMVah4EbHABVUUqhoLYoHF6WAaCpok1UUFjTvD8coNHo:1q91xj:HE9ZNLT9pllMm7gwNdCkxa3W4CLRXfNK2BBFkdMn3zo', '2023-06-27 11:13:23.105526'),
('xdfhvhx2ocm54cbnuwuh1yyyqqanx2gf', '.eJxVi0sKwjAQQO-StZROJs3HpeARXIfpZEKKWsE2K-ndG6EL3b7PR0Wqa4l1kXeckjorrU6_bCS-y_wVxPyq89odpLs-aXrcWnM5kr-v0FLaBJqcNw6yMRRYCA0mzDha471GAQspOAkZ3UC-sT7zYG1GDQGZoFfbDpnwM48:1qA1Oz:5AN2oAU_F_09dJ0oTIfUh7q2CpiAY07AhNbPrv1rkdE', '2023-06-30 04:49:37.253431'),
('xdlmw97f3x4s391ooega68h7zxscnmpr', '.eJxVi0EOwiAQRe_C2jRQKMO4NPEIrskwDKFRa2LLynh3MelCl__9914qUttqbKs845zVUY2oDr8wEV9l-T7E_GjLNuxkON9pvl26c9qVv67SWnuUJ-s0ueCT0wBIKCkICHBf1he2drJJyHFxhgG0wUIew4iM2Rcx6v0B0Ik0lw:1q8duP:Qzhfshz1Lr3ejDXuZ1Xa0LBnI33Q_EHQ7LHvl5p6kco', '2023-06-26 09:32:21.242600'),
('xeez8mnacnnfoe7pbokq1ti3m457slcl', '.eJxVi0sKwjAQQO-StZROJs3HpeARXIfpZEKKWsE2K-ndG6EL3b7PR0Wqa4l1kXeckjorrU6_bCS-y_wVxPyq89odpLs-aXrcWnM5kr-v0FLaBJqcNw6yMRRYCA0mzDha471GAQspOAkZ3UC-sT7zYG1GDQGZoFfbDpnwM48:1qAXzN:kQyJ9FDu3n5vcp-EzY5Z51JHhiH_nKsrDWQVmtVzNI8', '2023-07-01 15:37:21.029794'),
('xfaxszecupnw28600smolv61sizevf4h', '.eJxVi70KwjAQgN8ls5S7tJc0joKP4BwulxwpagXbTOK7W6GDrt_Py0Rua41tKc84ZXM0aA6_LLFcy_wVLPJo89rtpDvfebpdtua0J39f5aVuU0H1MvpMmogdiSjo2IMNrEiKGUKgPPRWlaAAWl-gHxwwJnDEJOb9AcYbNGA:1q9mwo:y5JaJMPD6Oa2a6wq92zfHd5J0fYUQClQYlsPdHmiFSc', '2023-06-29 13:23:34.249638'),
('xfb370wki0evoum2gq2i6keyee6d4oq9', '.eJxVi0sKwjAQQO8yaymTT5OJS8EjuA6TZEKKWsE2K_HuVuhCt-_zgsh9bbEv8oxTgSM4D4dfmDhfZf4azvnR53XYyXC-83S7bM1pT_6-xkvbJkw-U02jrmhI0KJSxZgaRChwIu9JqtIK0TA5zna0UtkE0k5h0qXA-wPV6zRy:1qBxrj:Lgt1KH4IgZ2VSEdTisPcibb1QjxbK4suHS3-VRlB3vY', '2023-07-05 13:27:19.786066'),
('xg4vovxk6i6wepf8aqcrdsbjv9wj9q3s', '.eJxVi0EKwjAQRe-StZRMmkxSl4JHcB0mkwkpagXbrMS7G6ELXX14_72XitS2GtsqzzhndVRo1OEXJuKrLN-HmB9t2YadDOc7zbdLd0678tdVWmuPtACA01MoTkYxbhpTloTFcvHAjJitDim5jH0IMrI2oCV4KsWz9er9Ad0LNQA:1qC0nP:oIsYVcyoRjbvv5O94cz9T7lqC-bdg_9r_irJLeE6Xe0', '2023-07-05 16:35:03.665111'),
('xhy1qlgodkjbq6czrtqivmngrp96x1gq', '.eJxVi0sKwjAQQO-StZR8mxmXgkdwHSaTCSlqBdusxLtboQvdvs9LJeprS32RZ5qKOqrRq8MvzMRXmb-GmB99XoedDOc7TbfL1pz25O9rtLRtAiA2saILyCwBrM8YRwO62hqqmCoABo1n61BnLBgtoQHhYEt1uqj3B9C9NG0:1qC1C9:4EGv03arpl0oQR3IKs3m7nUdDLhpCfvcEe_3Z8nbwxc', '2023-07-05 17:00:37.906868'),
('xiwgjd8ir0wefh8psf1ori84wz58dwx1', '.eJxVi70OwiAQgN-F2TQHB1dxNPERnMlxQGjUmrRlMr5726SDrt_PRwVuSw1tzlMYkroo3avTL4wsjzzuhkXebVy6g3S3Fw_P-9Zcj-TvqzzXbcrIaBCiYW2ppAQOwHkDDILalrMHgB58iZGMsT5pDeIskSNCZBL1XQGunzMp:1qA9Bm:5nJKTdHFyz4pWLFv5PAQlfKR6-6REhgsuYnrqvvgQWM', '2023-06-30 13:08:30.901572'),
('xjdwn8u72rmolrstpczyst49x5m9yp0l', '.eJxVi70KwjAQgN8ls5S7tJc0joKP4BwulxwpagXbTOK7W6GDrt_Py0Rua41tKc84ZXM0aA6_LLFcy_wVLPJo89rtpDvfebpdtua0J39f5aVuU0H1MvpMmogdiSjo2IMNrEiKGUKgPPRWlaAAWl-gHxwwJnDEJOb9AcYbNGA:1q3Zce:iGvASiyfrbtihsqg2kQUI-33qd3cxHKGB2hvF7puTiw', '2023-06-12 09:57:04.445725'),
('xjgcnsieu4fkveym5u5jeh0rokk4yfn2', '.eJxVi80KwjAMgN-lZxkr2drEo-AjeC5pk9ChTnDrSXx3J-yg1-_n5RK3taa26DNN4o5ucIdflrlcdf4KLuXR5rXbSXe-83S7bM1pT_6-ykvdJvQgvRgjBEHJijJYAFP1vrBRBAwDZQ5jVjIAQymgPSHGkTUSufcH2uU1NQ:1q9koH:uPbkoDn0JjNv33g_9r00TKmlDvA5S135f28x-viO34k', '2023-06-29 11:06:37.898966'),
('xk82v0xvpc4fyahp26u6dp3tpismmuqj', '.eJxVi70KwjAQgN8ls5S7tJc0joKP4BwulxwpagXbTOK7W6GDrt_Py0Rua41tKc84ZXM0aA6_LLFcy_wVLPJo89rtpDvfebpdtua0J39f5aVuU0H1MvpMmogdiSjo2IMNrEiKGUKgPPRWlaAAWl-gHxwwJnDEJOb9AcYbNGA:1qBBTp:eUKBdgnOagq8uq-8COUKUknyqyHcqbgmwtRp6n70QAE', '2023-07-03 09:47:25.931695'),
('xl11tnpb6oh4uhz2gltzcu6xzcedx8f7', '.eJxVi0EOwiAQRe_C2jRQKMO4NPEIrskwDKFRa2LLynh3MelCl__9914qUttqbKs845zVUY2oDr8wEV9l-T7E_GjLNuxkON9pvl26c9qVv67SWnuUJ-s0ueCT0wBIKCkICHBf1he2drJJyHFxhgG0wUIew4iM2Rcx6v0B0Ik0lw:1q8EOl:HrqdhGztLyD3RsAs1OYeQ5XUkQXOvT21x9004NwLQR4', '2023-06-25 06:17:59.744114'),
('xl2xz1pws111qsfnregzd4a58d4oy5qx', '.eJxVi70KwjAQgN8ls5S7tJc0joKP4BwulxwpagXbTOK7W6GDrt_Py0Rua41tKc84ZXM0aA6_LLFcy_wVLPJo89rtpDvfebpdtua0J39f5aVuU0H1MvpMmogdiSjo2IMNrEiKGUKgPPRWlaAAWl-gHxwwJnDEJOb9AcYbNGA:1qC1SW:dhrsFI8yfWIH1xbDsZSmxsgtr_bMR3MPVLEH018ZZNg', '2023-07-05 17:17:32.428861'),
('xm91p2kizonmanmga1zymavon20vmzh5', '.eJxVi8sKwjAUBf8laylpcpM2LgU_wXW4r5KiVrDNSvx3I3ShZzkz52Uy1q3kuuozz2KOpk_m8AsJ-arL1yDzoy5bt5PufMf5dmnNaU_-fgXX0k4ORj8msMKMoOQj9wTOk5NIoY2cnyCoDaoy2eAHELIuNjtIshrN-wPTsTSc:1qAYGi:cx81k20pPkwtcPqNcNLMdQFLTjXIDZmGoiMV3LrwMPg', '2023-07-01 15:55:16.193870'),
('xmu5c60crnw0dgx4h71bj9536feqow6w', '.eJxVi0sKwjAQQO8yayn5TJLGpeARXIfJZEqKWsE2K_HuRuhCt-_zgkRtq6mt8kxzgSMEC4dfmImvsnwNMT_asg07Gc53mm-X3pz25O-rtNY-sWHMClUZ--6ytjoIxslidkZ5NKRjEDuhOM_GOTSxFLGsfWGSHEd4fwDYGDTM:1qC9zu:tGdaMU534KZ-_eqxdbnrJWyVZotb52CAdU3JJi9I4aU', '2023-07-06 02:24:34.840716'),
('xndu9ovvy6turzzjkha23j8pbdkrxa7a', '.eJxVi80KwjAMgN-lZxkr2drEo-AjeC5pk9ChTnDrSXx3J-yg1-_n5RK3taa26DNN4o5ucIdflrlcdf4KLuXR5rXbSXe-83S7bM1pT_6-ykvdJvQgvRgjBEHJijJYAFP1vrBRBAwDZQ5jVjIAQymgPSHGkTUSufcH2uU1NQ:1q7Zit:wzSLnsyPCs_il3L69IzPHbO9nmO2wqwnT91Q7laWxOI', '2023-06-23 10:52:03.683507'),
('xnx3jjifsut2gkthghyguqnsq0fqdeob', '.eJxVi0sKwjAQQO-StZROJs3HpeARXIfpZEKKWsE2K-ndG6EL3b7PR0Wqa4l1kXeckjorrU6_bCS-y_wVxPyq89odpLs-aXrcWnM5kr-v0FLaBJqcNw6yMRRYCA0mzDha471GAQspOAkZ3UC-sT7zYG1GDQGZoFfbDpnwM48:1q9Eiz:OqWc1HKc2yDetQOYsQv4iHnFDDbdaBtygY6x3tc2AkI', '2023-06-28 00:51:01.287761'),
('xo889cdbe1yib5yhw8tj5gskzfw28s43', '.eJxVi0sKwjAQQO-StZROJs3HpeARXIfpZEKKWsE2K-ndG6EL3b7PR0Wqa4l1kXeckjorrU6_bCS-y_wVxPyq89odpLs-aXrcWnM5kr-v0FLaBJqcNw6yMRRYCA0mzDha471GAQspOAkZ3UC-sT7zYG1GDQGZoFfbDpnwM48:1q7Wyy:i9XTLG332z2stQNhitOeM2w1Li-85KEvDEApVot88ZI', '2023-06-23 07:56:28.772719'),
('xoimov0j6qytlyxlp02dtbx5xroey0di', '.eJxVi0sKwjAQQO-StZROJs3HpeARXIfpZEKKWsE2K-ndG6EL3b7PR0Wqa4l1kXeckjorrU6_bCS-y_wVxPyq89odpLs-aXrcWnM5kr-v0FLaBJqcNw6yMRRYCA0mzDha471GAQspOAkZ3UC-sT7zYG1GDQGZoFfbDpnwM48:1q9m5h:PhCRQunkvSIcNRtGo64AO1KeWVUAuQDZ9kAv8e1iUW8', '2023-06-29 12:28:41.696977'),
('xolw2vltdqs72fi45a7p02ge9jb87517', '.eJxVi70KwjAQgN8ls5S7tJc0joKP4BwulxwpagXbTOK7W6GDrt_Py0Rua41tKc84ZXM0aA6_LLFcy_wVLPJo89rtpDvfebpdtua0J39f5aVuU0H1MvpMmogdiSjo2IMNrEiKGUKgPPRWlaAAWl-gHxwwJnDEJOb9AcYbNGA:1q5ijr:v4vCPss3tvrjQKbhijox-PoN2rzFXlYPg1QZX2ziO5Y', '2023-06-18 08:05:23.198806'),
('xotf9d2caoz11hvdgpgyvg9lb9yqhu8y', '.eJxVi0sKwjAQQO-StZROJs3HpeARXIfpZEKKWsE2K-ndG6EL3b7PR0Wqa4l1kXeckjorrU6_bCS-y_wVxPyq89odpLs-aXrcWnM5kr-v0FLaBJqcNw6yMRRYCA0mzDha471GAQspOAkZ3UC-sT7zYG1GDQGZoFfbDpnwM48:1q8gkS:u7c2O13TaaiN---eHYOrV4fKxoaCMCwfx24ZmO595eg', '2023-06-26 12:34:16.396857'),
('xpi4ca5i0zl1hc1l2kd22zl577gam2ue', '.eJxVi0sKwjAQQO-StZROJs3HpeARXIfpZEKKWsE2K-ndG6EL3b7PR0Wqa4l1kXeckjorrU6_bCS-y_wVxPyq89odpLs-aXrcWnM5kr-v0FLaBJqcNw6yMRRYCA0mzDha471GAQspOAkZ3UC-sT7zYG1GDQGZoFfbDpnwM48:1q90oK:DM9TIau8SxoS7-n8GCrQg3QF0rDSIBMbIRPnAeuycTU', '2023-06-27 09:59:36.606300'),
('xq9jikt7xr3lswbtframxki99pydcozh', '.eJxVi70KwjAQgN8ls5S7tJc0joKP4BwulxwpagXbTOK7W6GDrt_Py0Rua41tKc84ZXM0aA6_LLFcy_wVLPJo89rtpDvfebpdtua0J39f5aVuU0H1MvpMmogdiSjo2IMNrEiKGUKgPPRWlaAAWl-gHxwwJnDEJOb9AcYbNGA:1q79Z3:nausFroaJ0Btj6Pe5e1huXOTE5UqBTYUM2Gz4yGLj_8', '2023-06-22 06:56:09.293700'),
('xqeczfqc9yuonopa4envse3mpp4ddtly', '.eJxVi0sKwjAQQO-StZROJs3HpeARXIfpZEKKWsE2K-ndG6EL3b7PR0Wqa4l1kXeckjorrU6_bCS-y_wVxPyq89odpLs-aXrcWnM5kr-v0FLaBJqcNw6yMRRYCA0mzDha471GAQspOAkZ3UC-sT7zYG1GDQGZoFfbDpnwM48:1q8e5Z:XEibpN1qPqz_W8x1JZUhtwprwOs8fICMpk78VRkOQuw', '2023-06-26 09:43:53.905223'),
('xron3kzx4ly957thck35j6btdbgv5wut', '.eJxVi70KwjAQgN8ls5S7tJc0joKP4BwulxwpagXbTOK7W6GDrt_Py0Rua41tKc84ZXM0aA6_LLFcy_wVLPJo89rtpDvfebpdtua0J39f5aVuU0H1MvpMmogdiSjo2IMNrEiKGUKgPPRWlaAAWl-gHxwwJnDEJOb9AcYbNGA:1qBo2Z:sqlUmLXFAydgEmdblNAdM6MX8miu0zSKvZS5XELX7KA', '2023-07-05 02:57:51.288981'),
('xsbxq5zyfjps80z70v46fbvoz5t6wxe5', '.eJxVi0sKwjAQQO8yayn5TJLGpeARXIfJZEqKWsE2K_HuRuhCt-_zgkRtq6mt8kxzgSMEC4dfmImvsnwNMT_asg07Gc53mm-X3pz25O-rtNY-sWHMClUZ--6ytjoIxslidkZ5NKRjEDuhOM_GOTSxFLGsfWGSHEd4fwDYGDTM:1qC0QT:BcLkaaFlX6CkgnnBjOyGT-sacKLwmZspbkTkFAQKcmY', '2023-07-05 16:11:21.216101'),
('xsdgay0bywy397uvdlw3oklfu5g2txw6', '.eJxVi0sKwjAQQO-StZROJs3HpeARXIfpZEKKWsE2K-ndG6EL3b7PR0Wqa4l1kXeckjorrU6_bCS-y_wVxPyq89odpLs-aXrcWnM5kr-v0FLaBJqcNw6yMRRYCA0mzDha471GAQspOAkZ3UC-sT7zYG1GDQGZoFfbDpnwM48:1q7aWA:f0sCOqRhw_y9Wn84PbyjZAPirewbeNQ3u6rEwyrdZEQ', '2023-06-23 11:42:58.018284'),
('xt45si5x043bd1x2ba5ik0rsn32n2aeg', '.eJxVi70KwjAQgN_lZilJc7kLjoKP4BwuyYUUtYJtJvHdrdBB1-_nBVH62mJf9BmnAkdgOPyyJPmq81dIzo8-r8NOhvNdpttla0578vc1Wdo2qXdV1fOoaDyyY0y1JGvElsQkjBoseUfBKYY6JipIEmp2hgVz9fD-ALeQNH4:1qBeNi:CZpEpbHFQO-XX9cV7CxW74HRrMZgGosJf724EEHYOTg', '2023-07-04 16:39:02.116733'),
('xt8ga4qvtmzr196n3215iyjg9mvv3vuc', '.eJxVi0sKwjAQQO-StZR8ZhLGpeARXIdpZkKKWsE2K_HuVuhCt-_zMpn72nJf9JknMUcDwRx-4cjlqvPXcCmPPq_DTobznafbZWtOe_L3NV7aNjkaUV1QzzZ5qkQUMVah4EbHABVUUqhoLYoHF6WAaCpok1UUFjTvD8coNHo:1q91EG:vfmoTdI9x02DeysoAE2CvnjxrZmWUTuGns7iD_8x_U0', '2023-06-27 10:26:24.299244'),
('xtao71auew478hjjrug8kc7rm6wrxokq', '.eJxVi0sKwjAQQO-StZROJs3HpeARXIfpZEKKWsE2K-ndG6EL3b7PR0Wqa4l1kXeckjorrU6_bCS-y_wVxPyq89odpLs-aXrcWnM5kr-v0FLaBJqcNw6yMRRYCA0mzDha471GAQspOAkZ3UC-sT7zYG1GDQGZoFfbDpnwM48:1q7aD6:oBf8NrjdHlFh0za7il1vGtbkdQEc3F-6AFK4V0dc5lI', '2023-06-23 11:23:16.850806'),
('xth28pvyoeahedouh7602s8v6z1ml3hy', '.eJxVi70KwjAQgN8ls5S7tJc0joKP4BwulxwpagXbTOK7W6GDrt_Py0Rua41tKc84ZXM0aA6_LLFcy_wVLPJo89rtpDvfebpdtua0J39f5aVuU0H1MvpMmogdiSjo2IMNrEiKGUKgPPRWlaAAWl-gHxwwJnDEJOb9AcYbNGA:1q6s7R:L-OrVjl4RKbY0lzG-tRI2nEFiVbJupWg-r9xKTiFCWw', '2023-06-21 12:18:29.013334');
INSERT INTO `django_session` (`session_key`, `session_data`, `expire_date`) VALUES
('xu1onfu6v5aqajnx9mxyr2jenm9hcb5v', '.eJxVi70KwjAQgN8ls5S7tJc0joKP4BwulxwpagXbTOK7W6GDrt_Py0Rua41tKc84ZXM0aA6_LLFcy_wVLPJo89rtpDvfebpdtua0J39f5aVuU0H1MvpMmogdiSjo2IMNrEiKGUKgPPRWlaAAWl-gHxwwJnDEJOb9AcYbNGA:1qBsNo:D2TKcF8fIkF5cUztSr3576TZ6pbNqVVYbJD1o8Z9xzo', '2023-07-05 07:36:04.129078'),
('xu28etvyfn5p8qo9dslvexq4g9j633v9', '.eJxVi7sOwiAUht-F2TTcDlBHEx_BmfxwIDRqTWyZjO-uTTro-l1eIqKvLfalPOPE4iicEodfmJCvZd4Mcn70eR12MpzvmG6Xb3Pak7-vYWnblJgKe7LSAQQTRnj2owRppwvnWl21xgadismKwORNZajATFraJN4f9181XQ:1qC0SK:aojXcazUCwEMGn8w6dC9ylsbHeuNskzzzscvXZVKcPw', '2023-07-05 16:13:16.979563'),
('xuk4v84gyhcxjj2ijyxwvuniptwun2dx', '.eJxVi0sKwjAQQO-StZSYyWfiUvAIrsPMpCFFrdA2K_HubaEL3b7PRyVqS01t7qc0ZHVRwavTL2SSRz_uhkTebVy6g3S3Fw3P-9Zcj-TvqzTXbbIhAxQC0c5SBgfomXUpKJoJdADvHUfKxriI1ljRMRcGiwbx7Aqp7wrVsTRG:1qC9XQ:ZS9a_3qTt9m8jnww_hGZDkT5aNRTjtVbx-MvCqBQZn0', '2023-07-06 01:55:08.750761'),
('xvh8pcm7n05h992v02y2iw9fuwk5xn9y', '.eJxVi0sKwjAQQO-StZROJs3HpeARXIfpZEKKWsE2K-ndG6EL3b7PR0Wqa4l1kXeckjorrU6_bCS-y_wVxPyq89odpLs-aXrcWnM5kr-v0FLaBJqcNw6yMRRYCA0mzDha471GAQspOAkZ3UC-sT7zYG1GDQGZoFfbDpnwM48:1q4a50:qWSCOx_vNC6Q175u3EkD6imROUeO7GaGoRw2Jb3iCrg', '2023-06-15 04:38:30.520640'),
('xwcxvmcw4ldp6zq8fw1p63xljng2qqsa', '.eJxVi8sKwjAQRf8laynTZPJyKfgJrsPMJCFFrWDblfjvRuhC4a7OPeelEm1rS9tSnmnK6qisVYdfyCTXMn8fEnls8zrsZDjfabpdunPalb-u0dJ65Ak5I2UIVosJJUBlV5xHRqkAwGRilD6DvvBYnCZjEOJYg9canHp_AOSNNEM:1qBplr:vv_taFhPFFIl72BBeusNqRmaUfgb6NZB7ipJ2ihdeA8', '2023-07-05 04:48:43.067420'),
('xwmrht8dr7c9g32bwnkorj24hxfemqgk', '.eJxVi0kKwjAUQO-StRS_yc_gUvAIrsMfElLUCrZZiXe3Qhe6fcPLZOpLy30uzzyqORpndr-MSa5l-goSefRpGTYynO803i5rc9qSv6_R3Nap-pCYAjgNKSQEVlCPHjHEKMqJWRUOlRCdqCaLNqLsAahGtIW8eX8AtgA0ig:1qB7R1:o6z1QxuTuu6fp4Qzl1HwW9jOA8ZJRuA3NWIBHIlpYeQ', '2023-07-03 05:28:15.221667'),
('xxjf2keeblhak9owmyty8og9yetg5mw8', '.eJxVi70KwjAQgN8ls5S7tJc0joKP4BwulxwpagXbTOK7W6GDrt_Py0Rua41tKc84ZXM0aA6_LLFcy_wVLPJo89rtpDvfebpdtua0J39f5aVuU0H1MvpMmogdiSjo2IMNrEiKGUKgPPRWlaAAWl-gHxwwJnDEJOb9AcYbNGA:1qBwIa:CVtcsfbfw6oa9eFm6wJUoho2BR8qvc4_BvyA3G1CbAM', '2023-07-05 11:46:56.547167'),
('xy6erdxqf2y854m47jn0rm2itudm6p5g', '.eJxVi0sKwjAQQO-StZROJs3HpeARXIfpZEKKWsE2K-ndG6EL3b7PR0Wqa4l1kXeckjorrU6_bCS-y_wVxPyq89odpLs-aXrcWnM5kr-v0FLaBJqcNw6yMRRYCA0mzDha471GAQspOAkZ3UC-sT7zYG1GDQGZoFfbDpnwM48:1q99By:Yibyu7OsMIGcIStFyH2d62Zbf-95hczohBGrnuL1E1I', '2023-06-27 18:56:34.191542'),
('xyrbcj9j896k33fl2ubmendoffme1n9m', '.eJxVi70KwjAQgN8ls5S7tJc0joKP4BwulxwpagXbTOK7W6GDrt_Py0Rua41tKc84ZXM0aA6_LLFcy_wVLPJo89rtpDvfebpdtua0J39f5aVuU0H1MvpMmogdiSjo2IMNrEiKGUKgPPRWlaAAWl-gHxwwJnDEJOb9AcYbNGA:1q8Fon:gumDD8wAhJoT9gwZdrg1-eN4iW_yHJUKP-2hy-sKViE', '2023-06-25 07:48:57.052894'),
('xzgq7c862ow7k352bt8fx3kvynu352jf', '.eJxVi70KwjAQgN8ls5S7tJc0joKP4BwulxwpagXbTOK7W6GDrt_Py0Rua41tKc84ZXM0aA6_LLFcy_wVLPJo89rtpDvfebpdtua0J39f5aVuU0H1MvpMmogdiSjo2IMNrEiKGUKgPPRWlaAAWl-gHxwwJnDEJOb9AcYbNGA:1q7JHs:GVxHc5Wa9VQHjaslUAjH-4ziJuB5hM_Cz10HLvT3J5c', '2023-06-22 17:19:04.409199'),
('y0hgyq0u5jw9h05v50xvxv92g7d8m7g9', '.eJxVi8sKwjAQRf8layl5Ncm4FPwE12EmmZCiVrDNSvrvjdCFri6ce85HRGxrjW3hd5yyOAvtxekXEqY7z98HU3q1eR0OMlyfOD1u3bkcyl9Xcak9IgbI6ElJW6wqiSzovnLUxFyCM1DyaACM4pxRe-28cSGAL4ZYBhbbDuoQNMY:1q7WdU:FfuIqm4hmBMvVDQeu_xDUP9AX2aGu8C_DOg6rDjQa5M', '2023-06-23 07:34:16.837419'),
('y2eplham0ar1555scz4r08k3hrrisny4', '.eJxVi70KwjAQgN8ls5S7tJc0joKP4BwulxwpagXbTOK7W6GDrt_Py0Rua41tKc84ZXM0aA6_LLFcy_wVLPJo89rtpDvfebpdtua0J39f5aVuU0H1MvpMmogdiSjo2IMNrEiKGUKgPPRWlaAAWl-gHxwwJnDEJOb9AcYbNGA:1q3ZaZ:urlWn03aOnu79RnymzlJh4t2LT--HNkxPRKx_g6BCys', '2023-06-12 09:54:55.827971'),
('y2gvayklmmew7etm11o64idgxhl7lwbv', '.eJxVi8sKwjAQRf8laylpOnm5FPwE12FmkiFFrWCblfjvRuhC4a7OPeelEratpraWZ5qzOioT1OEXEvK1LN8HmR9t2YadDOc7zrdLd0678tdVXGuPKFqGkidBEyenIZggQRO57EocXQEkziLg0UfbF8ZMmixa0Cg2evX-AOpGNPA:1qAPho:Amn1l2W-5P-PNssTo8wxvTyyqtxl62IWx9j_JdKlrQQ', '2023-07-01 06:46:40.376722'),
('y3fp9inu6zlypg3xc8ka9ny0heiroezy', '.eJxVi70KwjAQgN8ls5S7tJc0joKP4BwulxwpagXbTOK7W6GDrt_Py0Rua41tKc84ZXM0aA6_LLFcy_wVLPJo89rtpDvfebpdtua0J39f5aVuU0H1MvpMmogdiSjo2IMNrEiKGUKgPPRWlaAAWl-gHxwwJnDEJOb9AcYbNGA:1qBdnv:NqyHmz7kKvpetLAntC4VXgPbTqcVvSF0ggJ81AOI0ms', '2023-07-04 16:02:03.934403'),
('y3i1o854dh918nvzgy5iawgnrsbrw368', '.eJxVi8sKwjAUBf8laylpcpM2LgU_wXW4r5KiVrDNSvx3I3ShZzkz52Uy1q3kuuozz2KOpk_m8AsJ-arL1yDzoy5bt5PufMf5dmnNaU_-fgXX0k4ORj8msMKMoOQj9wTOk5NIoY2cnyCoDaoy2eAHELIuNjtIshrN-wPTsTSc:1qAXxr:rjAWitzUsC8XDm-JAf0aJg5t848gbRxRaxi-riHxAFY', '2023-07-01 15:35:47.977432'),
('y3y6nfk7wlvbe9wv1qt9smt3tp93k53r', '.eJxVi70KwjAQgN8ls5S7tJc0joKP4BwulxwpagXbTOK7W6GDrt_Py0Rua41tKc84ZXM0aA6_LLFcy_wVLPJo89rtpDvfebpdtua0J39f5aVuU0H1MvpMmogdiSjo2IMNrEiKGUKgPPRWlaAAWl-gHxwwJnDEJOb9AcYbNGA:1q6QQn:oaHbVtuRJfivCEuTpZK2x0QANG-D8_JP2Eg3yIrbljE', '2023-06-20 06:44:37.430998'),
('y4vkadrxdygeqqeygz36201l79bagwy1', '.eJxVi0sKwjAQhu-StRQzpn9bl4JHcB0mMxNa1Aq2WYl3N0IXuv0eLxe5rGMsiz3jpO7o4Ha_LLFcbf4KFnmUeW020pzvPN0utTltyd838jLWqUdmGDFlT0mDgrwE2zOZQBFAOYgKYFWztUktkfadH_IBA7rWvT_ZzTUz:1qAlmU:LJ-hwSVikiyZyG11kt5o0k3z_571G2BOiC6gH3z_EHg', '2023-07-02 06:20:58.354886'),
('y51gpg4iu8ggqjlg695qrh3oy1vmi7xv', '.eJxVi70KwjAQgN8ls5T0cklzjoKP4BzuLikpagXbTOK7W6GDrt_PyyRua01tKc80ZXM04MzhFwrrtcxfw6qPNq_dTrrznafbZWtOe_L3VV7qNqFG8YNID-h5YIwWlUckAIo2aFYmzp6KdxqiuABIGUnG4PoYBax5fwDUmzRN:1q6QoX:trYaUIDdZAmfnseS0ZIBZ9JChQEWLdR4qIYpzUiApIc', '2023-06-20 07:09:09.244706'),
('y69te7mwaumxew8axm6px1sliq0opvbb', '.eJxVi7sOwiAUht-F2TTcDlBHEx_BmfxwIDRqTWyZjO-uTTro-l1eIqKvLfalPOPE4iicEodfmJCvZd4Mcn70eR12MpzvmG6Xb3Pak7-vYWnblJgKe7LSAQQTRnj2owRppwvnWl21xgadismKwORNZajATFraJN4f9181XQ:1qCC7o:n7a9Xr0GXPAIjwVU0GfPo08BI11tfCIAocaYvFH0d-I', '2023-07-06 04:40:52.924009'),
('y6co72wufep2hhtaxeqmuwu41p9x8xp1', '.eJxVi70KwjAQgN8ls5S7tJc0joKP4BwulxwpagXbTOK7W6GDrt_Py0Rua41tKc84ZXM0aA6_LLFcy_wVLPJo89rtpDvfebpdtua0J39f5aVuU0H1MvpMmogdiSjo2IMNrEiKGUKgPPRWlaAAWl-gHxwwJnDEJOb9AcYbNGA:1qBC6t:n-5oPdX1Jc1B-XAvj1qSzRNvUcU_02kTWtR7Qi9QTt4', '2023-07-03 10:27:47.037789'),
('y8f0f1q3ssm6j7b10qsdjdcjb3yfqk2q', '.eJxVi8sKwjAQRf9l1lImTZo4LoV-QtdhJg9S1AptsxL_3Qhd6O4-znmB57oXX7e0-jnCBfoBTr-jcLil5ftwCM-67N2xdOOD5_vUmOuB_HmFt9IkJQG1pcFxIEWmV4YZrWEkZ-xZNBlNTkR0q4iUcszZWtTELVF08P4Asjc0Jg:1qBBMf:GXj_U8GpLf6NkNmjP1H75tV9hvj5fyU5zQXlu4T-vJo', '2023-07-03 09:40:01.582223'),
('yahzidujsuixwy09a11i9ge2wbdhv96k', '.eJxVi0sKwjAQQO-StZROJs3HpeARXIfpZEKKWsE2K-ndG6EL3b7PR0Wqa4l1kXeckjorrU6_bCS-y_wVxPyq89odpLs-aXrcWnM5kr-v0FLaBJqcNw6yMRRYCA0mzDha471GAQspOAkZ3UC-sT7zYG1GDQGZoFfbDpnwM48:1qBDUw:z_FGEjiYKSlxpOqTuj4j73PyDGeN6f_fHxG35Yu1nAM', '2023-07-03 11:56:42.982716'),
('ycgcq2p7n9w0j3ble25oggjdpm4rx2vp', '.eJxVi0EOwiAQRe_C2jRQKMO4NPEIrskwDKFRa2LLynh3MelCl__9914qUttqbKs845zVUY2oDr8wEV9l-T7E_GjLNuxkON9pvl26c9qVv67SWnuUJ-s0ueCT0wBIKCkICHBf1he2drJJyHFxhgG0wUIew4iM2Rcx6v0B0Ik0lw:1q7X4b:R9snWT6-ejiL0-V3EPPQ27cU4Df4zmAon0Ct8_NVsYk', '2023-06-23 08:02:17.921082'),
('yd7504psy7j1p0g4xog5fs5ycs49eyfj', '.eJxVi70KwjAQgN8ls5S7tJc0joKP4BwulxwpagXbTOK7W6GDrt_Py0Rua41tKc84ZXM0aA6_LLFcy_wVLPJo89rtpDvfebpdtua0J39f5aVuU0H1MvpMmogdiSjo2IMNrEiKGUKgPPRWlaAAWl-gHxwwJnDEJOb9AcYbNGA:1q93LI:FSTcKiT1-OnzyDn9xcmgtiC3fxb8Q5MPrwih92-Xzq8', '2023-06-27 12:41:48.693337'),
('ydkmfaukosy9cyxhbyiuzbgqq4tjesh3', '.eJxVi70KwjAQgN8ls5S7tJc0joKP4BwulxwpagXbTOK7W6GDrt_Py0Rua41tKc84ZXM0aA6_LLFcy_wVLPJo89rtpDvfebpdtua0J39f5aVuU0H1MvpMmogdiSjo2IMNrEiKGUKgPPRWlaAAWl-gHxwwJnDEJOb9AcYbNGA:1qBv1m:vDnXGhT7JYn57fgWA6sdl4qnosh9B5WPZBK1hwulvKY', '2023-07-05 10:25:30.092970'),
('yevpum9tuc4gqp19npn7enp9xvdglara', '.eJxVi0sKwjAQQO-StZRM_nEpeATXYWY6IUWtYJuVeHcrdKHb93mpgn1tpS_yLNOojipodfiFhHyV-WuQ-dHnddjJcL7jdLtszWlP_r6GS9umGsEKWwMCKRICeck6ENkEWEfUFBNXDC64DKGCYeNtTl47MToZBvX-AN0dNDM:1qC0Wb:sHHphPpToYW_GpgIlusw9JFPFUiYCRu5W1hyu5-gl4U', '2023-07-05 16:17:41.914629'),
('yfgsoceolo9hb10fkx98thr7chz1w68v', '.eJxVi70KwjAQgN8ls5S7tJc0joKP4BwulxwpagXbTOK7W6GDrt_Py0Rua41tKc84ZXM0aA6_LLFcy_wVLPJo89rtpDvfebpdtua0J39f5aVuU0H1MvpMmogdiSjo2IMNrEiKGUKgPPRWlaAAWl-gHxwwJnDEJOb9AcYbNGA:1q8cN4:8SF6C6-aPmc2FYx1dyNtyoLmwq36Gvoa0-AFG0Xz0m8', '2023-06-26 07:53:50.939128'),
('yg1monax6h5dytohtjyq4u2kw7sghm4u', '.eJxVjDEOwjAMRe-SGVUusaOUEYkjdI4c21UqoEi0mRB3h0od2vX99_7HJa5LSXW2dxrVXVxwpz3LLHeb1oFFXnVamo00tyePj_7vXDfl0BWey_rmMWbtiEigJUBlr0DEEXLwkAc6IzFKDkPLJgGgsyiIaqpkoOC-P6JnNIg:1q6s5g:QkfvPD_ak51pTs8qAnUDBgOTFlk0gZRGctKnJB5dEzQ', '2023-06-21 12:16:40.465414'),
('ygyd78kwjgw6zfhbdp9yeanm8415x506', '.eJxVi70KwjAQgN8ls5S7tJc0joKP4BwulxwpagXbTOK7W6GDrt_Py0Rua41tKc84ZXM0aA6_LLFcy_wVLPJo89rtpDvfebpdtua0J39f5aVuU0H1MvpMmogdiSjo2IMNrEiKGUKgPPRWlaAAWl-gHxwwJnDEJOb9AcYbNGA:1q8c8H:PcGh1g4KN2CJKGH9bQy5VkKbIbx22xko3NKRpvAem3Y', '2023-06-26 07:38:33.668629'),
('yhhc5kgc3gkmnor2k81at1ixag8g5iw6', '.eJxVi70KwjAQgN8ls5S7tJc0joKP4BwulxwpagXbTOK7W6GDrt_Py0Rua41tKc84ZXM0aA6_LLFcy_wVLPJo89rtpDvfebpdtua0J39f5aVuU0H1MvpMmogdiSjo2IMNrEiKGUKgPPRWlaAAWl-gHxwwJnDEJOb9AcYbNGA:1qC8Nw:xZuWVUhz5ByFLkSPMRF1K9OCm6J9qONBRqga_nZolhM', '2023-07-06 00:41:16.991553'),
('yigadqohjidvtprhcyf6y6n9e1nzfzga', '.eJxVi70KwjAQgN8ls5S7tJc0joKP4BwulxwpagXbTOK7W6GDrt_Py0Rua41tKc84ZXM0aA6_LLFcy_wVLPJo89rtpDvfebpdtua0J39f5aVuU0H1MvpMmogdiSjo2IMNrEiKGUKgPPRWlaAAWl-gHxwwJnDEJOb9AcYbNGA:1qBwhN:ZHPykZVbSOREZK2y2Txt9J6KPjKvGDTnPttal_Q9XKc', '2023-07-05 12:12:33.186546'),
('yijonksixowuhk2r741kobz8q7o8zoze', '.eJxVi0EOwiAQRe_C2jRQKMO4NPEIrskwDKFRa2LLynh3MelCl__9914qUttqbKs845zVUY2oDr8wEV9l-T7E_GjLNuxkON9pvl26c9qVv67SWnuUJ-s0ueCT0wBIKCkICHBf1he2drJJyHFxhgG0wUIew4iM2Rcx6v0B0Ik0lw:1q8dkr:frNVdEHBi76ehyASRf5EvZeLjxnYTMRCXPpG9QJxBfY', '2023-06-26 09:22:29.543842'),
('yir5hchwzawls4ivw28br9lubv4hu5sc', '.eJxVi0sKwjAQQO-StZROJs3HpeARXIfpZEKKWsE2K-ndG6EL3b7PR0Wqa4l1kXeckjorrU6_bCS-y_wVxPyq89odpLs-aXrcWnM5kr-v0FLaBJqcNw6yMRRYCA0mzDha471GAQspOAkZ3UC-sT7zYG1GDQGZoFfbDpnwM48:1q6n2m:mgUSEPByUZko9u-m8Exx_SucyFItG6X-CfZge24HOfU', '2023-06-21 06:53:20.454043'),
('yix33txclryt4bjsx63xkdypueys0cms', '.eJxVjsEKwjAQRP8lZylpN9kuHgU_wXPYbDakqBVsc5L-eyP0oDCnN29gPiZwXUuoi77DlMzZIJrTL4wsd52_DYu86rx2B-muT54et-ZcDuVvV3gpbZRdz9mTOicek4wUnW3piX2GSKrCFi0ONOZIyUuyA2BWUAIHqZ3ZduqXNN8:1qC47b:TrdxeLVuZ3sptSL960jogoh3Ft6phILCZEw9cIpVlqw', '2023-07-05 20:08:07.008909'),
('ym50qwzruztr5wr659s3qtkkotof9n7s', '.eJxVi0sKwjAQQO-StZROJs3HpeARXIfpZEKKWsE2K-ndG6EL3b7PR0Wqa4l1kXeckjorrU6_bCS-y_wVxPyq89odpLs-aXrcWnM5kr-v0FLaBJqcNw6yMRRYCA0mzDha471GAQspOAkZ3UC-sT7zYG1GDQGZoFfbDpnwM48:1qAp04:WrlGnv8hiNOxd3F8w4qXWZ3H8wxyrnN8iumUmfJv84E', '2023-07-02 09:47:12.895242'),
('ym8op0j75z5k0pqg0copeahe7u6moxz1', '.eJxVi0kKwjAUQO-StZT6883gUvAIrsMfElLUCrZZiXc3Qhe6fcPLJGprTW3JzzSpORoAs_uFTHLN89eQyKPN67CR4Xyn6XbpzWlL_r5KS-3T6EVyGbGUHCyiPTAyqYpjzi46BfbAWUPBvY_ERXyAYmPsg5IimPcHEHM2NA:1q5j7H:jsWySb_JhP7DEN0-wEIwBXI-gXdYZCPbmSlAmICOJK8', '2023-06-18 08:29:35.944068'),
('ym9ny4yiu11j9886me8eyx94mtxcexig', '.eJxVi70KwjAQgN8ls5S7tJc0joKP4BwulxwpagXbTOK7W6GDrt_Py0Rua41tKc84ZXM0aA6_LLFcy_wVLPJo89rtpDvfebpdtua0J39f5aVuU0H1MvpMmogdiSjo2IMNrEiKGUKgPPRWlaAAWl-gHxwwJnDEJOb9AcYbNGA:1qBsxo:VHr0e_B4ZaGhF3QR0Rgqm3CiG_V43hxEbl74mnmPtv0', '2023-07-05 08:13:16.995834'),
('ymcbh090m3yoke680gl16x8pq62thcn3', '.eJxVi70KwjAQgN8ls5TcpTlyjoKP4ByuyYUUtYJtJvHdjdBB1-_nZaK0rca26jPO2RwNenP4hZOkqy5fIyk92rINOxnOd5lvl96c9uTvq7LWPtGkpIWZbUgcAChDKjlIQVVHXjOQG4msx2IDI6L1MHZYPATK1pn3B9XLM8Y:1q8erk:Bn0VDLFSe25vGXuC751n_bWG7S4AAovJLaoEgXbUP3c', '2023-06-26 10:33:40.126650'),
('ymkno952to3uoi5vtgkmzo996lvc10sk', '.eJxVi70KwjAQgN8ls5S7tJc0joKP4BwulxwpagXbTOK7W6GDrt_Py0Rua41tKc84ZXM0aA6_LLFcy_wVLPJo89rtpDvfebpdtua0J39f5aVuU0H1MvpMmogdiSjo2IMNrEiKGUKgPPRWlaAAWl-gHxwwJnDEJOb9AcYbNGA:1qC417:ehNl9CfZEq3--WoLxAR5l1D5RMGmdc_ZZUlZigCHc9o', '2023-07-05 20:01:25.563664'),
('ymnhuqj66a8luzial4c9fnzplq944ocr', '.eJxVi0sKwjAQQO-StZR8ZhLGpeARXIdpZkKKWsE2K_HuVuhCt-_zMpn72nJf9JknMUcDwRx-4cjlqvPXcCmPPq_DTobznafbZWtOe_L3NV7aNjkaUV1QzzZ5qkQUMVah4EbHABVUUqhoLYoHF6WAaCpok1UUFjTvD8coNHo:1q914K:7IhDT4d-obfxlVZIQFWKLgG8uZQHOE_iRicH6ZeOygI', '2023-06-27 10:16:08.278499'),
('yovlvkpmmyp0f9d5a6g35tm2r1n2164e', '.eJxVi70OwiAQgN-F2TQHB1dxNPERnMlxQGjUmrRlMr5726SDrt_PRwVuSw1tzlMYkroo3avTL4wsjzzuhkXebVy6g3S3Fw_P-9Zcj-TvqzzXbcrIaBCiYW2ppAQOwHkDDILalrMHgB58iZGMsT5pDeIskSNCZBL1XQGunzMp:1q6T4Z:gaX1LZcQiNFgh-_j1c3OOjg_9OIuPb70H88Kz3_C_UY', '2023-06-20 09:33:51.262501'),
('ypn1ncdp0qrox5iepd0j3t7oyrpenf0h', '.eJxVi8sKwjAQRf8layl5Ncm4FPwE12EmmZCiVrDNSvrvjdCFri6ce85HRGxrjW3hd5yyOAvtxekXEqY7z98HU3q1eR0OMlyfOD1u3bkcyl9Xcak9IgbI6ElJW6wqiSzovnLUxFyCM1DyaACM4pxRe-28cSGAL4ZYBhbbDuoQNMY:1q6Ser:ldo64kWP1JTzxTeJGYQD8Xl9_1nUR2i6_BeulLf42uA', '2023-06-20 09:07:17.656763'),
('yqbw3qzg7bshw4e4fqt7qqrvszrgzygv', '.eJxVi70OwiAQgN-F2TQHB1dxNPERnMlxQGjUmrRlMr5726SDrt_PRwVuSw1tzlMYkroo3avTL4wsjzzuhkXebVy6g3S3Fw_P-9Zcj-TvqzzXbcrIaBCiYW2ppAQOwHkDDILalrMHgB58iZGMsT5pDeIskSNCZBL1XQGunzMp:1q90Ru:VtJ5pVyH33ZBY1KgE_TQqjY8aSwA7vSI9vJ2-vhlau4', '2023-06-27 09:36:26.302881'),
('yscazfy5uylgj8j3j0xos111gru6j1q3', '.eJxVjMEKwyAYg9_F8yi_WqvdcbBH2Fmiv2LZ1kFbT2PvPgs9bARyyJfkLTzqVnxd0-InFmchtTj9hgHxnuadIMZXnbfuSLrrE9Pj1jqXo_K3K1jLfpdt6G1kZOI8yOYjmgaoRA46NWQBRZl1IDuaXjrFjghstLHRiM8XAPg1Jw:1q4FaL:WQwxLSexrLNWC3iIMm9KRHXEYmgozPcZQ5YWbuMf9fs', '2023-06-14 06:45:29.382374'),
('yshqitrmtna96l2eb948vc6v17mngdgt', '.eJxVi0sKwjAQQO-StZROJs3HpeARXIfpZEKKWsE2K-ndG6EL3b7PR0Wqa4l1kXeckjorrU6_bCS-y_wVxPyq89odpLs-aXrcWnM5kr-v0FLaBJqcNw6yMRRYCA0mzDha471GAQspOAkZ3UC-sT7zYG1GDQGZoFfbDpnwM48:1qBYJl:acnYDCtNuLKVlaBtSnuE914q6IQ-x0mOFlHbO3bmx28', '2023-07-04 10:10:33.185367'),
('ysj7aub1alm624p02p29uu46k4gfjqgk', '.eJxVi70KwjAQgN8ls5Tc5UKio-AjdA53uYQUtYJtJvHdrdBB1-_nZRL3taW-lGea1JwMHs3hFwrna5m_hnN-9HkddjJc7jzdxq0578nf13hp26SxkBDVUIWAo8Pog1iI4hkUFAW9EtkqOYgrDoIjzh5r8eKArZr3B-IHNOg:1qBeH9:YxiFsufnl9mghffLRqHBw7uTZi63HXctB_9ho4EnalQ', '2023-07-04 16:32:15.724965'),
('yt1j20doydmgbescx6affoh7qy70weak', '.eJxVi8sKwjAQRf8layl5Ncm4FPwE12EmmZCiVrDNSvrvjdCFri6ce85HRGxrjW3hd5yyOAvtxekXEqY7z98HU3q1eR0OMlyfOD1u3bkcyl9Xcak9IgbI6ElJW6wqiSzovnLUxFyCM1DyaACM4pxRe-28cSGAL4ZYBhbbDuoQNMY:1q6Se2:WWoXFJwH6GEEnD7iPYK09bjRxQuUsD5yOFgqd1yVXhM', '2023-06-20 09:06:26.529692'),
('yt2b5fns9mbybdmr7j7qq7s0qfo3w73k', '.eJxVi0sKwjAQQO-StZROJs3HpeARXIfpZEKKWsE2K-ndG6EL3b7PR0Wqa4l1kXeckjorrU6_bCS-y_wVxPyq89odpLs-aXrcWnM5kr-v0FLaBJqcNw6yMRRYCA0mzDha471GAQspOAkZ3UC-sT7zYG1GDQGZoFfbDpnwM48:1q8yAf:6ZPRJR2rQxo1l6mfhUme3dxz6WwSc-wLuc-VN3pCvoM', '2023-06-27 07:10:29.882788'),
('yt852mua94ul9yej21ujyk62x05bfd3v', '.eJxVi0sKwjAQQO-StZRM_nEpeATXYWY6IUWtYJuVeHcrdKHb93mpgn1tpS_yLNOojipodfiFhHyV-WuQ-dHnddjJcL7jdLtszWlP_r6GS9umGsEKWwMCKRICeck6ENkEWEfUFBNXDC64DKGCYeNtTl47MToZBvX-AN0dNDM:1qC0VP:xcX9qL2MRpDzDuAkQArQkkkS3GcqU7T1KEz-sAQkRT0', '2023-07-05 16:16:27.299438'),
('ytf9lzr3742rwj6jxkdlx4w0k669ewns', '.eJxVi70KwjAQgN8ls5S7tJc0joKP4BwulxwpagXbTOK7W6GDrt_Py0Rua41tKc84ZXM0aA6_LLFcy_wVLPJo89rtpDvfebpdtua0J39f5aVuU0H1MvpMmogdiSjo2IMNrEiKGUKgPPRWlaAAWl-gHxwwJnDEJOb9AcYbNGA:1q7W8j:qk8tYw1zQbWIbQf4DAod8fbJp3YUYJBmet4Px0I5fDA', '2023-06-23 07:02:29.130841'),
('ytrb36lnkw2phy58gcwvubg3m12rr3k6', '.eJxVi0sKwjAQQO-StZROJs3HpeARXIfpZEKKWsE2K-ndG6EL3b7PR0Wqa4l1kXeckjorrU6_bCS-y_wVxPyq89odpLs-aXrcWnM5kr-v0FLaBJqcNw6yMRRYCA0mzDha471GAQspOAkZ3UC-sT7zYG1GDQGZoFfbDpnwM48:1qAYFZ:LRNx3g-V0TQ94fQSQbgHSOXFrY25FSAGIb57SzhE8UE', '2023-07-01 15:54:05.683309'),
('yubaataympz7m8zajlamnndff3unpi60', '.eJxVi70KwjAQgN8ls5S7tJc0joKP4BwulxwpagXbTOK7W6GDrt_Py0Rua41tKc84ZXM0aA6_LLFcy_wVLPJo89rtpDvfebpdtua0J39f5aVuU0H1MvpMmogdiSjo2IMNrEiKGUKgPPRWlaAAWl-gHxwwJnDEJOb9AcYbNGA:1qAxap:kJnsQPQVIL2o-spGQ-9kjiZqP5ICAeNoNDj9gACEBzI', '2023-07-02 18:57:43.002822'),
('yw7kd1bpjlohje12p757ryam7dxe38lk', '.eJxVi0EKwjAQRe-StZRMmkxSl4JHcB0mkwkpagXbrMS7G6ELXX14_72XitS2GtsqzzhndVRo1OEXJuKrLN-HmB9t2YadDOc7zbdLd0678tdVWmuPtACA01MoTkYxbhpTloTFcvHAjJitDim5jH0IMrI2oCV4KsWz9er9Ad0LNQA:1qCBfB:PgtnU8bWw2WHHrjTyGA9SGT_AoMRdTtWHIe3QxOb7Fk', '2023-07-06 04:11:17.632772'),
('ywdx217wb768uzdwkzyp85f6fymvpvh2', '.eJxVi70KwjAQgN8ls5S7tJc0joKP4BwulxwpagXbTOK7W6GDrt_Py0Rua41tKc84ZXM0aA6_LLFcy_wVLPJo89rtpDvfebpdtua0J39f5aVuU0H1MvpMmogdiSjo2IMNrEiKGUKgPPRWlaAAWl-gHxwwJnDEJOb9AcYbNGA:1q9zT4:OeFMFM27AQg97zL-539u2KkmJlxGrEvneqS0ytV32Dg', '2023-06-30 02:45:42.836154'),
('ywkkcflkxpp7czfi3vcr5j5t9jmeneri', '.eJxVi0sKwjAQQO-StZROJs3HpeARXIfpZEKKWsE2K-ndG6EL3b7PR0Wqa4l1kXeckjorrU6_bCS-y_wVxPyq89odpLs-aXrcWnM5kr-v0FLaBJqcNw6yMRRYCA0mzDha471GAQspOAkZ3UC-sT7zYG1GDQGZoFfbDpnwM48:1q6VYy:CXTNO4n8-Jg6UzajQ2wQP9Ae0kcsgRZUkSjeMCA0bQk', '2023-06-20 12:13:24.762691'),
('ywqgdue3jw67hyqxg5fcikgjyrsyij8z', '.eJxVi70KwjAQgN8ls5S7tJc0joKP4BwulxwpagXbTOK7W6GDrt_Py0Rua41tKc84ZXM0aA6_LLFcy_wVLPJo89rtpDvfebpdtua0J39f5aVuU0H1MvpMmogdiSjo2IMNrEiKGUKgPPRWlaAAWl-gHxwwJnDEJOb9AcYbNGA:1q4Kdo:rKMrvZQrU2mBCtkDehxhPz5a325frYCaBhHcjmIBF_c', '2023-06-14 12:09:24.902779'),
('yyt5y4vst4d5e6pm0c30n9k9rwxixw15', '.eJxVi0kKwjAUQO-StZT6883gUvAIrsMfElLUCrZZiXc3Qhe6fcPLJGprTW3JzzSpORoAs_uFTHLN89eQyKPN67CR4Xyn6XbpzWlL_r5KS-3T6EVyGbGUHCyiPTAyqYpjzi46BfbAWUPBvY_ERXyAYmPsg5IimPcHEHM2NA:1q5jhK:scWRQY3X6urd5VF2Iq9aijXNcPboBJygQJxi2yBMe58', '2023-06-18 09:06:50.080159'),
('yzfsbpfkjltbhlpcofczf67cwsu8p66p', '.eJxVi0sKwjAQQO-StZROJs3HpeARXIfpZEKKWsE2K-ndG6EL3b7PR0Wqa4l1kXeckjorrU6_bCS-y_wVxPyq89odpLs-aXrcWnM5kr-v0FLaBJqcNw6yMRRYCA0mzDha471GAQspOAkZ3UC-sT7zYG1GDQGZoFfbDpnwM48:1q3Z8X:3Lth9WxlAsUSZDxd1z6-UEWSPfaFrbfOB6rMwFHcQvk', '2023-06-12 09:25:57.385851'),
('z00vmacrhpn03fde56iv1d6izf4g3n6j', '.eJxVi0sKwjAQQO8yaylO_nEpeATXYTKTkKJWaJuVeHcrdKHb93lBor621Jcyp1HgBBjh8Asz8a1MX0PMzz6tw06Gy4PG-3Vrznvy9zVa2jZZIW8z-hKMZg7CupairBOvxCEGpWKkesRQ0ZB3JmbUujrMpMiJFXh_AOCeNKk:1q7aHB:xESgd4LhPqqLQFyPVqCyaI6wY9yFh1Rrw-plzOV0a7c', '2023-06-23 11:27:29.880920'),
('z0e9xrabu8m7rrwg8zscscqz4jzlj3rn', '.eJxVi0sKwjAQQO-StZROJs3HpeARXIfpZEKKWsE2K-ndG6EL3b7PR0Wqa4l1kXeckjorrU6_bCS-y_wVxPyq89odpLs-aXrcWnM5kr-v0FLaBJqcNw6yMRRYCA0mzDha471GAQspOAkZ3UC-sT7zYG1GDQGZoFfbDpnwM48:1q5jmR:Yhqur_YXl3QVdT2t4r4bF2t6kksngXbR0g2Oe5o_zh8', '2023-06-18 09:12:07.141483'),
('z0jxh9bmd6jg61xshoiaca5dy1tv2ka8', '.eJxVi0sKwjAQQO-StZROJs3HpeARXIfpZEKKWsE2K-ndG6EL3b7PR0Wqa4l1kXeckjorrU6_bCS-y_wVxPyq89odpLs-aXrcWnM5kr-v0FLaBJqcNw6yMRRYCA0mzDha471GAQspOAkZ3UC-sT7zYG1GDQGZoFfbDpnwM48:1q3b9b:teNqptQkNTcWJovlOIV-4r2T5Qg1XAsSgg2-lYK2adU', '2023-06-12 11:35:11.822147'),
('z1qhh2strchgbwpn3ukho5783024hzzn', '.eJxVjDEOwjAMRe-SGVUusaOUEYkjdI4c21UqoEi0mRB3h0od2vX99_7HJa5LSXW2dxrVXVxwpz3LLHeb1oFFXnVamo00tyePj_7vXDfl0BWey_rmMWbtiEigJUBlr0DEEXLwkAc6IzFKDkPLJgGgsyiIaqpkoOC-P6JnNIg:1q4xAr:zhtPSQVkoWtqaOePhzfOdITUyQZJ3Xn0PkseEFqIv8g', '2023-06-16 05:18:05.399414'),
('z2abdjsmmpnqktz1tsrr6bolbbwv3wf9', '.eJxVi70KwjAQgN_lZilJc7kLjoKP4BwuyYUUtYJtJvHdrdBB1-_nBVH62mJf9BmnAkdgOPyyJPmq81dIzo8-r8NOhvNdpttla0578vc1Wdo2qXdV1fOoaDyyY0y1JGvElsQkjBoseUfBKYY6JipIEmp2hgVz9fD-ALeQNH4:1q7IXK:eM7lf2GF9jKy12Snmy_hMameVtMzk8t9qfCqAS-LURM', '2023-06-22 16:30:58.212860'),
('z36kdyi2yl3m1ze4zvftubcoqdojvkgc', '.eJxVi70KwjAQgN8ls5S7tJc0joKP4BwulxwpagXbTOK7W6GDrt_Py0Rua41tKc84ZXM0aA6_LLFcy_wVLPJo89rtpDvfebpdtua0J39f5aVuU0H1MvpMmogdiSjo2IMNrEiKGUKgPPRWlaAAWl-gHxwwJnDEJOb9AcYbNGA:1q7IPe:pk7C_7VFSoCBnyYk6csdjXJqdGTxlR5taFqmsYY2Hag', '2023-06-22 16:23:02.447138'),
('z3ic9vnuopmj9vnegpbp6in7rq3bl35k', '.eJxVi70KwjAQgN8ls5TcpTlyjoKP4ByuyYUUtYJtJvHdjdBB1-_nZaK0rca26jPO2RwNenP4hZOkqy5fIyk92rINOxnOd5lvl96c9uTvq7LWPtGkpIWZbUgcAChDKjlIQVVHXjOQG4msx2IDI6L1MHZYPATK1pn3B9XLM8Y:1q8eMm:WLdXIvvXyHcP4sHa6JIF_NS01RZYl0tg0L0avEUA1o4', '2023-06-26 10:01:40.800207'),
('z3jvr3igdo23rjmhk0vctwafnyyau2ip', '.eJxVi70KwjAQgN8ls5S7tJc0joKP4BwulxwpagXbTOK7W6GDrt_Py0Rua41tKc84ZXM0aA6_LLFcy_wVLPJo89rtpDvfebpdtua0J39f5aVuU0H1MvpMmogdiSjo2IMNrEiKGUKgPPRWlaAAWl-gHxwwJnDEJOb9AcYbNGA:1q6di5:Rrk4ggNjx54lNGlUSeHDJbUZBcvLJe-tMkQnpBe_ngg', '2023-06-20 20:55:21.427171'),
('z4bahol2kvnng84ddl8jh3xs3ilgouna', '.eJxVi70KwjAQgN_lZilJc7kLjoKP4BwuyYUUtYJtJvHdrdBB1-_nBVH62mJf9BmnAkdgOPyyJPmq81dIzo8-r8NOhvNdpttla0578vc1Wdo2qXdV1fOoaDyyY0y1JGvElsQkjBoseUfBKYY6JipIEmp2hgVz9fD-ALeQNH4:1q91pY:HcBt6JkO08LuETP0IQZ6OpLTfbSLvfGNEWBt6cWxlk8', '2023-06-27 11:04:56.278377'),
('z58khrt0djr8vfwozci6i1l0j75o9ip0', '.eJxVi70OwiAQgN-F2TQHB1dxNPERnMlxQGjUmrRlMr5726SDrt_PRwVuSw1tzlMYkroo3avTL4wsjzzuhkXebVy6g3S3Fw_P-9Zcj-TvqzzXbcrIaBCiYW2ppAQOwHkDDILalrMHgB58iZGMsT5pDeIskSNCZBL1XQGunzMp:1q8eLL:SL4IRtGEfkgPavJVuZ6ZFLHf0A-4ji7YdWqFdmIG_e4', '2023-06-26 10:00:11.991401'),
('z71ouernw0l8ovq29xjhwbznqafq1lt6', '.eJxVi0sKwjAQQO-StZROPibjUvAIrsNkkiFFrdA2K_HubaEL3b7PR0VqS41tLlMcsroo49TpFybiRxl3Q8zvNi7dQbrbi4bnfWuuR_L3VZrrNnljCKgHkBTQ65QZrT8jO07i2WqyKGJJKFASAMha616cD8ZlxJLVdwXilTUK:1q90wL:RrR8d2Qte0LJR1xChGC5BXQjkF878cvGM2M5WdzddQ0', '2023-06-27 10:07:53.934898'),
('z75xxfh2gk461auyfbd7tcnxmmtv299y', '.eJxVi0sKwjAQQO-StZROJs3HpeARXIfpZEKKWsE2K-ndG6EL3b7PR0Wqa4l1kXeckjorrU6_bCS-y_wVxPyq89odpLs-aXrcWnM5kr-v0FLaBJqcNw6yMRRYCA0mzDha471GAQspOAkZ3UC-sT7zYG1GDQGZoFfbDpnwM48:1qAXtQ:4Tc7Ss0QxXbZWOm7auE-dUaNI20-8uHyCKfIYxy5GVM', '2023-07-01 15:31:12.044043'),
('z9hv0to7cik0pd9hqh1a74rluc30mh7v', '.eJxVi70KwjAQgN_lZilJc7kLjoKP4BwuyYUUtYJtJvHdrdBB1-_nBVH62mJf9BmnAkdgOPyyJPmq81dIzo8-r8NOhvNdpttla0578vc1Wdo2qXdV1fOoaDyyY0y1JGvElsQkjBoseUfBKYY6JipIEmp2hgVz9fD-ALeQNH4:1qAQhp:3bzfXYlkHDTV_OUqFMVwlyfTNfeIMtZOhOsontsdwQY', '2023-07-01 07:50:45.788877'),
('z9ojma3zg15klo0fidm16qhwnchp2s9v', '.eJxVi8sKwjAUBf8laylpcpM2LgU_wXW4r5KiVrDNSvx3I3ShZzkz52Uy1q3kuuozz2KOpk_m8AsJ-arL1yDzoy5bt5PufMf5dmnNaU_-fgXX0k4ORj8msMKMoOQj9wTOk5NIoY2cnyCoDaoy2eAHELIuNjtIshrN-wPTsTSc:1q9m7J:Z4q4L-ZkApbQ6TQ_dbN42woKDjJjNRLq7R07BiVUWbc', '2023-06-29 12:30:21.368477'),
('zbcubno1ma01v5in2311rbnc63ziuddm', '.eJxVi80KwjAMgN-lZxkr2drEo-AjeC5pk9ChTnDrSXx3J-yg1-_n5RK3taa26DNN4o5ucIdflrlcdf4KLuXR5rXbSXe-83S7bM1pT_6-ykvdJvQgvRgjBEHJijJYAFP1vrBRBAwDZQ5jVjIAQymgPSHGkTUSufcH2uU1NQ:1q8HUd:MnbV_7Cy3A37uFOThkexYTE0QpD_MjDG7icjmvSohhA', '2023-06-25 09:36:15.585039'),
('zbd9qo7q69fkidvcto1zya4ctywnl2hx', '.eJxVi70KwjAQgN8ls5S7tJc0joKP4BwulxwpagXbTOK7W6GDrt_Py0Rua41tKc84ZXM0aA6_LLFcy_wVLPJo89rtpDvfebpdtua0J39f5aVuU0H1MvpMmogdiSjo2IMNrEiKGUKgPPRWlaAAWl-gHxwwJnDEJOb9AcYbNGA:1q7JSu:0roeKeO92QAsYS_K5-h2m52oegMS5Dl70BjRFN371-c', '2023-06-22 17:30:28.588906'),
('zbhapr93nt8sz87qwwy5503vmpqpggdj', '.eJxVi8sKwjAQRf8layl5Ncm4FPwE12EmmZCiVrDNSvrvjdCFri6ce85HRGxrjW3hd5yyOAvtxekXEqY7z98HU3q1eR0OMlyfOD1u3bkcyl9Xcak9IgbI6ElJW6wqiSzovnLUxFyCM1DyaACM4pxRe-28cSGAL4ZYBhbbDuoQNMY:1q79Zr:Nj146sdqF5Xm5Xkvv3fInYBbBda-qPA0Zzl1Gi3NTTE', '2023-06-22 06:56:59.492949'),
('zc8unrhck59fs8qrglvt94krjqppr7o3', '.eJxVi8sKwjAUBf8laylpcpM2LgU_wXW4r5KiVrDNSvx3I3ShZzkz52Uy1q3kuuozz2KOpk_m8AsJ-arL1yDzoy5bt5PufMf5dmnNaU_-fgXX0k4ORj8msMKMoOQj9wTOk5NIoY2cnyCoDaoy2eAHELIuNjtIshrN-wPTsTSc:1q9i2B:R9M5d-UYPUch1jD-V4P2N0hQX-AhDMajAxrJ-Um9uOY', '2023-06-29 08:08:47.235345'),
('zefltqeez2g55t9hcabvh54ca73uiujv', '.eJxVi70KwjAQgN8ls5S7tJc0joKP4BwulxwpagXbTOK7W6GDrt_Py0Rua41tKc84ZXM0aA6_LLFcy_wVLPJo89rtpDvfebpdtua0J39f5aVuU0H1MvpMmogdiSjo2IMNrEiKGUKgPPRWlaAAWl-gHxwwJnDEJOb9AcYbNGA:1qC0Sp:Qa7W0ZoiuaDec41R1RXgEuEcQUBoIzLC72eJqPc9DLE', '2023-07-05 16:13:47.754623'),
('zf6tzg5g9at0y3rx7ewyw5206dh8u07r', '.eJxVi0sKwjAQQO-StZRM_nEpeATXYWY6IUWtYJuVeHcrdKHb93mpgn1tpS_yLNOojipodfiFhHyV-WuQ-dHnddjJcL7jdLtszWlP_r6GS9umGsEKWwMCKRICeck6ENkEWEfUFBNXDC64DKGCYeNtTl47MToZBvX-AN0dNDM:1qCAzQ:GDphkKAT_nFa49Zl3Ny00fRff2m-uwxO8S4_tIXLxnA', '2023-07-06 03:28:08.615297'),
('zffzncx8kl31i9zzixh1llwqm0aiilp7', '.eJxVi7sOwiAUht-F2TTcDlBHEx_BmfxwIDRqTWyZjO-uTTro-l1eIqKvLfalPOPE4iicEodfmJCvZd4Mcn70eR12MpzvmG6Xb3Pak7-vYWnblJgKe7LSAQQTRnj2owRppwvnWl21xgadismKwORNZajATFraJN4f9181XQ:1qC0MR:1wVuzCqVWVP4iMkrmOXGBAHDJxCtzLMv9LrvKjl3VI0', '2023-07-05 16:07:11.724470'),
('zgy8ctiu3dxlscba109yq4yqg62mcn1p', '.eJxVi80KwjAMgN-lZxkr2drEo-AjeC5pk9ChTnDrSXx3J-yg1-_n5RK3taa26DNN4o5ucIdflrlcdf4KLuXR5rXbSXe-83S7bM1pT_6-ykvdJvQgvRgjBEHJijJYAFP1vrBRBAwDZQ5jVjIAQymgPSHGkTUSufcH2uU1NQ:1q8eka:-lZEoIO8pLx69UAunwP-bj_iNTTITR1SXoSEiUqSh4s', '2023-06-26 10:26:16.773104'),
('zhej8o6v7gm4ue70bsxfe8xurskfx8j5', '.eJxVi80KwjAMgN-lZxkr2drEo-AjeC5pk9ChTnDrSXx3J-yg1-_n5RK3taa26DNN4o5ucIdflrlcdf4KLuXR5rXbSXe-83S7bM1pT_6-ykvdJvQgvRgjBEHJijJYAFP1vrBRBAwDZQ5jVjIAQymgPSHGkTUSufcH2uU1NQ:1q6msV:uVHBj3tB9WtMy-I7_Yr8YXefN5_3tWMQhqZp80fINNg', '2023-06-21 06:42:43.982573'),
('zhyoi4jf6jyxaj2yaevqlj3rfcertdnz', '.eJxVi70KwjAQgN8ls5S7tJc0joKP4BwulxwpagXbTOK7W6GDrt_Py0Rua41tKc84ZXM0aA6_LLFcy_wVLPJo89rtpDvfebpdtua0J39f5aVuU0H1MvpMmogdiSjo2IMNrEiKGUKgPPRWlaAAWl-gHxwwJnDEJOb9AcYbNGA:1qC2mp:ff3fvqVVGoh0isdBB0MEenRYqwyFhsnfpFRBRFH5K3k', '2023-07-05 18:42:35.405787'),
('zi324gs7pzuy39hschdn17tt0c9dd8ej', '.eJxVi0sKwjAQQO-StZROJs3HpeARXIfpZEKKWsE2K-ndG6EL3b7PR0Wqa4l1kXeckjorrU6_bCS-y_wVxPyq89odpLs-aXrcWnM5kr-v0FLaBJqcNw6yMRRYCA0mzDha471GAQspOAkZ3UC-sT7zYG1GDQGZoFfbDpnwM48:1q7Zl7:YObaP0wRdnqNeYtVKDPpZQGL-FIlWfCF2Nz4ybMZ6IM', '2023-06-23 10:54:21.549842'),
('zi3lp6bc99t1i5k2ylt6xuer244tbgzm', '.eJxVi70KwjAQgN8ls5S7tJc0joKP4BwulxwpagXbTOK7W6GDrt_Py0Rua41tKc84ZXM0aA6_LLFcy_wVLPJo89rtpDvfebpdtua0J39f5aVuU0H1MvpMmogdiSjo2IMNrEiKGUKgPPRWlaAAWl-gHxwwJnDEJOb9AcYbNGA:1qBkku:JRJ8T2mmpDnDGNc9LgUxvX7ESPBVrBvD-mMbqHwVfMQ', '2023-07-04 23:27:24.468734'),
('zihbj5zh8si1sodnyu3rxxzbtmn3f278', '.eJxVi70KwjAQgN8ls5TcpTlyjoKP4ByuyYUUtYJtJvHdjdBB1-_nZaK0rca26jPO2RwNenP4hZOkqy5fIyk92rINOxnOd5lvl96c9uTvq7LWPtGkpIWZbUgcAChDKjlIQVVHXjOQG4msx2IDI6L1MHZYPATK1pn3B9XLM8Y:1q8wdE:caF2oBJb-95pn07maLo3S8QlZR03y3FVmBgJFw9ruMc', '2023-06-27 05:31:52.709550'),
('zizobvk05qeyr6nzfu7hikrjfrjakps6', '.eJxVi0sKwjAQQO-StZROJs3HpeARXIfpZEKKWsE2K-ndG6EL3b7PR0Wqa4l1kXeckjorrU6_bCS-y_wVxPyq89odpLs-aXrcWnM5kr-v0FLaBJqcNw6yMRRYCA0mzDha471GAQspOAkZ3UC-sT7zYG1GDQGZoFfbDpnwM48:1q6EbF:wbNBl9q1N2W3rCbVI351F3_BnBewxxyiqLLJs0uac4s', '2023-06-19 18:06:37.632047'),
('zjj7f290t6ei00wqmloyo4x05ic9xevd', '.eJxVi0sKwjAQQO-StZROJs3HpeARXIfpZEKKWsE2K-ndG6EL3b7PR0Wqa4l1kXeckjorrU6_bCS-y_wVxPyq89odpLs-aXrcWnM5kr-v0FLaBJqcNw6yMRRYCA0mzDha471GAQspOAkZ3UC-sT7zYG1GDQGZoFfbDpnwM48:1q5ji2:ntoPIM4d5napdGRA9UqHfpSusknropMwkFh4kU9iUfM', '2023-06-18 09:07:34.663748'),
('zjw4s52q2wxil2b3mlnhmtv5sgcwcz50', '.eJxVi0sKwjAQQO-StZR8ZhLGpeARXIdpZkKKWsE2K_HuVuhCt-_zMpn72nJf9JknMUcDwRx-4cjlqvPXcCmPPq_DTobznafbZWtOe_L3NV7aNjkaUV1QzzZ5qkQUMVah4EbHABVUUqhoLYoHF6WAaCpok1UUFjTvD8coNHo:1q91xQ:vniEN1mXBIvvsg5g6TFLvKVf9nDC18c74kkZmKX08_M', '2023-06-27 11:13:04.327493'),
('zksxbyk6bjvs3irvvwuxaq9nijlt6lfi', '.eJxVi0sKwjAQQO8yayn5TJLGpeARXIfJZEqKWsE2K_HuRuhCt-_zgkRtq6mt8kxzgSMEC4dfmImvsnwNMT_asg07Gc53mm-X3pz25O-rtNY-sWHMClUZ--6ytjoIxslidkZ5NKRjEDuhOM_GOTSxFLGsfWGSHEd4fwDYGDTM:1qC9tw:xECBJm4gGWv3Zjg9nCmqRKgxdvwJL_dCzuIlyTfrtXo', '2023-07-06 02:18:24.348519'),
('zl3et8z7figo2o6sq4yo8p1kcvsrzhac', '.eJxVizkOwjAUBe_iGkV2vHybEokjUFt_ceQICFISV4i7E1AKeOW8mafK2Naa21LmPIo6KgPq8AsJ-Vqmz4PMjzat3U668x3H22VzTrvy11Vc6jfSUQq6KOSSLUmEgo9QLAlg6K0hBOLeuuC3JcCBB5fYExqwRmv1egP9VTUE:1q3tyK:H-zbKtj7yy6gCNFnyCNw4I63iibn1cmzMWd7iWpKN0k', '2023-06-13 07:40:48.519925'),
('zm5rvyn791jewbjp0q6om02thi9861ke', '.eJxVi70KwjAQgN8ls5S7tJc0joKP4BwulxwpagXbTOK7W6GDrt_Py0Rua41tKc84ZXM0aA6_LLFcy_wVLPJo89rtpDvfebpdtua0J39f5aVuU0H1MvpMmogdiSjo2IMNrEiKGUKgPPRWlaAAWl-gHxwwJnDEJOb9AcYbNGA:1q3e38:ElUkyeeBvL6Y66__rRSVgzhPV7WANyO5S9ZKHoqLo3Q', '2023-06-12 14:40:42.786112'),
('znfklqxzdpkq5swewdd5radpdq7apqlq', '.eJxVi0sOgjAQQO8ya0Moln5cmngE183MdCYlKiZAV8a7AwkL3b7PBxLWpaQ6y5SGDBdwcPplhPyQcRfI_K7j0hykub1weN635nokf1_BuWyTp1aDIcSzooag1nfsesekKtYY8uzQR-uieO1DNpE7oaBtjmiFjcJ3Bd_2Na0:1qBdln:MfutqXMn7sqy5ybcEAXtHSepJ_j5pVLLsDHfIUDsa90', '2023-07-04 15:59:51.780654'),
('znyy8dsx0bexryvd9tvv3zrnm3h4g2n2', '.eJxVi0sKwjAQQO-StZRM_nEpeATXYWY6IUWtYJuVeHcrdKHb93mpgn1tpS_yLNOojipodfiFhHyV-WuQ-dHnddjJcL7jdLtszWlP_r6GS9umGsEKWwMCKRICeck6ENkEWEfUFBNXDC64DKGCYeNtTl47MToZBvX-AN0dNDM:1qC2Fu:K0r3DNW26EUgW1n8ITzcigbSlidekDjua9g4qcLAEeU', '2023-07-05 18:08:34.737466'),
('zo9gwzyfycvka7w3u6xc5d2ndieiu0w8', '.eJxVi0sKwjAQQO-StZROJs3HpeARXIfpZEKKWsE2K-ndG6EL3b7PR0Wqa4l1kXeckjorrU6_bCS-y_wVxPyq89odpLs-aXrcWnM5kr-v0FLaBJqcNw6yMRRYCA0mzDha471GAQspOAkZ3UC-sT7zYG1GDQGZoFfbDpnwM48:1q3uqW:5qZTfNrapxqxw0x0yaOe-LynidK5T5wEzhFaP728LN8', '2023-06-13 08:36:48.093079'),
('zpad0iv74wj6w4enph4vwchl6h13u9rj', '.eJxVi70KwjAQgN8ls5S7tJc0joKP4BwulxwpagXbTOK7W6GDrt_Py0Rua41tKc84ZXM0aA6_LLFcy_wVLPJo89rtpDvfebpdtua0J39f5aVuU0H1MvpMmogdiSjo2IMNrEiKGUKgPPRWlaAAWl-gHxwwJnDEJOb9AcYbNGA:1qC2TT:jhGqsBFFdN1Y8s1hXzFZVo03FMJPRItLp0tGv8_AUOI', '2023-07-05 18:22:35.546656'),
('zpitrlfwrrp4uq5harufj2bpjbi1oppx', '.eJxVi80KwjAMgN-lZxkr2drEo-AjeC5pk9ChTnDrSXx3J-yg1-_n5RK3taa26DNN4o5ucIdflrlcdf4KLuXR5rXbSXe-83S7bM1pT_6-ykvdJvQgvRgjBEHJijJYAFP1vrBRBAwDZQ5jVjIAQymgPSHGkTUSufcH2uU1NQ:1q7AJm:f474dBUtlPFIpPBG8C_GCInASAgj-w55t294r-wESKk', '2023-06-22 07:44:26.705098'),
('zpxabg69cjjemq1djv02knyhlfg3k05g', '.eJxVi70KwjAQgN8ls5S7tJc0joKP4BwulxwpagXbTOK7W6GDrt_Py0Rua41tKc84ZXM0aA6_LLFcy_wVLPJo89rtpDvfebpdtua0J39f5aVuU0H1MvpMmogdiSjo2IMNrEiKGUKgPPRWlaAAWl-gHxwwJnDEJOb9AcYbNGA:1q5fyI:UpdnZsIbUQIsjtYkqV9bTM5lzC6nYiBqkwJ1KePXXR0', '2023-06-18 05:08:06.129962'),
('zqa3rf4xwszm6ekzz286dw3jd3y21rm0', '.eJxVi8sKwjAQRf8layl5Ncm4FPwE12EmmZCiVrDNSvrvjdCFri6ce85HRGxrjW3hd5yyOAvtxekXEqY7z98HU3q1eR0OMlyfOD1u3bkcyl9Xcak9IgbI6ElJW6wqiSzovnLUxFyCM1DyaACM4pxRe-28cSGAL4ZYBhbbDuoQNMY:1q6VOv:cSMvFbJNOiNrLud-Gh31enHrtO_HoFPHqYot9yxW8UI', '2023-06-20 12:03:01.000510'),
('zqsy900ea48876nzyj42gzjjdwzl9w1z', '.eJxVi70KwjAQgN8ls5S7tJc0joKP4BwulxwpagXbTOK7W6GDrt_Py0Rua41tKc84ZXM0aA6_LLFcy_wVLPJo89rtpDvfebpdtua0J39f5aVuU0H1MvpMmogdiSjo2IMNrEiKGUKgPPRWlaAAWl-gHxwwJnDEJOb9AcYbNGA:1qBeSt:wC7A5lN0hu_WsOuT10q1_QRHYPQZo061jR4KAGOkDvk', '2023-07-04 16:44:23.446560'),
('zs6idhc0tamqab8wc1bite6sxiqgp1jh', '.eJxVi70KwjAQgN8ls5Qjl14ujoKP4BwuyYUUtYJtJvHdrdBB1-_nZaL0tcW-6DNOxRyNRXP4hUnyVeevkZwffV6HnQznu0y3y9ac9uTva7K0bWJJQiC-VKqAKso-oxb2gYBdJeZM1iLCiKOCuKAusGTPthKUkMz7A-TxNI4:1qAl59:ATYAtpKMqbgP5QVRvsP7UCBzqM1mkgpTt4mXkPCws9A', '2023-07-02 05:36:11.794564'),
('zsqbhhn8l2xgx2j27uof70lpic44oolc', '.eJxVi70KwjAQgN8ls5S7tJc0joKP4BwulxwpagXbTOK7W6GDrt_Py0Rua41tKc84ZXM0aA6_LLFcy_wVLPJo89rtpDvfebpdtua0J39f5aVuU0H1MvpMmogdiSjo2IMNrEiKGUKgPPRWlaAAWl-gHxwwJnDEJOb9AcYbNGA:1q4d7Y:5FrNa-aPBFP_Qhq7zadmRg-AfE2YOGBkAFMJk0JKO6k', '2023-06-15 07:53:20.702687'),
('ztkckd7o8jgzifdbqw0gts2mz6hsfpbn', '.eJxVi0kKwjAUQO-StRS_yc_gUvAIrsMfElLUCrZZiXe3Qhe6fcPLZOpLy30uzzyqORpndr-MSa5l-goSefRpGTYynO803i5rc9qSv6_R3Nap-pCYAjgNKSQEVlCPHjHEKMqJWRUOlRCdqCaLNqLsAahGtIW8eX8AtgA0ig:1qBCML:njPjzKzVnlmimAytUgRyLjdlVdPTd00gKPzrUyvIClM', '2023-07-03 10:43:45.189021'),
('zvhmtvt6jiqmzdwwpq73u1pfp6q2ei6o', '.eJxVi70OwiAQgN-F2TQcB1zraOIjOJPjgNCoNbFlMn331qSDrt_PRwVuSw1tzu8wJnVWxqrTL4ws9zx9DYu82rR0B-muTx4ft725HMnfV3mu-4QQPQ6kc3GefE-FHAyFCjoBLRGKNYyRWSNYxISSfO7FgNfOGaGo1g28zzQJ:1qB6cX:noeZJ7BJ2yhJjm8Sr7hv3gYxm-biky5sKi8wc9sdNu8', '2023-07-03 04:36:05.204423'),
('zwbis01atuxs2b837h89xxnb5tx8cqwo', '.eJxVi70KwjAQgN8ls5S7tJc0joKP4BwulxwpagXbTOK7W6GDrt_Py0Rua41tKc84ZXM0aA6_LLFcy_wVLPJo89rtpDvfebpdtua0J39f5aVuU0H1MvpMmogdiSjo2IMNrEiKGUKgPPRWlaAAWl-gHxwwJnDEJOb9AcYbNGA:1q7C4o:qj-CReCgkRr0h4266GToqjIaVbYcZxhiTq5grUXedlY', '2023-06-22 09:37:06.435048'),
('zwv55eluyikcviflhqhbixa76oehv1b4', '.eJxVi8sKwjAQRf8layl5Ncm4FPwE12EmmZCiVrDNSvrvjdCFri6ce85HRGxrjW3hd5yyOAvtxekXEqY7z98HU3q1eR0OMlyfOD1u3bkcyl9Xcak9IgbI6ElJW6wqiSzovnLUxFyCM1DyaACM4pxRe-28cSGAL4ZYBhbbDuoQNMY:1q6S6w:uLj__-boGATmOv3SLNaIVBGrLxyq_TMX-o677d-stE4', '2023-06-20 08:32:14.984400'),
('zxvvxrk90o7zmn2eczilo6lkbeboau25', '.eJxVi8sKwjAQRf8layl5Ncm4FPwE12EmmZCiVrDNSvrvjdCFri6ce85HRGxrjW3hd5yyOAvtxekXEqY7z98HU3q1eR0OMlyfOD1u3bkcyl9Xcak9IgbI6ElJW6wqiSzovnLUxFyCM1DyaACM4pxRe-28cSGAL4ZYBhbbDuoQNMY:1q6s68:j2n-Gr7Oz6OtQ9KmYo0Di2G3ioVV4aPn0R01439z98U', '2023-06-21 12:17:08.299712'),
('zycprb3sll73c9jz4d8syvwi0ekwhjl9', '.eJxVi0sKwjAQQO-StZROJs3HpeARXIfpZEKKWsE2K-ndG6EL3b7PR0Wqa4l1kXeckjorrU6_bCS-y_wVxPyq89odpLs-aXrcWnM5kr-v0FLaBJqcNw6yMRRYCA0mzDha471GAQspOAkZ3UC-sT7zYG1GDQGZoFfbDpnwM48:1qBwyC:qbwSSYtPs3PB-eyfo2P-c4Hl7spC5dqwrZFbXZO7Iqc', '2023-07-05 12:29:56.484905'),
('zyz1rsluhrruy33hrdlpf2fcuoqqsjxq', '.eJxVi8sKwjAQRf9l1lImTZo4LoV-QtdhJg9S1AptsxL_3Qhd6O4-znmB57oXX7e0-jnCBfoBTr-jcLil5ftwCM-67N2xdOOD5_vUmOuB_HmFt9IkJQG1pcFxIEWmV4YZrWEkZ-xZNBlNTkR0q4iUcszZWtTELVF08P4Asjc0Jg:1qAQWT:ec1ZsysLtAXM6yKJDzXXSqEYKbQnt3U3rzvncizwid8', '2023-07-01 07:39:01.952004'),
('zzeefgwqx3nzerlmw9hugeiqz4btgjd8', '.eJxVi0EOwiAQRe_C2jRQKMO4NPEIrskwDKFRa2LLynh3MelCl__9914qUttqbKs845zVUY2oDr8wEV9l-T7E_GjLNuxkON9pvl26c9qVv67SWnuUJ-s0ueCT0wBIKCkICHBf1he2drJJyHFxhgG0wUIew4iM2Rcx6v0B0Ik0lw:1q7WtU:aYltOhfDyDm4RBG4Gc1ui65CDYTbH0YdjfEvKxqsPFM', '2023-06-23 07:50:48.176703');

-- --------------------------------------------------------

--
-- Table structure for table `management_clientcategory`
--

CREATE TABLE `management_clientcategory` (
  `id` bigint(20) NOT NULL,
  `name` varchar(255) NOT NULL
) ENGINE=InnoDB DEFAULT CHARSET=utf8mb4 COLLATE=utf8mb4_general_ci;

--
-- Dumping data for table `management_clientcategory`
--

INSERT INTO `management_clientcategory` (`id`, `name`) VALUES
(1, 'Industry');

-- --------------------------------------------------------

--
-- Table structure for table `management_commodity`
--

CREATE TABLE `management_commodity` (
  `id` bigint(20) NOT NULL,
  `name` varchar(255) NOT NULL,
  `test_duration` int(11) DEFAULT NULL,
  `units` varchar(255) DEFAULT NULL,
  `price` int(11) DEFAULT NULL,
  `category_id` bigint(20) DEFAULT NULL
) ENGINE=InnoDB DEFAULT CHARSET=utf8mb4 COLLATE=utf8mb4_general_ci;

--
-- Dumping data for table `management_commodity`
--

INSERT INTO `management_commodity` (`id`, `name`, `test_duration`, `units`, `price`, `category_id`) VALUES
(1, 'Ghee', 10, '%', 800, 1),
(2, 'Mustard Oil', 10, 'nan', 1100, 1),
(3, 'Imported Rapeseed oil', 10, 'nan', 1100, 1),
(4, 'Rapeseed oil', 10, 'nan', 1100, 1),
(5, 'Soyabean Oil', 10, '%', 700, 1),
(6, 'Palm oil', 10, 'nan', 700, 1),
(7, 'Palm kernel oil', 10, 'nan', 700, 1),
(8, 'Palmolein', 10, 'nan', 700, 1),
(9, 'Groundnut Oil', 10, 'nan', 700, 1),
(10, 'Coconut oil', 10, 'nan', 700, 1),
(11, 'Sesame oil', 10, 'nan', 700, 1),
(12, 'Corn oil / Maize oil', 10, 'nan', 700, 1),
(13, 'Sunflower oil', 10, 'nan', 700, 1),
(14, 'Olive oil', 10, 'nan', 700, 1),
(15, 'Safflower seed oil', 10, 'nan', 700, 1),
(16, 'Refined Vegetable oil', 10, 'nan', 700, 1),
(17, 'Hydrogenated Vegetable oil', 10, 'degree centigrade', 700, 1),
(18, 'Bakery Shortening', 10, 'nan', 700, 1);

-- --------------------------------------------------------

--
-- Table structure for table `management_commoditycategory`
--

CREATE TABLE `management_commoditycategory` (
  `id` bigint(20) NOT NULL,
  `name` varchar(255) NOT NULL
) ENGINE=InnoDB DEFAULT CHARSET=utf8mb4 COLLATE=utf8mb4_general_ci;

--
-- Dumping data for table `management_commoditycategory`
--

INSERT INTO `management_commoditycategory` (`id`, `name`) VALUES
(146, 'Adulteration Test'),
(147, 'Alcoholic Beverages'),
(149, 'Animal Feeds'),
(141, 'Cereal & Legume Products'),
(144, 'Confectionary Products'),
(1, 'Fats and Oils'),
(145, 'Food Preservatives, Additives and Contaminates'),
(137, 'Fruits and Vegetable Products'),
(148, 'Meat Products'),
(136, 'Milk and Milk Products'),
(142, 'Processed Drinking Water'),
(140, 'Salt'),
(138, 'Spices and Condiments Products'),
(143, 'Sweetening Agents'),
(139, 'Tea, Coffee, Cocoa Products');

-- --------------------------------------------------------

--
-- Table structure for table `management_payment`
--

CREATE TABLE `management_payment` (
  `id` bigint(20) NOT NULL,
  `owner_email` varchar(100) DEFAULT NULL,
  `voucher_number` varchar(155) DEFAULT NULL,
  `register_date` varchar(155) DEFAULT NULL,
  `amount` int(11) DEFAULT NULL,
  `payment_receipt` varchar(100) DEFAULT NULL,
  `created_date` datetime(6) NOT NULL,
  `updated_date` datetime(6) NOT NULL,
  `sample_form_id` bigint(20) NOT NULL
) ENGINE=InnoDB DEFAULT CHARSET=utf8mb4 COLLATE=utf8mb4_general_ci;

--
-- Dumping data for table `management_payment`
--

INSERT INTO `management_payment` (`id`, `owner_email`, `voucher_number`, `register_date`, `amount`, `payment_receipt`, `created_date`, `updated_date`, `sample_form_id`) VALUES
(33, 'user@gmail.com', '79456', 'Thu Jun 22 2023 00:00:00 GMT+0545 (Nepal Time)', 4500, 'uploads/receipt/receipt_Xjf4aHD.jfif', '2023-06-21 19:24:35.319591', '2023-06-21 19:24:35.319606', 125),
(34, 'admin@gmail.com', '78455', 'Mon Jun 26 2023 00:00:00 GMT+0545 (Nepal Time)', 3000, 'uploads/receipt/receipt_cAKhY28.jfif', '2023-06-22 03:49:21.560813', '2023-06-22 03:49:21.560827', 131),
(35, 'user@gmail.com', '6450', 'Fri Jun 23 2023 00:00:00 GMT+0545 (Nepal Time)', 4500, 'uploads/receipt/receipt_PjZAmrL.jfif', '2023-06-22 04:09:15.385701', '2023-06-22 04:09:15.385715', 149),
(36, 'user@gmail.com', '7984', 'Sat Jun 24 2023 00:00:00 GMT+0545 (Nepal Time)', 3800, 'uploads/receipt/receipt_ChZjfp5.jfif', '2023-06-22 04:40:21.643078', '2023-06-22 04:40:21.643099', 150);

-- --------------------------------------------------------

--
-- Table structure for table `management_sampleform`
--

CREATE TABLE `management_sampleform` (
  `id` bigint(20) NOT NULL,
  `owner_user` varchar(100) NOT NULL,
  `name` varchar(255) DEFAULT NULL,
  `condition` varchar(255) NOT NULL,
  `mfd` date NOT NULL,
  `dfb` date NOT NULL,
  `batch` int(11) NOT NULL,
  `brand` varchar(255) NOT NULL,
  `purpose` varchar(255) NOT NULL,
  `report_date` date NOT NULL,
  `amendments` varchar(255) DEFAULT NULL,
  `language` varchar(10) NOT NULL,
  `note` longtext DEFAULT NULL,
  `status` varchar(155) DEFAULT NULL,
  `form_available` varchar(100) DEFAULT NULL,
  `created_date` datetime(6) NOT NULL,
  `updated_date` datetime(6) NOT NULL,
  `supervisor_user_id` bigint(20) DEFAULT NULL,
  `commodity_id` bigint(20) NOT NULL,
  `is_commodity_select` tinyint(1) NOT NULL,
  `is_analyst_test` tinyint(1) NOT NULL,
  `approved_by_id` bigint(20) DEFAULT NULL,
  `approved_date` datetime(6) DEFAULT NULL,
  `completed_date` datetime(6) DEFAULT NULL,
  `verified_by_id` bigint(20) DEFAULT NULL,
  `remarks` varchar(1000) DEFAULT NULL,
  `requested_export` varchar(155) DEFAULT NULL,
  `analyst_encode_id` varchar(255) DEFAULT NULL,
  `supervisor_encode_id` varchar(255) DEFAULT NULL,
  `user_encode_id` varchar(255) DEFAULT NULL,
  `verifier_encode_id` varchar(255) DEFAULT NULL
) ENGINE=InnoDB DEFAULT CHARSET=utf8mb4 COLLATE=utf8mb4_general_ci;

--
-- Dumping data for table `management_sampleform`
--

INSERT INTO `management_sampleform` (`id`, `owner_user`, `name`, `condition`, `mfd`, `dfb`, `batch`, `brand`, `purpose`, `report_date`, `amendments`, `language`, `note`, `status`, `form_available`, `created_date`, `updated_date`, `supervisor_user_id`, `commodity_id`, `is_commodity_select`, `is_analyst_test`, `approved_by_id`, `approved_date`, `completed_date`, `verified_by_id`, `remarks`, `requested_export`, `analyst_encode_id`, `supervisor_encode_id`, `user_encode_id`, `verifier_encode_id`) VALUES
(125, 'user@gmail.com', 'Wai-Wai', 'Cupidatat quisquam q', '2023-06-21', '2023-06-22', 61, 'In fuga Velit error', 'Molestiae sunt nihil', '2023-06-28', 'Aliquip eum commodi', 'np', 'Porro aliquid culpa', 'completed', 'verifier', '2023-06-21 19:22:18.612229', '2023-06-21 19:22:18.612243', 61, 1, 0, 1, 71, '2023-06-21 19:24:41.283957', '2023-06-21 20:27:01.825211', 73, 'accurate', 'export', 'aNPrOA', 'm3xGB1', 'EOBlN4', '4QGVbm'),
(126, 'user@gmail.com', 'Digestive Biscuit', 'Odit in doloribus qu', '2023-06-21', '2023-06-23', 20, 'Soluta nostrum elige', 'Amet molestiae nisi', '2023-06-23', 'Animi voluptatem E', 'en', 'Praesentium eos eaqu', 'not_assigned', 'supervisor', '2023-06-21 19:28:57.608971', '2023-06-21 19:28:57.608984', 61, 5, 0, 0, 71, '2023-06-22 01:35:00.166770', NULL, NULL, 'good', 'requested', '2Dp9GA', 'YlpW23', 'n4kBE1', 'vBXVxQ'),
(127, 'user@gmail.com', 'Manang Rice', 'Rice', '2023-06-22', '2023-06-26', 86, 'Delectus aut molest', 'Molestias recusandae', '2023-06-23', 'Suscipit laborum Do', 'en', 'Fugiat sit id sunt', 'processing', 'supervisor', '2023-06-21 19:44:02.442140', '2023-06-21 19:44:02.442167', 61, 8, 0, 0, 71, '2023-06-21 19:45:52.317158', NULL, NULL, 'good', 'export', 'wNnnRN', 'N1aWVl', 'yOl6g4', 'kQ1r5l'),
(128, 'admin@gmail.com', 'rice', 'rice', '2023-06-14', '2023-06-21', 23413, 'sad', 'asd', '2023-06-23', 'dwa', 'en', 'dwa', 'pending', 'smu', '2023-06-21 20:04:09.520829', '2023-06-21 20:04:09.520845', NULL, 3, 0, 0, NULL, NULL, NULL, NULL, 'good', 'requested', 'mNEW7A', '510vNl', 'G4yr2j', 'omW7Nm'),
(129, 'hari@user.com', 'Processed Drinking Water', 'OK', '2023-06-20', '2023-12-11', 65, 'Water', 'Quality testing', '2023-06-22', 'Nothing', 'en', '', 'completed', 'verifier', '2023-06-21 20:05:04.098387', '2023-06-21 20:05:04.098402', 61, 1, 0, 1, 71, '2023-06-21 20:06:21.507363', '2023-06-21 20:13:38.226330', 73, 'good', 'requested', 'VN0yrD', '6lyRYk', '2ONeoj', '7lPNvm'),
(130, 'admin@gmail.com', 'Food sample form', 'awd', '2023-06-15', '2023-06-16', 87655789, 'daw', 'adw', '2023-06-16', 'daw', 'en', 'awd', 'pending', 'smu', '2023-06-21 20:07:20.170323', '2023-06-21 20:07:20.170339', NULL, 5, 0, 0, NULL, NULL, NULL, NULL, 'good', 'requested', '2AY4zD', 'L12Ayk', 'W4GXrj', '8my8jB'),
(131, 'admin@gmail.com', 'Tea', 'awe', '2023-06-21', '2023-06-27', 6578908, 'aawe', 'awe', '2023-06-22', 'eaw', 'en', 'wea', 'not_assigned', 'supervisor', '2023-06-21 20:12:31.305581', '2023-06-21 20:12:31.305611', 61, 4, 0, 0, 71, '2023-06-22 03:49:25.855285', NULL, NULL, 'good', 'requested', 'rD36WN', 'n3jxDk', 'G1aXnO', 'bl6rjl'),
(132, 'subarna@user.com', 'food', 'awd', '2023-06-21', '2023-06-24', 65789, 'asd', 'ads', '2023-06-24', 'adw', 'en', 'awd', 'not_verified', 'verifier', '2023-06-21 20:14:39.453578', '2023-06-21 20:14:39.453596', 61, 4, 0, 1, 1, '2023-06-21 20:35:42.383776', NULL, NULL, 'good', 'requested', '6DzelN', 'r14BAl', '8jzGYO', '1QdpYQ'),
(133, 'hari@user.com', 'Ice Cream', 'OK', '2023-06-21', '2023-06-22', 10, 'Obcaecati nisi fugit', 'Tempore autem aut p', '2023-06-22', 'Dignissimos obcaecat', 'en', 'Rem aut voluptatum m', 'completed', 'verifier', '2023-06-21 20:26:22.219284', '2023-06-21 20:26:22.219300', 68, 8, 0, 1, 71, '2023-06-21 20:27:43.665522', '2023-06-21 20:36:05.300181', 73, 'good', 'export', 'Kg7x6N', 'nkBBDk', 'b4Xwa1', 'Nmv7kQ'),
(134, 'pradeepuser@gmail.com', 'Apple Juice', 'OK', '2023-06-22', '2023-10-20', 50, 'Real', 'Quality Testing', '2023-06-22', 'Nothing', 'en', '', 'not_assigned', 'supervisor', '2023-06-22 01:00:03.713831', '2023-06-22 01:00:03.713863', 61, 1, 0, 0, 71, '2023-06-22 01:00:27.865418', NULL, NULL, 'good', 'requested', 'qAMwkN', 'd3OoN3', 'Lj08Mj', 'AmewAl'),
(135, 'hari@user.com', 'Drinking Water', 'Ok', '2023-06-22', '2023-08-30', 36, 'Jalpa', 'Export', '2023-06-22', '', 'en', '', 'completed', 'verifier', '2023-06-22 01:01:53.495279', '2023-06-22 01:01:53.495292', 61, 4, 0, 1, 71, '2023-06-22 01:02:06.821179', '2023-06-22 01:55:59.281705', 73, 'good', 'export', 'qDOppA', 'mkXjj3', 'N46xxO', '7BgMMQ'),
(136, 'user@gmail.com', 'Cow Milk', 'Ok', '2023-06-22', '2023-06-24', 65, 'Amul', 'Export', '2023-06-22', '', 'en', '', 'not_verified', 'verifier', '2023-06-22 01:03:03.662682', '2023-06-22 01:03:03.662699', 61, 6, 0, 1, 71, '2023-06-22 01:03:23.091591', NULL, NULL, 'good', 'export', 'VN1GqA', 'm3AxZ1', 'X1pYw4', '1QDrnB'),
(137, 'pradeepuser@gmail.com', 'Parle G', 'OK', '2023-06-22', '2023-11-30', 654, 'Parle', 'Quality testing', '2023-06-24', '', 'en', '', 'not_assigned', 'supervisor', '2023-06-22 01:05:09.946597', '2023-06-22 01:05:09.946613', 61, 5, 0, 0, 71, '2023-06-22 01:05:23.554690', NULL, NULL, 'good', 'requested', 'jgKa4D', 'Ok6Pm3', 'njEXM4', 'JmV8wl'),
(138, 'subarna@user.com', 'Current Noodle', 'Ok', '2023-06-22', '2023-08-30', 89, 'Wai Wai', 'Quality Testing', '2023-06-29', '', 'en', '', 'not_assigned', 'supervisor', '2023-06-22 01:06:51.938612', '2023-06-22 01:06:51.938645', 61, 10, 0, 0, 71, '2023-06-22 01:07:05.633651', NULL, NULL, 'good', 'export', 'mAqjYg', 'OldGb3', 'B12o84', 'YB4v1Q'),
(139, 'hari@user.com', 'Basmati Rice', 'Good', '2023-06-22', '2024-05-31', 56, 'Manang Chamal', 'Testing', '2023-06-30', '', 'en', '', 'not_assigned', 'supervisor', '2023-06-22 01:09:13.469728', '2023-06-22 01:09:13.469748', 61, 18, 0, 0, 71, '2023-06-22 01:09:27.600294', NULL, NULL, 'good', 'export', 'wNrRwN', 'D3RMz1', '9j7dMO', '6m0Rel'),
(140, 'pradeepuser@gmail.com', 'Baking Soda', 'Good', '2023-06-01', '2023-09-01', 456, 'Baking', 'Export', '2023-06-27', '', 'en', '', 'not_assigned', 'supervisor', '2023-06-22 01:15:29.638355', '2023-06-22 01:15:29.638367', 61, 18, 0, 0, 71, '2023-06-22 01:15:50.340313', NULL, NULL, 'good', 'export', 'QD2BvD', 'a1D9J3', 'k4YDB1', 'OBzy0l'),
(141, 'user@gmail.com', 'Turmeric Powder', 'Good', '2023-06-22', '2023-07-23', 246, 'Spices Nepal', 'Quality Testing', '2023-07-05', '', 'en', '', 'not_assigned', 'supervisor', '2023-06-22 01:18:46.564815', '2023-06-22 01:18:46.564841', 61, 13, 0, 0, 71, '2023-06-22 01:19:02.029819', NULL, NULL, 'good', 'requested', 'ZA6oJg', 'YlmeDl', 'YjQYvj', 'nQ7y9B'),
(142, 'pradeepuser@gmail.com', 'Dhara Tel', 'Ok', '2023-05-02', '2023-07-28', 1265, 'Dhara Oil', 'Supply', '2023-06-30', '', 'en', '', 'not_assigned', 'supervisor', '2023-06-22 01:30:22.931710', '2023-06-22 01:30:22.931752', 61, 2, 0, 0, 71, '2023-06-22 01:30:42.238886', NULL, NULL, 'good', 'requested', 'ZA5jbg', 'X1NKj3', 'QjL261', 'pB8VwQ'),
(143, 'user@gmail.com', 'Swostik', 'Ok', '2023-03-14', '2023-07-15', 125, 'Soyabean', 'Quality Testing', '2023-06-23', '', 'en', '', 'not_assigned', 'supervisor', '2023-06-22 01:32:07.987418', '2023-06-22 01:32:07.987434', 61, 5, 0, 0, 71, '2023-06-22 01:32:21.292952', NULL, NULL, 'good', 'requested', 'oDkYpg', 'P15AM1', '8198pO', 'blb9NQ'),
(144, 'pradeepuser@gmail.com', 'Amrit Tel', 'Ok', '2023-04-20', '2023-07-30', 548, 'Amrit', 'Quality Testing', '2023-06-30', '', 'en', '', 'processing', 'supervisor', '2023-06-22 01:34:17.719113', '2023-06-22 01:34:17.719136', 61, 5, 0, 0, 71, '2023-06-22 01:34:34.105710', NULL, NULL, 'good', 'export', 'PNyw4A', 'zkoX01', 'q1d5g4', 'Mlqg7m'),
(145, 'hari@user.com', 'Banana Juice', 'Ok', '2023-06-22', '2023-06-28', 25, 'Real', 'Quality Testing', '2023-06-23', '', 'en', '', 'pending', 'smu', '2023-06-22 01:41:53.442788', '2023-06-22 01:41:53.442803', NULL, 8, 0, 0, NULL, NULL, NULL, NULL, 'good', 'requested', 'kAJ3Mg', 'Okb8b3', '21KAbj', 'wm2JDm'),
(146, 'hari@user.com', 'Coconut Biscuit', 'Ok', '2023-05-01', '2023-06-24', 24, 'Coconut', 'Market Supply', '2023-06-22', '', 'en', '', 'processing', 'supervisor', '2023-06-22 01:50:39.431862', '2023-06-22 01:50:39.431881', 61, 10, 0, 0, 71, '2023-06-22 03:41:51.834576', NULL, NULL, 'good', 'export', '6DLavA', 'a1z5Lk', 'Bj8Kn4', 'emEVaQ'),
(147, 'test006@gmail.com', 'Apple2', 'good', '2023-06-22', '2023-06-30', 3, 'appy', 'fdia', '2023-06-30', 'No', 'en', 'ho', 'completed', 'verifier', '2023-06-22 02:20:24.988659', '2023-06-22 02:20:24.988680', 61, 2, 0, 1, 71, '2023-06-22 02:21:39.220070', '2023-06-22 04:15:50.536554', 73, 'good', 'requested', 'GA4o1D', 'V3rEN1', 'Wj3v94', '4lZKzB'),
(148, 'test007@gmail.com', 'Rio', 'good', '2023-06-20', '2023-06-30', 6, 'CG', 'Hiii', '2023-06-30', 'hhaha', 'en', 'Nothing', 'completed', 'verifier', '2023-06-22 03:54:05.736149', '2023-06-22 03:54:05.736163', 61, 2, 0, 1, 71, '2023-06-22 05:59:05.636996', '2023-06-22 06:16:22.354919', 73, 'Test the result', 'requested', '3N9mQN', 'P1Le03', 'DOWq24', 'omKjRB'),
(149, 'user@gmail.com', '2 pm Noodles', 'Beatae ut sint expli', '2023-06-21', '2023-06-23', 79, 'Sheetal Foods', 'Autem minim enim et', '2023-06-25', 'Voluptas blanditiis', 'en', 'Amet dolor ipsam ea', 'completed', 'verifier', '2023-06-22 04:07:37.760685', '2023-06-22 04:07:37.760709', 68, 1, 0, 1, 71, '2023-06-22 04:09:23.899629', '2023-06-22 04:19:24.717319', 73, 'good', 'requested', 'vAjxEN', 'y3Pbvk', 'BOvdv4', 'zBa92B'),
(150, 'user@gmail.com', 'Cookies', 'Good', '2023-06-22', '2023-06-26', 45, 'KIT Cookies', 'Quality assessment', '2023-06-24', 'Fix', 'en', 'prime', 'completed', 'verifier', '2023-06-22 04:39:42.091558', '2023-06-22 04:39:42.091572', 61, 4, 0, 1, 71, '2023-06-22 04:40:24.985440', '2023-06-22 04:43:38.066554', 73, 'This sample has successfully completed all parameter test.', 'requested', 'VD8PqD', 'a3W4rl', 'N1bnr1', 'aBpDOB'),
(151, 'abc@gmail.com', 'Nam sunt sed ex dolo', 'Quidem elit magnam', '2023-06-14', '2023-06-14', 20, 'Labore occaecat eum', 'At dignissimos ullam', '2023-06-21', 'Consequatur Neque a', 'en', 'Sequi tenetur nobis', 'pending', 'smu', '2023-06-22 05:56:27.542385', '2023-06-22 05:56:27.542403', NULL, 1, 0, 0, NULL, NULL, NULL, NULL, NULL, 'requested', 'bNvxeA', 'Q1qq51', '84RNg4', 'kQ9zbl');

-- --------------------------------------------------------

--
-- Table structure for table `management_sampleformhasparameter`
--

CREATE TABLE `management_sampleformhasparameter` (
  `id` bigint(20) NOT NULL,
  `analyst_user_id` bigint(20) NOT NULL,
  `status` varchar(155) DEFAULT NULL,
  `form_available` varchar(100) DEFAULT NULL,
  `created_date` datetime(6) NOT NULL,
  `updated_date` datetime(6) NOT NULL,
  `commodity_id` bigint(20) DEFAULT NULL,
  `sample_form_id` bigint(20) DEFAULT NULL,
  `is_supervisor_sent` tinyint(1) NOT NULL
) ENGINE=InnoDB DEFAULT CHARSET=utf8mb4 COLLATE=utf8mb4_general_ci;

--
-- Dumping data for table `management_sampleformhasparameter`
--

INSERT INTO `management_sampleformhasparameter` (`id`, `analyst_user_id`, `status`, `form_available`, `created_date`, `updated_date`, `commodity_id`, `sample_form_id`, `is_supervisor_sent`) VALUES
(181, 62, 'completed', 'analyst', '2023-06-21 19:37:00.731804', '2023-06-21 19:37:00.731818', NULL, 125, 1),
(182, 66, 'completed', 'analyst', '2023-06-21 19:39:18.836826', '2023-06-21 19:39:18.836842', NULL, 125, 1),
(183, 62, 'processing', 'analyst', '2023-06-21 19:46:54.176701', '2023-06-21 19:46:54.176719', NULL, 127, 0),
(184, 66, 'completed', 'analyst', '2023-06-21 20:07:13.606967', '2023-06-21 20:07:13.606982', NULL, 129, 1),
(185, 62, 'completed', 'analyst', '2023-06-21 20:07:30.949139', '2023-06-21 20:07:30.949160', NULL, 129, 1),
(186, 66, 'completed', 'analyst', '2023-06-21 20:28:47.774672', '2023-06-21 20:28:47.774690', NULL, 133, 1),
(187, 62, 'completed', 'analyst', '2023-06-21 20:29:10.130505', '2023-06-21 20:29:10.130526', NULL, 133, 1),
(188, 62, 'completed', 'analyst', '2023-06-21 20:36:13.945703', '2023-06-21 20:36:13.945718', NULL, 132, 1),
(189, 62, 'completed', 'analyst', '2023-06-22 01:03:12.274191', '2023-06-22 01:03:12.274205', NULL, 135, 1),
(190, 62, 'completed', 'analyst', '2023-06-22 02:22:11.365275', '2023-06-22 02:22:11.365290', NULL, 147, 1),
(191, 62, 'processing', 'analyst', '2023-06-22 03:38:45.451808', '2023-06-22 03:38:45.451826', NULL, 144, 0),
(192, 62, 'completed', 'analyst', '2023-06-22 03:42:42.495465', '2023-06-22 03:42:42.495479', NULL, 136, 1),
(193, 66, 'processing', 'analyst', '2023-06-22 04:04:40.469378', '2023-06-22 04:04:40.469393', NULL, 146, 0),
(194, 62, 'processing', 'analyst', '2023-06-22 04:06:41.288859', '2023-06-22 04:06:41.288874', NULL, 146, 0),
(195, 62, 'completed', 'analyst', '2023-06-22 04:10:28.320289', '2023-06-22 04:10:28.320307', NULL, 149, 1),
(196, 66, 'completed', 'analyst', '2023-06-22 04:15:33.594486', '2023-06-22 04:15:33.594499', NULL, 149, 1),
(197, 62, 'completed', 'analyst', '2023-06-22 04:41:09.201516', '2023-06-22 04:41:09.201530', NULL, 150, 1),
(198, 66, 'processing', 'analyst', '2023-06-22 05:33:44.797344', '2023-06-22 05:33:44.797365', NULL, 144, 0),
(199, 62, 'completed', 'analyst', '2023-06-22 06:07:19.908086', '2023-06-22 06:07:19.908110', NULL, 148, 1);

-- --------------------------------------------------------

--
-- Table structure for table `management_sampleformhasparameter_parameter`
--

CREATE TABLE `management_sampleformhasparameter_parameter` (
  `id` bigint(20) NOT NULL,
  `sampleformhasparameter_id` bigint(20) NOT NULL,
  `testresult_id` bigint(20) NOT NULL
) ENGINE=InnoDB DEFAULT CHARSET=utf8mb4 COLLATE=utf8mb4_general_ci;

--
-- Dumping data for table `management_sampleformhasparameter_parameter`
--

INSERT INTO `management_sampleformhasparameter_parameter` (`id`, `sampleformhasparameter_id`, `testresult_id`) VALUES
(482, 181, 1),
(483, 181, 5),
(484, 182, 3),
(485, 182, 4),
(487, 183, 53),
(500, 183, 56),
(486, 183, 57),
(502, 183, 85),
(488, 183, 87),
(501, 183, 88),
(489, 184, 1),
(490, 184, 2),
(491, 184, 3),
(492, 185, 4),
(493, 185, 5),
(495, 186, 52),
(496, 186, 54),
(497, 186, 55),
(494, 186, 57),
(499, 187, 53),
(498, 187, 56),
(503, 188, 24),
(504, 188, 25),
(505, 188, 26),
(506, 188, 27),
(507, 188, 28),
(508, 188, 29),
(509, 188, 30),
(510, 188, 31),
(511, 189, 24),
(512, 189, 25),
(513, 189, 26),
(514, 189, 27),
(515, 189, 28),
(516, 189, 29),
(517, 189, 30),
(518, 189, 31),
(519, 190, 6),
(520, 190, 7),
(521, 190, 8),
(522, 190, 9),
(523, 190, 10),
(524, 190, 11),
(525, 191, 32),
(526, 191, 33),
(543, 191, 36),
(544, 191, 37),
(527, 192, 39),
(528, 192, 40),
(529, 192, 41),
(530, 192, 42),
(531, 192, 43),
(532, 192, 44),
(533, 192, 45),
(534, 193, 65),
(535, 193, 66),
(536, 193, 67),
(537, 193, 68),
(538, 194, 69),
(539, 194, 70),
(540, 195, 1),
(541, 195, 3),
(542, 195, 5),
(545, 196, 2),
(546, 196, 4),
(547, 197, 24),
(548, 197, 27),
(549, 197, 29),
(550, 198, 38),
(551, 199, 6),
(552, 199, 7),
(553, 199, 8),
(554, 199, 9),
(555, 199, 10),
(556, 199, 11),
(557, 199, 12),
(558, 199, 13),
(559, 199, 14),
(560, 199, 15);

-- --------------------------------------------------------

--
-- Table structure for table `management_sampleformparameterformulacalculate`
--

CREATE TABLE `management_sampleformparameterformulacalculate` (
  `id` bigint(20) NOT NULL,
  `result` double DEFAULT NULL,
  `remark` varchar(200) DEFAULT NULL,
  `auto_calculate_result` varchar(200) DEFAULT NULL,
  `commodity_id` bigint(20) DEFAULT NULL,
  `created_date` datetime(6) NOT NULL,
  `input_fields_value` varchar(2000) DEFAULT NULL,
  `parameter_id` bigint(20) DEFAULT NULL,
  `sample_form_id` bigint(20) DEFAULT NULL,
  `updated_date` datetime(6) NOT NULL,
  `is_verified` tinyint(1) NOT NULL,
  `status` varchar(155) NOT NULL
) ENGINE=InnoDB DEFAULT CHARSET=utf8mb4 COLLATE=utf8mb4_general_ci;

--
-- Dumping data for table `management_sampleformparameterformulacalculate`
--

INSERT INTO `management_sampleformparameterformulacalculate` (`id`, `result`, `remark`, `auto_calculate_result`, `commodity_id`, `created_date`, `input_fields_value`, `parameter_id`, `sample_form_id`, `updated_date`, `is_verified`, `status`) VALUES
(401, 20, NULL, NULL, 1, '2023-06-21 19:37:29.554002', '{\"nan\":20}', 1, 125, '2023-06-21 19:37:29.554027', 0, 'completed'),
(402, -22.807, NULL, NULL, 1, '2023-06-21 19:37:35.780881', '{\"A\":96,\"C\":26,\"B\":39}', 5, 125, '2023-06-21 19:37:35.780904', 0, 'completed'),
(403, 23, NULL, NULL, 8, '2023-06-21 19:47:19.788013', NULL, 53, 127, '2023-06-21 19:47:19.788029', 0, 'completed'),
(404, 5, NULL, NULL, 8, '2023-06-21 19:47:24.569030', NULL, 57, 127, '2023-06-21 19:47:24.569050', 0, 'completed'),
(405, 8, NULL, NULL, 8, '2023-06-21 19:47:28.845309', NULL, 87, 127, '2023-06-21 19:47:28.845328', 0, 'completed'),
(406, 10, NULL, NULL, 1, '2023-06-21 20:08:23.397068', NULL, 1, 129, '2023-06-21 20:08:23.397091', 0, 'completed'),
(407, 36, NULL, NULL, 1, '2023-06-21 20:08:29.278234', NULL, 2, 129, '2023-06-21 20:08:29.278246', 0, 'completed'),
(408, 2, NULL, NULL, 1, '2023-06-21 20:08:48.134697', '{\"M\":2,\"V\":1,\"W\":56.1}', 3, 129, '2023-06-21 20:08:48.134711', 0, 'completed'),
(409, 45, NULL, NULL, 1, '2023-06-21 20:09:32.232439', NULL, 4, 129, '2023-06-21 20:09:32.232451', 0, 'completed'),
(410, 10, NULL, NULL, 1, '2023-06-21 20:09:45.795534', NULL, 5, 129, '2023-06-21 20:09:45.795553', 0, 'completed'),
(411, 30, NULL, NULL, 1, '2023-06-21 20:25:17.025364', NULL, 3, 125, '2023-06-21 20:25:17.025378', 0, 'completed'),
(412, 50, NULL, NULL, 1, '2023-06-21 20:25:21.345617', NULL, 4, 125, '2023-06-21 20:25:21.345632', 0, 'completed'),
(413, 5, NULL, NULL, 8, '2023-06-21 20:30:01.875856', NULL, 52, 133, '2023-06-21 20:30:01.875894', 0, 'completed'),
(414, 15, NULL, NULL, 8, '2023-06-21 20:30:11.448711', NULL, 54, 133, '2023-06-21 20:30:11.448726', 0, 'completed'),
(415, 2, NULL, NULL, 8, '2023-06-21 20:30:17.105083', NULL, 55, 133, '2023-06-21 20:30:17.105099', 0, 'completed'),
(416, 25, NULL, NULL, 8, '2023-06-21 20:30:23.329472', NULL, 57, 133, '2023-06-21 20:30:23.329488', 0, 'completed'),
(417, 20, NULL, NULL, 8, '2023-06-21 20:31:54.882244', NULL, 53, 133, '2023-06-21 20:31:54.882264', 0, 'completed'),
(418, 21, NULL, NULL, 8, '2023-06-21 20:32:01.704690', NULL, 56, 133, '2023-06-21 20:32:01.704705', 0, 'completed'),
(419, 123, NULL, NULL, 4, '2023-06-21 20:36:55.193692', NULL, 24, 132, '2023-06-21 20:36:55.193717', 0, 'completed'),
(420, 45, NULL, NULL, 4, '2023-06-21 20:36:59.098310', NULL, 25, 132, '2023-06-21 20:36:59.098324', 0, 'completed'),
(421, 3, NULL, NULL, 4, '2023-06-21 20:37:02.842646', NULL, 26, 132, '2023-06-21 20:37:02.842657', 0, 'completed'),
(422, 9876, NULL, NULL, 4, '2023-06-21 20:37:06.816645', NULL, 27, 132, '2023-06-21 20:37:06.816659', 0, 'completed'),
(423, 34, NULL, NULL, 4, '2023-06-21 20:37:10.603658', NULL, 28, 132, '2023-06-21 20:37:10.603669', 0, 'completed'),
(424, 7656, NULL, NULL, 4, '2023-06-21 20:37:16.109011', NULL, 29, 132, '2023-06-21 20:37:16.109047', 0, 'completed'),
(425, 34, NULL, NULL, 4, '2023-06-21 20:37:20.001297', NULL, 30, 132, '2023-06-21 20:37:20.001316', 0, 'completed'),
(426, 43, NULL, NULL, 4, '2023-06-21 20:37:23.781856', NULL, 31, 132, '2023-06-21 20:37:23.781873', 0, 'completed'),
(427, 12, NULL, NULL, 8, '2023-06-22 00:50:19.976689', NULL, 56, 127, '2023-06-22 00:50:19.976703', 0, 'processing'),
(428, 312, NULL, NULL, 8, '2023-06-22 00:50:25.571762', NULL, 85, 127, '2023-06-22 00:50:25.571780', 0, 'processing'),
(429, 21, NULL, NULL, 8, '2023-06-22 00:50:29.285300', NULL, 88, 127, '2023-06-22 00:50:29.285312', 0, 'processing'),
(430, 1, NULL, NULL, 4, '2023-06-22 01:04:01.404845', NULL, 24, 135, '2023-06-22 01:04:01.404859', 0, 'completed'),
(431, 2, NULL, NULL, 4, '2023-06-22 01:04:04.003269', NULL, 25, 135, '2023-06-22 01:04:04.003279', 0, 'completed'),
(432, 5, NULL, NULL, 4, '2023-06-22 01:51:36.194560', NULL, 26, 135, '2023-06-22 01:51:36.194576', 0, 'completed'),
(433, 54, NULL, NULL, 4, '2023-06-22 01:51:45.013939', '{\"nan\":54}', 27, 135, '2023-06-22 01:51:45.013952', 0, 'completed'),
(434, 18.7, NULL, NULL, 4, '2023-06-22 01:52:15.465204', '{\"W\":6,\"M\":2,\"V\":1}', 28, 135, '2023-06-22 01:52:15.465221', 0, 'completed'),
(435, 6000, NULL, NULL, 4, '2023-06-22 01:52:37.956226', '{\"Titer\":5,\"W\":5,\"M\":6}', 29, 135, '2023-06-22 01:52:37.956239', 0, 'completed'),
(436, 4, NULL, NULL, 4, '2023-06-22 01:52:58.874119', '{\"nan\":4}', 30, 135, '2023-06-22 01:52:58.874130', 0, 'completed'),
(437, 8, NULL, NULL, 4, '2023-06-22 01:53:11.397928', '{\"nan\":8}', 31, 135, '2023-06-22 01:53:11.397940', 0, 'completed'),
(438, 1, NULL, NULL, 2, '2023-06-22 02:22:39.055552', NULL, 6, 147, '2023-06-22 02:22:39.055568', 0, 'completed'),
(439, 2, NULL, NULL, 2, '2023-06-22 02:22:41.791571', NULL, 7, 147, '2023-06-22 02:22:41.791582', 0, 'completed'),
(440, 4, NULL, NULL, 2, '2023-06-22 02:22:45.034328', NULL, 8, 147, '2023-06-22 02:22:45.034346', 0, 'completed'),
(441, 4, NULL, NULL, 2, '2023-06-22 02:22:47.821568', NULL, 9, 147, '2023-06-22 02:22:47.821580', 0, 'completed'),
(442, 6, NULL, NULL, 2, '2023-06-22 02:22:50.832682', NULL, 10, 147, '2023-06-22 02:22:50.832693', 0, 'completed'),
(443, 5, NULL, NULL, 2, '2023-06-22 02:23:40.033972', NULL, 11, 147, '2023-06-22 02:23:40.033996', 0, 'completed'),
(444, 12, NULL, NULL, 6, '2023-06-22 03:44:52.743079', NULL, 39, 136, '2023-06-22 03:44:52.743093', 0, 'completed'),
(445, 234, NULL, NULL, 6, '2023-06-22 03:44:57.286989', NULL, 40, 136, '2023-06-22 03:44:57.287002', 0, 'completed'),
(446, 5667, NULL, NULL, 6, '2023-06-22 03:45:01.867443', NULL, 41, 136, '2023-06-22 03:45:01.867466', 0, 'completed'),
(447, 878789, NULL, NULL, 6, '2023-06-22 03:45:06.087778', NULL, 42, 136, '2023-06-22 03:45:06.087795', 0, 'completed'),
(448, 876, NULL, NULL, 6, '2023-06-22 03:45:09.830952', NULL, 43, 136, '2023-06-22 03:45:09.830970', 0, 'completed'),
(449, 8765, NULL, NULL, 6, '2023-06-22 03:45:13.567673', NULL, 44, 136, '2023-06-22 03:45:13.567684', 0, 'completed'),
(450, 87655, NULL, NULL, 6, '2023-06-22 03:45:18.584755', NULL, 45, 136, '2023-06-22 03:45:18.584783', 0, 'completed'),
(451, 45, NULL, NULL, 1, '2023-06-22 04:11:35.524434', '{\"nan\":45}', 1, 149, '2023-06-22 04:11:35.524456', 0, 'completed'),
(452, 1174.983, NULL, NULL, 1, '2023-06-22 04:11:44.331628', '{\"V\":19.5,\"M\":87,\"W\":81}', 3, 149, '2023-06-22 04:11:44.331639', 0, 'completed'),
(453, 80, NULL, NULL, 1, '2023-06-22 04:11:50.652312', NULL, 5, 149, '2023-06-22 04:11:50.652324', 0, 'completed'),
(454, -162.339, NULL, NULL, 1, '2023-06-22 04:17:31.373591', '{\"sample\":62,\"NaOH\":6,\"B\":49.5,\"S\":19}', 2, 149, '2023-06-22 04:17:31.373606', 0, 'completed'),
(455, 80.9, NULL, NULL, 1, '2023-06-22 04:17:38.820893', NULL, 4, 149, '2023-06-22 04:17:38.820903', 0, 'completed'),
(456, 45.35, NULL, NULL, 4, '2023-06-22 04:42:02.198430', NULL, 24, 150, '2023-06-22 04:42:02.198444', 0, 'completed'),
(457, 25, NULL, NULL, 4, '2023-06-22 04:42:25.273503', NULL, 27, 150, '2023-06-22 04:42:25.273514', 0, 'completed'),
(458, 85038.462, NULL, NULL, 4, '2023-06-22 04:42:31.358395', '{\"W\":52,\"M\":66,\"Titer\":67}', 29, 150, '2023-06-22 04:42:31.358408', 0, 'completed'),
(459, 123, NULL, NULL, 2, '2023-06-22 06:10:17.745203', NULL, 6, 148, '2023-06-22 06:10:17.745218', 0, 'completed'),
(460, -48.645, NULL, NULL, 2, '2023-06-22 06:10:48.456855', '{\"w\":12,\"M\":23,\"S\":12,\"B\":10}', 7, 148, '2023-06-22 06:10:48.456867', 0, 'completed'),
(461, -64.082, NULL, NULL, 2, '2023-06-22 06:11:20.053312', '{\"W\":123,\"S\":312,\"B\":31}', 8, 148, '2023-06-22 06:11:20.053328', 0, 'completed'),
(462, 12, NULL, NULL, 2, '2023-06-22 06:11:39.309353', NULL, 9, 148, '2023-06-22 06:11:39.309366', 0, 'completed'),
(463, 31, NULL, NULL, 2, '2023-06-22 06:11:42.856617', NULL, 10, 148, '2023-06-22 06:11:42.856629', 0, 'completed'),
(464, 12, NULL, NULL, 2, '2023-06-22 06:11:47.408342', NULL, 11, 148, '2023-06-22 06:11:47.408356', 0, 'completed'),
(465, 123, NULL, NULL, 2, '2023-06-22 06:11:56.127915', NULL, 12, 148, '2023-06-22 06:11:56.127932', 0, 'completed'),
(466, 313, NULL, NULL, 2, '2023-06-22 06:11:59.601124', NULL, 13, 148, '2023-06-22 06:11:59.601136', 0, 'completed'),
(467, 213, NULL, NULL, 2, '2023-06-22 06:12:02.753643', NULL, 14, 148, '2023-06-22 06:12:02.753654', 0, 'completed'),
(468, 312, NULL, NULL, 2, '2023-06-22 06:12:07.255585', NULL, 15, 148, '2023-06-22 06:12:07.255597', 0, 'completed');

-- --------------------------------------------------------

--
-- Table structure for table `management_sampleformverifier`
--

CREATE TABLE `management_sampleformverifier` (
  `id` bigint(20) NOT NULL,
  `is_verified` tinyint(1) NOT NULL,
  `is_sent` tinyint(1) NOT NULL,
  `sample_form_id` bigint(20) NOT NULL,
  `created_date` datetime(6) NOT NULL,
  `updated_date` datetime(6) NOT NULL
) ENGINE=InnoDB DEFAULT CHARSET=latin1 COLLATE=latin1_swedish_ci;

--
-- Dumping data for table `management_sampleformverifier`
--

INSERT INTO `management_sampleformverifier` (`id`, `is_verified`, `is_sent`, `sample_form_id`, `created_date`, `updated_date`) VALUES
(83, 1, 1, 129, '2023-06-21 20:11:22.212929', '2023-06-21 20:11:22.212953'),
(84, 1, 1, 125, '2023-06-21 20:26:18.370668', '2023-06-21 20:26:18.370682'),
(85, 1, 1, 133, '2023-06-21 20:34:20.574192', '2023-06-21 20:34:20.574216'),
(86, 0, 1, 132, '2023-06-21 20:38:32.940247', '2023-06-21 20:38:32.940260'),
(87, 1, 1, 135, '2023-06-22 01:54:49.442890', '2023-06-22 01:54:49.442902'),
(88, 1, 1, 147, '2023-06-22 02:24:20.586654', '2023-06-22 02:24:20.586670'),
(89, 0, 1, 136, '2023-06-22 03:47:10.630207', '2023-06-22 03:47:10.630221'),
(90, 1, 1, 149, '2023-06-22 04:18:37.178108', '2023-06-22 04:18:37.178121'),
(91, 1, 1, 150, '2023-06-22 04:43:10.042040', '2023-06-22 04:43:10.042053'),
(92, 1, 1, 148, '2023-06-22 06:14:45.332214', '2023-06-22 06:14:45.332229');

-- --------------------------------------------------------

--
-- Table structure for table `management_sampleform_parameters`
--

CREATE TABLE `management_sampleform_parameters` (
  `id` bigint(20) NOT NULL,
  `sampleform_id` bigint(20) NOT NULL,
  `testresult_id` bigint(20) NOT NULL
) ENGINE=InnoDB DEFAULT CHARSET=utf8mb4 COLLATE=utf8mb4_general_ci;

--
-- Dumping data for table `management_sampleform_parameters`
--

INSERT INTO `management_sampleform_parameters` (`id`, `sampleform_id`, `testresult_id`) VALUES
(643, 125, 1),
(644, 125, 3),
(645, 125, 4),
(646, 125, 5),
(647, 126, 35),
(648, 126, 36),
(650, 127, 53),
(654, 127, 56),
(653, 127, 57),
(649, 127, 85),
(651, 127, 87),
(652, 127, 88),
(655, 128, 16),
(656, 128, 17),
(657, 128, 18),
(658, 128, 19),
(659, 128, 20),
(660, 128, 21),
(661, 128, 22),
(662, 128, 23),
(663, 129, 1),
(664, 129, 2),
(665, 129, 3),
(666, 129, 4),
(667, 129, 5),
(668, 130, 32),
(669, 130, 33),
(670, 130, 34),
(671, 130, 35),
(672, 130, 36),
(673, 130, 37),
(674, 130, 38),
(675, 131, 24),
(676, 131, 25),
(677, 131, 26),
(678, 131, 27),
(679, 131, 28),
(680, 131, 29),
(681, 131, 30),
(682, 131, 31),
(683, 132, 24),
(684, 132, 25),
(685, 132, 26),
(686, 132, 27),
(687, 132, 28),
(688, 132, 29),
(689, 132, 30),
(690, 132, 31),
(691, 133, 52),
(692, 133, 53),
(693, 133, 54),
(694, 133, 55),
(695, 133, 56),
(696, 133, 57),
(697, 134, 1),
(698, 134, 2),
(699, 134, 3),
(700, 134, 4),
(701, 134, 5),
(702, 135, 24),
(703, 135, 25),
(704, 135, 26),
(705, 135, 27),
(706, 135, 28),
(707, 135, 29),
(708, 135, 30),
(709, 135, 31),
(710, 136, 39),
(711, 136, 40),
(712, 136, 41),
(713, 136, 42),
(714, 136, 43),
(715, 136, 44),
(716, 136, 45),
(717, 137, 32),
(718, 137, 33),
(719, 137, 34),
(720, 137, 35),
(721, 137, 36),
(722, 137, 37),
(723, 137, 38),
(724, 138, 67),
(725, 138, 68),
(726, 138, 69),
(727, 138, 70),
(728, 139, 118),
(729, 139, 119),
(730, 139, 120),
(731, 139, 121),
(732, 139, 122),
(733, 139, 123),
(734, 140, 118),
(735, 140, 119),
(736, 140, 120),
(737, 140, 121),
(738, 140, 122),
(739, 140, 123),
(740, 140, 124),
(741, 140, 125),
(742, 141, 84),
(743, 141, 85),
(744, 141, 86),
(745, 141, 87),
(746, 141, 88),
(747, 141, 89),
(748, 142, 6),
(749, 142, 7),
(750, 142, 8),
(751, 142, 9),
(752, 142, 10),
(753, 142, 11),
(754, 142, 12),
(755, 142, 13),
(756, 142, 14),
(757, 142, 15),
(758, 143, 32),
(759, 143, 33),
(760, 143, 34),
(761, 143, 35),
(762, 143, 36),
(763, 143, 37),
(764, 143, 38),
(765, 144, 32),
(766, 144, 33),
(767, 144, 36),
(768, 144, 37),
(769, 144, 38),
(770, 145, 52),
(771, 145, 53),
(772, 145, 54),
(773, 145, 55),
(774, 145, 56),
(775, 145, 57),
(776, 146, 65),
(777, 146, 66),
(778, 146, 67),
(779, 146, 68),
(780, 146, 69),
(781, 146, 70),
(782, 147, 6),
(783, 147, 7),
(784, 147, 8),
(785, 147, 9),
(786, 147, 10),
(787, 147, 11),
(788, 148, 6),
(789, 148, 7),
(790, 148, 8),
(791, 148, 9),
(792, 148, 10),
(793, 148, 11),
(794, 148, 12),
(795, 148, 13),
(796, 148, 14),
(797, 148, 15),
(798, 149, 1),
(799, 149, 2),
(800, 149, 3),
(801, 149, 4),
(802, 149, 5),
(803, 150, 24),
(804, 150, 27),
(805, 150, 29),
(806, 151, 1),
(807, 151, 2),
(808, 151, 3),
(809, 151, 4),
(810, 151, 5);

-- --------------------------------------------------------

--
-- Table structure for table `management_testresult`
--

CREATE TABLE `management_testresult` (
  `id` bigint(20) NOT NULL,
  `formula` varchar(255) DEFAULT NULL,
  `formula_notation` longtext DEFAULT NULL,
  `name` varchar(255) NOT NULL,
  `test_type` varchar(255) DEFAULT NULL,
  `ref_test_method` varchar(255) DEFAULT NULL,
  `units` varchar(100) DEFAULT NULL,
  `price` int(11) DEFAULT NULL,
  `results` varchar(100) DEFAULT NULL,
  `mandatory_standard` varchar(100) DEFAULT NULL,
  `remarks` longtext DEFAULT NULL,
  `commodity_id` bigint(20) DEFAULT NULL
) ENGINE=InnoDB DEFAULT CHARSET=utf8mb4 COLLATE=utf8mb4_general_ci;

--
-- Dumping data for table `management_testresult`
--

INSERT INTO `management_testresult` (`id`, `formula`, `formula_notation`, `name`, `test_type`, `ref_test_method`, `units`, `price`, `results`, `mandatory_standard`, `remarks`, `commodity_id`) VALUES
(1, 'nan', NULL, 'Refractive index', NULL, 'AOAC, 21st Edn, 2019, 921.08', 'nan', 150, NULL, '1.4538 to 1.4559', NULL, 1),
(2, '(11*5*NaOH*(S-B))/sample', 'S = titre value of distillate, B = titre value of blank', 'Reichert Meissl value', '1', 'AOAC 21stEdn, 2019, 925.41', 'AOAC, 21stEdn, 2019, 940.28', 150, NULL, 'not less than 28.0', '.', 1),
(3, '(56.1*V*M)/W', 'V= vol. of ml. of standard NaOH used, M = Molarity of NaOH solution used, W = Weight Of sample in gram', 'Acid Value', '1', 'AOAC 21stEdn, 2019, 940.28', 'mg KOH/g', 100, NULL, 'not more than 6 mg KOH/ g', NULL, 1),
(4, '(Titer * M * 1000 )/W', 'M = Molarity of sodium thiosulphate solution, W = Weight Of sample (g)', 'Peroxide value', '1', 'AOAC, 21stEdn, 2019, 940.28', 'meq O2/kg', 150, NULL, 'not more than 10.0 meq O2/kg', NULL, 1),
(5, '((B-C)/(B-A)) *100', 'nan', 'Moisture', '1', 'NFFRL Manual', '%', 100, NULL, 'not more than 0.5 %', NULL, 1),
(6, 'nan', 'nan', 'Refractive index', '1', 'AOAC, 21st Edn, 2019, 921.08', 'nan', 150, NULL, '1.4646 to 1.4662', '.', 2),
(7, '((B-S)*M*12.69)/w', 'B = titration of blank(ml), S= titration of test solution(ml), M= molarity of Na2S2O3', 'Iodine Value', '1', 'AOAC, 21stEdn, 2019, 993.20', 'nan', 150, NULL, '96 to 112', '.', 2),
(8, '(28.05*(B-S))/W', 'B=titration of blank, S = titration of test solution(0.5M HCl, ml), W= wt. of sample in gram', 'Saponification Value', '1', 'AOAC, 21stEdn, 2019, 920.160', 'nan', 150, NULL, '168 to 177', NULL, 2),
(9, 'nan', NULL, 'Unsaponifiable matter', '1', 'AOAC 21stEdn, 2019, 920.160', 'g/kg', 200, NULL, 'not more than 12 g/kg', NULL, 2),
(10, '(56.1*V*M)/W', 'V= vol. in ml. of Standard NaOH used, M = Molarity of the NaOH used, W= weight in gram of the sample', 'Acid Value', '1', 'AOAC, 21stEdn, 2019, 940.28', 'mg KOH/g', 100, NULL, 'not more than 6.0 mg KOH / g', NULL, 2),
(11, '(Titer * M * 1000 )/W', 'M= Molarity of sodium thiosulphate solution, W = Weight of sample', 'Peroxide value', '1', 'AOAC, 21stEdn, 2019, 965.33', 'meq O2/kg', 150, NULL, 'not more than 10.0 meq O2/kg', NULL, 2),
(12, 'nan', 'nan', 'Bellier test', '1', 'nan', 'degree centigrade', 100, NULL, 'not more than 27.5 degree centigrade', NULL, 2),
(13, 'nan', NULL, 'Hexabromide test', '1', 'nan', 'nan', 100, NULL, 'negative', '.', 2),
(14, 'nan', NULL, 'Color', '1', 'nan', 'nan', 200, NULL, 'negative', '.', 2),
(15, 'nan', NULL, 'Argemone oil', '1', 'nan', 'nan', 250, NULL, 'Absent', '.', 2),
(16, 'nan', 'nan', 'Refractive index', '1', 'AOAC, 21st Edn, 2019, 921.08', 'nan', 150, NULL, '1.465 to 1.469', '.', 3),
(17, '((B-S)*M*12.69)/w', 'B = titration of blank(ml), S= titration of test solution(ml), M= molarity of Na2S2O3', 'Iodine Value', '1', 'AOAC, 21stEdn, 2019, 993.20', 'nan', 150, NULL, '94 to 126', NULL, 3),
(18, '[28.05*(B-S) ]/ W', 'B= ml of 0.5 M HCL required by blank, S= ml of 0.5 M HCL required for test portion, W=weight of sample taken', 'Saponification Value', '1', 'AOAC, 21stEdn, 2019, 920.160', 'mgKOH', 150, NULL, '168 to 193', '.', 3),
(19, 'nan', 'nan', 'Unsaponifiable matter', '1', 'nan', 'nan', 200, NULL, 'not more than 20 g/ kg', '.', 3),
(20, '(56.1*V*M)/W', 'V= vol. of ml. of standard NaOH used, M = Molarity of NaOH solution used, W = Weight Of sample in gram', 'Acid Value', '1', 'AOAC, 21stEdn, 2019, 940.28', 'mg KOH/g', 100, NULL, 'not more than 0.5 mg KOH / g', NULL, 3),
(21, '(Titer * M * 1000 )/W', 'M= Molarity of sodium thiosulphate solution, W = Weight of sample', 'Peroxide value', '1', 'AOAC, 21stEdn, 2019, 965.33', 'meq O2/kg', 150, NULL, 'not more than 10.0 meq O2/kg', '.', 3),
(22, 'nan', 'nan', 'Argemone oil', '1', 'nan', 'nan', 250, NULL, 'Absent', '.', 3),
(23, 'nan', 'nan', 'Hexabromide test', '1', 'nan', 'nan', 100, NULL, 'negative', '.', 3),
(24, 'nan', 'nan', 'Refractive index', '1', 'AOAC, 21st Edn, 2019, 921.08', 'nan', 150, NULL, '1.465 to 1.469', NULL, 4),
(25, '[(B-S)*M*12.69]/w', 'B= titration of blank(ml), S=titration of test solution, M=Molarity of sodium thiosulphate solution, w = weight of fat or oil', 'Iodine Value', '1', 'AOAC, 21stEdn, 2019, 993.20', 'nan', 150, NULL, '94 to 126', '.', 4),
(26, '[28.05*(B-S) ]/ W', NULL, 'Saponification Value', '1', 'AOAC, 21stEdn, 2019, 920.160', 'nan', 150, NULL, '168 to 193', '.', 4),
(27, 'nan', NULL, 'Unsaponifiable matter', '1', 'AOAC 21stEdn, 2019, 925.41', 'nan', 200, NULL, 'not more than 20 g/ kg', NULL, 4),
(28, '(56.1*V*M)/W', 'V= vol. of ml. of standard NaOH used, M = Molarity of NaOH solution used, W = Weight Of sample in gram', 'Acid Value', '1', 'AOAC, 21stEdn, 2019, 940.28', 'mg KOH/g', 100, NULL, 'not more than 6.0 mg KOH / g', NULL, 4),
(29, '(Titer * M * 1000 )/W', NULL, 'Peroxide value', NULL, 'AOAC, 21stEdn, 2019, 965.33', 'meq O2/kg', 150, NULL, 'not more than 10.0 meq O2/kg', NULL, 4),
(30, 'nan', NULL, 'Hexabromide test', NULL, 'nan', 'nan', 100, NULL, 'negative', NULL, 4),
(31, 'nan', NULL, 'Argemone oil', NULL, 'nan', 'nan', 250, NULL, 'Absent', NULL, 4),
(32, 'nan', NULL, 'Refractive index', NULL, 'AOAC, 21st Edn, 2019, 921.08', 'nan', 150, NULL, '1.4650 to 1.4710', '.', 5),
(33, '[28.05*(B-S) ]/ W', NULL, 'Saponification Value', '1', 'AOAC, 21stEdn, 2019, 920.160', 'nan', 150, NULL, '189 to 195', '.', 5),
(34, '[(B-S)*M*12.69]/w', NULL, 'Iodine Value', NULL, 'AOAC, 21stEdn, 2019, 993.20', 'nan', 150, NULL, '120 to 140', NULL, 5),
(35, '(56.1*V*M)/W', NULL, 'Acid Value', NULL, 'AOAC, 21stEdn, 2019, 940.28', 'mg KOH/g', 100, NULL, 'not more than 2.5 mg KOH / g', '.', 5),
(36, '(Titer * M * 1000 )/W', NULL, 'Peroxide value', NULL, 'AOAC, 21stEdn, 2019, 965.33', 'meq O2/kg', 150, NULL, 'not more than 0.5 meq O2/kg', '.', 5),
(37, 'nan', NULL, 'Unsaponifiable matter', NULL, 'nan', 'nan', 200, NULL, 'not more than 15 g/ kg', NULL, 5),
(38, 'nan', NULL, 'Phosphorus content', NULL, 'nan', '%', 200, NULL, 'not moe than 0.02 %', NULL, 5),
(39, 'nan', NULL, 'Refractive index', NULL, 'AOAC, 21st Edn, 2019, 921.08', 'nan', 150, NULL, '1.4491 to 1.4552', NULL, 6),
(40, '(28.05*(B-S) )/ W', NULL, 'Saponification Value', '1', 'nan', 'nan', 150, NULL, '195 to 205', NULL, 6),
(41, '[(B-S)*M*12.69]/w', NULL, 'Iodine Value', NULL, 'nan', 'nan', 150, NULL, '45 to 56', '.', 6),
(42, '(56.1*V*M)/W', NULL, 'Acid Value', NULL, 'AOAC, 21stEdn, 2019, 940.28', 'mg KOH/g', 100, NULL, 'not more than 0.5mg KOH / g', NULL, 6),
(43, '(Titer * M * 1000 )/W', NULL, 'Peroxide value', NULL, 'AOAC, 21stEdn, 2019, 965.33', 'meq O2/kg', 150, NULL, 'not more than 10.0 Meq O2/kg', NULL, 6),
(44, 'nan', NULL, 'Unsaponifiable matter', NULL, 'nan', 'nan', 200, NULL, 'not moe than 12 g/kg', NULL, 6),
(45, 'nan', 'nan', 'Melting point', '1', 'nan', 'nan', 100, NULL, 'not more than 37 degree centigrade', NULL, 6),
(46, 'nan', NULL, 'Refractive index', NULL, 'AOAC, 21st Edn, 2019, 921.08', 'nan', 150, NULL, '1.4490 to 1.4520', NULL, 7),
(47, '[28.05*(B-S) ]/ W', NULL, 'Saponification Value', '1', 'AOAC, 21stEdn, 2019, 920.160', 'nan', 150, NULL, '237 to 255', NULL, 7),
(48, '[(B-S)*M*12.69]/w', NULL, 'Iodine Value', NULL, 'AOAC, 21stEdn, 2019, 993.20', 'nan', 150, NULL, '10 to 23', NULL, 7),
(49, '(56.1*V*M)/W', NULL, 'Acid Value', NULL, 'AOAC, 21stEdn, 2019, 940.28', 'mg KOH/g', 100, NULL, 'not more than 6.0 mg KOH / g', NULL, 7),
(50, '(Titer * M * 1000 )/W', NULL, 'Peroxide value', NULL, 'AOAC, 21stEdn, 2019, 965.33', 'meq O2/kg', 150, NULL, 'not more than 10.0 meq O2/kg', NULL, 7),
(51, 'nan', NULL, 'Unsaponifiable matter', NULL, 'nan', 'nan', 200, NULL, 'not moe than 12 g/kg', NULL, 7),
(52, 'nan', NULL, 'Refractive index', NULL, 'AOAC, 21st Edn, 2019, 921.08', 'nan', 150, NULL, '1.4550 to 1.4610', NULL, 8),
(53, '[28.05*(B-S) ]/ W', NULL, 'Saponification Value', '1', 'AOAC, 21stEdn, 2019, 920.160', 'nan', 150, NULL, '195 to 205', '.', 8),
(54, '[(B-S)*M*12.69]/w', NULL, 'Iodine Value', NULL, 'AOAC, 21stEdn, 2019, 993.20', 'nan', 150, NULL, '54 to 62', NULL, 8),
(55, '(56.1*V*M)/W', NULL, 'Acid Value', NULL, 'AOAC, 21stEdn, 2019, 940.28', 'mg KOH/g', 100, NULL, 'not more than 6.0 mg KOH / g', NULL, 8),
(56, '(Titer * M * 1000 )/W', NULL, 'Peroxide value', NULL, 'AOAC, 21stEdn, 2019, 965.33', 'meq O2/kg', 150, NULL, 'not more than 10.0 meq O2/kg', NULL, 8),
(57, 'nan', NULL, 'Unsaponifiable matter', NULL, 'nan', 'nan', 200, NULL, 'not moe than 12 g/kg', NULL, 8),
(58, 'nan', NULL, 'Refractive index', NULL, 'AOAC, 21st Edn, 2019, 921.08', 'nan', 150, NULL, '1.4620 to 1.4640', NULL, 9),
(59, '[28.05*(B-S)]/ W', NULL, 'Saponification Value', '1', 'AOAC, 21stEdn, 2019, 920.160', 'nan', 150, NULL, '188 to 196', NULL, 9),
(60, '[(B-S)*M*12.69]/w', NULL, 'Iodine Value', NULL, 'AOAC, 21stEdn, 2019, 993.20', 'nan', 150, NULL, '85 to 99', NULL, 9),
(61, '(56.1*V*M)/W', NULL, 'Acid Value', NULL, 'AOAC, 21stEdn, 2019, 940.28', 'mg KOH/g', 100, NULL, 'not more than 4.0 mg KOH / g', '.', 9),
(62, '(Titer * M * 1000 )/W', NULL, 'Peroxide value', NULL, 'AOAC, 21stEdn, 2019, 965.33', 'meq O2/kg', 150, NULL, 'not more than 10.0 meq O2/kg', NULL, 9),
(63, 'nan', NULL, 'Unsaponifiable matter', NULL, 'nan', 'nan', 200, NULL, 'not moe than 10 g/kg', NULL, 9),
(64, 'nan', NULL, 'Bellier test', NULL, 'nan', 'nan', 100, NULL, '39 to 41', NULL, 9),
(65, 'nan', NULL, 'Refractive index', NULL, 'AOAC, 21st Edn, 2019, 921.08', 'nan', 150, NULL, '1.4480 to 1.4500', NULL, 10),
(66, '[28.05*(B-S) ]/ W', NULL, 'Saponification Value', '1', 'AOAC, 21stEdn, 2019, 920.160', 'nan', 150, NULL, '148 to 265', NULL, 10),
(67, '[(B-S)*M*12.69]/w', NULL, 'Iodine Value', NULL, 'AOAC, 21stEdn, 2019, 993.20', 'nan', 150, NULL, '6 to 11', NULL, 10),
(68, '(56.1*V*M)/W', NULL, 'Acid Value', NULL, 'AOAC, 21stEdn, 2019, 940.28', 'mg KOH/g', 100, NULL, 'not more than 6.0 mg KOH / g', NULL, 10),
(69, '(Titer * M * 1000 )/W', NULL, 'Peroxide value', NULL, 'AOAC, 21stEdn, 2019, 965.33', 'meq O2/kg', 150, NULL, 'not more than 10.0 meq O2/kg', NULL, 10),
(70, 'nan', NULL, 'Unsaponifiable matter', NULL, 'nan', 'nan', 200, NULL, 'not moe than 10 g/kg', NULL, 10),
(71, 'nan', NULL, 'Refractive index', NULL, 'AOAC, 21st Edn, 2019, 921.08', 'nan', 0, NULL, '1.4650 to 1.4690', 'nan', 11),
(72, '[28.05*(B-S) ]/ W', NULL, 'Saponification Value', '1', 'AOAC, 21stEdn, 2019, 920.160', 'nan', 150, NULL, '187 to 195', NULL, 11),
(73, '[(B-S)*M*12.69]/w', NULL, 'Iodine Value', NULL, 'AOAC, 21stEdn, 2019, 993.20', 'nan', 150, NULL, '104 to 120', NULL, 11),
(74, '(56.1*V*M)/W', NULL, 'Acid Value', NULL, 'AOAC, 21stEdn, 2019, 940.28', 'mg KOH/g', 0, NULL, 'not more than 6.0 mg KOH / g', 'nan', 11),
(75, '(Titer * M * 1000 )/W', NULL, 'Peroxide value', NULL, 'AOAC, 21stEdn, 2019, 965.33', 'meq O2/kg', 0, NULL, 'not more than 10.0 meq O2/kg', 'nan', 11),
(76, 'nan', NULL, 'Unsaponifiable matter', NULL, 'nan', 'nan', 200, NULL, 'Mandatory Standard', NULL, 11),
(77, 'nan', NULL, 'Baudouin test', '1', 'nan', 'nan', 100, NULL, 'Positive', NULL, 11),
(78, 'nan', NULL, 'Refractive index', NULL, 'AOAC, 21st Edn, 2019, 921.08', 'nan', 0, NULL, '1.4650 to 1.4680', 'nan', 12),
(79, '[28.05*(B-S) ]/ W', NULL, 'Saponification Value', NULL, 'AOAC, 21stEdn, 2019, 920.160', 'nan', 0, NULL, '187 to 195', 'nan', 12),
(80, '[(B-S)*M*12.69]/w', NULL, 'Iodine Value', NULL, 'AOAC, 21stEdn, 2019, 993.20', 'nan', 0, NULL, '103 to 128', 'Wij\'s Method ', 12),
(81, '(56.1*V*M)/W', NULL, 'Acid Value', NULL, 'AOAC, 21stEdn, 2019, 940.28', 'mg KOH/g', 0, NULL, 'not more than 0.5 mg KOH / g', 'nan', 12),
(82, '(Titer * M * 1000 )/W', NULL, 'Peroxide value', NULL, 'AOAC, 21stEdn, 2019, 965.33', 'meq O2/kg', 0, NULL, 'not more than 10.0 meq O2/kg', 'nan', 12),
(83, 'nan', NULL, 'Unsaponifiable matter', NULL, 'nan', 'nan', 0, NULL, 'not moe than 20 g/kg', 'nan', 12),
(84, 'nan', NULL, 'Refractive index', NULL, 'AOAC, 21st Edn, 2019, 921.08', 'nan', 0, NULL, '1.4660 to 1.4690', 'nan', 13),
(85, '[28.05(B-S) ]/ W', NULL, 'Saponification Value', NULL, 'AOAC, 21stEdn, 2019, 920.160', 'nan', 0, NULL, '188 to 194', 'nan', 13),
(86, '[(B-S)*M*12.69]/w', NULL, 'Iodine Value', NULL, 'AOAC, 21stEdn, 2019, 993.20', 'nan', 0, NULL, '110 to 143', 'Wij\'s Method ', 13),
(87, 'nan', NULL, 'Acid Value', NULL, 'AOAC, 21stEdn, 2019, 940.28', 'mg KOH/g', 0, NULL, 'not more than 4 mg KOH / g', 'nan', 13),
(88, '(Titer * M * 1000 )/W', NULL, 'Peroxide value', NULL, 'AOAC, 21stEdn, 2019, 965.33', 'meq O2/kg', 0, NULL, 'not more than 10.0 meq O2/kg', 'nan', 13),
(89, 'nan', NULL, 'Unsaponifiable matter', NULL, 'nan', 'nan', 0, NULL, 'not moe than 15 g/kg', 'nan', 13),
(90, 'nan', NULL, 'Refractive index', NULL, 'AOAC, 21st Edn, 2019, 921.08', 'nan', 0, NULL, '1.4601 to 1.4630', 'nan', 14),
(91, '[28.05*(B-S) ]/ W', NULL, 'Saponification Value', NULL, 'AOAC, 21stEdn, 2019, 920.160', 'nan', 0, NULL, '184 to 196', 'nan', 14),
(92, '[(B-S)*M*12.69]/w', NULL, 'Iodine Value', NULL, 'AOAC, 21stEdn, 2019, 993.20', 'nan', 0, NULL, '75 to 94', 'Wij\'s Method ', 14),
(93, '(56.1*V*M)/W', NULL, 'Acid Value', NULL, 'AOAC, 21stEdn, 2019, 940.28', 'mg KOH/g', 0, NULL, 'not more than 6.0 mg KOH / g', 'nan', 14),
(94, '(Titer * M * 1000 )/W', NULL, 'Peroxide value', NULL, 'AOAC, 21stEdn, 2019, 965.33', 'meq O2/kg', 0, NULL, 'not more than 20.0 meq O2/kg', 'nan', 14),
(95, 'nan', NULL, 'Unsaponifiable matter', NULL, 'nan', 'nan', 0, NULL, 'not moe than 10 g/kg', 'nan', 14),
(96, 'nan', NULL, 'Refractive index', NULL, 'AOAC, 21st Edn, 2019, 921.08', 'nan', 0, NULL, '1.467 to 1.470', 'nan', 15),
(97, '[28.05*(B-S) ]/ W', NULL, 'Saponification Value', NULL, 'AOAC, 21stEdn, 2019, 920.160', 'nan', 0, NULL, '186 to 198', 'nan', 15),
(98, '[(B-S)*M*12.69]/w', NULL, 'Iodine Value', NULL, 'AOAC, 21stEdn, 2019, 993.20', 'nan', 0, NULL, '135 to 150', 'Wij\'s Method ', 15),
(99, '(56.1*V*M)/W', NULL, 'Acid Value', NULL, 'AOAC, 21stEdn, 2019, 940.28', 'mg KOH/g', 0, NULL, 'not more than 0.6 mg KOH / g', 'nan', 15),
(100, '(Titer * M * 1000 )/W', NULL, 'Peroxide value', NULL, 'AOAC, 21stEdn, 2019, 965.33', 'meq O2/kg', 0, NULL, 'not more than 10.0 meq O2/kg', 'nan', 15),
(101, 'nan', NULL, 'Unsaponifiable matter', NULL, 'nan', 'nan', 0, NULL, 'not moe than 15 g/kg', 'nan', 15),
(102, '(56.1*V*M)/W', NULL, 'Acid Value', NULL, 'AOAC, 21stEdn, 2019, 940.28', 'mg KOH/g', 0, NULL, 'not more than 0.5 mg KOH / g', '            ', 16),
(103, 'nan', NULL, 'Peroxide value', NULL, 'AOAC, 21stEdn, 2019, 965.33', 'meq O2/kg', 0, NULL, 'not more than 10.0 meq O2/kg', 'nan', 16),
(104, '(B-C/B-A) *100', NULL, 'Moisture', NULL, 'nan', 'nan', 100, NULL, 'not more than 0.1 %', '.', 16),
(105, 'nan', NULL, 'Flash point ', NULL, 'nan', 'nan', 0, NULL, 'not less than 250 degee centigrade', 'nan', 16),
(106, 'nan', NULL, 'Refractive index', NULL, 'AOAC, 21st Edn, 2019, 921.08', 'nan', 0, NULL, 'not less than 1.4580', 'nan', 17),
(107, 'nan', NULL, 'Unsaponifiable matter', NULL, 'nan', 'nan', 0, NULL, 'not more than 1.25%', 'nan', 17),
(108, '(56.1*V*M)/W', NULL, 'Acid Value', NULL, 'AOAC, 21stEdn, 2019, 940.28', 'mg KOH/g', 0, NULL, 'not more than 0.5 mg KOH / g', 'nan', 17),
(109, '(Titer * M * 1000 )/W', NULL, 'Peroxide value', NULL, 'AOAC, 21stEdn, 2019, 965.33', 'meq O2/kg', 0, NULL, 'not more than 10.0 meq O2/kg', 'nan', 17),
(110, '(B-C/B-A) *100', NULL, 'Moisture', NULL, 'nan', 'nan', 100, NULL, 'not more than 0.25 %', NULL, 17),
(111, 'nan', NULL, 'Color', NULL, 'nan', 'nan', 200, NULL, 'not less than 2.0 red unit', '.', 17),
(112, 'nan', NULL, 'Vitamin A', NULL, 'nan', 'nan', 0, NULL, 'not less than 25 IU /g', 'nan', 17),
(113, 'nan', NULL, 'Anitoxidant ', NULL, 'nan', 'nan', 0, NULL, 'Absent ', 'nan', 17),
(114, 'nan', NULL, 'Synergist ', NULL, 'nan', 'nan', 0, NULL, 'Absent ', 'nan', 17),
(115, 'nan', NULL, 'Emulisfier', NULL, 'nan', 'nan', 0, NULL, 'Absent ', 'nan', 17),
(116, 'nan', NULL, 'Nickel', NULL, 'nan', 'mg / kg', 0, NULL, 'Not more than 1.5 mg / kg', 'nan', 17),
(117, 'nan', NULL, 'Melting point', NULL, 'nan', 'degree centigrade', 100, NULL, '31 to 41 degree centigrade', '.', 17),
(118, 'nan', NULL, 'Refractive index', NULL, 'AOAC, 21st Edn, 2019, 921.08', 'nan', 0, NULL, 'not less than 1.4580', 'nan', 18),
(119, 'nan', NULL, 'Unsaponifiable matter', NULL, 'nan', 'nan', 0, NULL, 'not more than 1.25%', 'nan', 18),
(120, '(56.1*V*M)/W', NULL, 'Acid Value', NULL, 'AOAC, 21stEdn, 2019, 940.28', 'mg KOH/g', 0, NULL, 'not more than 0.5 mg KOH / g', 'nan', 18),
(121, '(Titer * M * 1000 )/W', NULL, 'Peroxide value', NULL, 'AOAC, 21stEdn, 2019, 965.33', 'meq O2/kg', 0, NULL, 'not more than 10.0 meq O2/kg', 'nan', 18),
(122, '(B-C/B-A) *100', NULL, 'Moisture', NULL, 'nan', '%', 100, NULL, 'not more than 0.25 %', '.', 18),
(123, 'nan', NULL, 'Color', NULL, 'nan', 'nan', 200, NULL, 'not less than 2.0 red unit', NULL, 18),
(124, 'nan', NULL, 'Vitamin A', NULL, 'nan', 'IU /g', 0, NULL, 'not less than 25 IU /g', 'nan', 18),
(125, 'nan', NULL, 'Anitoxidant ', NULL, 'nan', 'nan', 0, NULL, 'Absent ', 'nan', 18),
(126, 'nan', NULL, 'Synergist ', NULL, 'nan', 'nan', 0, NULL, 'Absent ', 'nan', 18),
(127, 'nan', NULL, 'Nickel', NULL, 'nan', 'mg / kg', 0, NULL, 'Not more than 1.5 mg / kg', 'nan', 18),
(128, 'nan', NULL, 'Melting point', NULL, 'nan', 'degree centigrade', 100, NULL, 'not more than 41 degree centigrade', NULL, 18),
(129, 'nan', NULL, 'Inert gas ', NULL, 'nan', 'nan', 0, NULL, 'not more the 12% (v/v)', 'nan', 18);

-- --------------------------------------------------------

--
-- Table structure for table `websocket_notification`
--

CREATE TABLE `websocket_notification` (
  `id` bigint(20) NOT NULL,
  `model_name` varchar(200) DEFAULT NULL,
  `from_notification` varchar(200) DEFAULT NULL,
  `is_read` tinyint(1) NOT NULL,
  `group_notification` varchar(1000) DEFAULT NULL,
  `notification_message` varchar(200) DEFAULT NULL,
  `path` varchar(1000) DEFAULT NULL,
  `created_date` datetime(6) NOT NULL,
  `updated_date` datetime(6) NOT NULL,
  `isinstance_id` varchar(200) DEFAULT NULL,
  `particular_message` varchar(200) DEFAULT NULL
) ENGINE=InnoDB DEFAULT CHARSET=utf8mb4 COLLATE=utf8mb4_general_ci;

--
-- Dumping data for table `websocket_notification`
--

INSERT INTO `websocket_notification` (`id`, `model_name`, `from_notification`, `is_read`, `group_notification`, `notification_message`, `path`, `created_date`, `updated_date`, `isinstance_id`, `particular_message`) VALUES
(101, 'SampleForm', 'admin,user', 0, 'USER_ADMIN', 'A new Sample Form Arrived', '/dashboard/sample-requests', '2023-06-21 19:22:18.638157', '2023-06-21 19:22:18.638174', NULL, 'A new Sample form on the way'),
(102, 'SampleForm', 'admin,smu', 0, 'USER_ADMIN', 'A Sample Form Assigned to You', '/dashboard/sample-requests', '2023-06-21 19:24:41.265529', '2023-06-21 19:24:41.265552', '125', 'None'),
(103, 'SampleForm', 'admin,user', 0, 'USER_ADMIN', 'A new Sample Form Arrived', '/dashboard/sample-requests', '2023-06-21 19:28:57.630509', '2023-06-21 19:28:57.630523', NULL, 'A new Sample form on the way'),
(104, 'SampleFormHasParameter', 'supervisor', 0, 'USER_ADMIN', 'A Sample Form Assigned to You', '/dashboard/sample-requests', '2023-06-21 19:37:00.755667', '2023-06-21 19:37:00.755681', NULL, 'None'),
(105, 'SampleFormHasParameter', 'supervisor', 0, 'USER_ADMIN', 'A Sample Form Assigned to You', '/dashboard/sample-requests', '2023-06-21 19:39:18.868807', '2023-06-21 19:39:18.868825', NULL, 'None'),
(106, 'SampleForm', 'admin,user', 0, 'USER_ADMIN', 'A new Sample Form Arrived', '/dashboard/sample-requests', '2023-06-21 19:44:02.480804', '2023-06-21 19:44:02.480820', NULL, 'A new Sample form on the way'),
(107, 'SampleForm', 'admin,smu', 0, 'USER_ADMIN', 'A Sample Form Assigned to You', '/dashboard/sample-requests', '2023-06-21 19:45:52.303099', '2023-06-21 19:45:52.303120', '127', 'None'),
(108, 'SampleFormHasParameter', 'supervisor', 0, 'USER_ADMIN', 'A Sample Form Assigned to You', '/dashboard/sample-requests', '2023-06-21 19:46:54.212908', '2023-06-21 19:46:54.212925', NULL, 'None'),
(109, 'CustomUser', NULL, 0, 'USER_ADMIN', 'a new user has been created', '/dashboard/user-requests', '2023-06-21 20:00:37.997984', '2023-06-21 20:00:37.997997', '76', 'Congratulation'),
(110, 'CustomUser', '1', 0, 'USER_ADMIN', 'a new user has been created', '/dashboard/user-requests', '2023-06-21 20:02:33.987558', '2023-06-21 20:02:33.987581', '76', 'Congratulation'),
(111, 'SampleForm', 'admin,user', 0, 'USER_ADMIN', 'A new Sample Form Arrived', '/dashboard/sample-requests', '2023-06-21 20:04:09.545562', '2023-06-21 20:04:09.545574', NULL, 'A new Sample form on the way'),
(112, 'SampleForm', 'admin,user', 0, 'USER_ADMIN', 'A new Sample Form Arrived', '/dashboard/sample-requests', '2023-06-21 20:05:04.135563', '2023-06-21 20:05:04.135587', NULL, 'A new Sample form on the way'),
(113, 'SampleForm', 'admin,smu', 0, 'USER_ADMIN', 'A Sample Form Assigned to You', '/dashboard/sample-requests', '2023-06-21 20:06:21.495404', '2023-06-21 20:06:21.495422', '129', 'None'),
(114, 'SampleFormHasParameter', 'supervisor', 0, 'USER_ADMIN', 'A Sample Form Assigned to You', '/dashboard/sample-requests', '2023-06-21 20:07:13.638597', '2023-06-21 20:07:13.638615', NULL, 'None'),
(115, 'SampleForm', 'admin,user', 0, 'USER_ADMIN', 'A new Sample Form Arrived', '/dashboard/sample-requests', '2023-06-21 20:07:20.193945', '2023-06-21 20:07:20.193977', NULL, 'A new Sample form on the way'),
(116, 'SampleFormHasParameter', 'supervisor', 0, 'USER_ADMIN', 'A Sample Form Assigned to You', '/dashboard/sample-requests', '2023-06-21 20:07:30.978295', '2023-06-21 20:07:30.978316', NULL, 'None'),
(117, 'SampleForm', 'admin,user', 0, 'USER_ADMIN', 'A new Sample Form Arrived', '/dashboard/sample-requests', '2023-06-21 20:12:31.338674', '2023-06-21 20:12:31.338692', NULL, 'A new Sample form on the way'),
(118, 'SampleForm', 'admin,user', 0, 'USER_ADMIN', 'A new Sample Form Arrived', '/dashboard/sample-requests', '2023-06-21 20:14:39.479095', '2023-06-21 20:14:39.479113', NULL, 'A new Sample form on the way'),
(119, 'SampleForm', 'admin,user', 0, 'USER_ADMIN', 'A new Sample Form Arrived', '/dashboard/sample-requests', '2023-06-21 20:26:22.241669', '2023-06-21 20:26:22.241684', NULL, 'A new Sample form on the way'),
(120, 'SampleForm', 'admin,smu', 0, 'USER_ADMIN', 'A Sample Form Assigned to You', '/dashboard/sample-requests', '2023-06-21 20:27:43.652952', '2023-06-21 20:27:43.652966', '133', 'None'),
(121, 'SampleFormHasParameter', 'supervisor', 0, 'USER_ADMIN', 'A Sample Form Assigned to You', '/dashboard/sample-requests', '2023-06-21 20:28:47.805853', '2023-06-21 20:28:47.805887', NULL, 'None'),
(122, 'SampleFormHasParameter', 'supervisor', 0, 'USER_ADMIN', 'A Sample Form Assigned to You', '/dashboard/sample-requests', '2023-06-21 20:29:10.160432', '2023-06-21 20:29:10.160455', NULL, 'None'),
(123, 'SampleForm', 'admin,smu', 0, 'USER_ADMIN', 'A Sample Form Assigned to You', '/dashboard/sample-requests', '2023-06-21 20:35:42.364202', '2023-06-21 20:35:42.364223', '132', 'None'),
(124, 'SampleFormHasParameter', 'supervisor', 0, 'USER_ADMIN', 'A Sample Form Assigned to You', '/dashboard/sample-requests', '2023-06-21 20:36:13.971760', '2023-06-21 20:36:13.971798', NULL, 'None'),
(125, 'SampleForm', 'admin,user', 0, 'USER_ADMIN', 'A new Sample Form Arrived', '/dashboard/sample-requests', '2023-06-22 01:00:03.739667', '2023-06-22 01:00:03.739682', NULL, 'A new Sample form on the way'),
(126, 'SampleForm', 'admin,smu', 0, 'USER_ADMIN', 'A Sample Form Assigned to You', '/dashboard/sample-requests', '2023-06-22 01:00:27.852727', '2023-06-22 01:00:27.852752', '134', 'None'),
(127, 'SampleForm', 'admin,user', 0, 'USER_ADMIN', 'A new Sample Form Arrived', '/dashboard/sample-requests', '2023-06-22 01:01:53.518451', '2023-06-22 01:01:53.518462', NULL, 'A new Sample form on the way'),
(128, 'SampleForm', 'admin,smu', 0, 'USER_ADMIN', 'A Sample Form Assigned to You', '/dashboard/sample-requests', '2023-06-22 01:02:06.808574', '2023-06-22 01:02:06.808587', '135', 'None'),
(129, 'SampleForm', 'admin,user', 0, 'USER_ADMIN', 'A new Sample Form Arrived', '/dashboard/sample-requests', '2023-06-22 01:03:03.685570', '2023-06-22 01:03:03.685583', NULL, 'A new Sample form on the way'),
(130, 'SampleFormHasParameter', 'supervisor', 0, 'USER_ADMIN', 'A Sample Form Assigned to You', '/dashboard/sample-requests', '2023-06-22 01:03:12.299736', '2023-06-22 01:03:12.299750', NULL, 'None'),
(131, 'SampleForm', 'admin,smu', 0, 'USER_ADMIN', 'A Sample Form Assigned to You', '/dashboard/sample-requests', '2023-06-22 01:03:23.078436', '2023-06-22 01:03:23.078450', '136', 'None'),
(132, 'SampleForm', 'admin,user', 0, 'USER_ADMIN', 'A new Sample Form Arrived', '/dashboard/sample-requests', '2023-06-22 01:05:09.980756', '2023-06-22 01:05:09.980772', NULL, 'A new Sample form on the way'),
(133, 'SampleForm', 'admin,smu', 0, 'USER_ADMIN', 'A Sample Form Assigned to You', '/dashboard/sample-requests', '2023-06-22 01:05:23.545754', '2023-06-22 01:05:23.545767', '137', 'None'),
(134, 'SampleForm', 'admin,user', 0, 'USER_ADMIN', 'A new Sample Form Arrived', '/dashboard/sample-requests', '2023-06-22 01:06:51.967964', '2023-06-22 01:06:51.967987', NULL, 'A new Sample form on the way'),
(135, 'SampleForm', 'admin,smu', 0, 'USER_ADMIN', 'A Sample Form Assigned to You', '/dashboard/sample-requests', '2023-06-22 01:07:05.604632', '2023-06-22 01:07:05.604654', '138', 'None'),
(136, 'SampleForm', 'admin,user', 0, 'USER_ADMIN', 'A new Sample Form Arrived', '/dashboard/sample-requests', '2023-06-22 01:09:13.512389', '2023-06-22 01:09:13.512402', NULL, 'A new Sample form on the way'),
(137, 'SampleForm', 'admin,smu', 0, 'USER_ADMIN', 'A Sample Form Assigned to You', '/dashboard/sample-requests', '2023-06-22 01:09:27.591776', '2023-06-22 01:09:27.591789', '139', 'None'),
(138, 'SampleForm', 'admin,user', 0, 'USER_ADMIN', 'A new Sample Form Arrived', '/dashboard/sample-requests', '2023-06-22 01:15:29.660547', '2023-06-22 01:15:29.660559', NULL, 'A new Sample form on the way'),
(139, 'SampleForm', 'admin,smu', 0, 'USER_ADMIN', 'A Sample Form Assigned to You', '/dashboard/sample-requests', '2023-06-22 01:15:50.331075', '2023-06-22 01:15:50.331088', '140', 'None'),
(140, 'SampleForm', 'admin,user', 0, 'USER_ADMIN', 'A new Sample Form Arrived', '/dashboard/sample-requests', '2023-06-22 01:18:46.595479', '2023-06-22 01:18:46.595495', NULL, 'A new Sample form on the way'),
(141, 'SampleForm', 'admin,smu', 0, 'USER_ADMIN', 'A Sample Form Assigned to You', '/dashboard/sample-requests', '2023-06-22 01:19:02.015278', '2023-06-22 01:19:02.015302', '141', 'None'),
(142, 'SampleForm', 'admin,user', 0, 'USER_ADMIN', 'A new Sample Form Arrived', '/dashboard/sample-requests', '2023-06-22 01:30:22.963296', '2023-06-22 01:30:22.963313', NULL, 'A new Sample form on the way'),
(143, 'SampleForm', 'admin,smu', 0, 'USER_ADMIN', 'A Sample Form Assigned to You', '/dashboard/sample-requests', '2023-06-22 01:30:42.219487', '2023-06-22 01:30:42.219508', '142', 'None'),
(144, 'SampleForm', 'admin,user', 0, 'USER_ADMIN', 'A new Sample Form Arrived', '/dashboard/sample-requests', '2023-06-22 01:32:08.013267', '2023-06-22 01:32:08.013285', NULL, 'A new Sample form on the way'),
(145, 'SampleForm', 'admin,smu', 0, 'USER_ADMIN', 'A Sample Form Assigned to You', '/dashboard/sample-requests', '2023-06-22 01:32:21.282980', '2023-06-22 01:32:21.282993', '143', 'None'),
(146, 'SampleForm', 'admin,user', 0, 'USER_ADMIN', 'A new Sample Form Arrived', '/dashboard/sample-requests', '2023-06-22 01:34:17.751849', '2023-06-22 01:34:17.751864', NULL, 'A new Sample form on the way'),
(147, 'SampleForm', 'admin,smu', 0, 'USER_ADMIN', 'A Sample Form Assigned to You', '/dashboard/sample-requests', '2023-06-22 01:34:34.093548', '2023-06-22 01:34:34.093570', '144', 'None'),
(148, 'SampleForm', 'admin,smu', 0, 'USER_ADMIN', 'A Sample Form Assigned to You', '/dashboard/sample-requests', '2023-06-22 01:35:00.153949', '2023-06-22 01:35:00.153966', '126', 'None'),
(149, 'SampleForm', 'admin,user', 0, 'USER_ADMIN', 'A new Sample Form Arrived', '/dashboard/sample-requests', '2023-06-22 01:41:53.471577', '2023-06-22 01:41:53.471609', NULL, 'A new Sample form on the way'),
(150, 'SampleForm', 'admin,user', 0, 'USER_ADMIN', 'A new Sample Form Arrived', '/dashboard/sample-requests', '2023-06-22 01:50:39.465442', '2023-06-22 01:50:39.465464', NULL, 'A new Sample form on the way'),
(151, 'CustomUser', NULL, 0, 'USER_ADMIN', 'a new user has been created', '/dashboard/user-requests', '2023-06-22 02:10:06.714179', '2023-06-22 02:10:06.714197', '77', 'Congratulation'),
(152, 'CustomUser', NULL, 0, 'USER_ADMIN', 'a new user has been created', '/dashboard/user-requests', '2023-06-22 02:12:40.451820', '2023-06-22 02:12:40.451835', '78', 'Congratulation'),
(153, 'CustomUser', NULL, 0, 'USER_ADMIN', 'a new user has been created', '/dashboard/user-requests', '2023-06-22 02:15:23.138777', '2023-06-22 02:15:23.138797', '79', 'Congratulation'),
(154, 'CustomUser', NULL, 0, 'USER_ADMIN', 'a new user has been created', '/dashboard/user-requests', '2023-06-22 02:18:57.129398', '2023-06-22 02:18:57.129414', '80', 'Congratulation'),
(155, 'SampleForm', 'admin,user', 0, 'USER_ADMIN', 'A new Sample Form Arrived', '/dashboard/sample-requests', '2023-06-22 02:20:25.037485', '2023-06-22 02:20:25.037511', NULL, 'A new Sample form on the way'),
(156, 'SampleForm', 'admin,smu', 0, 'USER_ADMIN', 'A Sample Form Assigned to You', '/dashboard/sample-requests', '2023-06-22 02:21:39.210530', '2023-06-22 02:21:39.210545', '147', 'None'),
(157, 'SampleFormHasParameter', 'supervisor', 0, 'USER_ADMIN', 'A Sample Form Assigned to You', '/dashboard/sample-requests', '2023-06-22 02:22:11.393670', '2023-06-22 02:22:11.393686', NULL, 'None'),
(158, 'SampleFormHasParameter', 'supervisor', 0, 'USER_ADMIN', 'A Sample Form Assigned to You', '/dashboard/sample-requests', '2023-06-22 03:38:45.484126', '2023-06-22 03:38:45.484144', NULL, 'None'),
(159, 'SampleForm', 'admin,smu', 0, 'USER_ADMIN', 'A Sample Form Assigned to You', '/dashboard/sample-requests', '2023-06-22 03:41:51.805667', '2023-06-22 03:41:51.805701', '146', 'None'),
(160, 'SampleFormHasParameter', 'supervisor', 0, 'USER_ADMIN', 'A Sample Form Assigned to You', '/dashboard/sample-requests', '2023-06-22 03:42:42.532855', '2023-06-22 03:42:42.532873', NULL, 'None'),
(161, 'SampleForm', 'admin,smu', 0, 'USER_ADMIN', 'A Sample Form Assigned to You', '/dashboard/sample-requests', '2023-06-22 03:49:25.845837', '2023-06-22 03:49:25.845851', '131', 'None'),
(162, 'SampleForm', 'admin,user', 0, 'USER_ADMIN', 'A new Sample Form Arrived', '/dashboard/sample-requests', '2023-06-22 03:54:05.763811', '2023-06-22 03:54:05.763825', NULL, 'A new Sample form on the way'),
(163, 'SampleFormHasParameter', 'supervisor', 0, 'USER_ADMIN', 'A Sample Form Assigned to You', '/dashboard/sample-requests', '2023-06-22 04:04:40.506800', '2023-06-22 04:04:40.506826', NULL, 'None'),
(164, 'SampleFormHasParameter', 'supervisor', 0, 'USER_ADMIN', 'A Sample Form Assigned to You', '/dashboard/sample-requests', '2023-06-22 04:06:41.319940', '2023-06-22 04:06:41.319956', NULL, 'None'),
(165, 'SampleForm', 'admin,user', 0, 'USER_ADMIN', 'A new Sample Form Arrived', '/dashboard/sample-requests', '2023-06-22 04:07:37.795615', '2023-06-22 04:07:37.795638', NULL, 'A new Sample form on the way'),
(166, 'SampleForm', 'admin,smu', 0, 'USER_ADMIN', 'A Sample Form Assigned to You', '/dashboard/sample-requests', '2023-06-22 04:09:23.889245', '2023-06-22 04:09:23.889259', '149', 'None'),
(167, 'SampleFormHasParameter', 'supervisor', 0, 'USER_ADMIN', 'A Sample Form Assigned to You', '/dashboard/sample-requests', '2023-06-22 04:10:28.350656', '2023-06-22 04:10:28.350670', NULL, 'None'),
(168, 'SampleFormHasParameter', 'supervisor', 0, 'USER_ADMIN', 'A Sample Form Assigned to You', '/dashboard/sample-requests', '2023-06-22 04:15:33.631504', '2023-06-22 04:15:33.631520', NULL, 'None'),
(169, 'SampleForm', 'admin,user', 0, 'USER_ADMIN', 'A new Sample Form Arrived', '/dashboard/sample-requests', '2023-06-22 04:39:42.120093', '2023-06-22 04:39:42.120107', NULL, 'A new Sample form on the way'),
(170, 'SampleForm', 'admin,smu', 0, 'USER_ADMIN', 'A Sample Form Assigned to You', '/dashboard/sample-requests', '2023-06-22 04:40:24.976635', '2023-06-22 04:40:24.976649', '150', 'None'),
(171, 'SampleFormHasParameter', 'supervisor', 0, 'USER_ADMIN', 'A Sample Form Assigned to You', '/dashboard/sample-requests', '2023-06-22 04:41:09.228815', '2023-06-22 04:41:09.228831', NULL, 'None'),
(172, 'SampleFormHasParameter', 'supervisor', 0, 'USER_ADMIN', 'A Sample Form Assigned to You', '/dashboard/sample-requests', '2023-06-22 05:33:44.830477', '2023-06-22 05:33:44.830492', NULL, 'None'),
(173, 'CustomUser', NULL, 0, 'USER_ADMIN', 'a new user has been created', '/dashboard/user-requests', '2023-06-22 05:45:52.911250', '2023-06-22 05:45:52.911267', '81', 'Congratulation'),
(174, 'CustomUser', '71', 0, 'USER_ADMIN', 'a new user has been created', '/dashboard/user-requests', '2023-06-22 05:47:41.421363', '2023-06-22 05:47:41.421378', '81', 'Congratulation'),
(175, 'SampleForm', 'admin,user', 0, 'USER_ADMIN', 'A new Sample Form Arrived', '/dashboard/sample-requests', '2023-06-22 05:56:27.583644', '2023-06-22 05:56:27.583661', NULL, 'A new Sample form on the way'),
(176, 'SampleForm', 'admin,smu', 0, 'USER_ADMIN', 'A Sample Form Assigned to You', '/dashboard/sample-requests', '2023-06-22 05:59:05.617921', '2023-06-22 05:59:05.617940', '148', 'None'),
(177, 'SampleFormHasParameter', 'supervisor', 0, 'USER_ADMIN', 'A Sample Form Assigned to You', '/dashboard/sample-requests', '2023-06-22 06:07:19.961112', '2023-06-22 06:07:19.961132', NULL, 'None');

-- --------------------------------------------------------

--
-- Table structure for table `websocket_notification_to_notification`
--

CREATE TABLE `websocket_notification_to_notification` (
  `id` bigint(20) NOT NULL,
  `notification_id` bigint(20) NOT NULL,
  `customuser_id` bigint(20) NOT NULL
) ENGINE=InnoDB DEFAULT CHARSET=utf8mb4 COLLATE=utf8mb4_general_ci;

--
-- Dumping data for table `websocket_notification_to_notification`
--

INSERT INTO `websocket_notification_to_notification` (`id`, `notification_id`, `customuser_id`) VALUES
(3575, 101, 1),
(3587, 101, 60),
(3588, 101, 61),
(3589, 101, 62),
(3590, 101, 63),
(3574, 101, 64),
(3576, 101, 65),
(3577, 101, 66),
(3578, 101, 67),
(3579, 101, 68),
(3580, 101, 69),
(3581, 101, 70),
(3582, 101, 71),
(3583, 101, 72),
(3584, 101, 73),
(3585, 101, 74),
(3586, 101, 75),
(3592, 102, 1),
(3604, 102, 60),
(3605, 102, 61),
(3606, 102, 62),
(3607, 102, 63),
(3591, 102, 64),
(3593, 102, 65),
(3594, 102, 66),
(3595, 102, 67),
(3596, 102, 68),
(3597, 102, 69),
(3598, 102, 70),
(3599, 102, 71),
(3600, 102, 72),
(3601, 102, 73),
(3602, 102, 74),
(3603, 102, 75),
(3609, 103, 1),
(3621, 103, 60),
(3622, 103, 61),
(3623, 103, 62),
(3624, 103, 63),
(3608, 103, 64),
(3610, 103, 65),
(3611, 103, 66),
(3612, 103, 67),
(3613, 103, 68),
(3614, 103, 69),
(3615, 103, 70),
(3616, 103, 71),
(3617, 103, 72),
(3618, 103, 73),
(3619, 103, 74),
(3620, 103, 75),
(3626, 104, 1),
(3638, 104, 60),
(3639, 104, 61),
(3640, 104, 62),
(3641, 104, 63),
(3625, 104, 64),
(3627, 104, 65),
(3628, 104, 66),
(3629, 104, 67),
(3630, 104, 68),
(3631, 104, 69),
(3632, 104, 70),
(3633, 104, 71),
(3634, 104, 72),
(3635, 104, 73),
(3636, 104, 74),
(3637, 104, 75),
(3643, 105, 1),
(3655, 105, 60),
(3656, 105, 61),
(3657, 105, 62),
(3658, 105, 63),
(3642, 105, 64),
(3644, 105, 65),
(3645, 105, 66),
(3646, 105, 67),
(3647, 105, 68),
(3648, 105, 69),
(3649, 105, 70),
(3650, 105, 71),
(3651, 105, 72),
(3652, 105, 73),
(3653, 105, 74),
(3654, 105, 75),
(3660, 106, 1),
(3672, 106, 60),
(3673, 106, 61),
(3674, 106, 62),
(3675, 106, 63),
(3659, 106, 64),
(3661, 106, 65),
(3662, 106, 66),
(3663, 106, 67),
(3664, 106, 68),
(3665, 106, 69),
(3666, 106, 70),
(3667, 106, 71),
(3668, 106, 72),
(3669, 106, 73),
(3670, 106, 74),
(3671, 106, 75),
(3677, 107, 1),
(3689, 107, 60),
(3690, 107, 61),
(3691, 107, 62),
(3692, 107, 63),
(3676, 107, 64),
(3678, 107, 65),
(3679, 107, 66),
(3680, 107, 67),
(3681, 107, 68),
(3682, 107, 69),
(3683, 107, 70),
(3684, 107, 71),
(3685, 107, 72),
(3686, 107, 73),
(3687, 107, 74),
(3688, 107, 75),
(3694, 108, 1),
(3706, 108, 60),
(3707, 108, 61),
(3708, 108, 62),
(3709, 108, 63),
(3693, 108, 64),
(3695, 108, 65),
(3696, 108, 66),
(3697, 108, 67),
(3698, 108, 68),
(3699, 108, 69),
(3700, 108, 70),
(3701, 108, 71),
(3702, 108, 72),
(3703, 108, 73),
(3704, 108, 74),
(3705, 108, 75),
(3711, 109, 1),
(3724, 109, 60),
(3725, 109, 61),
(3726, 109, 62),
(3727, 109, 63),
(3710, 109, 64),
(3712, 109, 65),
(3713, 109, 66),
(3714, 109, 67),
(3715, 109, 68),
(3716, 109, 69),
(3717, 109, 70),
(3718, 109, 71),
(3719, 109, 72),
(3720, 109, 73),
(3721, 109, 74),
(3722, 109, 75),
(3723, 109, 76),
(3729, 110, 1),
(3742, 110, 60),
(3743, 110, 61),
(3744, 110, 62),
(3745, 110, 63),
(3728, 110, 64),
(3730, 110, 65),
(3731, 110, 66),
(3732, 110, 67),
(3733, 110, 68),
(3734, 110, 69),
(3735, 110, 70),
(3736, 110, 71),
(3737, 110, 72),
(3738, 110, 73),
(3739, 110, 74),
(3740, 110, 75),
(3741, 110, 76),
(3747, 111, 1),
(3760, 111, 60),
(3761, 111, 61),
(3762, 111, 62),
(3763, 111, 63),
(3746, 111, 64),
(3748, 111, 65),
(3749, 111, 66),
(3750, 111, 67),
(3751, 111, 68),
(3752, 111, 69),
(3753, 111, 70),
(3754, 111, 71),
(3755, 111, 72),
(3756, 111, 73),
(3757, 111, 74),
(3758, 111, 75),
(3759, 111, 76),
(3765, 112, 1),
(3778, 112, 60),
(3779, 112, 61),
(3780, 112, 62),
(3781, 112, 63),
(3764, 112, 64),
(3766, 112, 65),
(3767, 112, 66),
(3768, 112, 67),
(3769, 112, 68),
(3770, 112, 69),
(3771, 112, 70),
(3772, 112, 71),
(3773, 112, 72),
(3774, 112, 73),
(3775, 112, 74),
(3776, 112, 75),
(3777, 112, 76),
(3783, 113, 1),
(3796, 113, 60),
(3797, 113, 61),
(3798, 113, 62),
(3799, 113, 63),
(3782, 113, 64),
(3784, 113, 65),
(3785, 113, 66),
(3786, 113, 67),
(3787, 113, 68),
(3788, 113, 69),
(3789, 113, 70),
(3790, 113, 71),
(3791, 113, 72),
(3792, 113, 73),
(3793, 113, 74),
(3794, 113, 75),
(3795, 113, 76),
(3801, 114, 1),
(3814, 114, 60),
(3815, 114, 61),
(3816, 114, 62),
(3817, 114, 63),
(3800, 114, 64),
(3802, 114, 65),
(3803, 114, 66),
(3804, 114, 67),
(3805, 114, 68),
(3806, 114, 69),
(3807, 114, 70),
(3808, 114, 71),
(3809, 114, 72),
(3810, 114, 73),
(3811, 114, 74),
(3812, 114, 75),
(3813, 114, 76),
(3819, 115, 1),
(3832, 115, 60),
(3833, 115, 61),
(3834, 115, 62),
(3835, 115, 63),
(3818, 115, 64),
(3820, 115, 65),
(3821, 115, 66),
(3822, 115, 67),
(3823, 115, 68),
(3824, 115, 69),
(3825, 115, 70),
(3826, 115, 71),
(3827, 115, 72),
(3828, 115, 73),
(3829, 115, 74),
(3830, 115, 75),
(3831, 115, 76),
(3837, 116, 1),
(3850, 116, 60),
(3851, 116, 61),
(3852, 116, 62),
(3853, 116, 63),
(3836, 116, 64),
(3838, 116, 65),
(3839, 116, 66),
(3840, 116, 67),
(3841, 116, 68),
(3842, 116, 69),
(3843, 116, 70),
(3844, 116, 71),
(3845, 116, 72),
(3846, 116, 73),
(3847, 116, 74),
(3848, 116, 75),
(3849, 116, 76),
(3855, 117, 1),
(3868, 117, 60),
(3869, 117, 61),
(3870, 117, 62),
(3871, 117, 63),
(3854, 117, 64),
(3856, 117, 65),
(3857, 117, 66),
(3858, 117, 67),
(3859, 117, 68),
(3860, 117, 69),
(3861, 117, 70),
(3862, 117, 71),
(3863, 117, 72),
(3864, 117, 73),
(3865, 117, 74),
(3866, 117, 75),
(3867, 117, 76),
(3873, 118, 1),
(3886, 118, 60),
(3887, 118, 61),
(3888, 118, 62),
(3889, 118, 63),
(3872, 118, 64),
(3874, 118, 65),
(3875, 118, 66),
(3876, 118, 67),
(3877, 118, 68),
(3878, 118, 69),
(3879, 118, 70),
(3880, 118, 71),
(3881, 118, 72),
(3882, 118, 73),
(3883, 118, 74),
(3884, 118, 75),
(3885, 118, 76),
(3891, 119, 1),
(3904, 119, 60),
(3905, 119, 61),
(3906, 119, 62),
(3907, 119, 63),
(3890, 119, 64),
(3892, 119, 65),
(3893, 119, 66),
(3894, 119, 67),
(3895, 119, 68),
(3896, 119, 69),
(3897, 119, 70),
(3898, 119, 71),
(3899, 119, 72),
(3900, 119, 73),
(3901, 119, 74),
(3902, 119, 75),
(3903, 119, 76),
(3909, 120, 1),
(3922, 120, 60),
(3923, 120, 61),
(3924, 120, 62),
(3925, 120, 63),
(3908, 120, 64),
(3910, 120, 65),
(3911, 120, 66),
(3912, 120, 67),
(3913, 120, 68),
(3914, 120, 69),
(3915, 120, 70),
(3916, 120, 71),
(3917, 120, 72),
(3918, 120, 73),
(3919, 120, 74),
(3920, 120, 75),
(3921, 120, 76),
(3927, 121, 1),
(3940, 121, 60),
(3941, 121, 61),
(3942, 121, 62),
(3943, 121, 63),
(3926, 121, 64),
(3928, 121, 65),
(3929, 121, 66),
(3930, 121, 67),
(3931, 121, 68),
(3932, 121, 69),
(3933, 121, 70),
(3934, 121, 71),
(3935, 121, 72),
(3936, 121, 73),
(3937, 121, 74),
(3938, 121, 75),
(3939, 121, 76),
(3945, 122, 1),
(3958, 122, 60),
(3959, 122, 61),
(3960, 122, 62),
(3961, 122, 63),
(3944, 122, 64),
(3946, 122, 65),
(3947, 122, 66),
(3948, 122, 67),
(3949, 122, 68),
(3950, 122, 69),
(3951, 122, 70),
(3952, 122, 71),
(3953, 122, 72),
(3954, 122, 73),
(3955, 122, 74),
(3956, 122, 75),
(3957, 122, 76),
(3963, 123, 1),
(3976, 123, 60),
(3977, 123, 61),
(3978, 123, 62),
(3979, 123, 63),
(3962, 123, 64),
(3964, 123, 65),
(3965, 123, 66),
(3966, 123, 67),
(3967, 123, 68),
(3968, 123, 69),
(3969, 123, 70),
(3970, 123, 71),
(3971, 123, 72),
(3972, 123, 73),
(3973, 123, 74),
(3974, 123, 75),
(3975, 123, 76),
(3981, 124, 1),
(3994, 124, 60),
(3995, 124, 61),
(3996, 124, 62),
(3997, 124, 63),
(3980, 124, 64),
(3982, 124, 65),
(3983, 124, 66),
(3984, 124, 67),
(3985, 124, 68),
(3986, 124, 69),
(3987, 124, 70),
(3988, 124, 71),
(3989, 124, 72),
(3990, 124, 73),
(3991, 124, 74),
(3992, 124, 75),
(3993, 124, 76),
(3999, 125, 1),
(4012, 125, 60),
(4013, 125, 61),
(4014, 125, 62),
(4015, 125, 63),
(3998, 125, 64),
(4000, 125, 65),
(4001, 125, 66),
(4002, 125, 67),
(4003, 125, 68),
(4004, 125, 69),
(4005, 125, 70),
(4006, 125, 71),
(4007, 125, 72),
(4008, 125, 73),
(4009, 125, 74),
(4010, 125, 75),
(4011, 125, 76),
(4017, 126, 1),
(4030, 126, 60),
(4031, 126, 61),
(4032, 126, 62),
(4033, 126, 63),
(4016, 126, 64),
(4018, 126, 65),
(4019, 126, 66),
(4020, 126, 67),
(4021, 126, 68),
(4022, 126, 69),
(4023, 126, 70),
(4024, 126, 71),
(4025, 126, 72),
(4026, 126, 73),
(4027, 126, 74),
(4028, 126, 75),
(4029, 126, 76),
(4035, 127, 1),
(4048, 127, 60),
(4049, 127, 61),
(4050, 127, 62),
(4051, 127, 63),
(4034, 127, 64),
(4036, 127, 65),
(4037, 127, 66),
(4038, 127, 67),
(4039, 127, 68),
(4040, 127, 69),
(4041, 127, 70),
(4042, 127, 71),
(4043, 127, 72),
(4044, 127, 73),
(4045, 127, 74),
(4046, 127, 75),
(4047, 127, 76),
(4053, 128, 1),
(4066, 128, 60),
(4067, 128, 61),
(4068, 128, 62),
(4069, 128, 63),
(4052, 128, 64),
(4054, 128, 65),
(4055, 128, 66),
(4056, 128, 67),
(4057, 128, 68),
(4058, 128, 69),
(4059, 128, 70),
(4060, 128, 71),
(4061, 128, 72),
(4062, 128, 73),
(4063, 128, 74),
(4064, 128, 75),
(4065, 128, 76),
(4071, 129, 1),
(4084, 129, 60),
(4085, 129, 61),
(4086, 129, 62),
(4087, 129, 63),
(4070, 129, 64),
(4072, 129, 65),
(4073, 129, 66),
(4074, 129, 67),
(4075, 129, 68),
(4076, 129, 69),
(4077, 129, 70),
(4078, 129, 71),
(4079, 129, 72),
(4080, 129, 73),
(4081, 129, 74),
(4082, 129, 75),
(4083, 129, 76),
(4089, 130, 1),
(4102, 130, 60),
(4103, 130, 61),
(4104, 130, 62),
(4105, 130, 63),
(4088, 130, 64),
(4090, 130, 65),
(4091, 130, 66),
(4092, 130, 67),
(4093, 130, 68),
(4094, 130, 69),
(4095, 130, 70),
(4096, 130, 71),
(4097, 130, 72),
(4098, 130, 73),
(4099, 130, 74),
(4100, 130, 75),
(4101, 130, 76),
(4107, 131, 1),
(4120, 131, 60),
(4121, 131, 61),
(4122, 131, 62),
(4123, 131, 63),
(4106, 131, 64),
(4108, 131, 65),
(4109, 131, 66),
(4110, 131, 67),
(4111, 131, 68),
(4112, 131, 69),
(4113, 131, 70),
(4114, 131, 71),
(4115, 131, 72),
(4116, 131, 73),
(4117, 131, 74),
(4118, 131, 75),
(4119, 131, 76),
(4125, 132, 1),
(4138, 132, 60),
(4139, 132, 61),
(4140, 132, 62),
(4141, 132, 63),
(4124, 132, 64),
(4126, 132, 65),
(4127, 132, 66),
(4128, 132, 67),
(4129, 132, 68),
(4130, 132, 69),
(4131, 132, 70),
(4132, 132, 71),
(4133, 132, 72),
(4134, 132, 73),
(4135, 132, 74),
(4136, 132, 75),
(4137, 132, 76),
(4143, 133, 1),
(4156, 133, 60),
(4157, 133, 61),
(4158, 133, 62),
(4159, 133, 63),
(4142, 133, 64),
(4144, 133, 65),
(4145, 133, 66),
(4146, 133, 67),
(4147, 133, 68),
(4148, 133, 69),
(4149, 133, 70),
(4150, 133, 71),
(4151, 133, 72),
(4152, 133, 73),
(4153, 133, 74),
(4154, 133, 75),
(4155, 133, 76),
(4161, 134, 1),
(4174, 134, 60),
(4175, 134, 61),
(4176, 134, 62),
(4177, 134, 63),
(4160, 134, 64),
(4162, 134, 65),
(4163, 134, 66),
(4164, 134, 67),
(4165, 134, 68),
(4166, 134, 69),
(4167, 134, 70),
(4168, 134, 71),
(4169, 134, 72),
(4170, 134, 73),
(4171, 134, 74),
(4172, 134, 75),
(4173, 134, 76),
(4179, 135, 1),
(4192, 135, 60),
(4193, 135, 61),
(4194, 135, 62),
(4195, 135, 63),
(4178, 135, 64),
(4180, 135, 65),
(4181, 135, 66),
(4182, 135, 67),
(4183, 135, 68),
(4184, 135, 69),
(4185, 135, 70),
(4186, 135, 71),
(4187, 135, 72),
(4188, 135, 73),
(4189, 135, 74),
(4190, 135, 75),
(4191, 135, 76),
(4197, 136, 1),
(4210, 136, 60),
(4211, 136, 61),
(4212, 136, 62),
(4213, 136, 63),
(4196, 136, 64),
(4198, 136, 65),
(4199, 136, 66),
(4200, 136, 67),
(4201, 136, 68),
(4202, 136, 69),
(4203, 136, 70),
(4204, 136, 71),
(4205, 136, 72),
(4206, 136, 73),
(4207, 136, 74),
(4208, 136, 75),
(4209, 136, 76),
(4215, 137, 1),
(4228, 137, 60),
(4229, 137, 61),
(4230, 137, 62),
(4231, 137, 63),
(4214, 137, 64),
(4216, 137, 65),
(4217, 137, 66),
(4218, 137, 67),
(4219, 137, 68),
(4220, 137, 69),
(4221, 137, 70),
(4222, 137, 71),
(4223, 137, 72),
(4224, 137, 73),
(4225, 137, 74),
(4226, 137, 75),
(4227, 137, 76),
(4233, 138, 1),
(4246, 138, 60),
(4247, 138, 61),
(4248, 138, 62),
(4249, 138, 63),
(4232, 138, 64),
(4234, 138, 65),
(4235, 138, 66),
(4236, 138, 67),
(4237, 138, 68),
(4238, 138, 69),
(4239, 138, 70),
(4240, 138, 71),
(4241, 138, 72),
(4242, 138, 73),
(4243, 138, 74),
(4244, 138, 75),
(4245, 138, 76),
(4251, 139, 1),
(4264, 139, 60),
(4265, 139, 61),
(4266, 139, 62),
(4267, 139, 63),
(4250, 139, 64),
(4252, 139, 65),
(4253, 139, 66),
(4254, 139, 67),
(4255, 139, 68),
(4256, 139, 69),
(4257, 139, 70),
(4258, 139, 71),
(4259, 139, 72),
(4260, 139, 73),
(4261, 139, 74),
(4262, 139, 75),
(4263, 139, 76),
(4269, 140, 1),
(4282, 140, 60),
(4283, 140, 61),
(4284, 140, 62),
(4285, 140, 63),
(4268, 140, 64),
(4270, 140, 65),
(4271, 140, 66),
(4272, 140, 67),
(4273, 140, 68),
(4274, 140, 69),
(4275, 140, 70),
(4276, 140, 71),
(4277, 140, 72),
(4278, 140, 73),
(4279, 140, 74),
(4280, 140, 75),
(4281, 140, 76),
(4287, 141, 1),
(4300, 141, 60),
(4301, 141, 61),
(4302, 141, 62),
(4303, 141, 63),
(4286, 141, 64),
(4288, 141, 65),
(4289, 141, 66),
(4290, 141, 67),
(4291, 141, 68),
(4292, 141, 69),
(4293, 141, 70),
(4294, 141, 71),
(4295, 141, 72),
(4296, 141, 73),
(4297, 141, 74),
(4298, 141, 75),
(4299, 141, 76),
(4305, 142, 1),
(4318, 142, 60),
(4319, 142, 61),
(4320, 142, 62),
(4321, 142, 63),
(4304, 142, 64),
(4306, 142, 65),
(4307, 142, 66),
(4308, 142, 67),
(4309, 142, 68),
(4310, 142, 69),
(4311, 142, 70),
(4312, 142, 71),
(4313, 142, 72),
(4314, 142, 73),
(4315, 142, 74),
(4316, 142, 75),
(4317, 142, 76),
(4323, 143, 1),
(4336, 143, 60),
(4337, 143, 61),
(4338, 143, 62),
(4339, 143, 63),
(4322, 143, 64),
(4324, 143, 65),
(4325, 143, 66),
(4326, 143, 67),
(4327, 143, 68),
(4328, 143, 69),
(4329, 143, 70),
(4330, 143, 71),
(4331, 143, 72),
(4332, 143, 73),
(4333, 143, 74),
(4334, 143, 75),
(4335, 143, 76),
(4341, 144, 1),
(4354, 144, 60),
(4355, 144, 61),
(4356, 144, 62),
(4357, 144, 63),
(4340, 144, 64),
(4342, 144, 65),
(4343, 144, 66),
(4344, 144, 67),
(4345, 144, 68),
(4346, 144, 69),
(4347, 144, 70),
(4348, 144, 71),
(4349, 144, 72),
(4350, 144, 73),
(4351, 144, 74),
(4352, 144, 75),
(4353, 144, 76),
(4359, 145, 1),
(4372, 145, 60),
(4373, 145, 61),
(4374, 145, 62),
(4375, 145, 63),
(4358, 145, 64),
(4360, 145, 65),
(4361, 145, 66),
(4362, 145, 67),
(4363, 145, 68),
(4364, 145, 69),
(4365, 145, 70),
(4366, 145, 71),
(4367, 145, 72),
(4368, 145, 73),
(4369, 145, 74),
(4370, 145, 75),
(4371, 145, 76),
(4377, 146, 1),
(4390, 146, 60),
(4391, 146, 61),
(4392, 146, 62),
(4393, 146, 63),
(4376, 146, 64),
(4378, 146, 65),
(4379, 146, 66),
(4380, 146, 67),
(4381, 146, 68),
(4382, 146, 69),
(4383, 146, 70),
(4384, 146, 71),
(4385, 146, 72),
(4386, 146, 73),
(4387, 146, 74),
(4388, 146, 75),
(4389, 146, 76),
(4395, 147, 1),
(4408, 147, 60),
(4409, 147, 61),
(4410, 147, 62),
(4411, 147, 63),
(4394, 147, 64),
(4396, 147, 65),
(4397, 147, 66),
(4398, 147, 67),
(4399, 147, 68),
(4400, 147, 69),
(4401, 147, 70),
(4402, 147, 71),
(4403, 147, 72),
(4404, 147, 73),
(4405, 147, 74),
(4406, 147, 75),
(4407, 147, 76),
(4413, 148, 1),
(4426, 148, 60),
(4427, 148, 61),
(4428, 148, 62),
(4429, 148, 63),
(4412, 148, 64),
(4414, 148, 65),
(4415, 148, 66),
(4416, 148, 67),
(4417, 148, 68),
(4418, 148, 69),
(4419, 148, 70),
(4420, 148, 71),
(4421, 148, 72),
(4422, 148, 73),
(4423, 148, 74),
(4424, 148, 75),
(4425, 148, 76),
(4431, 149, 1),
(4444, 149, 60),
(4445, 149, 61),
(4446, 149, 62),
(4447, 149, 63),
(4430, 149, 64),
(4432, 149, 65),
(4433, 149, 66),
(4434, 149, 67),
(4435, 149, 68),
(4436, 149, 69),
(4437, 149, 70),
(4438, 149, 71),
(4439, 149, 72),
(4440, 149, 73),
(4441, 149, 74),
(4442, 149, 75),
(4443, 149, 76),
(4449, 150, 1),
(4462, 150, 60),
(4463, 150, 61),
(4464, 150, 62),
(4465, 150, 63),
(4448, 150, 64),
(4450, 150, 65),
(4451, 150, 66),
(4452, 150, 67),
(4453, 150, 68),
(4454, 150, 69),
(4455, 150, 70),
(4456, 150, 71),
(4457, 150, 72),
(4458, 150, 73),
(4459, 150, 74),
(4460, 150, 75),
(4461, 150, 76),
(4466, 151, 1),
(4467, 151, 60),
(4468, 151, 61),
(4469, 151, 62),
(4470, 151, 63),
(4471, 151, 64),
(4472, 151, 65),
(4473, 151, 66),
(4474, 151, 67),
(4475, 151, 68),
(4476, 151, 69),
(4477, 151, 70),
(4478, 151, 71),
(4479, 151, 72),
(4480, 151, 73),
(4481, 151, 74),
(4482, 151, 75),
(4483, 151, 76),
(4484, 151, 77),
(4485, 152, 1),
(4486, 152, 60),
(4487, 152, 61),
(4488, 152, 62),
(4489, 152, 63),
(4490, 152, 64),
(4491, 152, 65),
(4492, 152, 66),
(4493, 152, 67),
(4494, 152, 68),
(4495, 152, 69),
(4496, 152, 70),
(4497, 152, 71),
(4498, 152, 72),
(4499, 152, 73),
(4500, 152, 74),
(4501, 152, 75),
(4502, 152, 76),
(4503, 152, 77),
(4504, 152, 78),
(4505, 153, 1),
(4506, 153, 60),
(4507, 153, 61),
(4508, 153, 62),
(4509, 153, 63),
(4510, 153, 64),
(4511, 153, 65),
(4512, 153, 66),
(4513, 153, 67),
(4514, 153, 68),
(4515, 153, 69),
(4516, 153, 70),
(4517, 153, 71),
(4518, 153, 72),
(4519, 153, 73),
(4520, 153, 74),
(4521, 153, 75),
(4522, 153, 76),
(4523, 153, 77),
(4524, 153, 78),
(4525, 153, 79),
(4526, 154, 1),
(4527, 154, 60),
(4528, 154, 61),
(4529, 154, 62),
(4530, 154, 63),
(4531, 154, 64),
(4532, 154, 65),
(4533, 154, 66),
(4534, 154, 67),
(4535, 154, 68),
(4536, 154, 69),
(4537, 154, 70),
(4538, 154, 71),
(4539, 154, 72),
(4540, 154, 73),
(4541, 154, 74),
(4542, 154, 75),
(4543, 154, 76),
(4544, 154, 77),
(4545, 154, 78),
(4546, 154, 79),
(4547, 154, 80),
(4548, 155, 1),
(4549, 155, 60),
(4550, 155, 61),
(4551, 155, 62),
(4552, 155, 63),
(4553, 155, 64),
(4554, 155, 65),
(4555, 155, 66),
(4556, 155, 67),
(4557, 155, 68),
(4558, 155, 69),
(4559, 155, 70),
(4560, 155, 71),
(4561, 155, 72),
(4562, 155, 73),
(4563, 155, 74),
(4564, 155, 75),
(4565, 155, 76),
(4566, 155, 77),
(4567, 155, 78),
(4568, 155, 79),
(4569, 155, 80),
(4570, 156, 1),
(4571, 156, 60),
(4572, 156, 61),
(4573, 156, 62),
(4574, 156, 63),
(4575, 156, 64),
(4576, 156, 65),
(4577, 156, 66),
(4578, 156, 67),
(4579, 156, 68),
(4580, 156, 69),
(4581, 156, 70),
(4582, 156, 71),
(4583, 156, 72),
(4584, 156, 73),
(4585, 156, 74),
(4586, 156, 75),
(4587, 156, 76),
(4588, 156, 77),
(4589, 156, 78),
(4590, 156, 79),
(4591, 156, 80),
(4592, 157, 1),
(4593, 157, 60),
(4594, 157, 61),
(4595, 157, 62),
(4596, 157, 63),
(4597, 157, 64),
(4598, 157, 65),
(4599, 157, 66),
(4600, 157, 67),
(4601, 157, 68),
(4602, 157, 69),
(4603, 157, 70),
(4604, 157, 71),
(4605, 157, 72),
(4606, 157, 73),
(4607, 157, 74),
(4608, 157, 75),
(4609, 157, 76),
(4610, 157, 77),
(4611, 157, 78),
(4612, 157, 79),
(4613, 157, 80),
(4614, 158, 1),
(4615, 158, 60),
(4616, 158, 61),
(4617, 158, 62),
(4618, 158, 63),
(4619, 158, 64),
(4620, 158, 65),
(4621, 158, 66),
(4622, 158, 67),
(4623, 158, 68),
(4624, 158, 69),
(4625, 158, 70),
(4626, 158, 71),
(4627, 158, 72),
(4628, 158, 73),
(4629, 158, 74),
(4630, 158, 75),
(4631, 158, 76),
(4632, 158, 77),
(4633, 158, 78),
(4634, 158, 79),
(4635, 158, 80),
(4636, 159, 1),
(4637, 159, 60),
(4638, 159, 61),
(4639, 159, 62),
(4640, 159, 63),
(4641, 159, 64),
(4642, 159, 65),
(4643, 159, 66),
(4644, 159, 67),
(4645, 159, 68),
(4646, 159, 69),
(4647, 159, 70),
(4648, 159, 71),
(4649, 159, 72),
(4650, 159, 73),
(4651, 159, 74),
(4652, 159, 75),
(4653, 159, 76),
(4654, 159, 77),
(4655, 159, 78),
(4656, 159, 79),
(4657, 159, 80),
(4658, 160, 1),
(4659, 160, 60),
(4660, 160, 61),
(4661, 160, 62),
(4662, 160, 63),
(4663, 160, 64),
(4664, 160, 65),
(4665, 160, 66),
(4666, 160, 67),
(4667, 160, 68),
(4668, 160, 69),
(4669, 160, 70),
(4670, 160, 71),
(4671, 160, 72),
(4672, 160, 73),
(4673, 160, 74),
(4674, 160, 75),
(4675, 160, 76),
(4676, 160, 77),
(4677, 160, 78),
(4678, 160, 79),
(4679, 160, 80),
(4680, 161, 1),
(4681, 161, 60),
(4682, 161, 61),
(4683, 161, 62),
(4684, 161, 63),
(4685, 161, 64),
(4686, 161, 65),
(4687, 161, 66),
(4688, 161, 67),
(4689, 161, 68),
(4690, 161, 69),
(4691, 161, 70),
(4692, 161, 71),
(4693, 161, 72),
(4694, 161, 73),
(4695, 161, 74),
(4696, 161, 75),
(4697, 161, 76),
(4698, 161, 77),
(4699, 161, 78),
(4700, 161, 79),
(4701, 161, 80),
(4702, 162, 1),
(4703, 162, 60),
(4704, 162, 61),
(4705, 162, 62),
(4706, 162, 63),
(4707, 162, 64),
(4708, 162, 65),
(4709, 162, 66),
(4710, 162, 67),
(4711, 162, 68),
(4712, 162, 69),
(4713, 162, 70),
(4714, 162, 71),
(4715, 162, 72),
(4716, 162, 73),
(4717, 162, 74),
(4718, 162, 75),
(4719, 162, 76),
(4720, 162, 77),
(4721, 162, 78),
(4722, 162, 79),
(4723, 162, 80),
(4724, 163, 1),
(4725, 163, 60),
(4726, 163, 61),
(4727, 163, 62),
(4728, 163, 63),
(4729, 163, 64),
(4730, 163, 65),
(4731, 163, 66),
(4732, 163, 67),
(4733, 163, 68),
(4734, 163, 69),
(4735, 163, 70),
(4736, 163, 71),
(4737, 163, 72),
(4738, 163, 73),
(4739, 163, 74),
(4740, 163, 75),
(4741, 163, 76),
(4742, 163, 77),
(4743, 163, 78),
(4744, 163, 79),
(4745, 163, 80),
(4746, 164, 1),
(4747, 164, 60),
(4748, 164, 61),
(4749, 164, 62),
(4750, 164, 63),
(4751, 164, 64),
(4752, 164, 65),
(4753, 164, 66),
(4754, 164, 67),
(4755, 164, 68),
(4756, 164, 69),
(4757, 164, 70),
(4758, 164, 71),
(4759, 164, 72),
(4760, 164, 73),
(4761, 164, 74),
(4762, 164, 75),
(4763, 164, 76),
(4764, 164, 77),
(4765, 164, 78),
(4766, 164, 79),
(4767, 164, 80),
(4768, 165, 1),
(4769, 165, 60),
(4770, 165, 61),
(4771, 165, 62),
(4772, 165, 63),
(4773, 165, 64),
(4774, 165, 65),
(4775, 165, 66),
(4776, 165, 67),
(4777, 165, 68),
(4778, 165, 69),
(4779, 165, 70),
(4780, 165, 71),
(4781, 165, 72),
(4782, 165, 73),
(4783, 165, 74),
(4784, 165, 75),
(4785, 165, 76),
(4786, 165, 77),
(4787, 165, 78),
(4788, 165, 79),
(4789, 165, 80),
(4790, 166, 1),
(4791, 166, 60),
(4792, 166, 61),
(4793, 166, 62),
(4794, 166, 63),
(4795, 166, 64),
(4796, 166, 65),
(4797, 166, 66),
(4798, 166, 67),
(4799, 166, 68),
(4800, 166, 69),
(4801, 166, 70),
(4802, 166, 71),
(4803, 166, 72),
(4804, 166, 73),
(4805, 166, 74),
(4806, 166, 75),
(4807, 166, 76),
(4808, 166, 77),
(4809, 166, 78),
(4810, 166, 79),
(4811, 166, 80),
(4812, 167, 1),
(4813, 167, 60),
(4814, 167, 61),
(4815, 167, 62),
(4816, 167, 63),
(4817, 167, 64),
(4818, 167, 65),
(4819, 167, 66),
(4820, 167, 67),
(4821, 167, 68),
(4822, 167, 69),
(4823, 167, 70),
(4824, 167, 71),
(4825, 167, 72),
(4826, 167, 73),
(4827, 167, 74),
(4828, 167, 75),
(4829, 167, 76),
(4830, 167, 77),
(4831, 167, 78),
(4832, 167, 79),
(4833, 167, 80),
(4834, 168, 1),
(4835, 168, 60),
(4836, 168, 61),
(4837, 168, 62),
(4838, 168, 63),
(4839, 168, 64),
(4840, 168, 65),
(4841, 168, 66),
(4842, 168, 67),
(4843, 168, 68),
(4844, 168, 69),
(4845, 168, 70),
(4846, 168, 71),
(4847, 168, 72),
(4848, 168, 73),
(4849, 168, 74),
(4850, 168, 75),
(4851, 168, 76),
(4852, 168, 77),
(4853, 168, 78),
(4854, 168, 79),
(4855, 168, 80),
(4856, 169, 1),
(4857, 169, 60),
(4858, 169, 61),
(4859, 169, 62),
(4860, 169, 63),
(4861, 169, 64),
(4862, 169, 65),
(4863, 169, 66),
(4864, 169, 67),
(4865, 169, 68),
(4866, 169, 69),
(4867, 169, 70),
(4868, 169, 71),
(4869, 169, 72),
(4870, 169, 73),
(4871, 169, 74),
(4872, 169, 75),
(4873, 169, 76),
(4874, 169, 77),
(4875, 169, 78),
(4876, 169, 79),
(4877, 169, 80),
(4878, 170, 1),
(4879, 170, 60),
(4880, 170, 61),
(4881, 170, 62),
(4882, 170, 63),
(4883, 170, 64),
(4884, 170, 65),
(4885, 170, 66),
(4886, 170, 67),
(4887, 170, 68),
(4888, 170, 69),
(4889, 170, 70),
(4890, 170, 71),
(4891, 170, 72),
(4892, 170, 73),
(4893, 170, 74),
(4894, 170, 75),
(4895, 170, 76),
(4896, 170, 77),
(4897, 170, 78),
(4898, 170, 79),
(4899, 170, 80),
(4900, 171, 1),
(4901, 171, 60),
(4902, 171, 61),
(4903, 171, 62),
(4904, 171, 63),
(4905, 171, 64),
(4906, 171, 65),
(4907, 171, 66),
(4908, 171, 67),
(4909, 171, 68),
(4910, 171, 69),
(4911, 171, 70),
(4912, 171, 71),
(4913, 171, 72),
(4914, 171, 73),
(4915, 171, 74),
(4916, 171, 75),
(4917, 171, 76),
(4918, 171, 77),
(4919, 171, 78),
(4920, 171, 79),
(4921, 171, 80),
(4922, 172, 1),
(4923, 172, 60),
(4924, 172, 61),
(4925, 172, 62),
(4926, 172, 63),
(4927, 172, 64),
(4928, 172, 65),
(4929, 172, 66),
(4930, 172, 67),
(4931, 172, 68),
(4932, 172, 69),
(4933, 172, 70),
(4934, 172, 71),
(4935, 172, 72),
(4936, 172, 73),
(4937, 172, 74),
(4938, 172, 75),
(4939, 172, 76),
(4940, 172, 77),
(4941, 172, 78),
(4942, 172, 79),
(4943, 172, 80),
(4944, 173, 1),
(4945, 173, 60),
(4946, 173, 61),
(4947, 173, 62),
(4948, 173, 63),
(4949, 173, 64),
(4950, 173, 65),
(4951, 173, 66),
(4952, 173, 67),
(4953, 173, 68),
(4954, 173, 69),
(4955, 173, 70),
(4956, 173, 71),
(4957, 173, 72),
(4958, 173, 73),
(4959, 173, 74),
(4960, 173, 75),
(4961, 173, 76),
(4962, 173, 77),
(4963, 173, 78),
(4964, 173, 79),
(4965, 173, 80),
(4966, 173, 81),
(4967, 174, 1),
(4968, 174, 60),
(4969, 174, 61),
(4970, 174, 62),
(4971, 174, 63),
(4972, 174, 64),
(4973, 174, 65),
(4974, 174, 66),
(4975, 174, 67),
(4976, 174, 68),
(4977, 174, 69),
(4978, 174, 70),
(4979, 174, 71),
(4980, 174, 72),
(4981, 174, 73),
(4982, 174, 74),
(4983, 174, 75),
(4984, 174, 76),
(4985, 174, 77),
(4986, 174, 78),
(4987, 174, 79),
(4988, 174, 80),
(4989, 174, 81),
(4990, 175, 1),
(4991, 175, 60),
(4992, 175, 61),
(4993, 175, 62),
(4994, 175, 63),
(4995, 175, 64),
(4996, 175, 65),
(4997, 175, 66),
(4998, 175, 67),
(4999, 175, 68),
(5000, 175, 69),
(5001, 175, 70),
(5002, 175, 71),
(5003, 175, 72),
(5004, 175, 73),
(5005, 175, 74),
(5006, 175, 75),
(5007, 175, 76),
(5008, 175, 77),
(5009, 175, 78),
(5010, 175, 79),
(5011, 175, 80),
(5012, 175, 81),
(5013, 176, 1),
(5014, 176, 60),
(5015, 176, 61),
(5016, 176, 62),
(5017, 176, 63),
(5018, 176, 64),
(5019, 176, 65),
(5020, 176, 66),
(5021, 176, 67),
(5022, 176, 68),
(5023, 176, 69),
(5024, 176, 70),
(5025, 176, 71),
(5026, 176, 72),
(5027, 176, 73),
(5028, 176, 74),
(5029, 176, 75),
(5030, 176, 76),
(5031, 176, 77),
(5032, 176, 78),
(5033, 176, 79),
(5034, 176, 80),
(5035, 176, 81),
(5036, 177, 1),
(5037, 177, 60),
(5038, 177, 61),
(5039, 177, 62),
(5040, 177, 63),
(5041, 177, 64),
(5042, 177, 65),
(5043, 177, 66),
(5044, 177, 67),
(5045, 177, 68),
(5046, 177, 69),
(5047, 177, 70),
(5048, 177, 71),
(5049, 177, 72),
(5050, 177, 73),
(5051, 177, 74),
(5052, 177, 75),
(5053, 177, 76),
(5054, 177, 77),
(5055, 177, 78),
(5056, 177, 79),
(5057, 177, 80),
(5058, 177, 81);

--
-- Indexes for dumped tables
--

--
-- Indexes for table `account_customuser`
--
ALTER TABLE `account_customuser`
  ADD PRIMARY KEY (`id`),
  ADD UNIQUE KEY `email` (`email`),
  ADD UNIQUE KEY `account_customuser_username_724ae020_uniq` (`username`),
  ADD KEY `account_customuser_client_category_id_1d0ed652_fk_managemen` (`client_category_id`),
  ADD KEY `account_customuser_approved_by_id_b559a2b9` (`approved_by_id`);

--
-- Indexes for table `account_customuser_groups`
--
ALTER TABLE `account_customuser_groups`
  ADD PRIMARY KEY (`id`),
  ADD UNIQUE KEY `account_customuser_groups_customuser_id_group_id_7e51db7b_uniq` (`customuser_id`,`group_id`),
  ADD KEY `account_customuser_groups_group_id_2be9f6d7_fk_auth_group_id` (`group_id`);

--
-- Indexes for table `account_customuser_user_permissions`
--
ALTER TABLE `account_customuser_user_permissions`
  ADD PRIMARY KEY (`id`),
  ADD UNIQUE KEY `account_customuser_user__customuser_id_permission_650e378f_uniq` (`customuser_id`,`permission_id`),
  ADD KEY `account_customuser_u_permission_id_f4aec423_fk_auth_perm` (`permission_id`);

--
-- Indexes for table `auth_group`
--
ALTER TABLE `auth_group`
  ADD PRIMARY KEY (`id`),
  ADD UNIQUE KEY `name` (`name`);

--
-- Indexes for table `auth_group_permissions`
--
ALTER TABLE `auth_group_permissions`
  ADD PRIMARY KEY (`id`),
  ADD UNIQUE KEY `auth_group_permissions_group_id_permission_id_0cd325b0_uniq` (`group_id`,`permission_id`),
  ADD KEY `auth_group_permissio_permission_id_84c5c92e_fk_auth_perm` (`permission_id`);

--
-- Indexes for table `auth_permission`
--
ALTER TABLE `auth_permission`
  ADD PRIMARY KEY (`id`),
  ADD UNIQUE KEY `auth_permission_content_type_id_codename_01ab375a_uniq` (`content_type_id`,`codename`);

--
-- Indexes for table `django_admin_log`
--
ALTER TABLE `django_admin_log`
  ADD PRIMARY KEY (`id`),
  ADD KEY `django_admin_log_content_type_id_c4bce8eb_fk_django_co` (`content_type_id`),
  ADD KEY `django_admin_log_user_id_c564eba6_fk_account_customuser_id` (`user_id`);

--
-- Indexes for table `django_content_type`
--
ALTER TABLE `django_content_type`
  ADD PRIMARY KEY (`id`),
  ADD UNIQUE KEY `django_content_type_app_label_model_76bd3d3b_uniq` (`app_label`,`model`);

--
-- Indexes for table `django_migrations`
--
ALTER TABLE `django_migrations`
  ADD PRIMARY KEY (`id`);

--
-- Indexes for table `django_session`
--
ALTER TABLE `django_session`
  ADD PRIMARY KEY (`session_key`),
  ADD KEY `django_session_expire_date_a5c62663` (`expire_date`);

--
-- Indexes for table `management_clientcategory`
--
ALTER TABLE `management_clientcategory`
  ADD PRIMARY KEY (`id`),
  ADD UNIQUE KEY `name` (`name`);

--
-- Indexes for table `management_commodity`
--
ALTER TABLE `management_commodity`
  ADD PRIMARY KEY (`id`),
  ADD UNIQUE KEY `name` (`name`),
  ADD KEY `management_commodity_category_id_d54203f2_fk_managemen` (`category_id`);

--
-- Indexes for table `management_commoditycategory`
--
ALTER TABLE `management_commoditycategory`
  ADD PRIMARY KEY (`id`),
  ADD UNIQUE KEY `name` (`name`);

--
-- Indexes for table `management_payment`
--
ALTER TABLE `management_payment`
  ADD PRIMARY KEY (`id`),
  ADD UNIQUE KEY `sample_form_id` (`sample_form_id`);

--
-- Indexes for table `management_sampleform`
--
ALTER TABLE `management_sampleform`
  ADD PRIMARY KEY (`id`),
  ADD KEY `management_samplefor_supervisor_user_id_28b91a5b_fk_account_c` (`supervisor_user_id`),
  ADD KEY `management_samplefor_commodity_id_id_3ba72bdb_fk_managemen` (`commodity_id`),
  ADD KEY `management_samplefor_approved_by_id_c50ca544_fk_account_c` (`approved_by_id`),
  ADD KEY `management_samplefor_verified_by_id_e1e26189_fk_account_c` (`verified_by_id`);

--
-- Indexes for table `management_sampleformhasparameter`
--
ALTER TABLE `management_sampleformhasparameter`
  ADD PRIMARY KEY (`id`),
  ADD KEY `management_samplefor_commodity_id_e9f2a1f0_fk_managemen` (`commodity_id`),
  ADD KEY `management_samplefor_sample_form_id_77482bab_fk_managemen` (`sample_form_id`),
  ADD KEY `management_sampleformhasparameter_analyst_user_id_b3876298` (`analyst_user_id`);

--
-- Indexes for table `management_sampleformhasparameter_parameter`
--
ALTER TABLE `management_sampleformhasparameter_parameter`
  ADD PRIMARY KEY (`id`),
  ADD UNIQUE KEY `management_sampleformhas_sampleformhasparameter_i_5e4387c0_uniq` (`sampleformhasparameter_id`,`testresult_id`),
  ADD KEY `management_samplefor_testresult_id_2d39a352_fk_managemen` (`testresult_id`);

--
-- Indexes for table `management_sampleformparameterformulacalculate`
--
ALTER TABLE `management_sampleformparameterformulacalculate`
  ADD PRIMARY KEY (`id`),
  ADD KEY `management_samplefor_commodity_id_50538d0b_fk_managemen` (`commodity_id`),
  ADD KEY `management_samplefor_sample_form_id_faa9f6c8_fk_managemen` (`sample_form_id`),
  ADD KEY `management_sampleformparame_parameter_id_1c937562` (`parameter_id`);

--
-- Indexes for table `management_sampleformverifier`
--
ALTER TABLE `management_sampleformverifier`
  ADD PRIMARY KEY (`id`),
  ADD UNIQUE KEY `management_sampleformverifier_sample_form_id_1659cc2f_uniq` (`sample_form_id`);

--
-- Indexes for table `management_sampleform_parameters`
--
ALTER TABLE `management_sampleform_parameters`
  ADD PRIMARY KEY (`id`),
  ADD UNIQUE KEY `management_sampleform_pa_sampleform_id_testresult_fa6e1b22_uniq` (`sampleform_id`,`testresult_id`),
  ADD KEY `management_samplefor_testresult_id_3dd0e9f4_fk_managemen` (`testresult_id`);

--
-- Indexes for table `management_testresult`
--
ALTER TABLE `management_testresult`
  ADD PRIMARY KEY (`id`),
  ADD KEY `management_testresul_commodity_id_34904075_fk_managemen` (`commodity_id`);

--
-- Indexes for table `websocket_notification`
--
ALTER TABLE `websocket_notification`
  ADD PRIMARY KEY (`id`);

--
-- Indexes for table `websocket_notification_to_notification`
--
ALTER TABLE `websocket_notification_to_notification`
  ADD PRIMARY KEY (`id`),
  ADD UNIQUE KEY `websocket_notification_t_notification_id_customus_ec0b8448_uniq` (`notification_id`,`customuser_id`),
  ADD KEY `websocket_notificati_customuser_id_caaf6c8f_fk_account_c` (`customuser_id`);

--
-- AUTO_INCREMENT for dumped tables
--

--
-- AUTO_INCREMENT for table `account_customuser`
--
ALTER TABLE `account_customuser`
  MODIFY `id` bigint(20) NOT NULL AUTO_INCREMENT, AUTO_INCREMENT=82;

--
-- AUTO_INCREMENT for table `account_customuser_groups`
--
ALTER TABLE `account_customuser_groups`
  MODIFY `id` bigint(20) NOT NULL AUTO_INCREMENT;

--
-- AUTO_INCREMENT for table `account_customuser_user_permissions`
--
ALTER TABLE `account_customuser_user_permissions`
  MODIFY `id` bigint(20) NOT NULL AUTO_INCREMENT;

--
-- AUTO_INCREMENT for table `auth_group`
--
ALTER TABLE `auth_group`
  MODIFY `id` int(11) NOT NULL AUTO_INCREMENT, AUTO_INCREMENT=7;

--
-- AUTO_INCREMENT for table `auth_group_permissions`
--
ALTER TABLE `auth_group_permissions`
  MODIFY `id` bigint(20) NOT NULL AUTO_INCREMENT, AUTO_INCREMENT=2;

--
-- AUTO_INCREMENT for table `auth_permission`
--
ALTER TABLE `auth_permission`
  MODIFY `id` int(11) NOT NULL AUTO_INCREMENT, AUTO_INCREMENT=65;

--
-- AUTO_INCREMENT for table `django_admin_log`
--
ALTER TABLE `django_admin_log`
  MODIFY `id` int(11) NOT NULL AUTO_INCREMENT;

--
-- AUTO_INCREMENT for table `django_content_type`
--
ALTER TABLE `django_content_type`
  MODIFY `id` int(11) NOT NULL AUTO_INCREMENT, AUTO_INCREMENT=17;

--
-- AUTO_INCREMENT for table `django_migrations`
--
ALTER TABLE `django_migrations`
  MODIFY `id` bigint(20) NOT NULL AUTO_INCREMENT, AUTO_INCREMENT=118;

--
-- AUTO_INCREMENT for table `management_clientcategory`
--
ALTER TABLE `management_clientcategory`
  MODIFY `id` bigint(20) NOT NULL AUTO_INCREMENT, AUTO_INCREMENT=9;

--
-- AUTO_INCREMENT for table `management_commodity`
--
ALTER TABLE `management_commodity`
  MODIFY `id` bigint(20) NOT NULL AUTO_INCREMENT, AUTO_INCREMENT=20;

--
-- AUTO_INCREMENT for table `management_commoditycategory`
--
ALTER TABLE `management_commoditycategory`
  MODIFY `id` bigint(20) NOT NULL AUTO_INCREMENT, AUTO_INCREMENT=150;

--
-- AUTO_INCREMENT for table `management_payment`
--
ALTER TABLE `management_payment`
  MODIFY `id` bigint(20) NOT NULL AUTO_INCREMENT, AUTO_INCREMENT=37;

--
-- AUTO_INCREMENT for table `management_sampleform`
--
ALTER TABLE `management_sampleform`
  MODIFY `id` bigint(20) NOT NULL AUTO_INCREMENT, AUTO_INCREMENT=152;

--
-- AUTO_INCREMENT for table `management_sampleformhasparameter`
--
ALTER TABLE `management_sampleformhasparameter`
  MODIFY `id` bigint(20) NOT NULL AUTO_INCREMENT, AUTO_INCREMENT=200;

--
-- AUTO_INCREMENT for table `management_sampleformhasparameter_parameter`
--
ALTER TABLE `management_sampleformhasparameter_parameter`
  MODIFY `id` bigint(20) NOT NULL AUTO_INCREMENT, AUTO_INCREMENT=561;

--
-- AUTO_INCREMENT for table `management_sampleformparameterformulacalculate`
--
ALTER TABLE `management_sampleformparameterformulacalculate`
  MODIFY `id` bigint(20) NOT NULL AUTO_INCREMENT, AUTO_INCREMENT=469;

--
-- AUTO_INCREMENT for table `management_sampleformverifier`
--
ALTER TABLE `management_sampleformverifier`
  MODIFY `id` bigint(20) NOT NULL AUTO_INCREMENT, AUTO_INCREMENT=93;

--
-- AUTO_INCREMENT for table `management_sampleform_parameters`
--
ALTER TABLE `management_sampleform_parameters`
  MODIFY `id` bigint(20) NOT NULL AUTO_INCREMENT, AUTO_INCREMENT=811;

--
-- AUTO_INCREMENT for table `management_testresult`
--
ALTER TABLE `management_testresult`
  MODIFY `id` bigint(20) NOT NULL AUTO_INCREMENT, AUTO_INCREMENT=130;

--
-- AUTO_INCREMENT for table `websocket_notification`
--
ALTER TABLE `websocket_notification`
  MODIFY `id` bigint(20) NOT NULL AUTO_INCREMENT, AUTO_INCREMENT=178;

--
-- AUTO_INCREMENT for table `websocket_notification_to_notification`
--
ALTER TABLE `websocket_notification_to_notification`
  MODIFY `id` bigint(20) NOT NULL AUTO_INCREMENT, AUTO_INCREMENT=5059;

--
-- Constraints for dumped tables
--

--
-- Constraints for table `account_customuser`
--
ALTER TABLE `account_customuser`
  ADD CONSTRAINT `account_customuser_approved_by_id_b559a2b9_fk_account_c` FOREIGN KEY (`approved_by_id`) REFERENCES `account_customuser` (`id`),
  ADD CONSTRAINT `account_customuser_client_category_id_1d0ed652_fk_managemen` FOREIGN KEY (`client_category_id`) REFERENCES `management_clientcategory` (`id`);

--
-- Constraints for table `account_customuser_groups`
--
ALTER TABLE `account_customuser_groups`
  ADD CONSTRAINT `account_customuser_g_customuser_id_b6c60904_fk_account_c` FOREIGN KEY (`customuser_id`) REFERENCES `account_customuser` (`id`),
  ADD CONSTRAINT `account_customuser_groups_group_id_2be9f6d7_fk_auth_group_id` FOREIGN KEY (`group_id`) REFERENCES `auth_group` (`id`);

--
-- Constraints for table `account_customuser_user_permissions`
--
ALTER TABLE `account_customuser_user_permissions`
  ADD CONSTRAINT `account_customuser_u_customuser_id_03bcc114_fk_account_c` FOREIGN KEY (`customuser_id`) REFERENCES `account_customuser` (`id`),
  ADD CONSTRAINT `account_customuser_u_permission_id_f4aec423_fk_auth_perm` FOREIGN KEY (`permission_id`) REFERENCES `auth_permission` (`id`);

--
-- Constraints for table `auth_group_permissions`
--
ALTER TABLE `auth_group_permissions`
  ADD CONSTRAINT `auth_group_permissio_permission_id_84c5c92e_fk_auth_perm` FOREIGN KEY (`permission_id`) REFERENCES `auth_permission` (`id`),
  ADD CONSTRAINT `auth_group_permissions_group_id_b120cbf9_fk_auth_group_id` FOREIGN KEY (`group_id`) REFERENCES `auth_group` (`id`);

--
-- Constraints for table `auth_permission`
--
ALTER TABLE `auth_permission`
  ADD CONSTRAINT `auth_permission_content_type_id_2f476e4b_fk_django_co` FOREIGN KEY (`content_type_id`) REFERENCES `django_content_type` (`id`);

--
-- Constraints for table `django_admin_log`
--
ALTER TABLE `django_admin_log`
  ADD CONSTRAINT `django_admin_log_content_type_id_c4bce8eb_fk_django_co` FOREIGN KEY (`content_type_id`) REFERENCES `django_content_type` (`id`),
  ADD CONSTRAINT `django_admin_log_user_id_c564eba6_fk_account_customuser_id` FOREIGN KEY (`user_id`) REFERENCES `account_customuser` (`id`);

--
-- Constraints for table `management_commodity`
--
ALTER TABLE `management_commodity`
  ADD CONSTRAINT `management_commodity_category_id_d54203f2_fk_managemen` FOREIGN KEY (`category_id`) REFERENCES `management_commoditycategory` (`id`);

--
-- Constraints for table `management_payment`
--
ALTER TABLE `management_payment`
  ADD CONSTRAINT `management_payment_sample_form_id_16d71eb9_fk_managemen` FOREIGN KEY (`sample_form_id`) REFERENCES `management_sampleform` (`id`);

--
-- Constraints for table `management_sampleform`
--
ALTER TABLE `management_sampleform`
  ADD CONSTRAINT `management_samplefor_approved_by_id_c50ca544_fk_account_c` FOREIGN KEY (`approved_by_id`) REFERENCES `account_customuser` (`id`),
  ADD CONSTRAINT `management_samplefor_commodity_id_b75d7de2_fk_managemen` FOREIGN KEY (`commodity_id`) REFERENCES `management_commodity` (`id`),
  ADD CONSTRAINT `management_samplefor_supervisor_user_id_28b91a5b_fk_account_c` FOREIGN KEY (`supervisor_user_id`) REFERENCES `account_customuser` (`id`),
  ADD CONSTRAINT `management_samplefor_verified_by_id_e1e26189_fk_account_c` FOREIGN KEY (`verified_by_id`) REFERENCES `account_customuser` (`id`);

--
-- Constraints for table `management_sampleformhasparameter`
--
ALTER TABLE `management_sampleformhasparameter`
  ADD CONSTRAINT `management_samplefor_analyst_user_id_b3876298_fk_account_c` FOREIGN KEY (`analyst_user_id`) REFERENCES `account_customuser` (`id`),
  ADD CONSTRAINT `management_samplefor_commodity_id_e9f2a1f0_fk_managemen` FOREIGN KEY (`commodity_id`) REFERENCES `management_commodity` (`id`),
  ADD CONSTRAINT `management_samplefor_sample_form_id_77482bab_fk_managemen` FOREIGN KEY (`sample_form_id`) REFERENCES `management_sampleform` (`id`);

--
-- Constraints for table `management_sampleformhasparameter_parameter`
--
ALTER TABLE `management_sampleformhasparameter_parameter`
  ADD CONSTRAINT `management_samplefor_sampleformhasparamet_ef1aed87_fk_managemen` FOREIGN KEY (`sampleformhasparameter_id`) REFERENCES `management_sampleformhasparameter` (`id`),
  ADD CONSTRAINT `management_samplefor_testresult_id_2d39a352_fk_managemen` FOREIGN KEY (`testresult_id`) REFERENCES `management_testresult` (`id`);

--
-- Constraints for table `management_sampleformparameterformulacalculate`
--
ALTER TABLE `management_sampleformparameterformulacalculate`
  ADD CONSTRAINT `management_samplefor_commodity_id_50538d0b_fk_managemen` FOREIGN KEY (`commodity_id`) REFERENCES `management_commodity` (`id`),
  ADD CONSTRAINT `management_samplefor_parameter_id_1c937562_fk_managemen` FOREIGN KEY (`parameter_id`) REFERENCES `management_testresult` (`id`),
  ADD CONSTRAINT `management_samplefor_sample_form_id_faa9f6c8_fk_managemen` FOREIGN KEY (`sample_form_id`) REFERENCES `management_sampleform` (`id`);

--
-- Constraints for table `management_sampleformverifier`
--
ALTER TABLE `management_sampleformverifier`
  ADD CONSTRAINT `management_samplefor_sample_form_id_1659cc2f_fk_managemen` FOREIGN KEY (`sample_form_id`) REFERENCES `management_sampleform` (`id`);

--
-- Constraints for table `management_sampleform_parameters`
--
ALTER TABLE `management_sampleform_parameters`
  ADD CONSTRAINT `management_samplefor_sampleform_id_0244dd7d_fk_managemen` FOREIGN KEY (`sampleform_id`) REFERENCES `management_sampleform` (`id`),
  ADD CONSTRAINT `management_samplefor_testresult_id_3dd0e9f4_fk_managemen` FOREIGN KEY (`testresult_id`) REFERENCES `management_testresult` (`id`);

--
-- Constraints for table `management_testresult`
--
ALTER TABLE `management_testresult`
  ADD CONSTRAINT `management_testresul_commodity_id_34904075_fk_managemen` FOREIGN KEY (`commodity_id`) REFERENCES `management_commodity` (`id`);

--
-- Constraints for table `websocket_notification_to_notification`
--
ALTER TABLE `websocket_notification_to_notification`
  ADD CONSTRAINT `websocket_notificati_customuser_id_caaf6c8f_fk_account_c` FOREIGN KEY (`customuser_id`) REFERENCES `account_customuser` (`id`),
  ADD CONSTRAINT `websocket_notificati_notification_id_65884e2f_fk_websocket` FOREIGN KEY (`notification_id`) REFERENCES `websocket_notification` (`id`);
COMMIT;

/*!40101 SET CHARACTER_SET_CLIENT=@OLD_CHARACTER_SET_CLIENT */;
/*!40101 SET CHARACTER_SET_RESULTS=@OLD_CHARACTER_SET_RESULTS */;
/*!40101 SET COLLATION_CONNECTION=@OLD_COLLATION_CONNECTION */;
