-- phpMyAdmin SQL Dump
-- version 4.9.11
-- https://www.phpmyadmin.net/
--
-- Host: localhost:3306
-- Generation Time: Jun 13, 2023 at 04:07 PM
-- Server version: 10.5.20-MariaDB-cll-lve
-- PHP Version: 7.4.33

SET SQL_MODE = "NO_AUTO_VALUE_ON_ZERO";
SET AUTOCOMMIT = 0;
START TRANSACTION;
SET time_zone = "+00:00";


/*!40101 SET @OLD_CHARACTER_SET_CLIENT=@@CHARACTER_SET_CLIENT */;
/*!40101 SET @OLD_CHARACTER_SET_RESULTS=@@CHARACTER_SET_RESULTS */;
/*!40101 SET @OLD_COLLATION_CONNECTION=@@COLLATION_CONNECTION */;
/*!40101 SET NAMES utf8mb4 */;

--
-- Database: `kantggjb_lims`
--

-- --------------------------------------------------------

--
-- Table structure for table `account_customuser`
--

CREATE TABLE `account_customuser` (
  `id` bigint(20) NOT NULL,
  `password` varchar(128) NOT NULL,
  `last_login` datetime(6) DEFAULT NULL,
  `is_superuser` tinyint(1) NOT NULL,
  `first_name` varchar(150) NOT NULL,
  `last_name` varchar(150) NOT NULL,
  `is_staff` tinyint(1) NOT NULL,
  `is_active` tinyint(1) NOT NULL,
  `date_joined` datetime(6) NOT NULL,
  `phone` varchar(15) DEFAULT NULL,
  `email` varchar(255) NOT NULL,
  `username` varchar(255) NOT NULL,
  `registration_document` varchar(100) DEFAULT NULL,
  `is_verified` int(11) NOT NULL,
  `role` smallint(5) UNSIGNED DEFAULT NULL CHECK (`role` >= 0),
  `client_category_id` bigint(20) DEFAULT NULL,
  `department_address` varchar(255) DEFAULT NULL,
  `department_name` varchar(255) DEFAULT NULL,
  `registration_number` varchar(255) DEFAULT NULL,
  `renew_document` varchar(100) DEFAULT NULL,
  `created_by` int(11) DEFAULT NULL,
  `remarks` varchar(200) DEFAULT NULL,
  `approved_by_id` bigint(20) DEFAULT NULL,
  `approved_date` date DEFAULT NULL,
  `created_date` datetime(6) NOT NULL,
  `updated_date` datetime(6) NOT NULL
) ENGINE=InnoDB DEFAULT CHARSET=utf8mb4 COLLATE=utf8mb4_general_ci;

--
-- Dumping data for table `account_customuser`
--

INSERT INTO `account_customuser` (`id`, `password`, `last_login`, `is_superuser`, `first_name`, `last_name`, `is_staff`, `is_active`, `date_joined`, `phone`, `email`, `username`, `registration_document`, `is_verified`, `role`, `client_category_id`, `department_address`, `department_name`, `registration_number`, `renew_document`, `created_by`, `remarks`, `approved_by_id`, `approved_date`, `created_date`, `updated_date`) VALUES
(1, 'pbkdf2_sha256$390000$bGlSmlTu2EeNdN2tOlTW0e$yoEnQqHTg6KfoNXLKBT1RpGOEyG8ku81ZvdHEs8c93E=', '2023-06-13 18:55:51.977369', 0, 'Admin', 'Admin', 0, 1, '2023-05-15 06:33:02.961646', '9818780677', 'admin@gmail.com', 'admin', 'media/user/registration/da.png', 1, 1, 1, 'Test', 'Test', '456789', 'media/user/renew_doument/da.png', NULL, NULL, NULL, NULL, '2023-06-13 08:01:11.977882', '2023-06-13 08:01:12.022299'),
(2, 'pbkdf2_sha256$390000$SJUujXnqhcbnqdLNNZqju1$1Xd4v42OxvwG7/OSLuAIKsgoh8+JCWyDKiIvqyLMO74=', '2023-06-13 19:00:16.642779', 0, 'Supervisor', 'Supervisor', 0, 1, '2023-05-15 06:42:17.922386', '9818780677', 'supervisor@gmail.com', 'supervisor', '', 1, 3, NULL, NULL, NULL, NULL, '', NULL, NULL, NULL, NULL, '2023-06-13 08:01:11.977882', '2023-06-13 08:01:12.022299'),
(3, 'pbkdf2_sha256$390000$H9IpglQ5AHAyVIIcVPNpiL$XLOTRNNELStKMblGD+kHILDZ5V+SXxJR6nlqIpLTygU=', NULL, 0, 'Smu', 'Officer', 0, 1, '2023-05-15 06:42:51.053508', '9818780677', 'sum@gmail.com', 'smu1', '', 1, 2, NULL, NULL, NULL, NULL, '', NULL, NULL, NULL, NULL, '2023-06-13 08:01:11.977882', '2023-06-13 08:01:12.022299'),
(4, 'pbkdf2_sha256$390000$VcuymPD4tCT8QzThah6wll$6tWRRI9mBH9mfQsLWm06PhcBpMlLyZaBnHqbQsFtNkE=', '2023-06-13 19:53:43.202427', 0, 'Analyst', 'Analyst', 0, 1, '2023-05-15 06:43:32.814565', '9818780677', 'analyst@gmail.com', 'analyst', '', 1, 4, 1, 'null', 'null', 'null', '', NULL, NULL, NULL, NULL, '2023-06-13 08:01:11.977882', '2023-06-13 08:01:12.022299'),
(5, 'pbkdf2_sha256$390000$Zsk6iwikMIpENRqZkVQQ6I$ZdQ4yKR6H/qKwJ7FptLwkJS2kKqEuRAIJyOYCCq9pg0=', '2023-05-24 10:16:32.728204', 0, 'Umesh', 'Thapa', 0, 1, '2023-05-15 06:44:26.742562', '9818780677', 'umeshthapa539@gmail.com', 'ewumesh', '', 1, 5, 1, NULL, NULL, NULL, '', NULL, NULL, NULL, NULL, '2023-06-13 08:01:11.977882', '2023-06-13 08:01:12.022299'),
(6, 'pbkdf2_sha256$390000$zLsAZbVo17pRabmX5f3S2N$BhK76D55TO49O3O0evG2k72giiQLdKcHUouQ6YOLqwQ=', '2023-06-13 11:57:24.415065', 0, 'Umesh', 'Thapa', 0, 1, '2023-05-18 11:01:52.851691', '9818780677', 'user@gmail.com', 'user', 'media/user/registration/Screenshot_2023-05-22_133739.png', 1, 5, 1, 'test', 'test', '123453453', 'media/user/renew_doument/Screenshot_2023-04-29_091959.png', NULL, NULL, NULL, NULL, '2023-06-13 08:01:11.977882', '2023-06-13 08:01:12.022299'),
(7, 'pbkdf2_sha256$390000$OlscWMO1QXHFu9q1A3L5lU$DuO83ngM0wHrhICEPJkDg144gJMCCbDujR84AkoNKYg=', '2023-06-13 12:29:52.505479', 0, 'Umesh', 'Thapa', 0, 1, '2023-05-18 11:03:03.171818', '9818780677', 'smu@gmail.com', 'smu', '', 1, 2, NULL, NULL, NULL, NULL, '', NULL, NULL, NULL, NULL, '2023-06-13 08:01:11.977882', '2023-06-13 08:01:12.022299'),
(8, 'pbkdf2_sha256$390000$KHL20I5AFzwsIldFikG2YT$yFFlQmHytZY3AdoGpTB0tkZYntQtCzrBH0C949xyxLo=', '2023-06-09 11:18:40.089692', 0, 'Test User', 'asdasd', 0, 1, '2023-05-22 05:56:03.598056', '9818780677', 'asd@gmail.com', 'test', '', 1, 5, 1, NULL, NULL, NULL, '', NULL, NULL, NULL, NULL, '2023-06-13 08:01:11.977882', '2023-06-13 08:01:12.022299'),
(9, 'pbkdf2_sha256$390000$yWyK6gnRqmEokDWaoRDDiO$OaUXxsAKIM4gfOWcOskmGklqgsAVnNPDb/O+G0nGtWc=', NULL, 0, 'Umesh', 'Thapa', 0, 1, '2023-05-22 07:08:54.930387', '98765456789', 'umesh@gmail.com', 'umesh', 'media/user/registration/Screenshot_2023-05-22_115901.png', 1, 5, 1, NULL, NULL, NULL, '', NULL, NULL, NULL, NULL, '2023-06-13 08:01:11.977882', '2023-06-13 08:01:12.022299'),
(13, 'pbkdf2_sha256$390000$tYzNGiFUwJgTOUTD3zeXFz$MdQpMFk6jorZ3WGWwm9Xl0iA8aQpfmglevfhb0pjgN0=', '2023-06-01 05:47:59.713832', 0, 'test user subarna', 'Sharma', 0, 1, '2023-05-22 11:13:50.410263', '9844740360', 'sagarsharma48647@gmail.com', 'testuser', '', 1, 5, 1, NULL, NULL, NULL, '', NULL, NULL, NULL, NULL, '2023-06-13 08:01:11.977882', '2023-06-13 08:01:12.022299'),
(14, 'pbkdf2_sha256$390000$CC4BXvQLegFctKVUKBm660$ryVjU1P5m0Ve5eeg13KfT3gnlVmlabVCTMFWSGN+asg=', '2023-05-24 07:35:22.480811', 0, 'Umesh', 'Thapa', 0, 1, '2023-05-22 11:33:02.549824', '9876543456', 'yy@gmail.com', 'yy', 'media/user/registration/Screenshot_2023-05-22_115901_mXcoEpJ.png', 1, 5, 1, 'wdf', 'sdf', '234567', 'media/user/renew_doument/Screenshot_2023-05-22_115901.png', NULL, NULL, NULL, NULL, '2023-06-13 08:01:11.977882', '2023-06-13 08:01:12.022299'),
(15, 'pbkdf2_sha256$390000$smpJUDYQiOUNCxmXpsxDjF$A+MCVA7d1RIuLscOb7lk+kY2p4RS4RC7Y0WZefE59F4=', '2023-06-13 11:53:29.964413', 0, 'Umesh', 'Thapa', 0, 1, '2023-05-25 12:07:48.630193', '8723564879', 'uu@gmail.com', 'analyst1', '', 1, 4, 1, 'null', 'null', 'null', '', NULL, NULL, NULL, NULL, '2023-06-13 08:01:11.977882', '2023-06-13 08:01:12.022299'),
(16, 'pbkdf2_sha256$390000$OV0WKvibtTr16mBFpywghx$T9H2h46zVyaHqEZJA7zAbxTBO+J7DdKCVyfSpqTQLWA=', '2023-05-29 09:57:53.797653', 0, 'Aayusha', 'Ghimire', 0, 1, '2023-05-28 10:38:52.665872', '9867178418', 'aayushaghimire56@gmail.com', 'aayusha', 'media/user/registration/IMG_3834_2.JPG', 1, 5, 1, 'Triveni, nawalparasi', 'sustamasala', '2', 'media/user/renew_doument/IMG_3832.JPG', NULL, NULL, NULL, NULL, '2023-06-13 08:01:11.977882', '2023-06-13 08:01:12.022299'),
(17, 'pbkdf2_sha256$390000$grsMDJ87v7yjt7w5vFiSmt$YWmfG3fjew+SmA4REWaGJ1js2Shv5T9F2kufJLyTuR4=', '2023-06-13 12:14:25.956087', 0, 'verifier', 'verifier', 0, 1, '2023-05-29 06:27:34.821631', '9818787977', 'verifier@gmail.com', 'verifier', '', 1, 6, 1, 'null', 'null', 'null', '', NULL, NULL, NULL, NULL, '2023-06-13 08:01:11.977882', '2023-06-13 08:01:12.022299'),
(18, 'pbkdf2_sha256$390000$T3h3UEUwwmiEkzNGDalTsJ$2YVDWAv9AFLz3ERBN5klwks8rrzyvan+67u9aDB4Ni0=', '2023-06-12 10:00:25.815813', 0, 'Manish', 'Basnet', 0, 1, '2023-05-29 10:31:52.414397', '9876543245', 'manish@gmail.com', 'manish', '', 1, 4, 1, 'null', 'null', 'null', '', NULL, NULL, NULL, NULL, '2023-06-13 08:01:11.977882', '2023-06-13 08:01:12.022299'),
(19, 'pbkdf2_sha256$390000$SnBkuK7OEZn8IdPJuR1JG3$Ynz0YzfOIwzEQ1nI3L7tZS1VQigE+A9469TcQjJvAQE=', '2023-06-13 09:59:55.693488', 0, 'Manoj', 'Das', 0, 1, '2023-05-29 10:32:43.769313', '456789765', 'manoj@gmail.com', 'manoj', '', 1, 4, 1, 'null', 'null', 'null', '', NULL, NULL, NULL, NULL, '2023-06-13 08:01:11.977882', '2023-06-13 08:01:12.022299'),
(20, 'pbkdf2_sha256$390000$TZQGhUdQidYdHeVzsmrEuH$UdqU7z6CR7qKmPiE5526HQ9CxHcIUY8CJzyjsM1oeKA=', '2023-05-29 11:02:53.542365', 0, 'Subarna', 'Bhandari', 0, 1, '2023-05-29 10:59:44.388508', '9844740360', 'subarnabhd@gmail.com', 'subarnabhd1', 'media/user/registration/Screenshot_2023-04-29_094246.png', 1, 5, 1, 'Baneshwor', 'Abc Depart', '132434234-352', 'media/user/renew_doument/Screenshot_2023-04-30_074135.png', NULL, NULL, NULL, NULL, '2023-06-13 08:01:11.977882', '2023-06-13 08:01:12.022299'),
(21, 'pbkdf2_sha256$390000$hKOWE3eu9HX8NB6ggD8KE5$wc5oQBwbh1i1sFkOokUcXM7Q8H8ypN9wruTS+9i5p7U=', '2023-05-30 06:33:36.236330', 0, 'Ramesh', 'Regmi', 0, 1, '2023-05-30 06:32:35.606193', '4356789987', 'r@gmail.com', 'r', '', 1, 3, NULL, 'null', 'null', NULL, '', NULL, NULL, NULL, NULL, '2023-06-13 08:01:11.977882', '2023-06-13 08:01:12.022299'),
(22, 'pbkdf2_sha256$390000$ZQF8b24rJWYmyNNEDHlbz3$wT7Pf3qa5njh1ckOpRt3I6hCNHG68chTViLIFmtC5PM=', '2023-06-04 09:06:50.054121', 0, 'KP', 'OLI', 0, 1, '2023-06-04 08:03:09.444549', '1234567898', 'kpoli@gmail.com', 'kpoli', 'media/user/registration/Screenshot_2023-06-03_104604.png', 1, 5, 1, 'JHAPA', 'OLI', '4356789', 'media/user/renew_doument/Screenshot_2023-06-04_090154.png', NULL, NULL, NULL, NULL, '2023-06-13 08:01:11.977882', '2023-06-13 08:01:12.022299'),
(23, 'pbkdf2_sha256$390000$yavm7gbHNZMBWEiQ2SXVsJ$TIILaCXRfhzllTYtsb6SyFfPG/n8bRQX574r5QBJTbw=', '2023-06-06 07:09:09.230796', 0, 'Subarna', 'Bhandari', 0, 1, '2023-06-06 06:43:03.955919', '9867390245', 'subarnab@gmail.com', 'subarnabhd', '', 1, 3, 1, 'null', 'null', 'null', '', NULL, NULL, NULL, NULL, '2023-06-13 08:01:11.977882', '2023-06-13 08:01:12.022299'),
(24, 'pbkdf2_sha256$390000$pNA2ShNBWdFL3oX6lb6caq$VNOqKpLn51hwz7IhVBYkUUHFEW4WKx77gK+iXlnqzNM=', '2023-06-06 08:50:27.377209', 0, 'Subarna', 'Bhandari', 0, 1, '2023-06-06 06:57:36.240731', '9867390245', 'subarnabhd@gmail.comm', 'asubarna', '', 1, 4, 1, 'null', 'null', NULL, '', NULL, 'hgfd', NULL, '2023-06-13', '2023-06-13 08:01:11.977882', '2023-06-13 08:01:12.022299'),
(25, 'pbkdf2_sha256$390000$7GWoGJdswqVhEHpVWq7vwT$V3hk/cYrRMdK864qlfxPn7jVN9H0nzYRcDmVTs65JgE=', '2023-06-13 12:19:30.058991', 0, 'Pradeep', 'Marasini', 0, 1, '2023-06-06 08:17:48.060350', '9869469665', 'pradeepmarasini2000@gmail.com', 'pradeep', '', 1, 4, 1, 'null', 'null', NULL, '', NULL, 'hgfds', 1, '2023-06-13', '2023-06-13 08:01:11.977882', '2023-06-13 08:01:12.022299'),
(26, 'pbkdf2_sha256$390000$XJ9WNaTldgfQYL2EMEqgti$2p89SI5W0j2v+VqoR+iooDnzEj/Vj5eSwv7PJ8MzmBY=', '2023-06-13 11:41:44.996117', 0, 'ram', 'sharrma', 0, 1, '2023-06-06 08:18:24.452421', '9802340360', 'ramsharma@gmail.com', 'ram', 'media/user/registration/box_copy.png', 1, 5, 1, 'Shankamul', 'ABC Depart', '123456-78', 'media/user/renew_doument/parcel.png', NULL, NULL, NULL, NULL, '2023-06-13 08:01:11.977882', '2023-06-13 08:01:12.022299'),
(27, 'pbkdf2_sha256$390000$BAGnAuDVLow7Q5Dh0oMY6A$XVZQVcqOZ4EbjxAMbdsvYhbe+RMbw3xcD15A12DB49A=', '2023-06-12 09:49:45.758014', 0, 'Manish', 'Banset', 0, 1, '2023-06-06 08:31:35.991395', '123456789', 'manish123@gmail.com', 'manish123', '', 1, 3, 1, 'null', 'null', NULL, '', NULL, 'Verified', NULL, NULL, '2023-06-13 08:01:11.977882', '2023-06-13 08:01:12.022299'),
(28, 'pbkdf2_sha256$390000$BgHGpsSmNQz2buLv8X7LdN$21tX48VhlgsjH7PPHfgIiByi04bbWh3V3kqvSoEOswA=', '2023-06-13 12:17:30.689411', 0, 'Hari', 'Bahadur', 0, 1, '2023-06-07 03:02:55.474519', '986999999', 'hari@gmail.com', 'hari', '', 1, 5, 1, 'null', 'null', NULL, '', NULL, NULL, NULL, NULL, '2023-06-13 08:01:11.977882', '2023-06-13 08:01:12.022299'),
(29, 'pbkdf2_sha256$390000$gPCTHZCIrLJNbqCew5uD7D$xU11spfsvhQF6KWfe8ghGTMyQpbo2pgaTY+AlsxMBDg=', '2023-06-13 12:34:12.672164', 0, 'Super', 'Visor', 0, 1, '2023-06-07 03:08:20.542239', '9888888888', 'super@gmail.com', 'super', '', 1, 3, 1, 'null', 'null', NULL, '', NULL, 'Verified', NULL, NULL, '2023-06-13 08:01:11.977882', '2023-06-13 08:01:12.022299'),
(30, 'pbkdf2_sha256$390000$WGBQ9RdlUbeFudVXiBxf3z$p3XiZv8E3rxAcEWNRfEG9pmcc+UbK/sn6XB12Uhv4Hs=', '2023-06-08 06:23:29.775968', 0, 'sam', 'sam', 0, 1, '2023-06-08 06:23:17.656677', '9818780677', 'sam@gmail.com', 'sam', 'media/user/registration/Screenshot_2023-05-22_115858.png', 1, 5, 1, 'sam', 'sam', '45678', 'media/user/renew_doument/Screenshot_2023-05-22_115858.png', NULL, NULL, NULL, NULL, '2023-06-13 08:01:11.977882', '2023-06-13 08:01:12.022299'),
(31, 'pbkdf2_sha256$390000$rPS0TixM3PB6Y4ONfF8MyH$nGGUUyjkXaCKxGV50aVkLoy64UUCbowoD45b/63wTyU=', '2023-06-08 09:37:31.604302', 0, 'dfs', 'khnkj', 0, 1, '2023-06-08 09:16:19.993837', '456789', 'yyi@gmail.com', 'yyi', 'media/user/registration/Screenshot_2023-05-22_115858_oSlbMwr.png', 1, 5, 8, 'jkl', 'ytuui', '5467890', 'media/user/renew_doument/Screenshot_2023-05-22_115858_O9L8RfC.png', NULL, NULL, NULL, NULL, '2023-06-13 08:01:11.977882', '2023-06-13 08:01:12.022299'),
(32, 'pbkdf2_sha256$390000$B2QU42mZMAFcYHNNI61Hqx$xyu84r/BRqE60XC/1+Z09BdBkj4f8PplN9vsis9NLV8=', NULL, 0, 'daw', 'daw', 0, 1, '2023-06-08 17:49:56.314369', '234567', 'awd@gmail.com', 'daw', 'media/user/registration/Screenshot_2023-05-22_115858_9oO5jHX.png', 1, 5, 1, 'awd', 'da', '123456', 'media/user/renew_doument/Screenshot_2023-05-22_115858_73iB5lZ.png', NULL, NULL, NULL, NULL, '2023-06-13 08:01:11.977882', '2023-06-13 08:01:12.022299'),
(33, 'pbkdf2_sha256$390000$8lsFHSg7DG1FLjSvz5dBnm$5ZmtKBCZeySKXUFv6WO4TJRewl1eKwulUrEX7hp0Azw=', '2023-06-08 23:46:40.850273', 0, 'faw', 'af', 0, 1, '2023-06-08 23:46:27.933133', '456789876', 'ad@gmail.com', 'ad', 'media/user/registration/Screenshot_2023-05-22_115858_KvpK92a.png', 1, 5, 1, 'ad', 'daw', '76543', 'media/user/renew_doument/Screenshot_2023-05-22_115858_BbSo9U1.png', NULL, NULL, NULL, NULL, '2023-06-13 08:01:11.977882', '2023-06-13 08:01:12.022299'),
(34, 'pbkdf2_sha256$390000$blCJuyhqOIUdvr3sNz9orM$QgOYp8yFo7E2MhAOyvColPgyfdxQR4YcZ0lb9ujoeZQ=', '2023-06-09 08:01:34.609419', 0, 'Testing', 'Testing', 0, 1, '2023-06-09 07:35:34.829097', '9869469665', 'testing@gmail.com', 'Testing', 'media/user/registration/screencapture-kantipurinfotech-about-2023-06-08-10_35_34.png', 1, 5, 1, 'Ktm', 'Test', '1225478478', 'media/user/renew_doument/screencapture-kantipurinfotech-portfolios-2023-06-07-15_30_48.png', NULL, 'verified', NULL, NULL, '2023-06-13 08:01:11.977882', '2023-06-13 08:01:12.022299'),
(35, 'pbkdf2_sha256$390000$tIO1mARMol4nE5VJECiktw$EY4p+UGPmFMsxzhsgAxVzJ/TVjHq8dmEH8pksVA8ujE=', '2023-06-13 11:44:40.808341', 0, 'Sagar', 'Neupane', 0, 1, '2023-06-09 09:35:52.366459', '9861698412', 'sagarpneupane@gmail.com', 'Sagar', 'media/user/registration/IMG_1673.JPG', 1, 5, 1, 'Kathmandu', 'Food', '12345', 'media/user/renew_doument/IMG_1673.JPG', NULL, 'la ta', NULL, NULL, '2023-06-13 08:01:11.977882', '2023-06-13 08:01:12.022299'),
(36, 'pbkdf2_sha256$390000$ZGJUZaWBJr7jrnaH8c6VE2$pUTHpZJlVs18dpmDzA3DSv94vQn5w7YCOk8YXjmsz9Q=', NULL, 0, 'Sheetal', 'Sharma', 0, 1, '2023-06-12 09:35:19.691855', '986756776', 'sheetal@gmail.com', 'sheetal', 'media/user/registration/Screenshot_16.png', 1, 5, 1, 'null', NULL, NULL, '', NULL, NULL, NULL, NULL, '2023-06-13 08:01:11.977882', '2023-06-13 08:01:12.022299'),
(37, 'pbkdf2_sha256$390000$iMENdbiwqA0PUGzlZByE2w$rbHvtAiykN4LDoIX1dAJmjRoYMHqNsSMpTBYUqEdLPc=', '2023-06-12 10:19:02.055597', 0, 'Testing', 'Testing', 0, 1, '2023-06-12 09:53:09.819413', '5474687687', 'testinghero@gmail.com', 'Testing123', 'media/user/registration/janakpurdham-logo.png', 0, 5, 1, 'hjgyju', 'Testing Hero', 'vnewnmvb', 'media/user/renew_doument/Matina_copy.jpg', NULL, NULL, NULL, NULL, '2023-06-13 08:01:11.977882', '2023-06-13 08:01:12.022299'),
(38, 'pbkdf2_sha256$390000$Sm2PTvNYqF9nG9dwbb0KPu$YhuM5hP9FAPXmI7hdQMCLpxAnhwCyANI2xZRLkKtMoc=', NULL, 0, 'test asdasd', 'kjh', 0, 1, '2023-06-12 10:40:43.071122', '4567890', 'kj@gmail.com', 'kj', 'media/user/registration/Screenshot_2023-05-22_115858_xoSkcbF.png', 1, 5, 1, 'hjkl', 'gfhjkl', '3546789', 'media/user/renew_doument/Screenshot_2023-05-22_115858_6zNVIjQ.png', NULL, NULL, NULL, NULL, '2023-06-13 08:01:11.977882', '2023-06-13 08:01:12.022299'),
(39, 'pbkdf2_sha256$390000$t9RRBcQ9jLdOELICkhcmpr$WWrLmEKlCzaBCb7QqAEGR0LrsxUDVOPbELShXa5oBCU=', '2023-06-12 11:09:04.834120', 0, 'fapsdjfaph', 'sharma', 0, 1, '2023-06-12 11:08:47.743688', '9851214216', 'pradee486p@gmial.com', 'supervisor123', 'media/user/registration/IMG_20230126_140354.jpg', 0, 5, 1, 'asfdfa', 'asfa', '784541', 'media/user/renew_doument/IMG_20230126_140400.jpg', NULL, NULL, NULL, NULL, '2023-06-13 08:01:11.977882', '2023-06-13 08:01:12.022299'),
(40, 'pbkdf2_sha256$390000$qmDd3QwyiMnFkm8njcHM4H$hOGhS1vJyudSX4mcBxk8h1OZAZ9CXunn8eQReCaIvhg=', '2023-06-12 12:35:12.498564', 0, 'test', 'test', 0, 1, '2023-06-12 12:34:30.540410', '9861698412', 'test@gmail.com', 'test123', 'media/user/registration/Screenshot_2023-06-12_at_15.29.30.png', 1, 5, 1, 'ktm', 'ddp', '12345', 'media/user/renew_doument/Screenshot_2023-06-12_at_15.23.38.png', NULL, 'verified', NULL, NULL, '2023-06-13 08:01:11.977882', '2023-06-13 08:01:12.022299'),
(41, 'pbkdf2_sha256$390000$GBxyzp1LYH50C3rQlPsRYc$yy1/WtAAdxKbIHviW4srf6FKgggKYEX4Sk+livvHgEw=', '2023-06-13 08:07:01.167490', 0, 'ABC', 'XYZ', 0, 1, '2023-06-13 07:53:55.985991', '9861698412', '018bscit032@sxc.edu.np', 'abc', 'media/user/registration/Screenshot_2023-06-12_at_15.29.30_ZXGN2Kr.png', 1, 5, 1, 'KKK', 'BBB', '12345', 'media/user/renew_doument/Screenshot_2023-06-12_at_15.53.48.png', NULL, 'La ta', 7, '2023-06-13', '2023-06-13 08:01:11.977882', '2023-06-13 08:01:12.022299'),
(42, 'pbkdf2_sha256$390000$vR2T3eJw1NaNdruCutesWj$mzX480drl9KdWpDcodwk9z1+gVZqQmkGoM4ogiOuCUs=', '2023-06-13 08:18:56.845322', 0, 'ABCD', 'XYZ', 0, 1, '2023-06-13 08:10:41.434455', '9861698412', '018bscit038@sxc.edu.np', 'abcd', 'media/user/registration/Screenshot_2023-06-12_at_15.53.48.png', 1, 5, 1, 'KTM', 'BBB', '12345', 'media/user/renew_doument/Screenshot_2023-06-12_at_15.53.48_5e0ihgr.png', NULL, 'Hello', 7, '2023-06-13', '2023-06-13 08:10:41.434722', '2023-06-13 08:10:41.434744'),
(43, 'pbkdf2_sha256$390000$VnlcDXnpmsn4pZ4amaRUmu$QWq5/vKbqTi4woCy3hvE52UAWuBRPh0GtHuexNJ9VDw=', '2023-06-13 11:13:23.091994', 0, 'Prasad', 'Ram', 0, 1, '2023-06-13 10:15:56.528287', '96547893232', 'prasad@gmail.com', 'prasad', 'media/user/registration/Prasashan_Like.jpg', 0, 5, 1, 'NN', 'ANN', '1235588', 'media/user/renew_doument/new_logo.png', NULL, NULL, NULL, NULL, '2023-06-13 10:15:56.528466', '2023-06-13 10:15:56.528480'),
(44, 'pbkdf2_sha256$390000$2ksPKsNMabQbwHo2SfWG0S$l+NjJX8H2wkFB2s9DuiTOwKVfm/uEPE5D6vPNE1HPWk=', '2023-06-13 12:25:41.054384', 0, 'Hari', 'Bahadur', 0, 1, '2023-06-13 12:24:52.827112', '9869469665', 'bahadur@gmail.com', 'bahadur', '', 1, 4, 1, 'null', 'null', NULL, '', NULL, NULL, NULL, NULL, '2023-06-13 12:24:52.827281', '2023-06-13 12:24:52.827294');

-- --------------------------------------------------------

--
-- Table structure for table `account_customuser_groups`
--

CREATE TABLE `account_customuser_groups` (
  `id` bigint(20) NOT NULL,
  `customuser_id` bigint(20) NOT NULL,
  `group_id` int(11) NOT NULL
) ENGINE=InnoDB DEFAULT CHARSET=utf8mb4 COLLATE=utf8mb4_general_ci;

-- --------------------------------------------------------

--
-- Table structure for table `account_customuser_user_permissions`
--

CREATE TABLE `account_customuser_user_permissions` (
  `id` bigint(20) NOT NULL,
  `customuser_id` bigint(20) NOT NULL,
  `permission_id` int(11) NOT NULL
) ENGINE=InnoDB DEFAULT CHARSET=utf8mb4 COLLATE=utf8mb4_general_ci;

-- --------------------------------------------------------

--
-- Table structure for table `auth_group`
--

CREATE TABLE `auth_group` (
  `id` int(11) NOT NULL,
  `name` varchar(150) NOT NULL
) ENGINE=InnoDB DEFAULT CHARSET=utf8mb4 COLLATE=utf8mb4_general_ci;

--
-- Dumping data for table `auth_group`
--

INSERT INTO `auth_group` (`id`, `name`) VALUES
(2, 'askdjasd'),
(6, 'fdghjk'),
(3, 'te'),
(1, 'Test'),
(4, 'testa'),
(5, 'top');

-- --------------------------------------------------------

--
-- Table structure for table `auth_group_permissions`
--

CREATE TABLE `auth_group_permissions` (
  `id` bigint(20) NOT NULL,
  `group_id` int(11) NOT NULL,
  `permission_id` int(11) NOT NULL
) ENGINE=InnoDB DEFAULT CHARSET=utf8mb4 COLLATE=utf8mb4_general_ci;

--
-- Dumping data for table `auth_group_permissions`
--

INSERT INTO `auth_group_permissions` (`id`, `group_id`, `permission_id`) VALUES
(1, 1, 21);

-- --------------------------------------------------------

--
-- Table structure for table `auth_permission`
--

CREATE TABLE `auth_permission` (
  `id` int(11) NOT NULL,
  `name` varchar(255) NOT NULL,
  `content_type_id` int(11) NOT NULL,
  `codename` varchar(100) NOT NULL
) ENGINE=InnoDB DEFAULT CHARSET=utf8mb4 COLLATE=utf8mb4_general_ci;

--
-- Dumping data for table `auth_permission`
--

INSERT INTO `auth_permission` (`id`, `name`, `content_type_id`, `codename`) VALUES
(1, 'Can add log entry', 1, 'add_logentry'),
(2, 'Can change log entry', 1, 'change_logentry'),
(3, 'Can delete log entry', 1, 'delete_logentry'),
(4, 'Can view log entry', 1, 'view_logentry'),
(5, 'Can add permission', 2, 'add_permission'),
(6, 'Can change permission', 2, 'change_permission'),
(7, 'Can delete permission', 2, 'delete_permission'),
(8, 'Can view permission', 2, 'view_permission'),
(9, 'Can add group', 3, 'add_group'),
(10, 'Can change group', 3, 'change_group'),
(11, 'Can delete group', 3, 'delete_group'),
(12, 'Can view group', 3, 'view_group'),
(13, 'Can add content type', 4, 'add_contenttype'),
(14, 'Can change content type', 4, 'change_contenttype'),
(15, 'Can delete content type', 4, 'delete_contenttype'),
(16, 'Can view content type', 4, 'view_contenttype'),
(17, 'Can add session', 5, 'add_session'),
(18, 'Can change session', 5, 'change_session'),
(19, 'Can delete session', 5, 'delete_session'),
(20, 'Can view session', 5, 'view_session'),
(21, 'Can add user', 6, 'add_customuser'),
(22, 'Can change user', 6, 'change_customuser'),
(23, 'Can delete user', 6, 'delete_customuser'),
(24, 'Can view user', 6, 'view_customuser'),
(25, 'Can add client category', 7, 'add_clientcategory'),
(26, 'Can change client category', 7, 'change_clientcategory'),
(27, 'Can delete client category', 7, 'delete_clientcategory'),
(28, 'Can view client category', 7, 'view_clientcategory'),
(29, 'Can add commodity', 8, 'add_commodity'),
(30, 'Can change commodity', 8, 'change_commodity'),
(31, 'Can delete commodity', 8, 'delete_commodity'),
(32, 'Can view commodity', 8, 'view_commodity'),
(33, 'Can add commodity category', 9, 'add_commoditycategory'),
(34, 'Can change commodity category', 9, 'change_commoditycategory'),
(35, 'Can delete commodity category', 9, 'delete_commoditycategory'),
(36, 'Can view commodity category', 9, 'view_commoditycategory'),
(37, 'Can add sample form', 10, 'add_sampleform'),
(38, 'Can change sample form', 10, 'change_sampleform'),
(39, 'Can delete sample form', 10, 'delete_sampleform'),
(40, 'Can view sample form', 10, 'view_sampleform'),
(41, 'Can add sample form parameter formula calculate', 11, 'add_sampleformparameterformulacalculate'),
(42, 'Can change sample form parameter formula calculate', 11, 'change_sampleformparameterformulacalculate'),
(43, 'Can delete sample form parameter formula calculate', 11, 'delete_sampleformparameterformulacalculate'),
(44, 'Can view sample form parameter formula calculate', 11, 'view_sampleformparameterformulacalculate'),
(45, 'Can add test result', 12, 'add_testresult'),
(46, 'Can change test result', 12, 'change_testresult'),
(47, 'Can delete test result', 12, 'delete_testresult'),
(48, 'Can view test result', 12, 'view_testresult'),
(49, 'Can add sample form has parameter', 13, 'add_sampleformhasparameter'),
(50, 'Can change sample form has parameter', 13, 'change_sampleformhasparameter'),
(51, 'Can delete sample form has parameter', 13, 'delete_sampleformhasparameter'),
(52, 'Can view sample form has parameter', 13, 'view_sampleformhasparameter'),
(53, 'Can add payment', 14, 'add_payment'),
(54, 'Can change payment', 14, 'change_payment'),
(55, 'Can delete payment', 14, 'delete_payment'),
(56, 'Can view payment', 14, 'view_payment'),
(57, 'Can add notification', 15, 'add_notification'),
(58, 'Can change notification', 15, 'change_notification'),
(59, 'Can delete notification', 15, 'delete_notification'),
(60, 'Can view notification', 15, 'view_notification'),
(61, 'Can add sample form verifier', 16, 'add_sampleformverifier'),
(62, 'Can change sample form verifier', 16, 'change_sampleformverifier'),
(63, 'Can delete sample form verifier', 16, 'delete_sampleformverifier'),
(64, 'Can view sample form verifier', 16, 'view_sampleformverifier');

-- --------------------------------------------------------

--
-- Table structure for table `django_admin_log`
--

CREATE TABLE `django_admin_log` (
  `id` int(11) NOT NULL,
  `action_time` datetime(6) NOT NULL,
  `object_id` longtext DEFAULT NULL,
  `object_repr` varchar(200) NOT NULL,
  `action_flag` smallint(5) UNSIGNED NOT NULL CHECK (`action_flag` >= 0),
  `change_message` longtext NOT NULL,
  `content_type_id` int(11) DEFAULT NULL,
  `user_id` bigint(20) NOT NULL
) ENGINE=InnoDB DEFAULT CHARSET=utf8mb4 COLLATE=utf8mb4_general_ci;

-- --------------------------------------------------------

--
-- Table structure for table `django_content_type`
--

CREATE TABLE `django_content_type` (
  `id` int(11) NOT NULL,
  `app_label` varchar(100) NOT NULL,
  `model` varchar(100) NOT NULL
) ENGINE=InnoDB DEFAULT CHARSET=utf8mb4 COLLATE=utf8mb4_general_ci;

--
-- Dumping data for table `django_content_type`
--

INSERT INTO `django_content_type` (`id`, `app_label`, `model`) VALUES
(6, 'account', 'customuser'),
(1, 'admin', 'logentry'),
(3, 'auth', 'group'),
(2, 'auth', 'permission'),
(4, 'contenttypes', 'contenttype'),
(7, 'management', 'clientcategory'),
(8, 'management', 'commodity'),
(9, 'management', 'commoditycategory'),
(14, 'management', 'payment'),
(10, 'management', 'sampleform'),
(13, 'management', 'sampleformhasparameter'),
(11, 'management', 'sampleformparameterformulacalculate'),
(16, 'management', 'sampleformverifier'),
(12, 'management', 'testresult'),
(5, 'sessions', 'session'),
(15, 'websocket', 'notification');

-- --------------------------------------------------------

--
-- Table structure for table `django_migrations`
--

CREATE TABLE `django_migrations` (
  `id` bigint(20) NOT NULL,
  `app` varchar(255) NOT NULL,
  `name` varchar(255) NOT NULL,
  `applied` datetime(6) NOT NULL
) ENGINE=InnoDB DEFAULT CHARSET=utf8mb4 COLLATE=utf8mb4_general_ci;

--
-- Dumping data for table `django_migrations`
--

INSERT INTO `django_migrations` (`id`, `app`, `name`, `applied`) VALUES
(1, 'management', '0001_initial', '2023-05-29 08:36:37.381227'),
(2, 'contenttypes', '0001_initial', '2023-05-29 08:36:37.988553'),
(3, 'contenttypes', '0002_remove_content_type_name', '2023-05-29 08:36:39.257916'),
(4, 'auth', '0001_initial', '2023-05-29 08:36:47.736365'),
(5, 'auth', '0002_alter_permission_name_max_length', '2023-05-29 08:36:49.917966'),
(6, 'auth', '0003_alter_user_email_max_length', '2023-05-29 08:36:49.954722'),
(7, 'auth', '0004_alter_user_username_opts', '2023-05-29 08:36:50.005979'),
(8, 'auth', '0005_alter_user_last_login_null', '2023-05-29 08:36:50.041667'),
(9, 'auth', '0006_require_contenttypes_0002', '2023-05-29 08:36:50.076517'),
(10, 'auth', '0007_alter_validators_add_error_messages', '2023-05-29 08:36:50.123417'),
(11, 'auth', '0008_alter_user_username_max_length', '2023-05-29 08:36:50.158914'),
(12, 'auth', '0009_alter_user_last_name_max_length', '2023-05-29 08:36:50.198846'),
(13, 'auth', '0010_alter_group_name_max_length', '2023-05-29 08:36:50.312669'),
(14, 'auth', '0011_update_proxy_permissions', '2023-05-29 08:36:50.372484'),
(15, 'auth', '0012_alter_user_first_name_max_length', '2023-05-29 08:36:50.519004'),
(16, 'account', '0001_initial', '2023-05-29 08:37:04.604591'),
(17, 'account', '0002_remove_customuser_image_and_more', '2023-05-29 08:37:05.494334'),
(18, 'account', '0003_alter_customuser_role', '2023-05-29 08:37:05.579657'),
(19, 'admin', '0001_initial', '2023-05-29 08:37:08.910140'),
(20, 'admin', '0002_logentry_remove_auto_add', '2023-05-29 08:37:08.971089'),
(21, 'admin', '0003_logentry_add_action_flag_choices', '2023-05-29 08:37:09.050123'),
(22, 'management', '0002_sampleformparameterformulacalculate_remark', '2023-05-29 08:37:09.282977'),
(23, 'management', '0003_sampleform_supervisor_user_and_more', '2023-05-29 08:37:22.817756'),
(24, 'management', '0004_remove_sampleform_supervisor_user_and_more', '2023-05-29 08:37:25.203082'),
(25, 'management', '0005_alter_sampleformhasparameter_analyst_user', '2023-05-29 08:37:31.173218'),
(26, 'management', '0006_alter_sampleform_supervisor_user', '2023-05-29 08:37:37.649326'),
(27, 'management', '0007_remove_sampleform_supervisor_user', '2023-05-29 08:37:38.753953'),
(28, 'management', '0008_sampleform_supervisor_user', '2023-05-29 08:37:41.024325'),
(29, 'management', '0009_alter_sampleformhasparameter_analyst_user', '2023-05-29 08:37:48.242585'),
(30, 'management', '0010_alter_sampleformhasparameter_analyst_user', '2023-05-29 08:37:52.795799'),
(31, 'management', '0011_remove_sampleform_commodity_id_sampleform_commodity', '2023-05-29 08:37:54.772706'),
(32, 'management', '0012_alter_sampleform_commodity', '2023-05-29 08:37:54.870569'),
(33, 'management', '0013_remove_sampleform_commodity', '2023-05-29 08:37:57.561820'),
(34, 'management', '0014_sampleform_commodity', '2023-05-29 08:37:59.028152'),
(35, 'management', '0015_alter_sampleform_commodity', '2023-05-29 08:38:03.767275'),
(36, 'management', '0016_remove_sampleform_commodity', '2023-05-29 08:38:04.834628'),
(37, 'management', '0017_sampleform_commodity_id', '2023-05-29 08:38:05.412679'),
(38, 'management', '0018_alter_sampleform_commodity_id', '2023-05-29 08:38:16.213180'),
(39, 'management', '0019_remove_sampleform_commodity_id', '2023-05-29 08:38:16.976467'),
(40, 'management', '0020_sampleform_commodity_id', '2023-05-29 08:38:18.356085'),
(41, 'sessions', '0001_initial', '2023-05-29 08:38:20.287275'),
(42, 'websocket', '0001_initial', '2023-05-29 08:38:27.982941'),
(43, 'websocket', '0002_rename_notification_name_notification_model_name_and_more', '2023-05-29 08:38:28.936218'),
(44, 'management', '0021_rename_commodity_id_sampleform_commodity', '2023-05-29 09:38:38.331322'),
(45, 'management', '0022_sampleformparameterformulacalculate_is_verified', '2023-05-30 09:37:03.262730'),
(46, 'management', '0023_alter_sampleformhasparameter_status_and_more', '2023-05-31 10:06:52.270537'),
(47, 'management', '0024_sampleform_is_commodity_select', '2023-05-31 10:06:52.336753'),
(48, 'management', '0025_alter_sampleform_parameters', '2023-05-31 10:06:52.374396'),
(49, 'management', '0025_alter_sampleform_parameters_sampleformverifier', '2023-06-01 06:25:32.692885'),
(50, 'management', '0026_merge_20230601_0625', '2023-06-01 06:25:32.697644'),
(51, 'management', '0026_alter_sampleformverifier_sample_form', '2023-06-01 09:02:19.873352'),
(52, 'management', '0027_merge_20230601_0901', '2023-06-01 09:02:19.879813'),
(53, 'account', '0004_alter_customuser_is_active', '2023-06-02 05:54:10.325068'),
(54, 'account', '0005_alter_customuser_username', '2023-06-06 06:58:25.515499'),
(55, 'management', '0027_alter_sampleform_status', '2023-06-06 06:58:25.538825'),
(56, 'management', '0028_merge_20230606_0658', '2023-06-06 06:58:25.541918'),
(57, 'management', '0028_alter_sampleformverifier_sample_form', '2023-06-06 12:25:49.730922'),
(58, 'management', '0029_merge_20230606_1225', '2023-06-06 12:25:49.736317'),
(59, 'management', '0029_sampleformhasparameter_is_tested_and_more', '2023-06-07 12:01:54.637318'),
(60, 'management', '0030_rename_is_tested_sampleformhasparameter_is_supervisor_sent', '2023-06-07 12:01:54.663941'),
(61, 'management', '0031_sampleform_is_analyst_test', '2023-06-07 12:01:54.702950'),
(62, 'management', '0032_sampleformparameterformulacalculate_status', '2023-06-07 12:01:54.735009'),
(63, 'management', '0033_alter_sampleformparameterformulacalculate_status', '2023-06-07 12:01:54.809173'),
(64, 'management', '0034_alter_sampleformparameterformulacalculate_status', '2023-06-07 12:01:54.829869'),
(65, 'management', '0035_merge_20230607_1201', '2023-06-07 12:01:54.833321'),
(66, 'account', '0006_customuser_created_by_customuser_remarks', '2023-06-09 07:13:23.231002'),
(67, 'account', '0007_alter_customuser_created_by', '2023-06-09 07:13:23.253719'),
(68, 'management', '0035_alter_sampleform_amendments_alter_sampleform_note_and_more', '2023-06-12 09:16:39.254497'),
(69, 'management', '0036_merge_20230612_0916', '2023-06-12 09:16:39.257100'),
(70, 'account', '0008_customuser_approved_by_customuser_approved_date', '2023-06-13 05:40:32.862434'),
(71, 'account', '0009_alter_customuser_approved_by', '2023-06-13 05:40:32.997749'),
(72, 'management', '0036_sampleform_approved_by_sampleform_approved_date', '2023-06-13 05:59:16.928704'),
(73, 'management', '0037_merge_20230613_0559', '2023-06-13 05:59:16.933434'),
(74, 'account', '0010_customuser_created_date_customuser_updated_date', '2023-06-13 08:01:12.035203');

-- --------------------------------------------------------

--
-- Table structure for table `django_session`
--

CREATE TABLE `django_session` (
  `session_key` varchar(40) NOT NULL,
  `session_data` longtext NOT NULL,
  `expire_date` datetime(6) NOT NULL
) ENGINE=InnoDB DEFAULT CHARSET=utf8mb4 COLLATE=utf8mb4_general_ci;

--
-- Dumping data for table `django_session`
--

INSERT INTO `django_session` (`session_key`, `session_data`, `expire_date`) VALUES
('02s7t2kj0n5svpj9vtdpopqofegzwoss', '.eJxVi80KwjAMgN-lZxkr2drEo-AjeC5pk9ChTnDrSXx3J-yg1-_n5RK3taa26DNN4o5ucIdflrlcdf4KLuXR5rXbSXe-83S7bM1pT_6-ykvdJvQgvRgjBEHJijJYAFP1vrBRBAwDZQ5jVjIAQymgPSHGkTUSufcH2uU1NQ:1q7WXt:aXANK59yrH4UP9XEY5o2Nh69NdwvyAfWt7-gXNj_iRI', '2023-06-23 07:28:29.623738'),
('04rmlxv3fntyqfc5e4yas1p9vh55f93s', '.eJxVi80KwjAMgN-lZxkr2drEo-AjeC5pk9ChTnDrSXx3J-yg1-_n5RK3taa26DNN4o5ucIdflrlcdf4KLuXR5rXbSXe-83S7bM1pT_6-ykvdJvQgvRgjBEHJijJYAFP1vrBRBAwDZQ5jVjIAQymgPSHGkTUSufcH2uU1NQ:1q7ESk:7j6V5zho5J-4WPvEw2Fv1fOYFH0QTXfk_P3_CYIpr3Y', '2023-06-22 12:09:58.556373'),
('05syl14wa5p2w606vmquxikqisjzf4or', '.eJxVi0sKwjAQQO-StZROJs3HpeARXIfpZEKKWsE2K-ndG6EL3b7PR0Wqa4l1kXeckjorrU6_bCS-y_wVxPyq89odpLs-aXrcWnM5kr-v0FLaBJqcNw6yMRRYCA0mzDha471GAQspOAkZ3UC-sT7zYG1GDQGZoFfbDpnwM48:1q8gj7:v0a608OThf8Z__TCCe28AilPDd2t7Wh4ZgRu489KGPo', '2023-06-26 12:32:53.458046'),
('05u8aeumo3f93eo6ffi5r5t4y29qnk86', '.eJxVi0sKwjAQhu-StRQzpn9bl4JHcB0mMxNa1Aq2WYl3N0IXuv0eLxe5rGMsiz3jpO7o4Ha_LLFcbf4KFnmUeW020pzvPN0utTltyd838jLWqUdmGDFlT0mDgrwE2zOZQBFAOYgKYFWztUktkfadH_IBA7rWvT_ZzTUz:1q92b6:kuXAn867EhEVieIqgGaTTLJ-qcQ87anuDZilw1ce9EE', '2023-06-27 11:54:04.204515'),
('0631nlt2cz0vdokdye2b8it2opny78il', '.eJxVi0sKwjAQQO-StZROJs3HpeARXIfpZEKKWsE2K-ndG6EL3b7PR0Wqa4l1kXeckjorrU6_bCS-y_wVxPyq89odpLs-aXrcWnM5kr-v0FLaBJqcNw6yMRRYCA0mzDha471GAQspOAkZ3UC-sT7zYG1GDQGZoFfbDpnwM48:1q90jQ:a9hENFgG42vjjECuct-0U-AWxRNGiHMwhf9QCLvTGT4', '2023-06-27 09:54:32.449298'),
('07o1w0l3ll4grctwg2cydeh4jtbi4ikc', '.eJxVi70KwjAQgN8ls5S7tJc0joKP4BwulxwpagXbTOK7W6GDrt_Py0Rua41tKc84ZXM0aA6_LLFcy_wVLPJo89rtpDvfebpdtua0J39f5aVuU0H1MvpMmogdiSjo2IMNrEiKGUKgPPRWlaAAWl-gHxwwJnDEJOb9AcYbNGA:1q3YnJ:AN7juwTzyJobzfveA7-iE7GnRRH1vXtZYFMtdqksmIo', '2023-06-12 09:04:01.756767'),
('09b0r6t0wteutv32q8imncru0wfibr1c', '.eJxVi0sKwjAQQO-StZTmMzFxKXgE12FmMiFFrdA2K_HuRuhCt-_zUgnbVlNbZUlTVifl1eGXEfJN5q9A5mebt2Enw-WB0_3am_Oe_H0V19onCESQvXUQrBESU9BkEMaAdmTWpEVG4xhQwNnoegzReDrqyEUXr94fzqI0-Q:1q3aMs:13pBrfZbwFX7rDKQ50VpJ4cHN29NRF_cLOQocefJ9vQ', '2023-06-12 10:44:50.834425'),
('0a1w5t6x40b4y8w246v4q2mx30c0frs4', '.eJxVy0EOwiAQheG7sDYNdYABlyYewTUZhk5o1Jq0ZWW8e2nShW7_972PilTXEusyzHHM6qLAqNNvTMSPYdoXYn7Xae2O0t1eND7vzVwP8vcrtJR2QgcagrWCAYKgTex9n4Omc7AsYCyioEPvnM_YZBM-mSyakXoUUN8NpZczkQ:1q7WgR:qwbQFfEDi_5QJ1H4JDWpGrLD6VGcqmdrBsBaxL2Duq4', '2023-06-23 07:37:19.712275'),
('0bm4vo57ob82598sohlqxdpk6xxtb8ff', '.eJxVjDEOwjAMRe-SGVUJrZ2EEYkjdI5sx1EqoEi0mRB3h0odYH3_vf8yidpaU1v0maZsTgbN4ZcxyVXnbSCRR5vXbifd5U7Tbfw651356yotdXtj54HAW4EwlHBUEc4xOwdBFIsEQEfIPTBL7FkQbCRvIwBp8YDm_QHBRjS0:1q7UOk:41A1lsA2284mpjR5iaKt1q01xIVQMQ4VQdGy4M9SDnw', '2023-06-23 05:10:54.326511'),
('0dfbepkhpcumr4sr2qfck48vycqvfins', '.eJxVi0sKwjAQQO-StZROJs3HpeARXIfpZEKKWsE2K-ndG6EL3b7PR0Wqa4l1kXeckjorrU6_bCS-y_wVxPyq89odpLs-aXrcWnM5kr-v0FLaBJqcNw6yMRRYCA0mzDha471GAQspOAkZ3UC-sT7zYG1GDQGZoFfbDpnwM48:1q4E52:T4BpsIpfthfqmfL8Lneef1gHlRARQoFtevkqf-RMWUU', '2023-06-14 05:09:04.162952'),
('0dybxymchpojvse9oqi6ese4qz1r5d7n', '.eJxVi0sKwjAQQO8yaylO_nEpeATXYTKTkKJWaJuVeHcrdKHb93lBor621Jcyp1HgBBjh8Asz8a1MX0PMzz6tw06Gy4PG-3Vrznvy9zVa2jZZIW8z-hKMZg7CupairBOvxCEGpWKkesRQ0ZB3JmbUujrMpMiJFXh_AOCeNKk:1q6sAh:kNDAGNQ1HY-sgn2Sb2qxNjTESffuIrF4o3hT224nTtE', '2023-06-21 12:21:51.231205'),
('0egtroogdy0v04tnp3s0pduwc0g7tqsm', '.eJxVi8sKwjAUBf8laylpcpM2LgU_wXW4r5KiVrDNSvx3I3ShZzkz52Uy1q3kuuozz2KOpk_m8AsJ-arL1yDzoy5bt5PufMf5dmnNaU_-fgXX0k4ORj8msMKMoOQj9wTOk5NIoY2cnyCoDaoy2eAHELIuNjtIshrN-wPTsTSc:1q8gjZ:LBNU155ZvAhK3di-hj964I1YVDl6ikEUI1-tF_23gJQ', '2023-06-26 12:33:21.481815'),
('0ietuweipv5lt0iomwe698ct9admvkro', '.eJxVi0sKwjAQQO-StZROJs3HpeARXIfpZEKKWsE2K-ndG6EL3b7PR0Wqa4l1kXeckjorrU6_bCS-y_wVxPyq89odpLs-aXrcWnM5kr-v0FLaBJqcNw6yMRRYCA0mzDha471GAQspOAkZ3UC-sT7zYG1GDQGZoFfbDpnwM48:1q3svx:h4tPChS3zOaLI26esyDBmiWC4IC9Uuc4JIilCpXhAuY', '2023-06-13 06:34:17.675177'),
('0iz7bknnk4r3pk461fk7wsrn4sxy7bkj', '.eJxVi70OwiAQgN-F2TQHB1dxNPERnMlxQGjUmrRlMr5726SDrt_PRwVuSw1tzlMYkroo3avTL4wsjzzuhkXebVy6g3S3Fw_P-9Zcj-TvqzzXbcrIaBCiYW2ppAQOwHkDDILalrMHgB58iZGMsT5pDeIskSNCZBL1XQGunzMp:1q90pc:pH0De3xTjpl4Ju52TTPHuVP49a1_sN5ckkzUGqOjJeE', '2023-06-27 10:00:56.149484'),
('0kk4k4weeo4etr9pgszer9mol0q5vbo9', '.eJxVi70KwjAQgN8ls5S7tJc0joKP4BwulxwpagXbTOK7W6GDrt_Py0Rua41tKc84ZXM0aA6_LLFcy_wVLPJo89rtpDvfebpdtua0J39f5aVuU0H1MvpMmogdiSjo2IMNrEiKGUKgPPRWlaAAWl-gHxwwJnDEJOb9AcYbNGA:1q6Pfb:1WtlUR0vhMad4DzNm2H7iQrOlyqRw6iqSHRJ96CyzY0', '2023-06-20 05:55:51.753779'),
('0l12ylwgw5od66f8nlla1okthw558een', '.eJxVjDEOwjAMRe-SGVUusaOUEYkjdI4c21UqoEi0mRB3h0od2vX99_7HJa5LSXW2dxrVXVxwpz3LLHeb1oFFXnVamo00tyePj_7vXDfl0BWey_rmMWbtiEigJUBlr0DEEXLwkAc6IzFKDkPLJgGgsyiIaqpkoOC-P6JnNIg:1q4xP6:tkvLaCnkkUHWufPsuJYOAZMd4ZVZd4tgewbq1XEpwhQ', '2023-06-16 05:32:48.926170'),
('0leert5nhjm7lqwozu07dmxztnmjsz8m', '.eJxViz0OwjAMRu_iGVUmTkrMiMQRmCPXcZUKKBJtJsTdCVIH2L6f916QpK4l1cWeacpwBA-7320Qvdr8PUT1Uee125bufJfpdmnMaUP-vCJLaZJjUmEOXvYaW3CBI7G2rnlkjJSDY2_BsmCPB2QyswHJ9y7qiAjvD6KaM_M:1q4mb7:HclMNd_g_leWRm93zoFF3VRm6CeDB3WRqPnShZYfPgg', '2023-06-15 18:00:29.571700'),
('0liqr2joogh8rrls548qkr5hab85heg6', '.eJxVi0EOwiAQRe_C2jRQKMO4NPEIrskwDKFRa2LLynh3MelCl__9914qUttqbKs845zVUY2oDr8wEV9l-T7E_GjLNuxkON9pvl26c9qVv67SWnuUJ-s0ueCT0wBIKCkICHBf1he2drJJyHFxhgG0wUIew4iM2Rcx6v0B0Ik0lw:1q8h4i:Iy6J2lr_paa62bdEEL41IUI9AOIrtV-DMsniQjRtdCE', '2023-06-26 12:55:12.375494'),
('0lomesp0iur0vr9h6a97p7pvv1lsbnrx', '.eJxVi70KwjAQgN8ls5TcpTlyjoKP4ByuyYUUtYJtJvHdjdBB1-_nZaK0rca26jPO2RwNenP4hZOkqy5fIyk92rINOxnOd5lvl96c9uTvq7LWPtGkpIWZbUgcAChDKjlIQVVHXjOQG4msx2IDI6L1MHZYPATK1pn3B9XLM8Y:1q6Vzz:oUd85-tTqzUBfViDD94xg15Aupb2-5HTE6VfpLb8XpU', '2023-06-20 12:41:19.489659'),
('0lweufny5l3cx09s6p0u2ikcu7pdxnpj', '.eJxVi8sKwjAQRf8layl5Ncm4FPwE12EmmZCiVrDNSvrvjdCFri6ce85HRGxrjW3hd5yyOAvtxekXEqY7z98HU3q1eR0OMlyfOD1u3bkcyl9Xcak9IgbI6ElJW6wqiSzovnLUxFyCM1DyaACM4pxRe-28cSGAL4ZYBhbbDuoQNMY:1q7WZH:EHFVxyIUMA3sbfjxj_YY1mm6BOzYLklzbp10dEn9MRE', '2023-06-23 07:29:55.653775'),
('0nzbm0lgnqnuepduszs3pm37obxei4es', '.eJxVi70KwjAQgN8ls5S7tJc0joKP4BwulxwpagXbTOK7W6GDrt_Py0Rua41tKc84ZXM0aA6_LLFcy_wVLPJo89rtpDvfebpdtua0J39f5aVuU0H1MvpMmogdiSjo2IMNrEiKGUKgPPRWlaAAWl-gHxwwJnDEJOb9AcYbNGA:1q8fyf:7PdZWWbAdNTMj_QzwwrXLUM8pLvYgalukfj6jsd3ndw', '2023-06-26 11:44:53.924269'),
('0oqm6dqjk4b7fdr6da46pu0513fdeig4', '.eJxVi0EOwiAQRe_C2jRQKMO4NPEIrskwDKFRa2LLynh3MelCl__9914qUttqbKs845zVUY2oDr8wEV9l-T7E_GjLNuxkON9pvl26c9qVv67SWnuUJ-s0ueCT0wBIKCkICHBf1he2drJJyHFxhgG0wUIew4iM2Rcx6v0B0Ik0lw:1q8gk6:AXe239Rm69AXDSn8zHskzjbMaOU5zSwtj2OBiY0JEvU', '2023-06-26 12:33:54.937590'),
('0rhwlhj0w9j4hxm02ffehshpcyhge3wc', '.eJxVi80KwjAMgN-lZxkr2drEo-AjeC5pk9ChTnDrSXx3J-yg1-_n5RK3taa26DNN4o5ucIdflrlcdf4KLuXR5rXbSXe-83S7bM1pT_6-ykvdJvQgvRgjBEHJijJYAFP1vrBRBAwDZQ5jVjIAQymgPSHGkTUSufcH2uU1NQ:1q8h9b:Z9bJcjChxDRaSyrY7u7lrW-XJCvrke5dl6OYei0rsJI', '2023-06-26 13:00:15.508191'),
('0s3coga2go90qsodctehl9t3tz5mqjti', '.eJxVi70KwjAQgN8ls5S7tJc0joKP4BwulxwpagXbTOK7W6GDrt_Py0Rua41tKc84ZXM0aA6_LLFcy_wVLPJo89rtpDvfebpdtua0J39f5aVuU0H1MvpMmogdiSjo2IMNrEiKGUKgPPRWlaAAWl-gHxwwJnDEJOb9AcYbNGA:1q6U3y:tYivOjIMGp0o_3OFpZpqs7r2-lNxBmgJmpIvw3wIptE', '2023-06-20 10:37:18.334902'),
('0s6ez6cqmhfqqisdy20q53erfhdpbbha', '.eJxVi70OwiAQgN-F2TQHB1dxNPERnMlxQGjUmrRlMr5726SDrt_PRwVuSw1tzlMYkroo3avTL4wsjzzuhkXebVy6g3S3Fw_P-9Zcj-TvqzzXbcrIaBCiYW2ppAQOwHkDDILalrMHgB58iZGMsT5pDeIskSNCZBL1XQGunzMp:1q63GA:iauTU4uBIRWEJLYETktQQXYX_1S3XhihBPk67u6ziDA', '2023-06-19 06:00:06.516764'),
('0swfxvj89mmoiq4uyfevz6cy1tlw3f0j', '.eJxVi70KwjAQgN8ls5S7tJc0joKP4BwulxwpagXbTOK7W6GDrt_Py0Rua41tKc84ZXM0aA6_LLFcy_wVLPJo89rtpDvfebpdtua0J39f5aVuU0H1MvpMmogdiSjo2IMNrEiKGUKgPPRWlaAAWl-gHxwwJnDEJOb9AcYbNGA:1q91iM:rk2EBNfhtSxhlsNHCL-tiP7CR9t9Mtntcb52nw5eAt8', '2023-06-27 10:57:30.901435'),
('0tavdyxzxdgnjwidzbpgl1f7swv3ee2z', '.eJxVi80KwjAMgN-lZxkr2drEo-AjeC5pk9ChTnDrSXx3J-yg1-_n5RK3taa26DNN4o5ucIdflrlcdf4KLuXR5rXbSXe-83S7bM1pT_6-ykvdJvQgvRgjBEHJijJYAFP1vrBRBAwDZQ5jVjIAQymgPSHGkTUSufcH2uU1NQ:1q6Eir:cWdOpKF2qGXSl-3C4OawAjHH7yPJY4gPSfQB_-cngUs', '2023-06-19 18:14:29.704116'),
('0ukn51ng3xh39rh9i1ouli7pp3scpb8r', '.eJxVi0sKwjAQQO-StZROJs3HpeARXIfpZEKKWsE2K-ndG6EL3b7PR0Wqa4l1kXeckjorrU6_bCS-y_wVxPyq89odpLs-aXrcWnM5kr-v0FLaBJqcNw6yMRRYCA0mzDha471GAQspOAkZ3UC-sT7zYG1GDQGZoFfbDpnwM48:1q8gUO:2SEkhHDVEVPXQnqspsTginy4VBDE18kUrBnlp09I_p8', '2023-06-26 12:17:40.016298'),
('0vrrk7yc1q87iiwimaua74v9hij2w60e', '.eJxVi70KwjAQgN_lZilJc7kLjoKP4BwuyYUUtYJtJvHdrdBB1-_nBVH62mJf9BmnAkdgOPyyJPmq81dIzo8-r8NOhvNdpttla0578vc1Wdo2qXdV1fOoaDyyY0y1JGvElsQkjBoseUfBKYY6JipIEmp2hgVz9fD-ALeQNH4:1q91cz:RmjMWWIHRW89Rf1H6HQEqqopcvBFQbwPVRNSs4L6Css', '2023-06-27 10:51:57.543733'),
('0wos1qcst4wbg8tdmpjt8o9wigguco1j', '.eJxVi0sKwjAQQO-StZROJs3HpeARXIfpZEKKWsE2K-ndG6EL3b7PR0Wqa4l1kXeckjorrU6_bCS-y_wVxPyq89odpLs-aXrcWnM5kr-v0FLaBJqcNw6yMRRYCA0mzDha471GAQspOAkZ3UC-sT7zYG1GDQGZoFfbDpnwM48:1q8cMH:v9uIweY-8IEsNIhn7lleuQ5o9slAG4V9aEwnXP0ZQzU', '2023-06-26 07:53:01.379739'),
('0wren0n9nh6263arb7j1oqt6ccz9ahtf', '.eJxVi8sKwjAQRf8laylpOnm5FPwE12FmkiFFrWCblfjvRuhC4a7OPeelEratpraWZ5qzOioT1OEXEvK1LN8HmR9t2YadDOc7zrdLd0678tdVXGuPKFqGkidBEyenIZggQRO57EocXQEkziLg0UfbF8ZMmixa0Cg2evX-AOpGNPA:1q8eXb:KmuHp2TQPHLg4Hn6TLSv7vItHnE0n0288m09PUnGeHY', '2023-06-26 10:12:51.000262'),
('0wtpni65vfxe1w6o9v71e5d588s3rhj5', '.eJxVi80KwjAMgN-lZxkr2drEo-AjeC5pk9ChTnDrSXx3J-yg1-_n5RK3taa26DNN4o5ucIdflrlcdf4KLuXR5rXbSXe-83S7bM1pT_6-ykvdJvQgvRgjBEHJijJYAFP1vrBRBAwDZQ5jVjIAQymgPSHGkTUSufcH2uU1NQ:1q8mEN:pUeY8Y-ZrbPq0q3uCp0I75523GoH6Jl41FaCXhBaNww', '2023-06-26 18:25:31.721545'),
('0xnv1e0py6069rxkdv11atvuhpzpf8en', '.eJxVi70KwjAQgN8ls5TcpTlyjoKP4ByuyYUUtYJtJvHdjdBB1-_nZaK0rca26jPO2RwNenP4hZOkqy5fIyk92rINOxnOd5lvl96c9uTvq7LWPtGkpIWZbUgcAChDKjlIQVVHXjOQG4msx2IDI6L1MHZYPATK1pn3B9XLM8Y:1q6Rwf:zqI3LwGzNxTyEI1Ockf9UVBOIXMcp-enLIosUnefqQw', '2023-06-20 08:21:37.584814'),
('11qghi8q8my9jcylcbf7kchcbsps35yy', '.eJxVi70OwiAQgN-F2TQHB1dxNPERnMlxQGjUmrRlMr5726SDrt_PRwVuSw1tzlMYkroo3avTL4wsjzzuhkXebVy6g3S3Fw_P-9Zcj-TvqzzXbcrIaBCiYW2ppAQOwHkDDILalrMHgB58iZGMsT5pDeIskSNCZBL1XQGunzMp:1q6VGl:BiqnNZv51uZqhcc0g0UnjIQdC6hSTeJZaXxBtYxZmjs', '2023-06-20 11:54:35.122831'),
('1202dbxzm3lwbpsozelw18fjx1vx7p9g', '.eJxVi0sKwjAQQO-StZROJs3HpeARXIfpZEKKWsE2K-ndG6EL3b7PR0Wqa4l1kXeckjorrU6_bCS-y_wVxPyq89odpLs-aXrcWnM5kr-v0FLaBJqcNw6yMRRYCA0mzDha471GAQspOAkZ3UC-sT7zYG1GDQGZoFfbDpnwM48:1q7WBK:bLuw09nUtoTA1T2_aZURyuSKfd0r_fxmch-AIN73HBM', '2023-06-23 07:05:10.848097'),
('14480hkz0x2issfu9w6qjlzeipbkixwf', '.eJxVi80KwjAMgN-lZxkr2drEo-AjeC5pk9ChTnDrSXx3J-yg1-_n5RK3taa26DNN4o5ucIdflrlcdf4KLuXR5rXbSXe-83S7bM1pT_6-ykvdJvQgvRgjBEHJijJYAFP1vrBRBAwDZQ5jVjIAQymgPSHGkTUSufcH2uU1NQ:1q8aPL:J6ayqQAkX3IJN0OTBuqHg62DKPbBDoXg3kX_A9hVZoE', '2023-06-26 05:48:03.778643'),
('14hm1v1xu45lgn8fd36ycl7mqvy7a2yt', '.eJxVi8sKwjAUBf8laylpcpM2LgU_wXW4r5KiVrDNSvx3I3ShZzkz52Uy1q3kuuozz2KOpk_m8AsJ-arL1yDzoy5bt5PufMf5dmnNaU_-fgXX0k4ORj8msMKMoOQj9wTOk5NIoY2cnyCoDaoy2eAHELIuNjtIshrN-wPTsTSc:1q90od:ISEtdvLiBoTNbpSqjK6yxUer5i2T81oqgEdxbNpoUMU', '2023-06-27 09:59:55.706455'),
('158ecngt2vn92dl54l84xf1alb0cajms', '.eJxVi0sKwjAQQO-StZTmMzFxKXgE12FmMiFFrdA2K_HuRuhCt-_zUgnbVlNbZUlTVifl1eGXEfJN5q9A5mebt2Enw-WB0_3am_Oe_H0V19onCESQvXUQrBESU9BkEMaAdmTWpEVG4xhQwNnoegzReDrqyEUXr94fzqI0-Q:1q4FZc:7i_kGI2MMr4bJ2Qe-JcpHv7isWD6oeXrFK1yGiRIiBg', '2023-06-14 06:44:44.980244'),
('1647q8nquwrruqjfdab2pplip41brlhn', '.eJxVi70KwjAQgN_lZilJc7kLjoKP4BwuyYUUtYJtJvHdrdBB1-_nBVH62mJf9BmnAkdgOPyyJPmq81dIzo8-r8NOhvNdpttla0578vc1Wdo2qXdV1fOoaDyyY0y1JGvElsQkjBoseUfBKYY6JipIEmp2hgVz9fD-ALeQNH4:1q91ky:avRe5ZSfP2yiakuzwNUUWUZhI6notbncO5ivFI67kgw', '2023-06-27 11:00:12.932090'),
('16tfqcj4seyc08g4pv45mc9x52hlw481', '.eJxVi70KwjAQgN8ls5S7tJc0joKP4BwulxwpagXbTOK7W6GDrt_Py0Rua41tKc84ZXM0aA6_LLFcy_wVLPJo89rtpDvfebpdtua0J39f5aVuU0H1MvpMmogdiSjo2IMNrEiKGUKgPPRWlaAAWl-gHxwwJnDEJOb9AcYbNGA:1q6S7O:lldUDHgE3nhPD45e4YhPpvKbdM2SbOmTKCHk1oiSz4U', '2023-06-20 08:32:42.685892'),
('19enw3rk5prgnhtft87icxc5h9cuqb4c', '.eJxVi0sKwjAQQO-StZROJs3HpeARXIfpZEKKWsE2K-ndG6EL3b7PR0Wqa4l1kXeckjorrU6_bCS-y_wVxPyq89odpLs-aXrcWnM5kr-v0FLaBJqcNw6yMRRYCA0mzDha471GAQspOAkZ3UC-sT7zYG1GDQGZoFfbDpnwM48:1q8erk:av1h_FIc2zMPfxx6l9xHOn4JekpOMo2CCQd2Wm8P0dA', '2023-06-26 10:33:40.875104'),
('19nnz5w4x4qfb5bsyvpvsijoeyszjznf', '.eJxVi70KwjAQgN8ls5S7tJc0joKP4BwulxwpagXbTOK7W6GDrt_Py0Rua41tKc84ZXM0aA6_LLFcy_wVLPJo89rtpDvfebpdtua0J39f5aVuU0H1MvpMmogdiSjo2IMNrEiKGUKgPPRWlaAAWl-gHxwwJnDEJOb9AcYbNGA:1q7JCp:2YawUkRNsIGAcCaPaMK3d96ce5u6r9pY2IeLLhNoCfM', '2023-06-22 17:13:51.895548'),
('1c920fcw7fh69j5osmle0ifuicg54j1o', '.eJxVi8sKwjAQRf8laymTyROXgp_gOkwmU1LUCrZZSf-9EbrQ5T33nI9K1Naa2iLvNBV1VqjV6Rdm4rvM34eYX21eh4MM1ydNj1t3Lofy11Vaao8cZM-RnQgEQItZ-wLWgAlgsRgpMY-CPAIWAWb23msdYh9Rk0NW2w7LDDR-:1q3sua:rYSigpvAa6pgd-exQq_dDFz34tQVpcWkcZBZNm-bi2Q', '2023-06-13 06:32:52.408068'),
('1cno1ltrjatb00y2v9o3zy7tz1dn242p', '.eJxVi0sKwjAQQO-StZROJs3HpeARXIfpZEKKWsE2K-ndG6EL3b7PR0Wqa4l1kXeckjorrU6_bCS-y_wVxPyq89odpLs-aXrcWnM5kr-v0FLaBJqcNw6yMRRYCA0mzDha471GAQspOAkZ3UC-sT7zYG1GDQGZoFfbDpnwM48:1q91Hq:M2HMvCCqe8URIPjI1y-b_mC8nRHHdHzUvWNTbp6wMwA', '2023-06-27 10:30:06.569055'),
('1dga3xk5q5wcdcdpckkugiyyf02x9xdb', '.eJxVi70KwjAQgN8ls5S7tJc0joKP4BwulxwpagXbTOK7W6GDrt_Py0Rua41tKc84ZXM0aA6_LLFcy_wVLPJo89rtpDvfebpdtua0J39f5aVuU0H1MvpMmogdiSjo2IMNrEiKGUKgPPRWlaAAWl-gHxwwJnDEJOb9AcYbNGA:1q63qe:55usy5km2H8k8LJvLgWTTgcDntHhUGmol-FIFQIZmaI', '2023-06-19 06:37:48.884614'),
('1drtmi07zwk81a7j6skou6yop3hrgt5x', '.eJxVi80KwjAMgN-lZxkr2drEo-AjeC5pk9ChTnDrSXx3J-yg1-_n5RK3taa26DNN4o5ucIdflrlcdf4KLuXR5rXbSXe-83S7bM1pT_6-ykvdJvQgvRgjBEHJijJYAFP1vrBRBAwDZQ5jVjIAQymgPSHGkTUSufcH2uU1NQ:1q8WO3:ALeIMYV-oZQFSAbCi1C8iI2wY9Z8MOWLXDpIJXfO2c4', '2023-06-26 01:30:27.440063'),
('1hkaht3r4pusng2vn09kf18v0quy24fs', '.eJxVi70KwjAQgN8ls5S7tJc0joKP4BwulxwpagXbTOK7W6GDrt_Py0Rua41tKc84ZXM0aA6_LLFcy_wVLPJo89rtpDvfebpdtua0J39f5aVuU0H1MvpMmogdiSjo2IMNrEiKGUKgPPRWlaAAWl-gHxwwJnDEJOb9AcYbNGA:1q8mfc:LkLg3iUV1MUmQrMPA8om2fVz8cM4IT4HaVUpMro3jhU', '2023-06-26 18:53:40.729158'),
('1rm98d9te63j198ptbr1902lp8rhvzot', '.eJxVi80KwjAMgN-lZxkr2drEo-AjeC5pk9ChTnDrSXx3J-yg1-_n5RK3taa26DNN4o5ucIdflrlcdf4KLuXR5rXbSXe-83S7bM1pT_6-ykvdJvQgvRgjBEHJijJYAFP1vrBRBAwDZQ5jVjIAQymgPSHGkTUSufcH2uU1NQ:1q6ngt:uknViWPKuhLso-HVfe4Y-qEUAFSMhGQVj-LR_OnOzeE', '2023-06-21 07:34:47.931252'),
('1sm0w99iul9qe1cs1mu81t4daml87hb4', '.eJxVi0sKwjAQQO-StZROJs3HpeARXIfpZEKKWsE2K-ndG6EL3b7PR0Wqa4l1kXeckjorrU6_bCS-y_wVxPyq89odpLs-aXrcWnM5kr-v0FLaBJqcNw6yMRRYCA0mzDha471GAQspOAkZ3UC-sT7zYG1GDQGZoFfbDpnwM48:1q8h4J:2lSItp1ML7UY8AiOYzPJTG7UIIkjYDSiIy8Blkk_ouo', '2023-06-26 12:54:47.278368'),
('1ucm1gbs5z5l60vupoz8qerv4c34qab8', '.eJxVi0sKwjAQQO-StZROJs3HpeARXIfpZEKKWsE2K-ndG6EL3b7PR0Wqa4l1kXeckjorrU6_bCS-y_wVxPyq89odpLs-aXrcWnM5kr-v0FLaBJqcNw6yMRRYCA0mzDha471GAQspOAkZ3UC-sT7zYG1GDQGZoFfbDpnwM48:1q92Zy:H6Ry32677uwi79fVKRTNe5ZGsu5iKFoDaagTA1L-7l8', '2023-06-27 11:52:54.957992'),
('1v12feeeyg2jr3a374l0hi3ir1h4u403', '.eJxVi80KwjAMgN-lZxkr2drEo-AjeC5pk9ChTnDrSXx3J-yg1-_n5RK3taa26DNN4o5ucIdflrlcdf4KLuXR5rXbSXe-83S7bM1pT_6-ykvdJvQgvRgjBEHJijJYAFP1vrBRBAwDZQ5jVjIAQymgPSHGkTUSufcH2uU1NQ:1q6ErG:sIejviNfniLSjB5l8zVmLICQN22ZKdWTXVtsvy2QvSo', '2023-06-19 18:23:10.944978'),
('1zuah37c61f42y73rlnhriwec3hixxi5', '.eJxVi70KwjAQgN_lZilJc7kLjoKP4BwuyYUUtYJtJvHdrdBB1-_nBVH62mJf9BmnAkdgOPyyJPmq81dIzo8-r8NOhvNdpttla0578vc1Wdo2qXdV1fOoaDyyY0y1JGvElsQkjBoseUfBKYY6JipIEmp2hgVz9fD-ALeQNH4:1q91Em:OeAv6QMJrr1FZXARcKqdCspWaO7fDe9p2o_FZCR-g0M', '2023-06-27 10:26:56.897028'),
('204r7ocr3iosb5dxjhsxwx0u2519gqwt', '.eJxVi70KwjAQgN8ls5TcpTlyjoKP4ByuyYUUtYJtJvHdjdBB1-_nZaK0rca26jPO2RwNenP4hZOkqy5fIyk92rINOxnOd5lvl96c9uTvq7LWPtGkpIWZbUgcAChDKjlIQVVHXjOQG4msx2IDI6L1MHZYPATK1pn3B9XLM8Y:1q6sTN:NAosbDTrZ6Uup7gwk9xEU6-LqktXIN3JR0hWCYJAYVc', '2023-06-21 12:41:09.701267'),
('22cvxn71aj54hnx4v46jt1enz3hfxjfe', '.eJxVi70OwiAQgN-F2TQHB1dxNPERnMlxQGjUmrRlMr5726SDrt_PRwVuSw1tzlMYkroo3avTL4wsjzzuhkXebVy6g3S3Fw_P-9Zcj-TvqzzXbcrIaBCiYW2ppAQOwHkDDILalrMHgB58iZGMsT5pDeIskSNCZBL1XQGunzMp:1q8czC:OhtRv4o1JKBvmrfGnRaeBKtPEZpNmfO4qRg_929sI-8', '2023-06-26 08:33:14.514887'),
('22vo9z1sr6os7joq972j0dwmd1dvhhvs', '.eJxVi8sKwjAQRf8laylpOnm5FPwE12FmkiFFrWCblfjvRuhC4a7OPeelEratpraWZ5qzOioT1OEXEvK1LN8HmR9t2YadDOc7zrdLd0678tdVXGuPKFqGkidBEyenIZggQRO57EocXQEkziLg0UfbF8ZMmixa0Cg2evX-AOpGNPA:1q6s6d:e3r1iiG_s6Wy2Z8OHW5TZrCi05DyB5elZA27htcu2jU', '2023-06-21 12:17:39.536460'),
('269vxnq9q028ntdd0z3lwqmovr7q8x89', '.eJxVi0sKwjAQhu-StRQzpn9bl4JHcB0mMxNa1Aq2WYl3N0IXuv0eLxe5rGMsiz3jpO7o4Ha_LLFcbf4KFnmUeW020pzvPN0utTltyd838jLWqUdmGDFlT0mDgrwE2zOZQBFAOYgKYFWztUktkfadH_IBA7rWvT_ZzTUz:1q90xL:GlUJI-CsUfI4yu2rnKs1c6GWM4ol6vx55oneI90AlZ4', '2023-06-27 10:08:55.946634'),
('26sekt1zui3xeno6wq5w9qdond67bq0q', '.eJxVi70OwiAQgN-F2TQHB1dxNPERnMlxQGjUmrRlMr5726SDrt_PRwVuSw1tzlMYkroo3avTL4wsjzzuhkXebVy6g3S3Fw_P-9Zcj-TvqzzXbcrIaBCiYW2ppAQOwHkDDILalrMHgB58iZGMsT5pDeIskSNCZBL1XQGunzMp:1q6V3i:-a3Ats7bOxpJShBE16IzEv0crhjwYRWhL1D8urIovco', '2023-06-20 11:41:06.163408'),
('27z06l1rn06bt8k7dn7jzb5z3i3164u0', '.eJxVi70KwjAQgN8ls5S7tJc0joKP4BwulxwpagXbTOK7W6GDrt_Py0Rua41tKc84ZXM0aA6_LLFcy_wVLPJo89rtpDvfebpdtua0J39f5aVuU0H1MvpMmogdiSjo2IMNrEiKGUKgPPRWlaAAWl-gHxwwJnDEJOb9AcYbNGA:1q3YyF:64wNvRxmj-FHtWsk2AXXCdERL21PKHafkWzWsR0Bkpo', '2023-06-12 09:15:19.380558'),
('28fpn7yip3q2bgjrcykgpeafwsefii8e', '.eJxVi70KwjAQgN8ls5TcpTlyjoKP4ByuyYUUtYJtJvHdjdBB1-_nZaK0rca26jPO2RwNenP4hZOkqy5fIyk92rINOxnOd5lvl96c9uTvq7LWPtGkpIWZbUgcAChDKjlIQVVHXjOQG4msx2IDI6L1MHZYPATK1pn3B9XLM8Y:1q7A4h:t3IxHZ5AAdqs5hFDYH58JoXR5wDIbg-3wsma33AOd7o', '2023-06-22 07:28:51.110658'),
('2cd0q72vudcczb698szu5ucivcmi3yvz', '.eJxVi0sKwjAQQO-StZTmMzFxKXgE12FmMiFFrdA2K_HuRuhCt-_zUgnbVlNbZUlTVifl1eGXEfJN5q9A5mebt2Enw-WB0_3am_Oe_H0V19onCESQvXUQrBESU9BkEMaAdmTWpEVG4xhQwNnoegzReDrqyEUXr94fzqI0-Q:1q3Yqu:ipVNcC8Wh07rHhIbtMm_jTfS78EIaPPWorrUFR0homA', '2023-06-12 09:07:44.190729'),
('2cldy06gudmzedec8ozlnyqqvw21uqpu', '.eJxVi70OwiAQgN-F2TQHB1dxNPERnMlxQGjUmrRlMr5726SDrt_PRwVuSw1tzlMYkroo3avTL4wsjzzuhkXebVy6g3S3Fw_P-9Zcj-TvqzzXbcrIaBCiYW2ppAQOwHkDDILalrMHgB58iZGMsT5pDeIskSNCZBL1XQGunzMp:1q6PV2:pCgtrJb0UURlgmAQB7tP0WgKX5yY2ctNndhWqE-cfsA', '2023-06-20 05:44:56.841824'),
('2d8dfb384ohj0ki71yr3qf5zhxzzhtmo', '.eJxVi70KwjAQgN8ls5S7tJc0joKP4BwulxwpagXbTOK7W6GDrt_Py0Rua41tKc84ZXM0aA6_LLFcy_wVLPJo89rtpDvfebpdtua0J39f5aVuU0H1MvpMmogdiSjo2IMNrEiKGUKgPPRWlaAAWl-gHxwwJnDEJOb9AcYbNGA:1q8ytB:vjMscdq7yUFV8GnsSN4WmGsQ5Wdc_hdJ4UUjIJATTIg', '2023-06-27 07:56:29.189306'),
('2iuzroxktp057nh5d4urji2hnlusksba', '.eJxVi70KwjAQgN8ls5QzCZeco-AjdA6X3IUUtYJtJvHdrdBB1-_nZRL3taW-6DNNYk7Gojn8wszlqvPXcCmPPq_DTobLnafbuDXnPfn7Gi9tm5RiDJ4yQhXvINZjUCF0DJrReqoC4sCRuohVRTEHJLUFJFjR4s37A9W6NPc:1q92PB:0c_WNNfIkIFIH4wLcSgKsMhy5KhGDW0MXiBPyOSqZcw', '2023-06-27 11:41:45.013548'),
('2izt1icwo3n7a66edl504zeojwb2wive', '.eJxVi0sKwjAQQO-StZROJs3HpeARXIfpZEKKWsE2K-ndG6EL3b7PR0Wqa4l1kXeckjorrU6_bCS-y_wVxPyq89odpLs-aXrcWnM5kr-v0FLaBJqcNw6yMRRYCA0mzDha471GAQspOAkZ3UC-sT7zYG1GDQGZoFfbDpnwM48:1q8etx:8-RnnN_FIGdNv3Cx8Vhi9UnA0XKpv8-rlmZgUCbHQA4', '2023-06-26 10:35:57.274875'),
('2kzn553wnx9jlu3d3tw3c8q0k12dp3vj', '.eJxVi0sKwjAQQO-StZROJs3HpeARXIfpZEKKWsE2K-ndG6EL3b7PR0Wqa4l1kXeckjorrU6_bCS-y_wVxPyq89odpLs-aXrcWnM5kr-v0FLaBJqcNw6yMRRYCA0mzDha471GAQspOAkZ3UC-sT7zYG1GDQGZoFfbDpnwM48:1q6n4v:-CPab19U2gcKi7g_b3v6WWgl4DgpyMx0InUMjbuMsQA', '2023-06-21 06:55:33.255534'),
('2lor11h1oj6tznzqlfos1aoh1tm1q8zp', '.eJxVjDEOwjAMRe-SGVUusaOUEYkjdI4c21UqoEi0mRB3h0od2vX99_7HJa5LSXW2dxrVXVxwpz3LLHeb1oFFXnVamo00tyePj_7vXDfl0BWey_rmMWbtiEigJUBlr0DEEXLwkAc6IzFKDkPLJgGgsyiIaqpkoOC-P6JnNIg:1q6VXE:01ZwZnmOdgHWUpYJO-lx6te0ZKZsBsm5bLwcTvgeC90', '2023-06-20 12:11:36.283904'),
('2m3p42e9qt6a41k9u624uasyjhj20710', '.eJxVi70OwiAQgN-F2TTAAYeOJj6CM7k7IDRqTdoyGd_dmnTQ9ft5qUR9bakvZU5jVicFXh1-IZPcyvQ1JPLs0zrsZLg8aLxft-a8J39fo6VtExMgcNSUOQQTBTyBBae5RGdzNgapoJARrKUGCxqZizNcCcjDEdX7A-WANRg:1q8ekl:TfLADQwwE0kEeDiUBiMpdztrbXmbv5mcKr67sx8iwLQ', '2023-06-26 10:26:27.453252'),
('2o6h5gybalzpzq21b0epaf89d3mc2mnz', '.eJxVi70KwjAQgN8ls5S7tJc0joKP4BwulxwpagXbTOK7W6GDrt_Py0Rua41tKc84ZXM0aA6_LLFcy_wVLPJo89rtpDvfebpdtua0J39f5aVuU0H1MvpMmogdiSjo2IMNrEiKGUKgPPRWlaAAWl-gHxwwJnDEJOb9AcYbNGA:1q6EcU:OEm87dOWWkEiudUm65OtcxuZoNs3fSK2ZvGmZ7SplWs', '2023-06-19 18:07:54.237087'),
('2obbakuds0wo49y73iv06nyq8drzynnb', '.eJxVi70KwjAQgN8ls5S7tJc0joKP4BwulxwpagXbTOK7W6GDrt_Py0Rua41tKc84ZXM0aA6_LLFcy_wVLPJo89rtpDvfebpdtua0J39f5aVuU0H1MvpMmogdiSjo2IMNrEiKGUKgPPRWlaAAWl-gHxwwJnDEJOb9AcYbNGA:1q64E1:vy0wrjAyCn3idHo3pEtqnGeNsxQbNUm0llbVKr7T5u0', '2023-06-19 07:01:57.081346'),
('2p8r6bcuu66xi41so6ju2100rvpvpz8w', '.eJxVi0sKwjAQQO-StZROJs3HpeARXIfpZEKKWsE2K-ndG6EL3b7PR0Wqa4l1kXeckjorrU6_bCS-y_wVxPyq89odpLs-aXrcWnM5kr-v0FLaBJqcNw6yMRRYCA0mzDha471GAQspOAkZ3UC-sT7zYG1GDQGZoFfbDpnwM48:1q7aJB:gL9emrTr2hGquWHiKRMgQ2rsITJ1wtWascAm77h-spw', '2023-06-23 11:29:33.732345'),
('2pjh26tv7g3b06vdz7tbzj2u6usi9n8j', '.eJxVi0sKwjAQQO-StZROJs3HpeARXIfpZEKKWsE2K-ndG6EL3b7PR0Wqa4l1kXeckjorrU6_bCS-y_wVxPyq89odpLs-aXrcWnM5kr-v0FLaBJqcNw6yMRRYCA0mzDha471GAQspOAkZ3UC-sT7zYG1GDQGZoFfbDpnwM48:1q4amh:fu_JDfg1CKB1KXui4PZA8J-4FbvWxfhMAivYCrkd33k', '2023-06-15 05:23:39.656371'),
('2pvuzu1wdh570orj9kji1tlkqac41a9f', '.eJxVi0sKwjAQQO-StZROJs3HpeARXIfpZEKKWsE2K-ndG6EL3b7PR0Wqa4l1kXeckjorrU6_bCS-y_wVxPyq89odpLs-aXrcWnM5kr-v0FLaBJqcNw6yMRRYCA0mzDha471GAQspOAkZ3UC-sT7zYG1GDQGZoFfbDpnwM48:1q6Sw8:UoYQ1nLClz9qfrUpSCYNw-1AczO8HkDCFRvdo2l_bZY', '2023-06-20 09:25:08.289095'),
('2r2fgm66ous9i4fn0io0yigkkrktjtkf', '.eJxVi70KwjAQgN8ls5TctUnuHAUfwTlcLikpagXbTOK7W6GDrt_Py0Rpa41tKc84ZXM0wObwC5PotcxfI6qPNq_dTrrzXabbZWtOe_L3VVnqNo1Fc0ZBYS_kOSBaVvKJhVAckAQoNoEndCNCGobc92SdC4yaFci8P904NBs:1q7aIN:QEoE5GN_Sg3vpeTzplcYeLqbWBcd2-fghd0IJUcceP8', '2023-06-23 11:28:43.218228'),
('2rkhp9ldyvgiu00t3awppg9fierpv301', '.eJxVi70OwiAQgN-F2TQHB1dxNPERnMlxQGjUmrRlMr5726SDrt_PRwVuSw1tzlMYkroo3avTL4wsjzzuhkXebVy6g3S3Fw_P-9Zcj-TvqzzXbcrIaBCiYW2ppAQOwHkDDILalrMHgB58iZGMsT5pDeIskSNCZBL1XQGunzMp:1q8dv1:KFrhMTU0FIgkOmXTIyRm_EuAk1Ik2gp28mRnP10SfpA', '2023-06-26 09:32:59.843508'),
('2t51uywi9iap9rk7ysk7dfjy9iv29gcp', '.eJxVi80KwjAMgN-lZxkr2drEo-AjeC5pk9ChTnDrSXx3J-yg1-_n5RK3taa26DNN4o5ucIdflrlcdf4KLuXR5rXbSXe-83S7bM1pT_6-ykvdJvQgvRgjBEHJijJYAFP1vrBRBAwDZQ5jVjIAQymgPSHGkTUSufcH2uU1NQ:1q911m:x66Y2-aMsLaLe9Y1vCOMEpStY6O_V3qYPrEc3ojDm1Y', '2023-06-27 10:13:30.259849'),
('2up3v52xgzufncjf4i6yon7578r2h1ly', '.eJxVi8sKwjAQRf8laylpOnm5FPwE12FmkiFFrWCblfjvRuhC4a7OPeelEratpraWZ5qzOioT1OEXEvK1LN8HmR9t2YadDOc7zrdLd0678tdVXGuPKFqGkidBEyenIZggQRO57EocXQEkziLg0UfbF8ZMmixa0Cg2evX-AOpGNPA:1q8eFn:cWwh743t_vjbz-8aA1giJrZepqlZlwZ0eG3k264XDMQ', '2023-06-26 09:54:27.938874'),
('2vcg25cqmgk1wls7rej0z2s0skuzuujt', '.eJxVi70KwjAQgN8ls5TcpTlyjoKP4ByuyYUUtYJtJvHdjdBB1-_nZaK0rca26jPO2RwNenP4hZOkqy5fIyk92rINOxnOd5lvl96c9uTvq7LWPtGkpIWZbUgcAChDKjlIQVVHXjOQG4msx2IDI6L1MHZYPATK1pn3B9XLM8Y:1q8hGQ:D6aOjNdgsf7BHKMhIIvNMVmeZEdCQA6YKOPfb9s7sKU', '2023-06-26 13:07:18.953373'),
('2vok1pjqa2q8cu921cfjnq9vo9gqtulx', '.eJxVi8sKwjAQRf8layl5Ncm4FPwE12EmmZCiVrDNSvrvjdCFri6ce85HRGxrjW3hd5yyOAvtxekXEqY7z98HU3q1eR0OMlyfOD1u3bkcyl9Xcak9IgbI6ElJW6wqiSzovnLUxFyCM1DyaACM4pxRe-28cSGAL4ZYBhbbDuoQNMY:1q6Swj:v4ltKPMLuVE75MylXdw2bGHPoKZ74Z3IkC7xgZV6fFs', '2023-06-20 09:25:45.440351'),
('2xuuzcrqwhhry68ehslznrdpo85476wj', '.eJxVi0EKwjAQRe-StRSSdCaJS8EjuA6TmYQUtYJtVtK7N0IXuvrw_nsfFamtNbYlv-Mk6qw0qNMvTMT3PH8fYn61eR0OMlyfND1u3bkcyl9Xaak98hwQTMk69_HWidhgUFJmb4PzY0pcWIwQmYJhRKCktUEIBICOndp24bM0wQ:1q92aX:K22UQHSMhMzB1SdoanFOBMoCqixT2oBY1-oKY6_9RS4', '2023-06-27 11:53:29.975805'),
('306p77ewywhw0p7fr59w7tgdsrv00ozs', '.eJxVi8sKwjAQRf8laylpOnm5FPwE12FmkiFFrWCblfjvRuhC4a7OPeelEratpraWZ5qzOioT1OEXEvK1LN8HmR9t2YadDOc7zrdLd0678tdVXGuPKFqGkidBEyenIZggQRO57EocXQEkziLg0UfbF8ZMmixa0Cg2evX-AOpGNPA:1q91y0:Sec9XEbdwdebcJ5MrshV80gmTFS3SNjx65XMwWvew9g', '2023-06-27 11:13:40.824928'),
('34mkz1xamz207uvxij2c718siopqz3f8', '.eJxVi70KwjAQgN8ls5QzCZeco-AjdA6X3IUUtYJtJvHdrdBB1-_nZRL3taW-6DNNYk7Gojn8wszlqvPXcCmPPq_DTobLnafbuDXnPfn7Gi9tm5RiDJ4yQhXvINZjUCF0DJrReqoC4sCRuohVRTEHJLUFJFjR4s37A9W6NPc:1q6Rtj:N6RrozOhKDBX56evquCVzmF9FOiliczCUdNs-Re5Ikk', '2023-06-20 08:18:35.900681'),
('358uoor6yx5qlvyfvifc37p9qz5xrbqa', '.eJxVi70OwiAQgN-F2TQHB1dxNPERnMlxQGjUmrRlMr5726SDrt_PRwVuSw1tzlMYkroo3avTL4wsjzzuhkXebVy6g3S3Fw_P-9Zcj-TvqzzXbcrIaBCiYW2ppAQOwHkDDILalrMHgB58iZGMsT5pDeIskSNCZBL1XQGunzMp:1q7ACO:rSOhXoF3_czVY197qSw-yTaP03QguoTqZpmqHHlKqQ0', '2023-06-22 07:36:48.472527'),
('35lze86ktp20ia6de5wzbhik5vpijjqh', '.eJxVi70KwjAQgN_lZilJc7kLjoKP4BwuyYUUtYJtJvHdrdBB1-_nBVH62mJf9BmnAkdgOPyyJPmq81dIzo8-r8NOhvNdpttla0578vc1Wdo2qXdV1fOoaDyyY0y1JGvElsQkjBoseUfBKYY6JipIEmp2hgVz9fD-ALeQNH4:1q91gH:6JqkQ_ml7lSPTD8WK6qAGktRcYzj6mXnxac3QU8MVA0', '2023-06-27 10:55:21.071559'),
('36184t56x7wl149fxgrlbjajihdj4obj', '.eJxVi70KwjAQgN8ls5S7tJc0joKP4BwulxwpagXbTOK7W6GDrt_Py0Rua41tKc84ZXM0aA6_LLFcy_wVLPJo89rtpDvfebpdtua0J39f5aVuU0H1MvpMmogdiSjo2IMNrEiKGUKgPPRWlaAAWl-gHxwwJnDEJOb9AcYbNGA:1q6Ovu:65QpkCHjseOfTtrQScqKzAZaTFiC-6biKxvOeiRNxr4', '2023-06-20 05:08:38.535618'),
('388gma96kcnhp35zk13k920ul7yswy5b', '.eJxVi70KwjAQgN8ls5S7tJc0joKP4BwulxwpagXbTOK7W6GDrt_Py0Rua41tKc84ZXM0aA6_LLFcy_wVLPJo89rtpDvfebpdtua0J39f5aVuU0H1MvpMmogdiSjo2IMNrEiKGUKgPPRWlaAAWl-gHxwwJnDEJOb9AcYbNGA:1q5j6g:4jYj7IwKTUZMng9lZlDVaeQTXv3ZdxjtxlMfykM0ceg', '2023-06-18 08:28:58.379453'),
('3a27d44trzw5wcr4epysfc46i8h3nhk8', '.eJxVi70KwjAQgN8ls5S7tJc0joKP4BwulxwpagXbTOK7W6GDrt_Py0Rua41tKc84ZXM0aA6_LLFcy_wVLPJo89rtpDvfebpdtua0J39f5aVuU0H1MvpMmogdiSjo2IMNrEiKGUKgPPRWlaAAWl-gHxwwJnDEJOb9AcYbNGA:1q8h7A:h0aNJvd0TPg2-gqb7DvqgScQTysy0WHD-Ok_NhXSc_s', '2023-06-26 12:57:44.804757'),
('3ceymtnrft92qf8u7mqpu90udzwsgsj9', '.eJxVi8sKwjAUBf8laylpcpM2LgU_wXW4r5KiVrDNSvx3I3ShZzkz52Uy1q3kuuozz2KOpk_m8AsJ-arL1yDzoy5bt5PufMf5dmnNaU_-fgXX0k4ORj8msMKMoOQj9wTOk5NIoY2cnyCoDaoy2eAHELIuNjtIshrN-wPTsTSc:1q8geA:cViK7Zf56IIW79HN8Eh4lJN-OP-GPxzaeNpVNxMAx7I', '2023-06-26 12:27:46.224244'),
('3e6ao9gxkpj56lm5w4iyx0ggxgxyj5qv', '.eJxVi70KwjAQgN8ls5S7tJc0joKP4BwulxwpagXbTOK7W6GDrt_Py0Rua41tKc84ZXM0aA6_LLFcy_wVLPJo89rtpDvfebpdtua0J39f5aVuU0H1MvpMmogdiSjo2IMNrEiKGUKgPPRWlaAAWl-gHxwwJnDEJOb9AcYbNGA:1q6U18:pjv_83EqgXi63iVSVYLTYHQLkhnlt2fTfHobme7z5I8', '2023-06-20 10:34:22.007839'),
('3ghxfqjfayf0baxijlpp0nhoowe3bx3b', '.eJxVi70KwjAQgN8ls5S7tJc0joKP4BwulxwpagXbTOK7W6GDrt_Py0Rua41tKc84ZXM0aA6_LLFcy_wVLPJo89rtpDvfebpdtua0J39f5aVuU0H1MvpMmogdiSjo2IMNrEiKGUKgPPRWlaAAWl-gHxwwJnDEJOb9AcYbNGA:1q7Yto:Muztvjzb4c59H37GmvwTTDRUqzlkRta5OEkhV_e5VmI', '2023-06-23 09:59:16.830365'),
('3gjzndjdi9kx9r8h26c0h5qs8clwxij9', '.eJxVi0sKwjAQQO-StZROJs3HpeARXIfpZEKKWsE2K-ndG6EL3b7PR0Wqa4l1kXeckjorrU6_bCS-y_wVxPyq89odpLs-aXrcWnM5kr-v0FLaBJqcNw6yMRRYCA0mzDha471GAQspOAkZ3UC-sT7zYG1GDQGZoFfbDpnwM48:1q4Kzi:-XA8nwIDrDeUsRYilhRVpjTuFWGoOboTQvNizxlhIV0', '2023-06-14 12:32:02.494867'),
('3i8ykqqtrvicq0gsblfvvurqrvjkh1n9', '.eJxVjDEOwjAMRe-SGVUusaOUEYkjdI4c21UqoEi0mRB3h0od2vX99_7HJa5LSXW2dxrVXVxwpz3LLHeb1oFFXnVamo00tyePj_7vXDfl0BWey_rmMWbtiEigJUBlr0DEEXLwkAc6IzFKDkPLJgGgsyiIaqpkoOC-P6JnNIg:1q4eQJ:-DKKvJJ-HSvonk8CSoSnskRMylw5RT4jUKKclFeMOLI', '2023-06-15 09:16:47.296748'),
('3iqro36gnaefhsu0umvzmljz7lzhz4eb', '.eJxVi8sKwjAQRf8laylpOnm5FPwE12FmkiFFrWCblfjvRuhC4a7OPeelEratpraWZ5qzOioT1OEXEvK1LN8HmR9t2YadDOc7zrdLd0678tdVXGuPKFqGkidBEyenIZggQRO57EocXQEkziLg0UfbF8ZMmixa0Cg2evX-AOpGNPA:1q8dm2:7EyWwopf2FtsAP4Ujq-J8R_3MoBkI7uQgPCgSA6UwBE', '2023-06-26 09:23:42.782311'),
('3jnf145welmpeougdm6qyd2lhc8ehj3e', '.eJxVjDEOwjAMRe-SGVUusaOUEYkjdI4c21UqoEi0mRB3h0od2vX99_7HJa5LSXW2dxrVXVxwpz3LLHeb1oFFXnVamo00tyePj_7vXDfl0BWey_rmMWbtiEigJUBlr0DEEXLwkAc6IzFKDkPLJgGgsyiIaqpkoOC-P6JnNIg:1q4bBi:0t_nzweBWalxa8WStUDHSzGg-_ruziVzVeC9yGkxq2Q', '2023-06-15 05:49:30.160579'),
('3kg5a510rh3apg1ol4665mieosgv45v9', '.eJxVi70KwjAQgN8ls5S7tJc0joKP4BwulxwpagXbTOK7W6GDrt_Py0Rua41tKc84ZXM0aA6_LLFcy_wVLPJo89rtpDvfebpdtua0J39f5aVuU0H1MvpMmogdiSjo2IMNrEiKGUKgPPRWlaAAWl-gHxwwJnDEJOb9AcYbNGA:1q7A4S:MPxpBrT1qt1LHJ5VZNnQtWwi_264V6mt2yHcte2VvGQ', '2023-06-22 07:28:36.320598'),
('3kr7h9c202gh4cg4py5na26tgxwey1ju', '.eJxVi70KwjAQgN8ls5S7tJc0joKP4BwulxwpagXbTOK7W6GDrt_Py0Rua41tKc84ZXM0aA6_LLFcy_wVLPJo89rtpDvfebpdtua0J39f5aVuU0H1MvpMmogdiSjo2IMNrEiKGUKgPPRWlaAAWl-gHxwwJnDEJOb9AcYbNGA:1q6P2E:_G1jQW3RmFVCOdXMqtxPHSsXmv1VCvSUW25L9TqeWw8', '2023-06-20 05:15:10.574097'),
('3l3avy8q8xymdtrtqngiqs1j8iywje6d', '.eJxVi0sKwjAQQO-StZROJs3HpeARXIfpZEKKWsE2K-ndG6EL3b7PR0Wqa4l1kXeckjorrU6_bCS-y_wVxPyq89odpLs-aXrcWnM5kr-v0FLaBJqcNw6yMRRYCA0mzDha471GAQspOAkZ3UC-sT7zYG1GDQGZoFfbDpnwM48:1q8aDA:PPd00cs5Ja5sEcPVEgwIr-6vO9Lirfe1KfhE7kyWFcY', '2023-06-26 05:35:28.215960'),
('3lm39b2i6mheakeva09orbelm68cqoil', '.eJxVi0EOwiAQRe_C2jRQKMO4NPEIrskwDKFRa2LLynh3MelCl__9914qUttqbKs845zVUY2oDr8wEV9l-T7E_GjLNuxkON9pvl26c9qVv67SWnuUJ-s0ueCT0wBIKCkICHBf1he2drJJyHFxhgG0wUIew4iM2Rcx6v0B0Ik0lw:1q93Dw:-Dn2N_kE3SUFUm90sHz3j9xG9XsckshNfS1RsWQeCI0', '2023-06-27 12:34:12.686227'),
('3lz4cd0aic0jgehcg4ru0vcakwxqxefl', '.eJxVi70OwiAQgN-F2TQHB1dxNPERnMlxQGjUmrRlMr5726SDrt_PRwVuSw1tzlMYkroo3avTL4wsjzzuhkXebVy6g3S3Fw_P-9Zcj-TvqzzXbcrIaBCiYW2ppAQOwHkDDILalrMHgB58iZGMsT5pDeIskSNCZBL1XQGunzMp:1q6SWf:iiHZgCzryt9Cj-Bmg4HV_cf6DwVDPhcwz6SGZfc8UIw', '2023-06-20 08:58:49.939631'),
('3m9aitmx4k00f073xos7w6jxcv4ahu4m', '.eJxVi0sKwjAQQO-StZROJs3HpeARXIfpZEKKWsE2K-ndG6EL3b7PR0Wqa4l1kXeckjorrU6_bCS-y_wVxPyq89odpLs-aXrcWnM5kr-v0FLaBJqcNw6yMRRYCA0mzDha471GAQspOAkZ3UC-sT7zYG1GDQGZoFfbDpnwM48:1q8c3V:gW5S2s6iYv6KujzWsIjLz6AyGLxgcTiWpmcr8Vzfz3U', '2023-06-26 07:33:37.690115'),
('3n6uc4fbycqi0rupvcus7kmm0muitlf4', '.eJxVi8sKwjAQRf8laylpOnm5FPwE12FmkiFFrWCblfjvRuhC4a7OPeelEratpraWZ5qzOioT1OEXEvK1LN8HmR9t2YadDOc7zrdLd0678tdVXGuPKFqGkidBEyenIZggQRO57EocXQEkziLg0UfbF8ZMmixa0Cg2evX-AOpGNPA:1q92xm:_LCjGx9Tze8GwzpiVTt8HFNdMYLLeo4cFyFORkEtKDM', '2023-06-27 12:17:30.707283'),
('3qp9qkmz7q20ye2efa9u31cx0wryhsl6', '.eJxVi0sKwjAQQO-StZROJs3HpeARXIfpZEKKWsE2K-ndG6EL3b7PR0Wqa4l1kXeckjorrU6_bCS-y_wVxPyq89odpLs-aXrcWnM5kr-v0FLaBJqcNw6yMRRYCA0mzDha471GAQspOAkZ3UC-sT7zYG1GDQGZoFfbDpnwM48:1q6Efh:iCxZZFYsQ8bXx1mWIZ5pHe83cG_0YUfOUz8SZ9Lx6Ys', '2023-06-19 18:11:13.846119'),
('3tj41ml0jn1pop4b44mdinc33w7b2jk3', '.eJxVi0sKwjAQQO-StZRMZpqPS8EjuA6TSUKKWsE2K_HuVuhCt-_zUpH72mJfyjNOWR0Vojr8wsRyLfPXsMijz-uwk-F85-l22ZrTnvx9jZe2TRJ8EhSoiMnZMWvK5ISgVle8N2C9CZmAQqIRjAROGsRr51CkWBPU-wPRATQf:1q7PKy:kZ6q5-ghFfD2FdCwP1FD8-VJdT_c4vKVe9g5g7KadpY', '2023-06-22 23:46:40.885757'),
('3xhftv87kizgdssyvkrjoivn2rueg3id', '.eJxVi0sKwjAQQO-StZROJs3HpeARXIfpZEKKWsE2K-ndG6EL3b7PR0Wqa4l1kXeckjorrU6_bCS-y_wVxPyq89odpLs-aXrcWnM5kr-v0FLaBJqcNw6yMRRYCA0mzDha471GAQspOAkZ3UC-sT7zYG1GDQGZoFfbDpnwM48:1q7X4P:LNRpOH1o1hvtbxE4UmwVysKaJZLDFtx4uhLQaNzYLuI', '2023-06-23 08:02:05.487141'),
('3yied3kfkmdud3jw36hgyo3ts5fbeuxq', '.eJxVi0sKwjAQQO-StZROJs3HpeARXIfpZEKKWsE2K-ndG6EL3b7PR0Wqa4l1kXeckjorrU6_bCS-y_wVxPyq89odpLs-aXrcWnM5kr-v0FLaBJqcNw6yMRRYCA0mzDha471GAQspOAkZ3UC-sT7zYG1GDQGZoFfbDpnwM48:1q6Vcp:lE-EaoqO9ONcv90cGx0mOKmgNruCqvYwL65FC9ilG7Q', '2023-06-20 12:17:23.502866'),
('41zdx75uxk7dobcn7qpflpy3vahbyh9i', '.eJxVi70OwiAQgN-F2TQIRwFHkz5CZ3LcHaFRa9KWyfju1qSDrt_PSyVsW01tlSVNrC4K1OmXZaSbzF-BRM82b91BuuGB033cm-uR_H0V17pPAb0VKDoKkslitGX2juUsnkRn6RFMz8zgMMSigy0ZXPG5CBBE0er9AeVgNcg:1q3YkM:OtvcTHORFNI1Lnm5VBw9nLruHHZ2tp5EIDAnsiKf-aI', '2023-06-12 09:00:58.655766'),
('42pqi8pfbojj9kqn6bbqxl5deb3jyf33', '.eJxVi0sKwjAQhu-StZRMElvjUvAIrsNk8g8pagXbrMS7W6EL3X6Pl0nclprajGcaizmaQGb3CzPLFdPXsMijTUu3ke585_F2WZvTlvx9lee6TiR7dQrlmInEUuYQ6RDgyQHknNVBhaBqUWz0pY9w8CWjl-IHJfP-APg5NbI:1q8yqt:bXQtJRsVvcaXK2MzmUcTHqkae6f7wms0Ceu3W8i2I6U', '2023-06-27 07:54:07.970280'),
('4419sewlohapofixxqy92jvokyyogtim', '.eJxVi0sKwjAQQO-StZROJs3HpeARXIfpZEKKWsE2K-ndG6EL3b7PR0Wqa4l1kXeckjorrU6_bCS-y_wVxPyq89odpLs-aXrcWnM5kr-v0FLaBJqcNw6yMRRYCA0mzDha471GAQspOAkZ3UC-sT7zYG1GDQGZoFfbDpnwM48:1q62js:1gCkTPfaSSBo6NZLJQm1cqfirvv4h5_8g_NDsC02mB8', '2023-06-19 05:26:44.325299'),
('44434ls5bocosudqbkbzm96tyd9l1mzu', '.eJxVi70OwiAQgN-F2TQHB1dxNPERnMlxQGjUmrRlMr5726SDrt_PRwVuSw1tzlMYkroo3avTL4wsjzzuhkXebVy6g3S3Fw_P-9Zcj-TvqzzXbcrIaBCiYW2ppAQOwHkDDILalrMHgB58iZGMsT5pDeIskSNCZBL1XQGunzMp:1q92un:YbW2tG55UDQF9TpmroLq4xjnvOQfhrv0q66pW1Pgo2Y', '2023-06-27 12:14:25.972801'),
('4487umf717btdgvpclvq4f3y3k4czfd2', '.eJxVi70KwjAQgN8ls5S7tJc0joKP4BwulxwpagXbTOK7W6GDrt_Py0Rua41tKc84ZXM0aA6_LLFcy_wVLPJo89rtpDvfebpdtua0J39f5aVuU0H1MvpMmogdiSjo2IMNrEiKGUKgPPRWlaAAWl-gHxwwJnDEJOb9AcYbNGA:1q8HQc:qhEIsc0WSnaBnxamlK78mtPFCEJidJ_t5qNnxhkX5VM', '2023-06-25 09:32:06.091200'),
('46xlqljzjpukffmnl11qiymqsseramg2', '.eJxVi0sKwjAQQO-StZTJ5Ne4FDyC6zBJJqSoFWyzkt69EbrQ7ft8RKC21tAWfocpi7Ow4vTLIqU7z19BKb3avA4HGa5Pmh633lyO5O-rtNQ-oQF2jBZVjIpVlk46spE9FAaTNPikHCjKCKNGD6PRujjZ85I9ei22HZ5GM3k:1q4Ffq:9HsRLB1kOGT2cCNkJfMeSGOvm1EIcBCqVUCUz13QWQk', '2023-06-14 06:51:10.014949'),
('485xfkw9j3yzlmtewdo6sqe73xglsvbh', '.eJxVi70KwjAQgN8ls5TcpTlyjoKP4ByuyYUUtYJtJvHdjdBB1-_nZaK0rca26jPO2RwNenP4hZOkqy5fIyk92rINOxnOd5lvl96c9uTvq7LWPtGkpIWZbUgcAChDKjlIQVVHXjOQG4msx2IDI6L1MHZYPATK1pn3B9XLM8Y:1q8eYs:efl34-xOG6BG1b0yib_1D6am_DH14rLe8g5wECGElBw', '2023-06-26 10:14:10.862534'),
('4a9gzkmj8mjpsqlpivr28kwncnty5g4i', '.eJxVjDEOwjAMRe-SGVUusaOUEYkjdI4c21UqoEi0mRB3h0od2vX99_7HJa5LSXW2dxrVXVxwpz3LLHeb1oFFXnVamo00tyePj_7vXDfl0BWey_rmMWbtiEigJUBlr0DEEXLwkAc6IzFKDkPLJgGgsyiIaqpkoOC-P6JnNIg:1q4aK9:NdcZug1toNu3k-ThWRSqzTzzvKZFP-xBVbSBw02ut_w', '2023-06-15 04:54:09.622503'),
('4b7cyxk7vvfis3hu9uc5b8mnije8uxm4', '.eJxVi0sKwjAQQO-StZR8ZhLGpeARXIdpZkKKWsE2K_HuVuhCt-_zMpn72nJf9JknMUcDwRx-4cjlqvPXcCmPPq_DTobznafbZWtOe_L3NV7aNjkaUV1QzzZ5qkQUMVah4EbHABVUUqhoLYoHF6WAaCpok1UUFjTvD8coNHo:1q91Ze:gl607NVzxlQSWr8KVn3RZMelniQC2Xb3XQYChq0DvQU', '2023-06-27 10:48:30.009891'),
('4bmqf727egdc2kxnar0ehlhf9p5excce', '.eJxVi70KwjAQgN8ls5S7tJc0joKP4BwulxwpagXbTOK7W6GDrt_Py0Rua41tKc84ZXM0aA6_LLFcy_wVLPJo89rtpDvfebpdtua0J39f5aVuU0H1MvpMmogdiSjo2IMNrEiKGUKgPPRWlaAAWl-gHxwwJnDEJOb9AcYbNGA:1q8mCh:V1h4fO87iKooyrIRUmGKDRmzfmya5UZHc5Zu_90CYyk', '2023-06-26 18:23:47.177290'),
('4brcs104pmic56rt1mfpiw96muyajvwy', '.eJxVizsOwjAMQO_iGVX54KRhROIIzJHtuEoFFKltJsTdKVIHWN_nBZnaWnNbdM5jgRM4hMMvZJKbTl9DIs82rd1OusuDxvt1a8578vdVWuo2qZcQg43RMIbh6JP4gSkI9UWQvVpFjD2rDc4ZKTYaI2ITO-akRhHeH9-aNPg:1q6Ruc:O7s12jHxJZ0A7zsBTJRa_xkm2XmdEjAy3bOiFbru0x0', '2023-06-20 08:19:30.604285'),
('4ehok5pnd5pzb72ldznv7dvx9ajky16a', '.eJxVi0sKwjAQQO-StZROJs3HpeARXIfpZEKKWsE2K-ndG6EL3b7PR0Wqa4l1kXeckjorrU6_bCS-y_wVxPyq89odpLs-aXrcWnM5kr-v0FLaBJqcNw6yMRRYCA0mzDha471GAQspOAkZ3UC-sT7zYG1GDQGZoFfbDpnwM48:1q7Zki:pMo-xeTub_3bwEWK6Mes_gyBc3CqDpfkerQS8_YOSlI', '2023-06-23 10:53:56.099081'),
('4ezs0p5rr6g6l25541sff495lt72pln6', '.eJxVi70KwjAQgN8ls5S7tJc0joKP4BwulxwpagXbTOK7W6GDrt_Py0Rua41tKc84ZXM0aA6_LLFcy_wVLPJo89rtpDvfebpdtua0J39f5aVuU0H1MvpMmogdiSjo2IMNrEiKGUKgPPRWlaAAWl-gHxwwJnDEJOb9AcYbNGA:1q3YfG:Df4K7slQNhsHv-umxUPT7fzbY6u77xyO9zdWheQVmTY', '2023-06-12 08:55:42.401986'),
('4fehtwoixz9pzjt6rm7qg7p5pi84nhi7', '.eJxVi80KwjAMgN-lZxkr2drEo-AjeC5pk9ChTnDrSXx3J-yg1-_n5RK3taa26DNN4o5ucIdflrlcdf4KLuXR5rXbSXe-83S7bM1pT_6-ykvdJvQgvRgjBEHJijJYAFP1vrBRBAwDZQ5jVjIAQymgPSHGkTUSufcH2uU1NQ:1q6nbn:RpJcgssNKZTq_MTx_yUoUu-Bztp-26kLjLafFU5VMRI', '2023-06-21 07:29:31.392812'),
('4g8pso035coxlstturdnt09ujhf8byls', '.eJxVi0sKwjAQQO-StZROJs3HpeARXIfpZEKKWsE2K-ndG6EL3b7PR0Wqa4l1kXeckjorrU6_bCS-y_wVxPyq89odpLs-aXrcWnM5kr-v0FLaBJqcNw6yMRRYCA0mzDha471GAQspOAkZ3UC-sT7zYG1GDQGZoFfbDpnwM48:1q6rvq:gnGvy1azGzh3GW-GuhzYbVwQO2LWO4DLIRAZAkGmpAw', '2023-06-21 12:06:30.767072'),
('4hosbwhkqy4u6jc18vzpqo2tqzsgleeg', '.eJxVi0sKwjAQQO-StZROJs3HpeARXIfpZEKKWsE2K-ndG6EL3b7PR0Wqa4l1kXeckjorrU6_bCS-y_wVxPyq89odpLs-aXrcWnM5kr-v0FLaBJqcNw6yMRRYCA0mzDha471GAQspOAkZ3UC-sT7zYG1GDQGZoFfbDpnwM48:1q8bm0:mdHDKinGYwx73gRMVBuioybz2CALs8Via1kJPGWHJvo', '2023-06-26 07:15:32.185265'),
('4hz6a9n4rzk1ok1ff345w25ponr5uecb', '.eJxVi70KwjAQgN8ls5S7tJc0joKP4BwulxwpagXbTOK7W6GDrt_Py0Rua41tKc84ZXM0aA6_LLFcy_wVLPJo89rtpDvfebpdtua0J39f5aVuU0H1MvpMmogdiSjo2IMNrEiKGUKgPPRWlaAAWl-gHxwwJnDEJOb9AcYbNGA:1q8K17:h-etlksyjE77K1PJMaXOhtr66Zj1Gx2XqAstLdBv2mI', '2023-06-25 12:17:57.811354'),
('4qruk3onowu9tnv3dz4nqdis9v3d5bou', '.eJxVi80KwjAMgN-lZxkr2drEo-AjeC5pk9ChTnDrSXx3J-yg1-_n5RK3taa26DNN4o5ucIdflrlcdf4KLuXR5rXbSXe-83S7bM1pT_6-ykvdJvQgvRgjBEHJijJYAFP1vrBRBAwDZQ5jVjIAQymgPSHGkTUSufcH2uU1NQ:1q8mso:cMncz4Dbk8e__9MJQvgwoH7CCpIeHqXZUTXqFN-3R84', '2023-06-26 19:07:18.586114'),
('4u0i2g452lu4es2q0tp05htaxz1uq1ts', '.eJxVi70KwjAQgN8ls5S7tJc0joKP4BwulxwpagXbTOK7W6GDrt_Py0Rua41tKc84ZXM0aA6_LLFcy_wVLPJo89rtpDvfebpdtua0J39f5aVuU0H1MvpMmogdiSjo2IMNrEiKGUKgPPRWlaAAWl-gHxwwJnDEJOb9AcYbNGA:1q78rc:7xrTLvsU6k8v_E927hzS--_BP-4adDyrwV-bPKZ9G1Y', '2023-06-22 06:11:16.723070'),
('4vak9o3npo9peboj2i6iotxsebdnxv0n', '.eJxVi0sKwjAQQO-StZROJs3HpeARXIfpZEKKWsE2K-ndG6EL3b7PR0Wqa4l1kXeckjorrU6_bCS-y_wVxPyq89odpLs-aXrcWnM5kr-v0FLaBJqcNw6yMRRYCA0mzDha471GAQspOAkZ3UC-sT7zYG1GDQGZoFfbDpnwM48:1q6Txr:f-_rjSJIFp45qPMgD4uKWtc1bt9v2D6PwXvmEm3hkKw', '2023-06-20 10:30:59.275743'),
('4vhvdumm35m7iyebedlfibtflgettozu', '.eJxVi0EOwiAQRe_C2jRQKMO4NPEIrskwDKFRa2LLynh3MelCl__9914qUttqbKs845zVUY2oDr8wEV9l-T7E_GjLNuxkON9pvl26c9qVv67SWnuUJ-s0ueCT0wBIKCkICHBf1he2drJJyHFxhgG0wUIew4iM2Rcx6v0B0Ik0lw:1q91q3:uTeV0Germ2v_3FD6tmkqj_dTMJIbgBeB-f7bz-9uCi4', '2023-06-27 11:05:27.456077'),
('4we7mq0prktvpb2u89fqt7uq1fs09wga', '.eJxVi0sKwjAQQO-StZROJs3HpeARXIfpZEKKWsE2K-ndG6EL3b7PR0Wqa4l1kXeckjorrU6_bCS-y_wVxPyq89odpLs-aXrcWnM5kr-v0FLaBJqcNw6yMRRYCA0mzDha471GAQspOAkZ3UC-sT7zYG1GDQGZoFfbDpnwM48:1q7a3s:l7mDLdxX6rbvYy76viChY-qotBhh9BeX8iMmFayPnZ0', '2023-06-23 11:13:44.891863'),
('4ybt58n7vz21h4jj5mx02wy1xwqgia9k', '.eJxVi70KwjAQgN8ls5S7tJc0joKP4BwulxwpagXbTOK7W6GDrt_Py0Rua41tKc84ZXM0aA6_LLFcy_wVLPJo89rtpDvfebpdtua0J39f5aVuU0H1MvpMmogdiSjo2IMNrEiKGUKgPPRWlaAAWl-gHxwwJnDEJOb9AcYbNGA:1q6QSt:CcCFQjv2PnSllwPqthDzqRiGgewfGgwUXYA0YFVmMS8', '2023-06-20 06:46:47.129594'),
('4yrgt2katq9ykmljlbu1s17ri2v3ymgj', '.eJxVi0sKwjAQQO8yaylO_nEpeATXYTKTkKJWaJuVeHcrdKHb93lBor621Jcyp1HgBBjh8Asz8a1MX0PMzz6tw06Gy4PG-3Vrznvy9zVa2jZZIW8z-hKMZg7CupairBOvxCEGpWKkesRQ0ZB3JmbUujrMpMiJFXh_AOCeNKk:1q6nf4:TY8bBxu4Q38Bpd2KtY5O2wBvtwZoN7bH_NxvT6x5l1A', '2023-06-21 07:32:54.969697'),
('4z5u92nfw4v4tsm0vet1n3zax1pen43e', '.eJxVi0sKwjAQQO-StZROJs3HpeARXIfpZEKKWsE2K-ndG6EL3b7PR0Wqa4l1kXeckjorrU6_bCS-y_wVxPyq89odpLs-aXrcWnM5kr-v0FLaBJqcNw6yMRRYCA0mzDha471GAQspOAkZ3UC-sT7zYG1GDQGZoFfbDpnwM48:1q4xJ0:Ut6e0kJzoIlSZz22geoaqhH85HPXG_Jt5OI7yLxtQV8', '2023-06-16 05:26:30.320739'),
('5032qsycjflxaj3j9vb46ru9s5cnidpc', '.eJxVi80KwjAMgN-lZxkr2drEo-AjeC5pk9ChTnDrSXx3J-yg1-_n5RK3taa26DNN4o5ucIdflrlcdf4KLuXR5rXbSXe-83S7bM1pT_6-ykvdJvQgvRgjBEHJijJYAFP1vrBRBAwDZQ5jVjIAQymgPSHGkTUSufcH2uU1NQ:1q8fpG:Ak5rmJoNnsjGlpUh99qmXgxEtiqKbS83YFscb_AgIu0', '2023-06-26 11:35:10.861093'),
('507f9f8o80jsld3ij5wqjfkwx03mdbu0', '.eJxVi0sKwjAQQO-StZROPibjUvAIrsNkkiFFrdA2K_HubaEL3b7PR0VqS41tLlMcsroo49TpFybiRxl3Q8zvNi7dQbrbi4bnfWuuR_L3VZrrNnljCKgHkBTQ65QZrT8jO07i2WqyKGJJKFASAMha616cD8ZlxJLVdwXilTUK:1q8gBJ:f0CI_Ary1uqnUNpyGKN7ho46MCABj9WWxWFfg6kf_iA', '2023-06-26 11:57:57.776114'),
('51fotwgjzk73lop0zjsmvdbw8qzdyelh', '.eJxVi70KwjAQgN8ls5S7tJc0joKP4BwulxwpagXbTOK7W6GDrt_Py0Rua41tKc84ZXM0aA6_LLFcy_wVLPJo89rtpDvfebpdtua0J39f5aVuU0H1MvpMmogdiSjo2IMNrEiKGUKgPPRWlaAAWl-gHxwwJnDEJOb9AcYbNGA:1q6T2I:xvNJBr-erU2kZNoWsNgBx3RcTI2QelBjoKDKGba4tes', '2023-06-20 09:31:30.770294'),
('54w9jwndsuij92w0mksquoxqoycmk31r', '.eJxVi80KwjAMgN-lZxkr2drEo-AjeC5pk9ChTnDrSXx3J-yg1-_n5RK3taa26DNN4o5ucIdflrlcdf4KLuXR5rXbSXe-83S7bM1pT_6-ykvdJvQgvRgjBEHJijJYAFP1vrBRBAwDZQ5jVjIAQymgPSHGkTUSufcH2uU1NQ:1q92la:0u5VaPFiAmHvSp5_GyOPwEpozd0r8BJgBGEAzlQ1GR0', '2023-06-27 12:04:54.641046'),
('55h35x7eqm48jn45hag6aojqftirfxbu', '.eJxVi70KwjAQgN8ls5S7tJc0joKP4BwulxwpagXbTOK7W6GDrt_Py0Rua41tKc84ZXM0aA6_LLFcy_wVLPJo89rtpDvfebpdtua0J39f5aVuU0H1MvpMmogdiSjo2IMNrEiKGUKgPPRWlaAAWl-gHxwwJnDEJOb9AcYbNGA:1q3e0Q:_jC7y4Hy4TIzaWIl5AXfLRF6Yd72ni1MmQJJSlCCs0o', '2023-06-12 14:37:54.526834'),
('57qvk6e100r6nlerlm0wg5bmyift6ach', '.eJxVi70KwjAQgN8ls5S7tJc0joKP4BwulxwpagXbTOK7W6GDrt_Py0Rua41tKc84ZXM0aA6_LLFcy_wVLPJo89rtpDvfebpdtua0J39f5aVuU0H1MvpMmogdiSjo2IMNrEiKGUKgPPRWlaAAWl-gHxwwJnDEJOb9AcYbNGA:1q8xNh:qeyPbjC9_W-dwXzNnb1bbxt7qGyEPp9oEfTWfJ_6QKc', '2023-06-27 06:19:53.549223'),
('595lzk5pli2rfm1v5c1sxpmqf7l0uvfw', '.eJxVi70KwjAQgN_lZilJc7kLjoKP4BwuyYUUtYJtJvHdrdBB1-_nBVH62mJf9BmnAkdgOPyyJPmq81dIzo8-r8NOhvNdpttla0578vc1Wdo2qXdV1fOoaDyyY0y1JGvElsQkjBoseUfBKYY6JipIEmp2hgVz9fD-ALeQNH4:1q8gg5:CLpuJZJRA9X6fALxOAM111bJXgIvnUi8L8NDLGpwpcA', '2023-06-26 12:29:45.977204'),
('59hm9vuadfgzv64eb5l0yc90cw4cahss', '.eJxViz0OwjAMRu_iGVUmTkrMiMQRmCPXcZUKKBJtJsTdCVIH2L6f916QpK4l1cWeacpwBA-7320Qvdr8PUT1Uee125bufJfpdmnMaUP-vCJLaZJjUmEOXvYaW3CBI7G2rnlkjJSDY2_BsmCPB2QyswHJ9y7qiAjvD6KaM_M:1q4mQR:NVzorm1rJ_6XE7TIvcTD_QrvTN1_VhZf6Oz3dOeQf-s', '2023-06-15 17:49:27.552415'),
('59puerq8zs1qj0a4x9yjvtzhosaa2urq', '.eJxVizkOwjAUBe_iGkV2vHybEokjUFt_ceQICFISV4i7E1AKeOW8mafK2Naa21LmPIo6KgPq8AsJ-Vqmz4PMjzat3U668x3H22VzTrvy11Vc6jfSUQq6KOSSLUmEgo9QLAlg6K0hBOLeuuC3JcCBB5fYExqwRmv1egP9VTUE:1q3ZE4:CT2wIsG84hSdA5stUnXhxjW1a00WHxT4ClA-qRvAxOI', '2023-06-12 09:31:40.706732'),
('5adieblj1f0jnp8wjcjb2e4miw10l3o8', '.eJxVi0sKwjAQQO-StZROJs3HpeARXIfpZEKKWsE2K-ndG6EL3b7PR0Wqa4l1kXeckjorrU6_bCS-y_wVxPyq89odpLs-aXrcWnM5kr-v0FLaBJqcNw6yMRRYCA0mzDha471GAQspOAkZ3UC-sT7zYG1GDQGZoFfbDpnwM48:1q6cYd:dF3M8fs4LewMaYg7VBcOGKofHYEQzHHOn1sQR8c9LxM', '2023-06-20 19:41:31.563727'),
('5aic47tdnc6hiqxkdhdje403uaq8fu3w', '.eJxVi0EOwiAQRe_C2jRQKMO4NPEIrskwDKFRa2LLynh3MelCl__9914qUttqbKs845zVUY2oDr8wEV9l-T7E_GjLNuxkON9pvl26c9qVv67SWnuUJ-s0ueCT0wBIKCkICHBf1he2drJJyHFxhgG0wUIew4iM2Rcx6v0B0Ik0lw:1q8e6i:Gw_pZ5dE-9oqRuXNu-qdJjp2Hm5A8sJlelLASbi-GDA', '2023-06-26 09:45:04.397586'),
('5c01t8lnspp0ohfjjgaey6oqt1rfbxgb', '.eJxVi80KwjAMgN-lZxkr2drEo-AjeC5pk9ChTnDrSXx3J-yg1-_n5RK3taa26DNN4o5ucIdflrlcdf4KLuXR5rXbSXe-83S7bM1pT_6-ykvdJvQgvRgjBEHJijJYAFP1vrBRBAwDZQ5jVjIAQymgPSHGkTUSufcH2uU1NQ:1q8cDT:58Gk87S9kNCFyx0gSQBXb4ZGvYV4iwukvp9WrDY5PWI', '2023-06-26 07:43:55.882536'),
('5dvlg5omlgdf04oz7irwylpqb5hmirkf', '.eJxVjDEOwjAMRe-SGVUusaOUEYkjdI4c21UqoEi0mRB3h0od2vX99_7HJa5LSXW2dxrVXVxwpz3LLHeb1oFFXnVamo00tyePj_7vXDfl0BWey_rmMWbtiEigJUBlr0DEEXLwkAc6IzFKDkPLJgGgsyiIaqpkoOC-P6JnNIg:1q6VxY:LzqoamMPs88_hqqTfXdgZ7uTUs2n5BMivSdPjXvfPAo', '2023-06-20 12:38:48.023404'),
('5h9jbf7wdqr0nk3tkg4lu7if46cd9bci', '.eJxVi70KwjAQgN8ls5S7tJc0joKP4BwulxwpagXbTOK7W6GDrt_Py0Rua41tKc84ZXM0aA6_LLFcy_wVLPJo89rtpDvfebpdtua0J39f5aVuU0H1MvpMmogdiSjo2IMNrEiKGUKgPPRWlaAAWl-gHxwwJnDEJOb9AcYbNGA:1q6VGa:EWYZMpRuAL4Iy5-1mzTaHWa2KviJayxxqU4ISfQTV9Q', '2023-06-20 11:54:24.201868'),
('5j6cyw9h2udzejx85g0y1mab57mpbyv3', '.eJxVi70KwjAQgN8ls5S7tJc0joKP4BwulxwpagXbTOK7W6GDrt_Py0Rua41tKc84ZXM0aA6_LLFcy_wVLPJo89rtpDvfebpdtua0J39f5aVuU0H1MvpMmogdiSjo2IMNrEiKGUKgPPRWlaAAWl-gHxwwJnDEJOb9AcYbNGA:1q7IfU:yE_qDLQYlJ-D0Lfu6QBZMsn2rtS2mrQp2PxxQ_SgZME', '2023-06-22 16:39:24.096390'),
('5jvyu2hnoeh68a6qp2z7ug4azgj8dbnu', '.eJxVi80KwjAMgN-lZxkr2drEo-AjeC5pk9ChTnDrSXx3J-yg1-_n5RK3taa26DNN4o5ucIdflrlcdf4KLuXR5rXbSXe-83S7bM1pT_6-ykvdJvQgvRgjBEHJijJYAFP1vrBRBAwDZQ5jVjIAQymgPSHGkTUSufcH2uU1NQ:1q91bD:3wUPASUJj935gjOKXrSGML6DALGfrYQDxIyQdVLjBBQ', '2023-06-27 10:50:07.581247'),
('5lfvb02bkcb2scnfk72ru1ga3jrkz7c3', '.eJxVi70KwjAQgN8ls5S7tJc0joKP4BwulxwpagXbTOK7W6GDrt_Py0Rua41tKc84ZXM0aA6_LLFcy_wVLPJo89rtpDvfebpdtua0J39f5aVuU0H1MvpMmogdiSjo2IMNrEiKGUKgPPRWlaAAWl-gHxwwJnDEJOb9AcYbNGA:1q8aNJ:Z5B4NMfjk9avhykPnjy23VOUfXxa9qiQLLctNmN-sZE', '2023-06-26 05:45:57.504804'),
('5m31iv05e14szc8nu9n4unsk2a1l36mj', '.eJxVi70KwjAQgN8ls5S7tJc0joKP4BwulxwpagXbTOK7W6GDrt_Py0Rua41tKc84ZXM0aA6_LLFcy_wVLPJo89rtpDvfebpdtua0J39f5aVuU0H1MvpMmogdiSjo2IMNrEiKGUKgPPRWlaAAWl-gHxwwJnDEJOb9AcYbNGA:1q6S0n:saCSL3Nl7MFfaJ06VJFVNgXIfoqQUnkQTlJORJEMKdc', '2023-06-20 08:25:53.869897'),
('5manp2i7x1gfkep6guxwiwr7l6s4pj6a', '.eJxVi0sKwjAQQO-StZROJs3HpeARXIfpZEKKWsE2K-ndG6EL3b7PR0Wqa4l1kXeckjorrU6_bCS-y_wVxPyq89odpLs-aXrcWnM5kr-v0FLaBJqcNw6yMRRYCA0mzDha471GAQspOAkZ3UC-sT7zYG1GDQGZoFfbDpnwM48:1q6rxw:MM7JIka9dUFczA3qqb76yduZdRz8J8i4vbiC0HlUVMM', '2023-06-21 12:08:40.139260'),
('5rkgj2zahux1f5qb0ozcp44v7enrslk2', '.eJxVi0sKwjAQhu-StZQJacfGpeARug5_ZiakqBVsuxLvboUudPs9Xi5hXWpaZ3umUd3JteQOvzBDrjZ9DUQe67Q0O2kud4y3YWvOe_L3Vcx1m4RUczGzgEgkubc-mAi8UjxmVQYzK9RTkM5n9aUzGFshjmhjcO8PLA82cg:1q8glM:CEExDhbptIrYoA7Qn8XmbCmEQ2ebhUHAsu1f_JfHoLI', '2023-06-26 12:35:12.514595'),
('5t38ur5mb0zs2qfmeceupp7s9vv67sol', '.eJxVi70KwjAQgN8ls5S7tJc0joKP4BwulxwpagXbTOK7W6GDrt_Py0Rua41tKc84ZXM0aA6_LLFcy_wVLPJo89rtpDvfebpdtua0J39f5aVuU0H1MvpMmogdiSjo2IMNrEiKGUKgPPRWlaAAWl-gHxwwJnDEJOb9AcYbNGA:1q4Eaz:UT4hxi0zI2ayanAN2sWOi33p82b3VolHdfLgPjVysKM', '2023-06-14 05:42:05.294780'),
('5xet3p8ackctfq95zgmbgiy81s2vct2g', '.eJxVi70KwjAQgN8ls5T0cklzjoKP4BzuLikpagXbTOK7W6GDrt_PyyRua01tKc80ZXM04MzhFwrrtcxfw6qPNq_dTrrznafbZWtOe_L3VV7qNqFG8YNID-h5YIwWlUckAIo2aFYmzp6KdxqiuABIGUnG4PoYBax5fwDUmzRN:1q6QZ3:wUyuolQmuyCs0hnfRp5sz2oDmcA-k9B2tB_nbOYhUE0', '2023-06-20 06:53:09.261063'),
('5y2sex6lgxa5qqkdri5xu314od1iqi2a', '.eJxVi0sKwjAQhu-StRQzpn9bl4JHcB0mMxNa1Aq2WYl3N0IXuv0eLxe5rGMsiz3jpO7o4Ha_LLFcbf4KFnmUeW020pzvPN0utTltyd838jLWqUdmGDFlT0mDgrwE2zOZQBFAOYgKYFWztUktkfadH_IBA7rWvT_ZzTUz:1q92eK:gqHcDISrzoQahFgPYTEE13EQgSiYRRbu-TQKbxzOO3s', '2023-06-27 11:57:24.432452'),
('5y3gbteejdtwkjgk4wu7twh9ty7l3h3l', '.eJxVi70KwjAQgN8ls5S7tJc0joKP4BwulxwpagXbTOK7W6GDrt_Py0Rua41tKc84ZXM0aA6_LLFcy_wVLPJo89rtpDvfebpdtua0J39f5aVuU0H1MvpMmogdiSjo2IMNrEiKGUKgPPRWlaAAWl-gHxwwJnDEJOb9AcYbNGA:1q914r:ui6FpaVBK1ciEoYAnbeNHrx2qusE-rdu-O0CL9rqkb4', '2023-06-27 10:16:41.370155'),
('611l8jyhikvbcqcn53dn5x8y50l4g1hf', '.eJxVi70KwjAQgN8ls5S7tJc0joKP4BwulxwpagXbTOK7W6GDrt_Py0Rua41tKc84ZXM0aA6_LLFcy_wVLPJo89rtpDvfebpdtua0J39f5aVuU0H1MvpMmogdiSjo2IMNrEiKGUKgPPRWlaAAWl-gHxwwJnDEJOb9AcYbNGA:1q6cWo:5IsFhnmGH9noZj9hA84Msnh9RbPfSVXZcezFl7zbc-0', '2023-06-20 19:39:38.378422'),
('649wwr5otk5d8vyvp312wm1fbrqztfms', '.eJxVi70OwiAQgN-F2TQHB1dxNPERnMlxQGjUmrRlMr5726SDrt_PRwVuSw1tzlMYkroo3avTL4wsjzzuhkXebVy6g3S3Fw_P-9Zcj-TvqzzXbcrIaBCiYW2ppAQOwHkDDILalrMHgB58iZGMsT5pDeIskSNCZBL1XQGunzMp:1q8eF4:n2Rp3vMOW1ytDl4giGquKe4riMG6VG_yRbU0qZ8SZ6M', '2023-06-26 09:53:42.312672'),
('64hn8bohpkfadtt3gd8u1l6x545plwyn', '.eJxVi0sKwjAQQO-StZROJs3HpeARXIfpZEKKWsE2K-ndG6EL3b7PR0Wqa4l1kXeckjorrU6_bCS-y_wVxPyq89odpLs-aXrcWnM5kr-v0FLaBJqcNw6yMRRYCA0mzDha471GAQspOAkZ3UC-sT7zYG1GDQGZoFfbDpnwM48:1q6n72:VlIUvRD4UmMv0EicqPAzcuvup0YAMnj4xR0yhqIHrJE', '2023-06-21 06:57:44.568432'),
('65w1o1j43xvipngf7uc3znbq3rw1mh9c', '.eJxVi70KwjAQgN8ls5S7tJc0joKP4BwulxwpagXbTOK7W6GDrt_Py0Rua41tKc84ZXM0aA6_LLFcy_wVLPJo89rtpDvfebpdtua0J39f5aVuU0H1MvpMmogdiSjo2IMNrEiKGUKgPPRWlaAAWl-gHxwwJnDEJOb9AcYbNGA:1q8HX7:yRP8r_9tpa0gtI-4LosYrdvFcePeaTeVnMUEpEifK04', '2023-06-25 09:38:49.489549'),
('6614we4c7sgtbak9zmh6wi74b8wpwpz2', '.eJxVi0sKwjAQQO-StZROJs3HpeARXIfpZEKKWsE2K-ndG6EL3b7PR0Wqa4l1kXeckjorrU6_bCS-y_wVxPyq89odpLs-aXrcWnM5kr-v0FLaBJqcNw6yMRRYCA0mzDha471GAQspOAkZ3UC-sT7zYG1GDQGZoFfbDpnwM48:1q3ZIz:AI5JJIHaemtFeQrg6pJmVQSd_LetAOEClaN1_Gunz_Q', '2023-06-12 09:36:45.862076'),
('68pw4e0iwfegq71dcxrztsv44b8eivjc', '.eJxVi0sKwjAQQO-StZROJs3HpeARXIfpZEKKWsE2K-ndG6EL3b7PR0Wqa4l1kXeckjorrU6_bCS-y_wVxPyq89odpLs-aXrcWnM5kr-v0FLaBJqcNw6yMRRYCA0mzDha471GAQspOAkZ3UC-sT7zYG1GDQGZoFfbDpnwM48:1q8mOI:vbcbtwiRF7F6QSnSltUTLHv636J7-cr14D06DYkgX9k', '2023-06-26 18:35:46.909948'),
('69imohiazssbeluel8wq68jdfwglok6c', '.eJxVi70KwjAQgN8ls5S7tJc0joKP4BwulxwpagXbTOK7W6GDrt_Py0Rua41tKc84ZXM0aA6_LLFcy_wVLPJo89rtpDvfebpdtua0J39f5aVuU0H1MvpMmogdiSjo2IMNrEiKGUKgPPRWlaAAWl-gHxwwJnDEJOb9AcYbNGA:1q62Ho:FrapM398X4LoF2w8SaFOMRLUI7kHX6-8cDV_BGNZ53M', '2023-06-19 04:57:44.836372'),
('69t172ur3ybsubi24rtihdf1ag64grg4', '.eJxVi70KwjAQgN8ls5TcpTlyjoKP4ByuyYUUtYJtJvHdjdBB1-_nZaK0rca26jPO2RwNenP4hZOkqy5fIyk92rINOxnOd5lvl96c9uTvq7LWPtGkpIWZbUgcAChDKjlIQVVHXjOQG4msx2IDI6L1MHZYPATK1pn3B9XLM8Y:1q91X8:79SSKC25guQa9l16zdqs4HvlG5BPi7dI-cKoB6yuRrg', '2023-06-27 10:45:54.411849'),
('6f8wz4zv1yq4pplkdfl87nvh7otqohfd', '.eJxVi70OwiAQgN-F2TQHB1dxNPERnMlxQGjUmrRlMr5726SDrt_PRwVuSw1tzlMYkroo3avTL4wsjzzuhkXebVy6g3S3Fw_P-9Zcj-TvqzzXbcrIaBCiYW2ppAQOwHkDDILalrMHgB58iZGMsT5pDeIskSNCZBL1XQGunzMp:1q6OuU:auINBBtRzbU3LZ9f_XTLEvBVdrEZlxD-LvVeTzD3kMw', '2023-06-20 05:07:10.912657'),
('6fjba5l68t5ggztjmdoajgf6co0qoh9w', '.eJxVi8sKwjAQRf8layl5Ncm4FPwE12EmmZCiVrDNSvrvjdCFri6ce85HRGxrjW3hd5yyOAvtxekXEqY7z98HU3q1eR0OMlyfOD1u3bkcyl9Xcak9IgbI6ElJW6wqiSzovnLUxFyCM1DyaACM4pxRe-28cSGAL4ZYBhbbDuoQNMY:1q6TUh:9ay6Lw3bDOWBd1vcHIqyMyNhm9wLSCBhuS17Un5PHSI', '2023-06-20 10:00:51.102443'),
('6jodqndb901pxboetj016whz7kopqzhf', '.eJxVjDEOwjAMRe-SGVUusaOUEYkjdI4c21UqoEi0mRB3h0od2vX99_7HJa5LSXW2dxrVXVxwpz3LLHeb1oFFXnVamo00tyePj_7vXDfl0BWey_rmMWbtiEigJUBlr0DEEXLwkAc6IzFKDkPLJgGgsyiIaqpkoOC-P6JnNIg:1q6QQd:33Rt5Er_CvryAKzCaaHbrE0BDtyf4Osy8FNS_uUtM5I', '2023-06-20 06:44:27.787368'),
('6l79s8q7xui2rvbqnv3ojuf4pdeqdyw0', '.eJxVi70KwjAQgN8ls5TcpTlyjoKP4ByuyYUUtYJtJvHdjdBB1-_nZaK0rca26jPO2RwNenP4hZOkqy5fIyk92rINOxnOd5lvl96c9uTvq7LWPtGkpIWZbUgcAChDKjlIQVVHXjOQG4msx2IDI6L1MHZYPATK1pn3B9XLM8Y:1q8gpa:cOAwTAcTLpEtEtTR7j3SNKaawTCSjajdVJf06voJykQ', '2023-06-26 12:39:34.469688'),
('6n0z78a0usprh8temuy1ds3epz7u6cke', '.eJxVi8sKwjAQRf8layl5Ncm4FPwE12EmmZCiVrDNSvrvjdCFri6ce85HRGxrjW3hd5yyOAvtxekXEqY7z98HU3q1eR0OMlyfOD1u3bkcyl9Xcak9IgbI6ElJW6wqiSzovnLUxFyCM1DyaACM4pxRe-28cSGAL4ZYBhbbDuoQNMY:1q8eBF:_I1RM5xp1CNdLL4yHsK02Xs50qWlpYGNM01ylPwij_0', '2023-06-26 09:49:45.767248'),
('6s7eyk5hix6zunw3g5l2hee57jb1ubsk', '.eJxVi80KwjAMgN-lZxkr2drEo-AjeC5pk9ChTnDrSXx3J-yg1-_n5RK3taa26DNN4o5ucIdflrlcdf4KLuXR5rXbSXe-83S7bM1pT_6-ykvdJvQgvRgjBEHJijJYAFP1vrBRBAwDZQ5jVjIAQymgPSHGkTUSufcH2uU1NQ:1q6rwg:2sfg98MLJIR4PWQoPLKeMSVGblZGLIowgHF_Ef0Tr7Q', '2023-06-21 12:07:22.076854'),
('6slnynvwr7y05slfgjf47r1878iqdcso', '.eJxVi0sKwjAQQO-StZROJs3HpeARXIfpZEKKWsE2K-ndG6EL3b7PR0Wqa4l1kXeckjorrU6_bCS-y_wVxPyq89odpLs-aXrcWnM5kr-v0FLaBJqcNw6yMRRYCA0mzDha471GAQspOAkZ3UC-sT7zYG1GDQGZoFfbDpnwM48:1q3vZx:sPTTU48RRjmp6LJL_rEr0Rt4mvkKRTJJE9GLS_2fvzg', '2023-06-13 09:23:45.811014'),
('726e0q1konorxf6h299hf7fqkaoxt7wi', '.eJxVi70KwjAQgN8ls5S7tJc0joKP4BwulxwpagXbTOK7W6GDrt_Py0Rua41tKc84ZXM0aA6_LLFcy_wVLPJo89rtpDvfebpdtua0J39f5aVuU0H1MvpMmogdiSjo2IMNrEiKGUKgPPRWlaAAWl-gHxwwJnDEJOb9AcYbNGA:1q6SP7:ey-d9d9ZmWcB3zraaPp8svco6-jHcIqgkyiWBk9tc10', '2023-06-20 08:51:01.206083'),
('736pfzsuq7fz1805aigw508knzffkzm5', '.eJxVi70OwiAQgN-F2TQHB1dxNPERnMlxQGjUmrRlMr5726SDrt_PRwVuSw1tzlMYkroo3avTL4wsjzzuhkXebVy6g3S3Fw_P-9Zcj-TvqzzXbcrIaBCiYW2ppAQOwHkDDILalrMHgB58iZGMsT5pDeIskSNCZBL1XQGunzMp:1q6sCT:Sdt4260RnRpYuN6Hib6cyhGcdzEXEKyt2CmDSwMUgWI', '2023-06-21 12:23:41.788904'),
('761mpobsec714yj8ho6powsf10jnre9l', '.eJxVi0sKwjAQQO-StZROJs3HpeARXIfpZEKKWsE2K-ndG6EL3b7PR0Wqa4l1kXeckjorrU6_bCS-y_wVxPyq89odpLs-aXrcWnM5kr-v0FLaBJqcNw6yMRRYCA0mzDha471GAQspOAkZ3UC-sT7zYG1GDQGZoFfbDpnwM48:1q8HRP:AcH6rG0j45G5KQQsQoKSa6T7J_IRWLqf74FPEXnnEfU', '2023-06-25 09:32:55.952988'),
('76hr1d3gdklh5g5d45rqgcfe9t020yj4', '.eJxVjDsOwjAQBe_iGkW2d-MPJRJHoLZ2vbYcAUEicYW4O0RKAe28mfdSifraUl_KM02ijsoEdfiFTPla5m2hnB99XoedDOc7TbfL1zntyl_XaGnbna-ZmFCMzjFADVZG9mDRIHNk6zmCi9o41BhtYBmhsrADdMUEEPX-ANbgNEM:1q3e3n:ZDx00ITi98YNf-4mDVl4fZ8RWNGMJy8XJnqwxknB0kA', '2023-06-12 14:41:23.908983');
INSERT INTO `django_session` (`session_key`, `session_data`, `expire_date`) VALUES
('79hskg2krbp1y2xr2te7xflnm8xr1k4z', '.eJxVi80KwjAMgN-lZxkr2drEo-AjeC5pk9ChTnDrSXx3J-yg1-_n5RK3taa26DNN4o5ucIdflrlcdf4KLuXR5rXbSXe-83S7bM1pT_6-ykvdJvQgvRgjBEHJijJYAFP1vrBRBAwDZQ5jVjIAQymgPSHGkTUSufcH2uU1NQ:1q90s1:9x5fHPsuh7sF87HyHaY3XitDqtKKNYZFgW2V-mlFTJM', '2023-06-27 10:03:25.682134'),
('7dkoqchvajayem31d1ijtla7p58ff5uw', '.eJxVi0sKwjAQQO-StZROJs3HpeARXIfpZEKKWsE2K-ndG6EL3b7PR0Wqa4l1kXeckjorrU6_bCS-y_wVxPyq89odpLs-aXrcWnM5kr-v0FLaBJqcNw6yMRRYCA0mzDha471GAQspOAkZ3UC-sT7zYG1GDQGZoFfbDpnwM48:1q6cbf:0AIzR6CEb5NFSiLPyrhTNoG36lf116ZAQI-3AAaF1MQ', '2023-06-20 19:44:39.189631'),
('7eojdo2fjqz7mdn9k2d925turpcxye14', '.eJxVi70KwjAQgN_lZilJc7kLjoKP4BwuyYUUtYJtJvHdrdBB1-_nBVH62mJf9BmnAkdgOPyyJPmq81dIzo8-r8NOhvNdpttla0578vc1Wdo2qXdV1fOoaDyyY0y1JGvElsQkjBoseUfBKYY6JipIEmp2hgVz9fD-ALeQNH4:1q8dAV:aIWZdsXnMzvGjFueHKqLgdBwcO3JmJazVz0ZrIBeqis', '2023-06-26 08:44:55.766542'),
('7gzgut26zymns8w13vyqivqeuug371e8', '.eJxVi0sKwjAQQO-StZROJs3HpeARXIfpZEKKWsE2K-ndG6EL3b7PR0Wqa4l1kXeckjorrU6_bCS-y_wVxPyq89odpLs-aXrcWnM5kr-v0FLaBJqcNw6yMRRYCA0mzDha471GAQspOAkZ3UC-sT7zYG1GDQGZoFfbDpnwM48:1q8VrY:0V2Eu8c6KKXAW8EvcT58n5CnHOJ5DtAJeGWQU5fYhWE', '2023-06-26 00:56:52.320615'),
('7n4j8fg1y7m48ceimi81p20bkwk99sy1', '.eJxVi0sKwjAQQO-StZROJs3HpeARXIfpZEKKWsE2K-ndG6EL3b7PR0Wqa4l1kXeckjorrU6_bCS-y_wVxPyq89odpLs-aXrcWnM5kr-v0FLaBJqcNw6yMRRYCA0mzDha471GAQspOAkZ3UC-sT7zYG1GDQGZoFfbDpnwM48:1q5kB6:87DElBWt5L7rcX0ohuYGPNa5QNxl-muA748Z-FOENQw', '2023-06-18 09:37:36.846950'),
('7r93poen034u4s6bhskxi7628hldsx0e', '.eJxVi0sKwjAQQO-StZROJs3HpeARXIfpZEKKWsE2K-ndG6EL3b7PR0Wqa4l1kXeckjorrU6_bCS-y_wVxPyq89odpLs-aXrcWnM5kr-v0FLaBJqcNw6yMRRYCA0mzDha471GAQspOAkZ3UC-sT7zYG1GDQGZoFfbDpnwM48:1q4xBL:GZb-rhVYiobc-ifj2WRxjpmfLIhapozbeXaLlHJrGZI', '2023-06-16 05:18:35.866705'),
('7ss4mheg670i4jr2hr886t5az4yep9ip', '.eJxVi0sKwjAQQO-StZROPibjUvAIrsNkkiFFrdA2K_HubaEL3b7PR0VqS41tLlMcsroo49TpFybiRxl3Q8zvNi7dQbrbi4bnfWuuR_L3VZrrNnljCKgHkBTQ65QZrT8jO07i2WqyKGJJKFASAMha616cD8ZlxJLVdwXilTUK:1q92S0:a_2YadgM4-1FGLqikVFnNxP7voifeKrXFP4heoM3tvs', '2023-06-27 11:44:40.828298'),
('7sxzjn149auurcpijtuq3jrymi23sirw', '.eJxVi80KwjAMgN-lZxkr2drEo-AjeC5pk9ChTnDrSXx3J-yg1-_n5RK3taa26DNN4o5ucIdflrlcdf4KLuXR5rXbSXe-83S7bM1pT_6-ykvdJvQgvRgjBEHJijJYAFP1vrBRBAwDZQ5jVjIAQymgPSHGkTUSufcH2uU1NQ:1q6nhc:Uuk1dXvGr4PxxvvP4xQFXgFLm1hndmGbifhZrX_NwVs', '2023-06-21 07:35:32.206566'),
('7u4rkbofy05ophgj7cpwo0dhj6nulnrr', '.eJxVi0sKwjAQQO-StZROJs3HpeARXIfpZEKKWsE2K-ndG6EL3b7PR0Wqa4l1kXeckjorrU6_bCS-y_wVxPyq89odpLs-aXrcWnM5kr-v0FLaBJqcNw6yMRRYCA0mzDha471GAQspOAkZ3UC-sT7zYG1GDQGZoFfbDpnwM48:1q5iAk:PvqfKw70oYMbyKtTG87ZgMg7bi2vL8yOg8UoM3n-xUY', '2023-06-18 07:29:06.285172'),
('7vl82fov0de6pan2u4bqp0jzs8x9rzec', '.eJxVi70KwjAQgN8ls5TkkrY5R8FHcA6XuxwpagXbTOK7W6GDrt_PyyRqa01tKc80iTmaAObwCzPxtcxfQ8yPNq_dTrrznabbZWtOe_L3VVrqNnkOQ4QA2YLGQFacsu1BBUlzIUEG8Kox25GzkxGcDtFLz0iACGjeH-YsNQI:1q8zEu:3ADtRGVbhv_I268ZVSSH9nLegTftRT50eGNe8riukP4', '2023-06-27 08:18:56.859537'),
('7zqc9k1uw2kadfofckns18gegfmljrf0', '.eJxVi70KwjAQgN_lZilJc7kLjoKP4BwuyYUUtYJtJvHdrdBB1-_nBVH62mJf9BmnAkdgOPyyJPmq81dIzo8-r8NOhvNdpttla0578vc1Wdo2qXdV1fOoaDyyY0y1JGvElsQkjBoseUfBKYY6JipIEmp2hgVz9fD-ALeQNH4:1q91HA:BK2Oei2b5tTiz7TDC7h4OknZs8RtNTdT68NslHhTgRw', '2023-06-27 10:29:24.336789'),
('81rrlr94h0lv2hlc7m2ug1eop4yl86kf', '.eJxVi80KwjAMgN-lZxkr2drEo-AjeC5pk9ChTnDrSXx3J-yg1-_n5RK3taa26DNN4o5ucIdflrlcdf4KLuXR5rXbSXe-83S7bM1pT_6-ykvdJvQgvRgjBEHJijJYAFP1vrBRBAwDZQ5jVjIAQymgPSHGkTUSufcH2uU1NQ:1q8mmo:pxmD_0GaxDLKgE-c67zJcAR1HG4mKn0ZqOo5_54i-DY', '2023-06-26 19:01:06.416278'),
('82h62rjab1x21mcsdp27vxforqgvct98', '.eJxVi70KwjAQgN8ls5S7tJc0joKP4BwulxwpagXbTOK7W6GDrt_Py0Rua41tKc84ZXM0aA6_LLFcy_wVLPJo89rtpDvfebpdtua0J39f5aVuU0H1MvpMmogdiSjo2IMNrEiKGUKgPPRWlaAAWl-gHxwwJnDEJOb9AcYbNGA:1q6S2a:ELfCYX2Grq841dYJLLy9ax4a1-kqqJJMAjYS6iVBJnc', '2023-06-20 08:27:44.183304'),
('83dmhd7ycmx5w71er0otelb1i8jhs7ph', '.eJxVi70KwjAQgN8ls5S7tJc0joKP4BwulxwpagXbTOK7W6GDrt_Py0Rua41tKc84ZXM0aA6_LLFcy_wVLPJo89rtpDvfebpdtua0J39f5aVuU0H1MvpMmogdiSjo2IMNrEiKGUKgPPRWlaAAWl-gHxwwJnDEJOb9AcYbNGA:1q8doJ:H1vlt7RUzqORva0ItLAOXyr1q9fpOreyjlxF8-2cSvk', '2023-06-26 09:26:03.163943'),
('83p8526jqjd5t4jclglqpbs6xpx3ylku', '.eJxVi70KwjAQgN8ls5S7tJc0joKP4BwulxwpagXbTOK7W6GDrt_Py0Rua41tKc84ZXM0aA6_LLFcy_wVLPJo89rtpDvfebpdtua0J39f5aVuU0H1MvpMmogdiSjo2IMNrEiKGUKgPPRWlaAAWl-gHxwwJnDEJOb9AcYbNGA:1q3alO:idoXsDvwDml14YzWvOidhMRhyRvDeuDCbsXUvLGrA2s', '2023-06-12 11:10:10.283800'),
('841vmraseueg9dgxg979mplytt603pri', '.eJxVi80KwjAMgN-lZxkr2drEo-AjeC5pk9ChTnDrSXx3J-yg1-_n5RK3taa26DNN4o5ucIdflrlcdf4KLuXR5rXbSXe-83S7bM1pT_6-ykvdJvQgvRgjBEHJijJYAFP1vrBRBAwDZQ5jVjIAQymgPSHGkTUSufcH2uU1NQ:1q90mH:d1ddNPLj4j6fDJIuHjqme2wNqIIllmD1pMNknTqkvxo', '2023-06-27 09:57:29.279044'),
('86naoerqb44tqbotkqg320qpevz3t2lx', '.eJxVi70OwiAQgN-F2TQHB1dxNPERnMlxQGjUmrRlMr5726SDrt_PRwVuSw1tzlMYkroo3avTL4wsjzzuhkXebVy6g3S3Fw_P-9Zcj-TvqzzXbcrIaBCiYW2ppAQOwHkDDILalrMHgB58iZGMsT5pDeIskSNCZBL1XQGunzMp:1q6oAH:tdMhhSlySXeEzMHrE_kJHnDNqp2-JOiq0UGgBDMeyKc', '2023-06-21 08:05:09.150719'),
('87pfr9hpphnzyi39w8tldu3ev9tizhkf', '.eJxVi0kKwjAUQO-StZSmP0PjUvAIrsMf8klRK9hmJd7dCl3o9g0vk7GtNbelPPMk5mggmsMvJORrmb8GmR9tXruddOc7TrfL1pz25O-ruNRtUk0ghbBn0GBtIepDSRCH6GlUFmKfIqhYHAcUdcDqpEBPwatnZ837AxJtNfY:1q8eda:724cIhAyvC2DWgEqrMgh0Ot4fj4bpiJJG_o0N7TCOtk', '2023-06-26 10:19:02.101590'),
('88b5vqykswxkdq5ac8qqkhb26c0cdaoo', '.eJxVi0sKwjAQQO-StZTmMzFxKXgE12FmMiFFrdA2K_HuRuhCt-_zUgnbVlNbZUlTVifl1eGXEfJN5q9A5mebt2Enw-WB0_3am_Oe_H0V19onCESQvXUQrBESU9BkEMaAdmTWpEVG4xhQwNnoegzReDrqyEUXr94fzqI0-Q:1q4FZd:lR6xIsv9Bok1ew22D16gfL7h9wA2CnkqsBJMnv_ABbc', '2023-06-14 06:44:45.766742'),
('88zs3cfixl5ris5f9l2mwps4frkjtgib', '.eJxVi80KwjAMgN-lZxkr2drEo-AjeC5pk9ChTnDrSXx3J-yg1-_n5RK3taa26DNN4o5ucIdflrlcdf4KLuXR5rXbSXe-83S7bM1pT_6-ykvdJvQgvRgjBEHJijJYAFP1vrBRBAwDZQ5jVjIAQymgPSHGkTUSufcH2uU1NQ:1q6njG:OgIYUB374Cnqy5f0lYq4Pg6UvAMsnHzgLKGm_GSSBf4', '2023-06-21 07:37:14.883231'),
('897goo8vjzn5c51zo8bjgkg98hbj5pb6', '.eJxVi0EOwiAQRe_C2jRQKMO4NPEIrskwDKFRa2LLynh3MelCl__9914qUttqbKs845zVUY2oDr8wEV9l-T7E_GjLNuxkON9pvl26c9qVv67SWnuUJ-s0ueCT0wBIKCkICHBf1he2drJJyHFxhgG0wUIew4iM2Rcx6v0B0Ik0lw:1q91lg:FC2ZbXb6IRl28ISgwcyyZFrOUYH_68h6eRw7YB3xOLI', '2023-06-27 11:00:56.167022'),
('8a6wx186283z2htgdig91ky1kuk6vscu', '.eJxVi70OwiAQgN-F2TQHB1dxNPERnMlxQGjUmrRlMr5726SDrt_PRwVuSw1tzlMYkroo3avTL4wsjzzuhkXebVy6g3S3Fw_P-9Zcj-TvqzzXbcrIaBCiYW2ppAQOwHkDDILalrMHgB58iZGMsT5pDeIskSNCZBL1XQGunzMp:1q8dxk:cx-VLaxx5pyv4h5XYbHM1-CX4fmFTEnoVDDnxKypyvA', '2023-06-26 09:35:48.747523'),
('8as8ky8g5jlnzdz4mhy0ddqk0fh6noua', '.eJxVi0sKwjAQQO-StZROJs3HpeARXIfpZEKKWsE2K-ndG6EL3b7PR0Wqa4l1kXeckjorrU6_bCS-y_wVxPyq89odpLs-aXrcWnM5kr-v0FLaBJqcNw6yMRRYCA0mzDha471GAQspOAkZ3UC-sT7zYG1GDQGZoFfbDpnwM48:1q91Hl:7UspMq386r_2cuDXq9NFKptaRmfjHet1vS3HIc6SxaQ', '2023-06-27 10:30:01.528424'),
('8d1lrfafoqbj2xrbhtjkvgj37y82kaml', '.eJxVi0sKwjAQQO-StZROJs3HpeARXIfpZEKKWsE2K-ndG6EL3b7PR0Wqa4l1kXeckjorrU6_bCS-y_wVxPyq89odpLs-aXrcWnM5kr-v0FLaBJqcNw6yMRRYCA0mzDha471GAQspOAkZ3UC-sT7zYG1GDQGZoFfbDpnwM48:1q4KzW:_WBSGGCfql2fcKHz4guuqRR_dQBgYfAX1aEQTK4EfZ0', '2023-06-14 12:31:50.435977'),
('8eeynltuxuhddw4z6h0oug1qgqloeuyy', '.eJxVi0sKwjAQQO-StZROJs3HpeARXIfpZEKKWsE2K-ndG6EL3b7PR0Wqa4l1kXeckjorrU6_bCS-y_wVxPyq89odpLs-aXrcWnM5kr-v0FLaBJqcNw6yMRRYCA0mzDha471GAQspOAkZ3UC-sT7zYG1GDQGZoFfbDpnwM48:1q4dCw:AyIw4ttCGg-ap80-BLGYyKD0I79Npdxg_GkMPJbv8oc', '2023-06-15 07:58:54.421248'),
('8fsopg2uiazdh1362hl7hynkkg51t4ic', '.eJxVi70KwjAQgN8ls5S7tJc0joKP4BwulxwpagXbTOK7W6GDrt_Py0Rua41tKc84ZXM0aA6_LLFcy_wVLPJo89rtpDvfebpdtua0J39f5aVuU0H1MvpMmogdiSjo2IMNrEiKGUKgPPRWlaAAWl-gHxwwJnDEJOb9AcYbNGA:1q3blE:wrSIEhBmQ7xMMCqGIQIh8V3jWQ0YNR7hyVrzoXIiwXo', '2023-06-12 12:14:04.634633'),
('8gbuanjw8vkkssdzmcj71m82vsnlsiv6', '.eJxVi0sKwjAQQO-StZROJs3HpeARXIfpZEKKWsE2K-ndG6EL3b7PR0Wqa4l1kXeckjorrU6_bCS-y_wVxPyq89odpLs-aXrcWnM5kr-v0FLaBJqcNw6yMRRYCA0mzDha471GAQspOAkZ3UC-sT7zYG1GDQGZoFfbDpnwM48:1q4mec:QBXQaCZYPMHfhRED8FdRTCQGtxGTa6uC-nMpYKzqExA', '2023-06-15 18:04:06.054032'),
('8gx5mnlnub7j5g9gmjioq6z5t8n92qyz', '.eJxVjDEOwjAMRe-SGVUJrZ2EEYkjdI5sx1EqoEi0mRB3h0odYH3_vf8yidpaU1v0maZsTgbN4ZcxyVXnbSCRR5vXbifd5U7Tbfw651356yotdXtj54HAW4EwlHBUEc4xOwdBFIsEQEfIPTBL7FkQbCRvIwBp8YDm_QHBRjS0:1q8cMU:CSX9vXYmExI4rT4cmp_G_Iienvg_1O1jw1ZWHpKaqxw', '2023-06-26 07:53:14.452552'),
('8hdmxgnwes5wildngn5b29loq2hfvn6y', '.eJxVi70KwjAQgN8ls5S7tJc0joKP4BwulxwpagXbTOK7W6GDrt_Py0Rua41tKc84ZXM0aA6_LLFcy_wVLPJo89rtpDvfebpdtua0J39f5aVuU0H1MvpMmogdiSjo2IMNrEiKGUKgPPRWlaAAWl-gHxwwJnDEJOb9AcYbNGA:1q8Fgs:E3VYHq6Ng4ZRJIloi4-BQezTKnQMabCw05Ke2vdiZko', '2023-06-25 07:40:46.684725'),
('8i4k5bor1w11zbnywmr5x9tqcs3t4ugh', '.eJxVi70KwjAQgN8ls5S7tJc0joKP4BwulxwpagXbTOK7W6GDrt_Py0Rua41tKc84ZXM0aA6_LLFcy_wVLPJo89rtpDvfebpdtua0J39f5aVuU0H1MvpMmogdiSjo2IMNrEiKGUKgPPRWlaAAWl-gHxwwJnDEJOb9AcYbNGA:1q6Rq3:lPR_db0jrpba1UcpdpVmBDFqOEkf3Wz3f2ahsPnr1MM', '2023-06-20 08:14:47.930933'),
('8l4wvp7c61bslg6wgpokv0kzd9ailzg0', '.eJxVi70KwjAQgN_lZilJc7kLjoKP4BwuyYUUtYJtJvHdrdBB1-_nBVH62mJf9BmnAkdgOPyyJPmq81dIzo8-r8NOhvNdpttla0578vc1Wdo2qXdV1fOoaDyyY0y1JGvElsQkjBoseUfBKYY6JipIEmp2hgVz9fD-ALeQNH4:1q8yZy:x_kMEMaG0JniQ5FYSlsdONXRLaoDIRK78GNEuxveYJI', '2023-06-27 07:36:38.031028'),
('8m89w12q8wrscsrnbpskxtnc9bb6nw51', '.eJxVjDEOwjAMRe-SGVUusaOUEYkjdI4c21UqoEi0mRB3h0od2vX99_7HJa5LSXW2dxrVXVxwpz3LLHeb1oFFXnVamo00tyePj_7vXDfl0BWey_rmMWbtiEigJUBlr0DEEXLwkAc6IzFKDkPLJgGgsyiIaqpkoOC-P6JnNIg:1q656G:2gcTi6-5McDvDAABuYfuPZijB-6WYOTUUtzw54zsMxY', '2023-06-19 07:58:00.944604'),
('8mpoe43bhtzq7m2ftuqbq9jlzx72fzff', '.eJxVi0sKwjAQQO-StZROJs3HpeARXIfpZEKKWsE2K-ndG6EL3b7PR0Wqa4l1kXeckjorrU6_bCS-y_wVxPyq89odpLs-aXrcWnM5kr-v0FLaBJqcNw6yMRRYCA0mzDha471GAQspOAkZ3UC-sT7zYG1GDQGZoFfbDpnwM48:1q53pq:37Et7I6Kg3aJHDXRy5YZLB9eNQy_feAHp8XISvbmDJI', '2023-06-16 12:24:50.846373'),
('8otj4tjqfy7i1jtqg3s9oviks43gqz4u', '.eJxVi70KwjAQgN8ls5S7tJc0joKP4BwulxwpagXbTOK7W6GDrt_Py0Rua41tKc84ZXM0aA6_LLFcy_wVLPJo89rtpDvfebpdtua0J39f5aVuU0H1MvpMmogdiSjo2IMNrEiKGUKgPPRWlaAAWl-gHxwwJnDEJOb9AcYbNGA:1q8h7t:bzejx2lidTc7TFSESIzhkuO2vxdZ2kd3lp_J-Uq3H2g', '2023-06-26 12:58:29.976737'),
('8r6qz6sgpuzawsyhkz3r6zu35wrmnrvc', '.eJxVi0sKwjAQQO-StZTmMzFxKXgE12FmMiFFrdA2K_HuRuhCt-_zUgnbVlNbZUlTVifl1eGXEfJN5q9A5mebt2Enw-WB0_3am_Oe_H0V19onCESQvXUQrBESU9BkEMaAdmTWpEVG4xhQwNnoegzReDrqyEUXr94fzqI0-Q:1q3ZOB:nSUEqG0inm6HI7OdK8AH4aT8kTVXVAmgcg8BA-wtC8c', '2023-06-12 09:42:07.283269'),
('8rcb0qci8owkxf11ataexj5c1si9w72a', '.eJxVi0sKwjAQQO-StZROJs3HpeARXIfpZEKKWsE2K-ndG6EL3b7PR0Wqa4l1kXeckjorrU6_bCS-y_wVxPyq89odpLs-aXrcWnM5kr-v0FLaBJqcNw6yMRRYCA0mzDha471GAQspOAkZ3UC-sT7zYG1GDQGZoFfbDpnwM48:1q6OvI:P8tTyy_DbEKrjBBB-ROA4CucNs5m9xW754i1DZ4HkNk', '2023-06-20 05:08:00.919104'),
('8tr09ilf7kxost69nrxe3qlbrghan3qv', '.eJxViz0OwjAMRu_iGVUmTkrMiMQRmCPXcZUKKBJtJsTdCVIH2L6f916QpK4l1cWeacpwBA-7320Qvdr8PUT1Uee125bufJfpdmnMaUP-vCJLaZJjUmEOXvYaW3CBI7G2rnlkjJSDY2_BsmCPB2QyswHJ9y7qiAjvD6KaM_M:1q4lsW:_5Py1lW1wxriiYiQ8q2Q8HwV_Yv25EWiVnXbIQg9f8s', '2023-06-15 17:14:24.947873'),
('8uyz6hxr3jb0y9r6hjs6rwnxdgqhwuob', '.eJxVi8sKwjAQRf8laymZyUgmLgU_oesweZGiVrDNSvz3ptCF7i7nnvNRXtpafVvy209JXRSSOv3CIPGe5_2RGF9tXoeDDLenTI-xO9dD-euqLLVHgBzJpoRImvXZFcMmoGOxAsYRoLYZSoHkBIpmIWHpO0IhShiC-m6zJjRl:1q6Qec:ocLF1M2AXH0XcRJX1dinRPnUVC4Vfp9KKBUyu8Bx_ms', '2023-06-20 06:58:54.393997'),
('8vezr6t8xizkw8yiom621hgpqr2o6nr1', '.eJxVi70OwiAQgN-F2TQHB1dxNPERnMlxQGjUmrRlMr5726SDrt_PRwVuSw1tzlMYkroo3avTL4wsjzzuhkXebVy6g3S3Fw_P-9Zcj-TvqzzXbcrIaBCiYW2ppAQOwHkDDILalrMHgB58iZGMsT5pDeIskSNCZBL1XQGunzMp:1q6EiE:sQ7n3EW_zQTzmMMZG9Jfq7D_W_sCA81F2avOxxP3o6M', '2023-06-19 18:13:50.240443'),
('8vr8maoa86eq5rvydjs682v2tgzrj8tr', '.eJxVi70KwjAQgN8ls5S7tJc0joKP4BwulxwpagXbTOK7W6GDrt_Py0Rua41tKc84ZXM0aA6_LLFcy_wVLPJo89rtpDvfebpdtua0J39f5aVuU0H1MvpMmogdiSjo2IMNrEiKGUKgPPRWlaAAWl-gHxwwJnDEJOb9AcYbNGA:1q6VOn:B3smFtpTWjFTGgwznGJNVPbIME_HS3aSL05LfTL2nc0', '2023-06-20 12:02:53.877420'),
('8y3ob3t2afel7sd22o97cx11b17ctfhr', '.eJxVi70OwiAQgN-F2TQHB1dxNPERnMlxQGjUmrRlMr5726SDrt_PRwVuSw1tzlMYkroo3avTL4wsjzzuhkXebVy6g3S3Fw_P-9Zcj-TvqzzXbcrIaBCiYW2ppAQOwHkDDILalrMHgB58iZGMsT5pDeIskSNCZBL1XQGunzMp:1q6Ekj:dz3_atZt19OMcMDlJzqJ4Q8-gCbP-u-cy9_o1pGhUAg', '2023-06-19 18:16:25.870694'),
('8yo9lkzof7oaymqtpn9ud1i2jwurlgyt', '.eJxVi70KwjAQgN_lZilJc7kLjoKP4BwuyYUUtYJtJvHdrdBB1-_nBVH62mJf9BmnAkdgOPyyJPmq81dIzo8-r8NOhvNdpttla0578vc1Wdo2qXdV1fOoaDyyY0y1JGvElsQkjBoseUfBKYY6JipIEmp2hgVz9fD-ALeQNH4:1q7UQU:9T6ES7gw4hk4MJpNbjaL173uIwkb21lTT3xMICElIUk', '2023-06-23 05:12:42.050023'),
('91lelb46awbsckzaedhsscxbgh915sxb', '.eJxVi0EKwjAQRe-StZR0bJgZl4JH6DpMMhNS1Aq2XYl3N0IXuvu8_97LRdnWGrfFnnFSd3I9u8MvTJKvNn8fyfmxzWu3k-5yl-k2Nue8K39dlaW2KJSBPBc0IcZiKWghNgUJ4HM6DpQECbVtEKIivQVgr5hYgQjQvT_4kTUq:1q8csT:XyGMXugYi-XKjZ8yizvvafHMnhljgsBAzgzFSVNchIA', '2023-06-26 08:26:17.608764'),
('928049pi4id4z65xlqsr6vnp5umxjmj7', '.eJxVjDEOwjAMRe-SGVUJrZ2EEYkjdI5sx1EqoEi0mRB3h0odYH3_vf8yidpaU1v0maZsTgbN4ZcxyVXnbSCRR5vXbifd5U7Tbfw651356yotdXtj54HAW4EwlHBUEc4xOwdBFIsEQEfIPTBL7FkQbCRvIwBp8YDm_QHBRjS0:1q7Ize:HNxSyZYl_rh7VMSeV-VRjMpuNLSBNqi3xI_k2WzsTro', '2023-06-22 17:00:14.562471'),
('93fnyg326nmzob5qn8gh13caa9gy305p', '.eJxVjDEOwjAMRe-SGVUusaOUEYkjdI4c21UqoEi0mRB3h0od2vX99_7HJa5LSXW2dxrVXVxwpz3LLHeb1oFFXnVamo00tyePj_7vXDfl0BWey_rmMWbtiEigJUBlr0DEEXLwkAc6IzFKDkPLJgGgsyiIaqpkoOC-P6JnNIg:1q6QJO:PHTfqFGmU3TMs3GmcSb-ef4z6pEg6OzCB6b4k7u87BM', '2023-06-20 06:36:58.719066'),
('964385n3ej408f20p80detgx1qf4m04a', '.eJxVjDEOwjAMRe-SGVUusaOUEYkjdI4c21UqoEi0mRB3h0od2vX99_7HJa5LSXW2dxrVXVxwpz3LLHeb1oFFXnVamo00tyePj_7vXDfl0BWey_rmMWbtiEigJUBlr0DEEXLwkAc6IzFKDkPLJgGgsyiIaqpkoOC-P6JnNIg:1q4FnR:qtL3tzb9wwunInNI-PNNVEBM6Mml1pAOUnaV4rq73Wc', '2023-06-14 06:59:01.850388'),
('972pan4cjaj1qz9wae0hu92c9gi55lp7', '.eJxVi70OwiAQgN-F2TQHB1dxNPERnMlxQGjUmrRlMr5726SDrt_PRwVuSw1tzlMYkroo3avTL4wsjzzuhkXebVy6g3S3Fw_P-9Zcj-TvqzzXbcrIaBCiYW2ppAQOwHkDDILalrMHgB58iZGMsT5pDeIskSNCZBL1XQGunzMp:1q8dtO:gJ2Fr8cywQ6k_eTGneRaCXUpHRjWyCmfLHwpqu3JiDc', '2023-06-26 09:31:18.936548'),
('98bbkz3bnmvsn6khbq89bz1jomjoa4q7', '.eJxVi0EOwiAQRe_C2jRQKMO4NPEIrskwDKFRa2LLynh3MelCl__9914qUttqbKs845zVUY2oDr8wEV9l-T7E_GjLNuxkON9pvl26c9qVv67SWnuUJ-s0ueCT0wBIKCkICHBf1he2drJJyHFxhgG0wUIew4iM2Rcx6v0B0Ik0lw:1q8eNs:tEfBotGNQZ9SFJOqb9AnC5G1qYRMQDNoY7yuYicIWls', '2023-06-26 10:02:48.597117'),
('9bfceogrjuz3q66zo1hq1vavpsqgc9q2', '.eJxVi0sOgjAQhu_StSF9URiXJh7BdfN3mKZExQToynh3MGGh2-_xVhF1LbEuMsdxUGdlenX6hQl8l-lrwPyq09ocpLk-MT5ue3M5kr-vYCn7lKEz28w6WbjE4nNwnQ4CQrDwNmiNTmhwgYSkNQznjLckvSfK8OqzAf6SNQI:1q3aze:GzDPj08NY_MRVIoTBLYZ8dO94JDb1WdAWRqXpyvrxU4', '2023-06-12 11:24:54.963198'),
('9couxki5e62hgd5u0je1hujgy0t8zp2m', '.eJxVi0sKwjAQQO8yaylO_nEpeATXYTKTkKJWaJuVeHcrdKHb93lBor621Jcyp1HgBBjh8Asz8a1MX0PMzz6tw06Gy4PG-3Vrznvy9zVa2jZZIW8z-hKMZg7CupairBOvxCEGpWKkesRQ0ZB3JmbUujrMpMiJFXh_AOCeNKk:1q6rxv:pRlhjJCEKsMtaDaLqgtwj8Rx-Fc0JHcu0BG8tRvis5o', '2023-06-21 12:08:39.186738'),
('9euasw3qfq69hfsmogrsnquiiyov9el1', '.eJxVi0sKwjAQQO-StZROJs3HpeARXIfpZEKKWsE2K-ndG6EL3b7PR0Wqa4l1kXeckjorrU6_bCS-y_wVxPyq89odpLs-aXrcWnM5kr-v0FLaBJqcNw6yMRRYCA0mzDha471GAQspOAkZ3UC-sT7zYG1GDQGZoFfbDpnwM48:1q6sC2:0pzkF2RBpuCOJ-h8k5mo_MMpJyqG2UfIlD8TudH7FkU', '2023-06-21 12:23:14.235046'),
('9fokfmcrebyn4530p91lmmk9x7euxfc8', '.eJxVi70KwjAQgN8ls5S7tJc0joKP4BwulxwpagXbTOK7W6GDrt_Py0Rua41tKc84ZXM0aA6_LLFcy_wVLPJo89rtpDvfebpdtua0J39f5aVuU0H1MvpMmogdiSjo2IMNrEiKGUKgPPRWlaAAWl-gHxwwJnDEJOb9AcYbNGA:1q3vsU:2QNkkvFoWtYH-F8Iztu-4rP5pocgKK_xTtMq8MedgLg', '2023-06-13 09:42:54.153953'),
('9j0u7dxxebbjnywm9wub0mjnq9odbjau', '.eJxVi70KwjAQgN8ls5S7tJc0joKP4BwulxwpagXbTOK7W6GDrt_Py0Rua41tKc84ZXM0aA6_LLFcy_wVLPJo89rtpDvfebpdtua0J39f5aVuU0H1MvpMmogdiSjo2IMNrEiKGUKgPPRWlaAAWl-gHxwwJnDEJOb9AcYbNGA:1q5iVT:1kc5sXEmUU0XyiVflEhZ57FwP9F5DtPqiCQ37MC5XiU', '2023-06-18 07:50:31.554360'),
('9j2nxgld5lhi1k5a8w67a2g40uripe1b', '.eJxVi0sKwjAQQO-StZRk8pnWpeARXIeZSUKKWsE2K_HuRuhCt-_zUpHaVmNb8zPOSR2VNerwC5nkmpevIZFHW7ZhJ8P5TvPt0pvTnvx9ldbaJ-2yTGidjAWhOAwjs4UAqRjMKKP3hF2G5HjiJAW8AcNWa2CPQl69P9B9NHY:1q7Bmk:cjyYvogvdzV-NTntwkq77B3LUh3mw_0Qov_JR_joagk', '2023-06-22 09:18:26.218474'),
('9m2p8k2qkxg0enn6u9v4w4tk73nw2fud', '.eJxVi70KwjAQgN_lZilJc7kLjoKP4BwuyYUUtYJtJvHdrdBB1-_nBVH62mJf9BmnAkdgOPyyJPmq81dIzo8-r8NOhvNdpttla0578vc1Wdo2qXdV1fOoaDyyY0y1JGvElsQkjBoseUfBKYY6JipIEmp2hgVz9fD-ALeQNH4:1q8etA:0wEHLikFZ8_s6EaNWqBIuXrHJYcvSTeYbYXvvNtG0h4', '2023-06-26 10:35:08.252603'),
('9o8mcza3msmsy3aex6p94dzq7iegxtxu', '.eJxVi70KwjAQgN8ls5TcpTlyjoKP4ByuyYUUtYJtJvHdjdBB1-_nZaK0rca26jPO2RwNenP4hZOkqy5fIyk92rINOxnOd5lvl96c9uTvq7LWPtGkpIWZbUgcAChDKjlIQVVHXjOQG4msx2IDI6L1MHZYPATK1pn3B9XLM8Y:1q7WaU:YovTlq7uEtd8O_OnjVuJTc_OtFxiZftxMNH3mGK12ww', '2023-06-23 07:31:10.876797'),
('9ojt6cvlwjwziwffvfi0panc6c7zf7a3', '.eJxVi8sKwjAQRf8laymTVzN1KfgJXYd0MkOKWsE2q-K_G6EL3V3OPWdXMdWtxLryK85ZnZUBdfqFU6IbL98nET3rsnUH6a6PNN_H5lwO5a8raS0tygYYyJKAgAYMlskJtoE-EA5CoYfM7IQ5k_NZJmQ7oHXGa-pJq_cH5QI1EQ:1q3aba:7lY-Kw1LYFm9KsuAYrZQdTlH_Xvxte7BBIwrYJ7TOJw', '2023-06-12 11:00:02.862801'),
('9qsdft2egr5l0hu2fta4epo9wjmqmekg', '.eJxVi70KwjAQgN8ls5S7tJc0joKP4BwulxwpagXbTOK7W6GDrt_Py0Rua41tKc84ZXM0aA6_LLFcy_wVLPJo89rtpDvfebpdtua0J39f5aVuU0H1MvpMmogdiSjo2IMNrEiKGUKgPPRWlaAAWl-gHxwwJnDEJOb9AcYbNGA:1q6ru3:22lFqFEmLWOxrozGcZXMOL_CMuSIVK2GxpugpHXbGLQ', '2023-06-21 12:04:39.224001'),
('9tvfsgxjgz5s2byi5dqmcy5hm3wrp1w0', '.eJxVi70KwjAQgN8ls5S7tJc0joKP4BwulxwpagXbTOK7W6GDrt_Py0Rua41tKc84ZXM0aA6_LLFcy_wVLPJo89rtpDvfebpdtua0J39f5aVuU0H1MvpMmogdiSjo2IMNrEiKGUKgPPRWlaAAWl-gHxwwJnDEJOb9AcYbNGA:1q6s6g:b94opLRl0pkcf9SKeeeBoXh_SAtaiQCGp3pFXXEQHy8', '2023-06-21 12:17:42.257631'),
('9tvys3v37qgnwhpeo4r70xz9m4b4tuk7', '.eJxVi70KwjAQgN_lZilJc7kLjoKP4BwuyYUUtYJtJvHdrdBB1-_nBVH62mJf9BmnAkdgOPyyJPmq81dIzo8-r8NOhvNdpttla0578vc1Wdo2qXdV1fOoaDyyY0y1JGvElsQkjBoseUfBKYY6JipIEmp2hgVz9fD-ALeQNH4:1q7Wng:onxlyjnpEfGHeblmRuPhSUMHBMiBpDBGq5S7mh3U_Kk', '2023-06-23 07:44:48.072584'),
('9wjrfpe8ypociw98uix714jc1wp9trxc', '.eJxVi70OwiAQgN-F2TQHB1dxNPERnMlxQGjUmrRlMr5726SDrt_PRwVuSw1tzlMYkroo3avTL4wsjzzuhkXebVy6g3S3Fw_P-9Zcj-TvqzzXbcrIaBCiYW2ppAQOwHkDDILalrMHgB58iZGMsT5pDeIskSNCZBL1XQGunzMp:1q7X6D:UGBVAi9FCuztybvGgBuP0YOqqfRkceJNDkdFEtCMAs0', '2023-06-23 08:03:57.535874'),
('9zaa6v52kx7214i65e2146ianybv62fp', '.eJxVi70KwjAQgN8ls5S7tJc0joKP4BwulxwpagXbTOK7W6GDrt_Py0Rua41tKc84ZXM0aA6_LLFcy_wVLPJo89rtpDvfebpdtua0J39f5aVuU0H1MvpMmogdiSjo2IMNrEiKGUKgPPRWlaAAWl-gHxwwJnDEJOb9AcYbNGA:1q8clp:fGh9DGKA1LwJhjibXgEgjXX7GLGMshIXoit7U8_vEpA', '2023-06-26 08:19:25.274539'),
('a0pn01becqp4t62ola1emteapudrt7sp', '.eJxVi70KwjAQgN8ls5S7tJc0joKP4BwulxwpagXbTOK7W6GDrt_Py0Rua41tKc84ZXM0aA6_LLFcy_wVLPJo89rtpDvfebpdtua0J39f5aVuU0H1MvpMmogdiSjo2IMNrEiKGUKgPPRWlaAAWl-gHxwwJnDEJOb9AcYbNGA:1q6lX6:b-i7Hkfy6YiaoKBNQ7qZYiFCgk6GpIgiRTpBZh1fkdY', '2023-06-21 05:16:32.479618'),
('a5mgd20dxsdnrrgwxxfxkpcvbqn73fiq', '.eJxVi0sKwjAQQO-StZROJs3HpeARXIfpZEKKWsE2K-ndG6EL3b7PR0Wqa4l1kXeckjorrU6_bCS-y_wVxPyq89odpLs-aXrcWnM5kr-v0FLaBJqcNw6yMRRYCA0mzDha471GAQspOAkZ3UC-sT7zYG1GDQGZoFfbDpnwM48:1q3uew:-xWJd7N3vdDBhMnPNEINleeR8d9N-LhoTibkGNweUUU', '2023-06-13 08:24:50.891542'),
('a7c9fha6olelfmlaucavd0r1j0gwqr30', '.eJxVi70KwjAQgN8ls5S7tJc0joKP4BwulxwpagXbTOK7W6GDrt_Py0Rua41tKc84ZXM0aA6_LLFcy_wVLPJo89rtpDvfebpdtua0J39f5aVuU0H1MvpMmogdiSjo2IMNrEiKGUKgPPRWlaAAWl-gHxwwJnDEJOb9AcYbNGA:1q8meO:-LreiJXemgfbJQUEZ2c-cAkCN5kxm95HKfyuefuT_N4', '2023-06-26 18:52:24.737599'),
('a8kk5vs8ifjyovlmuhwq1lkptb9sbycy', '.eJxVi70KwjAQgN_lZilJc7kLjoKP4BwuyYUUtYJtJvHdrdBB1-_nBVH62mJf9BmnAkdgOPyyJPmq81dIzo8-r8NOhvNdpttla0578vc1Wdo2qXdV1fOoaDyyY0y1JGvElsQkjBoseUfBKYY6JipIEmp2hgVz9fD-ALeQNH4:1q8hBX:KbmTrYCGzXno7v0OnG1qL2QUwjXFigwyH2NAvQeHnzw', '2023-06-26 13:02:15.701979'),
('aae8hz6fb0xgibcgs8z5nhlgth89ywx9', '.eJxVi70KwjAQgN8ls5S7tJc0joKP4BwulxwpagXbTOK7W6GDrt_Py0Rua41tKc84ZXM0aA6_LLFcy_wVLPJo89rtpDvfebpdtua0J39f5aVuU0H1MvpMmogdiSjo2IMNrEiKGUKgPPRWlaAAWl-gHxwwJnDEJOb9AcYbNGA:1q6n1S:4k1bYyEnFZStMS3JLQtWEH3FieXFdQ3q1tbIeU84goQ', '2023-06-21 06:51:58.226639'),
('abltcx0vtncye82x8j5paoegbelzzxgc', '.eJxVi0sKwjAQQO-StZROJs3HpeARXIfpZEKKWsE2K-ndG6EL3b7PR0Wqa4l1kXeckjorrU6_bCS-y_wVxPyq89odpLs-aXrcWnM5kr-v0FLaBJqcNw6yMRRYCA0mzDha471GAQspOAkZ3UC-sT7zYG1GDQGZoFfbDpnwM48:1q8aBX:2_TThN2flrZSWwQksqqhOLWRF_wBZf2QgqjuG0-vGH8', '2023-06-26 05:33:47.438802'),
('ad2bqp003mp263b4eygaa9ikvixwbx7c', '.eJxVi0kKwjAUQO_y11J-zKhLwSO4Dn9ISFEr2GYl3t0KXej2DS_I1JeW-1yeeVQ4goPdL2OSa5m-gkQefVqGjQznO423y9qctuTvazS3dUIiqTZF8cZrrSayHIJwSdGhR437ZCiosEoK1Suj2GBR0YhjViZ4fwDaPzWp:1q3vv2:W2LZjxg3_zkrWLf7UreyK8EE84NdgqH1WxaEu8f8fY8', '2023-06-13 09:45:32.997277'),
('adgix3shibjhj8lxi7ea3nye93ule77e', '.eJxVjMEKwyAYg9_F8yi_WqvdcbBH2Fmiv2LZ1kFbT2PvPgs9bARyyJfkLTzqVnxd0-InFmchtTj9hgHxnuadIMZXnbfuSLrrE9Pj1jqXo_K3K1jLfpdt6G1kZOI8yOYjmgaoRA46NWQBRZl1IDuaXjrFjghstLHRiM8XAPg1Jw:1q4bAF:Q1jP5jE3-tFY_j8t_Hgjz0gbECNoRMun5x1If7q_L7c', '2023-06-15 05:47:59.731835'),
('aeooqqe9nz3flmvb5z8dnq519dt5i3a4', '.eJxVi70KwjAQgN8ls5S7tJc0joKP4BwulxwpagXbTOK7W6GDrt_Py0Rua41tKc84ZXM0aA6_LLFcy_wVLPJo89rtpDvfebpdtua0J39f5aVuU0H1MvpMmogdiSjo2IMNrEiKGUKgPPRWlaAAWl-gHxwwJnDEJOb9AcYbNGA:1q3vtc:CLuU_MW_ilozvVTFYlHJnNkTfbB4mPmh5nDZw0uYZRI', '2023-06-13 09:44:04.356592'),
('am96kficiwih02x2me4yk79wja5cghj7', '.eJxVi8sKwjAQRf8laylpOnm5FPwE12FmkiFFrWCblfjvRuhC4a7OPeelEratpraWZ5qzOioT1OEXEvK1LN8HmR9t2YadDOc7zrdLd0678tdVXGuPKFqGkidBEyenIZggQRO57EocXQEkziLg0UfbF8ZMmixa0Cg2evX-AOpGNPA:1q91yX:GPRpjt4W4rea1B3yMtOJE2jUYm1VOSds3qiRlYpurLw', '2023-06-27 11:14:13.379464'),
('ammjwsdww6zg2q51pg2ifcpl2nnthoy8', '.eJxVi80KwjAMgN-lZxkr2drEo-AjeC5pk9ChTnDrSXx3J-yg1-_n5RK3taa26DNN4o5ucIdflrlcdf4KLuXR5rXbSXe-83S7bM1pT_6-ykvdJvQgvRgjBEHJijJYAFP1vrBRBAwDZQ5jVjIAQymgPSHGkTUSufcH2uU1NQ:1q92l5:33pByGiYpdLELDhssRd0Ap2V1zEcCjkdhlfTcuXjXnk', '2023-06-27 12:04:23.742192'),
('amq8z7i55e54ixkjg0j0t7la24n96k5j', '.eJxVi70KwjAQgN8ls5S7tJc0joKP4BwulxwpagXbTOK7W6GDrt_Py0Rua41tKc84ZXM0aA6_LLFcy_wVLPJo89rtpDvfebpdtua0J39f5aVuU0H1MvpMmogdiSjo2IMNrEiKGUKgPPRWlaAAWl-gHxwwJnDEJOb9AcYbNGA:1q7XHc:M54ZwV6rZtHgjEttcQOctX--O6-ZDUFAv2H9HljyvQo', '2023-06-23 08:15:44.706591'),
('ao8vphhqnvwwy4vym7b3t1gbl8ozn7sh', '.eJxVi0EOwiAQRe_C2jRQKMO4NPEIrskwDKFRa2LLynh3MelCl__9914qUttqbKs845zVUY2oDr8wEV9l-T7E_GjLNuxkON9pvl26c9qVv67SWnuUJ-s0ueCT0wBIKCkICHBf1he2drJJyHFxhgG0wUIew4iM2Rcx6v0B0Ik0lw:1q8e9l:J5z6tWS8hQmOVj_LQ_8A5BW7kH-IxRr3DETaeY2fBQc', '2023-06-26 09:48:13.087799'),
('aomowygxszev3bzuqdpuxuoju8yegy83', '.eJxVi0sKwjAQQO-StZROJs3HpeARXIfpZEKKWsE2K-ndG6EL3b7PR0Wqa4l1kXeckjorrU6_bCS-y_wVxPyq89odpLs-aXrcWnM5kr-v0FLaBJqcNw6yMRRYCA0mzDha471GAQspOAkZ3UC-sT7zYG1GDQGZoFfbDpnwM48:1q6rvp:SeBqdB72JGI0DVe05lpjaoYIApu3OT8sWnx4ULhjBv8', '2023-06-21 12:06:29.936771'),
('aruarcmj03nthm4rri5c4dhlfqzxs143', '.eJxVi70KwjAQgN8ls5S7tJc0joKP4BwulxwpagXbTOK7W6GDrt_Py0Rua41tKc84ZXM0aA6_LLFcy_wVLPJo89rtpDvfebpdtua0J39f5aVuU0H1MvpMmogdiSjo2IMNrEiKGUKgPPRWlaAAWl-gHxwwJnDEJOb9AcYbNGA:1q4F9G:KpVwaXVi-gqxNZDgkZQyCKJQCbwnjr3LdE9hIiMYb8o', '2023-06-14 06:17:30.990001'),
('asiccrpo7s5p6vcootw4vln37vry2zfx', '.eJxVi70OwiAQgN-F2TQHB1dxNPERnMlxQGjUmrRlMr5726SDrt_PRwVuSw1tzlMYkroo3avTL4wsjzzuhkXebVy6g3S3Fw_P-9Zcj-TvqzzXbcrIaBCiYW2ppAQOwHkDDILalrMHgB58iZGMsT5pDeIskSNCZBL1XQGunzMp:1q6ryj:eeeZOIEiZi8TLMXdNf7wxu02p20kYQEY3_i9YXg3PKw', '2023-06-21 12:09:29.302578'),
('asmsvwax3fhfhmds3o4j0c9nqj73p66p', '.eJxVi0sKwjAQQO-StZTmMzFxKXgE12FmMiFFrdA2K_HuRuhCt-_zUgnbVlNbZUlTVifl1eGXEfJN5q9A5mebt2Enw-WB0_3am_Oe_H0V19onCESQvXUQrBESU9BkEMaAdmTWpEVG4xhQwNnoegzReDrqyEUXr94fzqI0-Q:1q3YyT:XjRlzwV794OrUzVXBVSAOG_AXrfEDHNupPfkZZJakIM', '2023-06-12 09:15:33.915470'),
('atra0asa82f5fxav0gnt6dvtc6m0uenm', '.eJxVi70KwjAQgN8ls5S7tJc0joKP4BwulxwpagXbTOK7W6GDrt_Py0Rua41tKc84ZXM0aA6_LLFcy_wVLPJo89rtpDvfebpdtua0J39f5aVuU0H1MvpMmogdiSjo2IMNrEiKGUKgPPRWlaAAWl-gHxwwJnDEJOb9AcYbNGA:1q6VES:s87Nld3jicjpPyhQ0zNuQ-U7GvMxVbZBsyOe23s477Q', '2023-06-20 11:52:12.402593'),
('auatyjboui6un07z4f5r207hnjc3egq6', '.eJxVi0sKwjAQQO-StZROJs3HpeARXIfpZEKKWsE2K-ndG6EL3b7PR0Wqa4l1kXeckjorrU6_bCS-y_wVxPyq89odpLs-aXrcWnM5kr-v0FLaBJqcNw6yMRRYCA0mzDha471GAQspOAkZ3UC-sT7zYG1GDQGZoFfbDpnwM48:1q6Vn0:NwkvY2WUC3rXTIOXDo63csISQgHEvP6kuMADSI_Y3AM', '2023-06-20 12:27:54.536552'),
('axte62n69yury3v8bto2oehkahlf6q99', '.eJxViz0OwjAMRu_iGVUmTkrMiMQRmCPXcZUKKBJtJsTdCVIH2L6f916QpK4l1cWeacpwBA-7320Qvdr8PUT1Uee125bufJfpdmnMaUP-vCJLaZJjUmEOXvYaW3CBI7G2rnlkjJSDY2_BsmCPB2QyswHJ9y7qiAjvD6KaM_M:1q4Ksv:BW5RDdn2PgnStJk0E5HEBF9qZKyDpNoGzyc9sR56dT8', '2023-06-14 12:25:01.582655'),
('azpgzmnw0ej1ndiui2cezf8glbdevk1w', '.eJxVi8sKwjAQRf8layl5Ncm4FPwE12EmmZCiVrDNSvrvjdCFri6ce85HRGxrjW3hd5yyOAvtxekXEqY7z98HU3q1eR0OMlyfOD1u3bkcyl9Xcak9IgbI6ElJW6wqiSzovnLUxFyCM1DyaACM4pxRe-28cSGAL4ZYBhbbDuoQNMY:1q6T3r:WBuoQ8VAeR33J-LO8Btt-1hJ-T3oai35arnVfStdQJE', '2023-06-20 09:33:07.047710'),
('b0bb440r00s6a4gtl6soscyolrwcv676', '.eJxVi8sKwjAQRf8laymZyUgmLgU_oesweZGiVrDNSvz3ptCF7i7nnvNRXtpafVvy209JXRSSOv3CIPGe5_2RGF9tXoeDDLenTI-xO9dD-euqLLVHgBzJpoRImvXZFcMmoGOxAsYRoLYZSoHkBIpmIWHpO0IhShiC-m6zJjRl:1q6Qix:wR0B51YMU8xXfyvNxLLrdk6C1a1pwrkUrsrkYEOo1ws', '2023-06-20 07:03:23.120074'),
('b178d22x1dkdsritjr0fhul23pgp58rg', '.eJxVi0sKwjAQQO-StZROJs3HpeARXIfpZEKKWsE2K-ndG6EL3b7PR0Wqa4l1kXeckjorrU6_bCS-y_wVxPyq89odpLs-aXrcWnM5kr-v0FLaBJqcNw6yMRRYCA0mzDha471GAQspOAkZ3UC-sT7zYG1GDQGZoFfbDpnwM48:1q93QU:2dvVYjCLx7Bhlq-d18he9qzFVpFJoPVOEl9OcVYGfaY', '2023-06-27 12:47:10.375017'),
('b4je3wihe30uvid4a540yvl7wv0p9ppq', '.eJxVi70KwjAQgN8ls5S7tJc0joKP4BwulxwpagXbTOK7W6GDrt_Py0Rua41tKc84ZXM0aA6_LLFcy_wVLPJo89rtpDvfebpdtua0J39f5aVuU0H1MvpMmogdiSjo2IMNrEiKGUKgPPRWlaAAWl-gHxwwJnDEJOb9AcYbNGA:1q62ZO:XSwHeU0_LJJz7cyBfwh8dTZ1tIvpLqA8wecTJPiPrTk', '2023-06-19 05:15:54.059398'),
('b58tnr8xl1958grv28ko95wxnsqptvki', '.eJxVi0sKwjAQQO-StZROJs3HpeARXIfpZEKKWsE2K-ndG6EL3b7PR0Wqa4l1kXeckjorrU6_bCS-y_wVxPyq89odpLs-aXrcWnM5kr-v0FLaBJqcNw6yMRRYCA0mzDha471GAQspOAkZ3UC-sT7zYG1GDQGZoFfbDpnwM48:1q8WOm:zeZOCu5R8o2aOzbIQcviWh1MNUwYfXcwRinXWKjvzWw', '2023-06-26 01:31:12.163415'),
('b76ltx310po5ol6xku2xi7eblbv7nydm', '.eJxVi8sKwjAQRf8layl5Ncm4FPwE12EmmZCiVrDNSvrvjdCFri6ce85HRGxrjW3hd5yyOAvtxekXEqY7z98HU3q1eR0OMlyfOD1u3bkcyl9Xcak9IgbI6ElJW6wqiSzovnLUxFyCM1DyaACM4pxRe-28cSGAL4ZYBhbbDuoQNMY:1q7AD4:D5bMfdOWvI_STzg3tKITRtzm4bootZ-WrpQAUQNlrJE', '2023-06-22 07:37:30.615918'),
('b9tjnd9g07mv7nt169njucx5fp8f6j3a', '.eJxVi0sKwjAQQO-StZROJs3HpeARXIfpZEKKWsE2K-ndG6EL3b7PR0Wqa4l1kXeckjorrU6_bCS-y_wVxPyq89odpLs-aXrcWnM5kr-v0FLaBJqcNw6yMRRYCA0mzDha471GAQspOAkZ3UC-sT7zYG1GDQGZoFfbDpnwM48:1q6PIG:V9Hria2iKxMEIqMRH5-VgtyhANyK7ff9cDWwY0sifx4', '2023-06-20 05:31:44.883578'),
('bas489yg0ducy5gtixdjhuk6v7d12mk9', '.eJxVi0sKwjAQQO-StZROJs3HpeARXIfpZEKKWsE2K-ndG6EL3b7PR0Wqa4l1kXeckjorrU6_bCS-y_wVxPyq89odpLs-aXrcWnM5kr-v0FLaBJqcNw6yMRRYCA0mzDha471GAQspOAkZ3UC-sT7zYG1GDQGZoFfbDpnwM48:1q5jc0:TZS6tP-INptPfxhsj6KoklPh9NkMRyWiWM_PfQVWkKs', '2023-06-18 09:01:20.325328'),
('bcf5n6chg25ohh0byf2sv6nmeeasm1sg', '.eJxVi70KwjAQgN_lZilJc7kLjoKP4BwuyYUUtYJtJvHdrdBB1-_nBVH62mJf9BmnAkdgOPyyJPmq81dIzo8-r8NOhvNdpttla0578vc1Wdo2qXdV1fOoaDyyY0y1JGvElsQkjBoseUfBKYY6JipIEmp2hgVz9fD-ALeQNH4:1q7JD9:X8qwSon5yrC2USwpXiT92qZo2otDSVoQpy9g1LO9i2w', '2023-06-22 17:14:11.243080'),
('bd56t0nuirc2bdhgclh24u5z0hoi7jle', '.eJxVi80KwjAMgN-lZxkr2drEo-AjeC5pk9ChTnDrSXx3J-yg1-_n5RK3taa26DNN4o5ucIdflrlcdf4KLuXR5rXbSXe-83S7bM1pT_6-ykvdJvQgvRgjBEHJijJYAFP1vrBRBAwDZQ5jVjIAQymgPSHGkTUSufcH2uU1NQ:1q8znj:46m1K_A2ecq7OfbcZtf7rpDHKNS84tb2xdPpHEfwOD8', '2023-06-27 08:54:55.940868'),
('bek411s6c6sbcr39yp6rah5oul3jfawg', '.eJxVi0sKwjAQQO-StZROJs3HpeARXIfpZEKKWsE2K-ndG6EL3b7PR0Wqa4l1kXeckjorrU6_bCS-y_wVxPyq89odpLs-aXrcWnM5kr-v0FLaBJqcNw6yMRRYCA0mzDha471GAQspOAkZ3UC-sT7zYG1GDQGZoFfbDpnwM48:1q6dQI:E0lJuXNooNpAB5XL_JiWiRO4Q80MY25vFUExpjRgpfs', '2023-06-20 20:36:58.128343'),
('bg13tkdy05g4cahf87sf254fd8r935qh', '.eJxVi70OwiAQgN-F2TQHB1dxNPERnMlxQGjUmrRlMr5726SDrt_PRwVuSw1tzlMYkroo3avTL4wsjzzuhkXebVy6g3S3Fw_P-9Zcj-TvqzzXbcrIaBCiYW2ppAQOwHkDDILalrMHgB58iZGMsT5pDeIskSNCZBL1XQGunzMp:1q6lWR:2w4Riej72c2PBjlnoRrx46G2OUEu0mZiiCjQBbixc7A', '2023-06-21 05:15:51.726960'),
('bgho1p8612ddvmxqvqc8shgt0hzmslob', '.eJxVi70OwiAQgN-F2TQHB1dxNPERnMlxQGjUmrRlMr5726SDrt_PRwVuSw1tzlMYkroo3avTL4wsjzzuhkXebVy6g3S3Fw_P-9Zcj-TvqzzXbcrIaBCiYW2ppAQOwHkDDILalrMHgB58iZGMsT5pDeIskSNCZBL1XQGunzMp:1q8e7O:JP41u4qY47z-Jrf40EG73eFJlihfawgIR2itayES5WQ', '2023-06-26 09:45:46.614657'),
('bh48p0i4gd6bzyszrh5g81xgvcxp7mu2', '.eJxVi0EOwiAQRe_C2jQwU2RwaeIRXJNhgNCoNWnLynh3MelCF3_z_nsvFbhtNbQ1L2FK6qRQq8MvjCy3PH8fFnm2eRt2MlwePN2v3Tnvyl9Xea090kBUJDqvrVgHo0sjIpXkGQEALSGZiKIRhRBLhpT7rDkWnxKwUe8Psm80EQ:1q793R:9AtfyqDkQ7L1eewh6SJP6M2c0u3XU1B6nmDKeicYT3o', '2023-06-22 06:23:29.787844'),
('bkrma4xu53doufdxiqmhs8r7y6okxcdy', '.eJxVi70KwjAQgN8ls5S7tJc0joKP4BwulxwpagXbTOK7W6GDrt_Py0Rua41tKc84ZXM0aA6_LLFcy_wVLPJo89rtpDvfebpdtua0J39f5aVuU0H1MvpMmogdiSjo2IMNrEiKGUKgPPRWlaAAWl-gHxwwJnDEJOb9AcYbNGA:1q8diR:_djaCN1lKDyLCcrHsTIHaIs9Bnr7UZ3_KmOjSLT6P6U', '2023-06-26 09:19:59.503045'),
('bom79f9kfgnfaubvrs1mcjmzeg0g1wgp', '.eJxVi70OwiAQgN-F2TQHB1dxNPERnMlxQGjUmrRlMr5726SDrt_PRwVuSw1tzlMYkroo3avTL4wsjzzuhkXebVy6g3S3Fw_P-9Zcj-TvqzzXbcrIaBCiYW2ppAQOwHkDDILalrMHgB58iZGMsT5pDeIskSNCZBL1XQGunzMp:1q91aG:qoGShNrcJbFYAELe0MBltZ9LhGIyJpkOAjmlZFvrdbM', '2023-06-27 10:49:08.466653'),
('bpgt05m4iuesvkk8t7k4ttks0w4vk8lq', '.eJxVi70KwjAQgN_lZilJc7kLjoKP4BwuyYUUtYJtJvHdrdBB1-_nBVH62mJf9BmnAkdgOPyyJPmq81dIzo8-r8NOhvNdpttla0578vc1Wdo2qXdV1fOoaDyyY0y1JGvElsQkjBoseUfBKYY6JipIEmp2hgVz9fD-ALeQNH4:1q91GZ:0oINH3W_thOTcSIxG8X_fqu2MmlQ8Zk6FYJTC5T6G_w', '2023-06-27 10:28:47.032020'),
('bpqflh6bflzly3rdkpatf63yjqinvtt5', '.eJxVi0sKwjAQQO-StZROJs3HpeARXIfpZEKKWsE2K-ndG6EL3b7PR0Wqa4l1kXeckjorrU6_bCS-y_wVxPyq89odpLs-aXrcWnM5kr-v0FLaBJqcNw6yMRRYCA0mzDha471GAQspOAkZ3UC-sT7zYG1GDQGZoFfbDpnwM48:1q8HXW:Sn3cwYwd81_RV-epRgNn_ugmf1P6CWT9HK4UHo0gz1E', '2023-06-25 09:39:14.001398'),
('bqo1cqneutf9y887apu4z9sn9y3ijgmn', '.eJxVi0sKwjAQQO-StZROJs3HpeARXIfpZEKKWsE2K-ndG6EL3b7PR0Wqa4l1kXeckjorrU6_bCS-y_wVxPyq89odpLs-aXrcWnM5kr-v0FLaBJqcNw6yMRRYCA0mzDha471GAQspOAkZ3UC-sT7zYG1GDQGZoFfbDpnwM48:1q8ggh:TSVdXQ_HAmBMphq3o9kQm9OVlz_XdzWnswAPbyTGAtk', '2023-06-26 12:30:23.298990'),
('bqz7gp1zf6jm4v0ygihmte6iwecf4kyo', '.eJxVi0sKwjAQQO-StZROJs3HpeARXIfpZEKKWsE2K-ndG6EL3b7PR0Wqa4l1kXeckjorrU6_bCS-y_wVxPyq89odpLs-aXrcWnM5kr-v0FLaBJqcNw6yMRRYCA0mzDha471GAQspOAkZ3UC-sT7zYG1GDQGZoFfbDpnwM48:1q8cy1:VYNBIRjGz9wJhuxcCF4xukLNNpuHNZPf0Z9fmgvtmUs', '2023-06-26 08:32:01.318199'),
('bryoy3p1op09d41n4m9ow56jrq7zcuo5', '.eJxVizkOwjAUBe_iGkV2vHybEokjUFt_ceQICFISV4i7E1AKeOW8mafK2Naa21LmPIo6KgPq8AsJ-Vqmz4PMjzat3U668x3H22VzTrvy11Vc6jfSUQq6KOSSLUmEgo9QLAlg6K0hBOLeuuC3JcCBB5fYExqwRmv1egP9VTUE:1q3w4K:SJTpPWDvHiYX6UhrO_TGDaObaheWrt6jxk7Rf2Ouklk', '2023-06-13 09:55:08.794599'),
('brz47ft3attma43i4pcpmi5jlv32ba2c', '.eJxVi70KwjAQgN8ls5TcpTlyjoKP4ByuyYUUtYJtJvHdjdBB1-_nZaK0rca26jPO2RwNenP4hZOkqy5fIyk92rINOxnOd5lvl96c9uTvq7LWPtGkpIWZbUgcAChDKjlIQVVHXjOQG4msx2IDI6L1MHZYPATK1pn3B9XLM8Y:1q6Ste:7Q6Hacw6MPx4sKBSGh4v7Ts5k3tI0ra55ceaOaafqdY', '2023-06-20 09:22:34.356357'),
('bsidmbbwyuvcy8g38ju72j66ygvcxw8p', '.eJxVi70OwiAQgN-F2TTAAYeOJj6CM7k7IDRqTdoyGd_dmnTQ9ft5qUR9bakvZU5jVicFXh1-IZPcyvQ1JPLs0zrsZLg8aLxft-a8J39fo6VtExMgcNSUOQQTBTyBBae5RGdzNgapoJARrKUGCxqZizNcCcjDEdX7A-WANRg:1q8ek9:uGyDHsaKUphSTECue_6SxqeNV1Ut3o5yiPY0kgNVuUU', '2023-06-26 10:25:49.820201'),
('btak4h7fheweskcuscj987dhelj4j7uz', '.eJxViz0OwjAMRu_iGVUmTkrMiMQRmCPXcZUKKBJtJsTdCVIH2L6f916QpK4l1cWeacpwBA-7320Qvdr8PUT1Uee125bufJfpdmnMaUP-vCJLaZJjUmEOXvYaW3CBI7G2rnlkjJSDY2_BsmCPB2QyswHJ9y7qiAjvD6KaM_M:1q4dmL:mqA0UWG8PUfSy90G4im056H-_obval-R3UC5PqtzkXA', '2023-06-15 08:35:29.374572'),
('btlozfzlae7rjkdcxb5tt1rqe2r9gryp', '.eJxVi70OwiAQgN-F2TTAAYeOJj6CM7k7IDRqTdoyGd_dmnTQ9ft5qUR9bakvZU5jVicFXh1-IZPcyvQ1JPLs0zrsZLg8aLxft-a8J39fo6VtExMgcNSUOQQTBTyBBae5RGdzNgapoJARrKUGCxqZizNcCcjDEdX7A-WANRg:1q8dJL:fdP_BoaLD6WUrCFRQVEFoBBq8lfhcF0XdVEizhoTjmU', '2023-06-26 08:54:03.269522'),
('bu4ifztja25h1itxr66weef9ootr4tk2', '.eJxVi0sKwjAQQO-StZROJs3HpeARXIfpZEKKWsE2K-ndG6EL3b7PR0Wqa4l1kXeckjorrU6_bCS-y_wVxPyq89odpLs-aXrcWnM5kr-v0FLaBJqcNw6yMRRYCA0mzDha471GAQspOAkZ3UC-sT7zYG1GDQGZoFfbDpnwM48:1q695J:dxGDX_8c9q6oO7UyxcdcVnBw0egcai59mblvN4wkboA', '2023-06-19 12:13:17.506188'),
('budj87px7huoqut6pfd8kfp5ncaxk5us', '.eJxVi0EOwiAQRe_C2jRQKMO4NPEIrskwDKFRa2LLynh3MelCl__9914qUttqbKs845zVUY2oDr8wEV9l-T7E_GjLNuxkON9pvl26c9qVv67SWnuUJ-s0ueCT0wBIKCkICHBf1he2drJJyHFxhgG0wUIew4iM2Rcx6v0B0Ik0lw:1q8dw4:ae1fuKo7J0QTBGrHZKqvcy3Ss18ruOPIFi33FLyiwqk', '2023-06-26 09:34:04.316819'),
('bulio6883po7e4i4ymhppvzalsx6zyri', '.eJxVi70OwiAQgN-F2TQHB1dxNPERnMlxQGjUmrRlMr5726SDrt_PRwVuSw1tzlMYkroo3avTL4wsjzzuhkXebVy6g3S3Fw_P-9Zcj-TvqzzXbcrIaBCiYW2ppAQOwHkDDILalrMHgB58iZGMsT5pDeIskSNCZBL1XQGunzMp:1q7aJa:bY_UwuC-ICVhg2B853_3YIl5ex5mSbRTuGeS67htv70', '2023-06-23 11:29:58.968255'),
('bvzsrlyr00mcp1nldnw1ss1vvhztv9gq', '.eJxVi80KwjAMgN-lZxkr2drEo-AjeC5pk9ChTnDrSXx3J-yg1-_n5RK3taa26DNN4o5ucIdflrlcdf4KLuXR5rXbSXe-83S7bM1pT_6-ykvdJvQgvRgjBEHJijJYAFP1vrBRBAwDZQ5jVjIAQymgPSHGkTUSufcH2uU1NQ:1q8ggT:xLd92bBw3sG9WEPPHX9NhEWViRujVSfEApP57ou-qOk', '2023-06-26 12:30:09.272465'),
('bwogtw43mgq6i7wzal1adz27swpbtgil', '.eJxVi70KwjAQgN8ls5S7tJc0joKP4BwulxwpagXbTOK7W6GDrt_Py0Rua41tKc84ZXM0aA6_LLFcy_wVLPJo89rtpDvfebpdtua0J39f5aVuU0H1MvpMmogdiSjo2IMNrEiKGUKgPPRWlaAAWl-gHxwwJnDEJOb9AcYbNGA:1q62r6:w373J-6Wn2FGQpHyG-JWZvcxLtQ72pm8Zg-fCFz-b9s', '2023-06-19 05:34:12.531565'),
('byckubwpf3xqp6ca33bfke7it4u7xovv', '.eJxViz0OwjAMRu_iGVUmTkrMiMQRmCPXcZUKKBJtJsTdCVIH2L6f916QpK4l1cWeacpwBA-7320Qvdr8PUT1Uee125bufJfpdmnMaUP-vCJLaZJjUmEOXvYaW3CBI7G2rnlkjJSDY2_BsmCPB2QyswHJ9y7qiAjvD6KaM_M:1q4eWc:0cDg-6Sn_UytLYdxpd3DaOd-guyHPEbXIseQrAYhPEs', '2023-06-15 09:23:18.031025'),
('c0766ye78bw40oech84qv4yfnepqsw6z', '.eJxVi70KwjAQgN8ls5S7tJc0joKP4BwulxwpagXbTOK7W6GDrt_Py0Rua41tKc84ZXM0aA6_LLFcy_wVLPJo89rtpDvfebpdtua0J39f5aVuU0H1MvpMmogdiSjo2IMNrEiKGUKgPPRWlaAAWl-gHxwwJnDEJOb9AcYbNGA:1q3ZyU:aJb6MzKzdpgsgOiJ-1bUas7WJDLytGbF5yi7znj7Vyc', '2023-06-12 10:19:38.963688'),
('c14s77h0g3sbqugwmex5927a0ar3u55w', '.eJxVi0sKwjAQQO-StZROJs3HpeARXIfpZEKKWsE2K-ndG6EL3b7PR0Wqa4l1kXeckjorrU6_bCS-y_wVxPyq89odpLs-aXrcWnM5kr-v0FLaBJqcNw6yMRRYCA0mzDha471GAQspOAkZ3UC-sT7zYG1GDQGZoFfbDpnwM48:1q6dA7:vXqU5vcruPQuHsvRSfp18TCdPDEutueviABXKvzqEkY', '2023-06-20 20:20:15.967664'),
('c3ndnjdaejrdnxvenmiacmblayc0qdde', '.eJxVi70KwjAQgN8ls5S7tJc0joKP4BwulxwpagXbTOK7W6GDrt_Py0Rua41tKc84ZXM0aA6_LLFcy_wVLPJo89rtpDvfebpdtua0J39f5aVuU0H1MvpMmogdiSjo2IMNrEiKGUKgPPRWlaAAWl-gHxwwJnDEJOb9AcYbNGA:1q6sLQ:cLcFKUuEXRUiQcSAaLizZBNPMzaa8QxjR_AikLCMGco', '2023-06-21 12:32:56.728824'),
('c4bkrje4vb0rk8p15b5khrco8u4sm03d', '.eJxVi0EOwiAQRe_C2jRQKMO4NPEIrskwDKFRa2LLynh3MelCl__9914qUttqbKs845zVUY2oDr8wEV9l-T7E_GjLNuxkON9pvl26c9qVv67SWnuUJ-s0ueCT0wBIKCkICHBf1he2drJJyHFxhgG0wUIew4iM2Rcx6v0B0Ik0lw:1q8dkc:jPkhoDgJw0uTE-xM8C2LDDQdC3NjHEzQL5JwLJIAM_s', '2023-06-26 09:22:14.361692'),
('c74km52evpztsxscrvh8e3loewholmc4', '.eJxVi0sKwjAQQO-StZROJs3HpeARXIfpZEKKWsE2K-ndG6EL3b7PR0Wqa4l1kXeckjorrU6_bCS-y_wVxPyq89odpLs-aXrcWnM5kr-v0FLaBJqcNw6yMRRYCA0mzDha471GAQspOAkZ3UC-sT7zYG1GDQGZoFfbDpnwM48:1q8mg7:JXAD2c6YGslESraVXVW3eyt_ee472qf125yRLcjkQZA', '2023-06-26 18:54:11.059671'),
('c9404mnu05dvanceqrupshea0fja0wp7', '.eJxVi0sKwjAQQO-StZRk8pnWpeARXIeZSUKKWsE2K_HuRuhCt-_zUpHaVmNb8zPOSR2VNerwC5nkmpevIZFHW7ZhJ8P5TvPt0pvTnvx9ldbaJ-2yTGidjAWhOAwjs4UAqRjMKKP3hF2G5HjiJAW8AcNWa2CPQl69P9B9NHY:1q7Bko:BwpbRtd9zWN4wlhUl2I7yhEjvz6nB2HMCrPZegSdDfE', '2023-06-22 09:16:26.116433'),
('cb03swf1r2mqk3ka9gvcq941l7gvjfps', '.eJxVi80KwjAMgN-lZxkr2drEo-AjeC5pk9ChTnDrSXx3J-yg1-_n5RK3taa26DNN4o5ucIdflrlcdf4KLuXR5rXbSXe-83S7bM1pT_6-ykvdJvQgvRgjBEHJijJYAFP1vrBRBAwDZQ5jVjIAQymgPSHGkTUSufcH2uU1NQ:1q8mFK:vP5npXRjprftKLDALn4zg4MO1oQ03lXxAn-_Hh-FNhg', '2023-06-26 18:26:30.531700'),
('cd6ieei8591dteuft43vdiwhxkn0ua82', '.eJxVi0sKwjAQQO-StZTmMzFxKXgE12FmMiFFrdA2K_HuRuhCt-_zUgnbVlNbZUlTVifl1eGXEfJN5q9A5mebt2Enw-WB0_3am_Oe_H0V19onCESQvXUQrBESU9BkEMaAdmTWpEVG4xhQwNnoegzReDrqyEUXr94fzqI0-Q:1q4EG8:09Pg-6iaGGc8dTfU_gp_KIZtatG4bN7XqYjW6WoII9k', '2023-06-14 05:20:32.664418'),
('cdkz3ohx538qw5tv5osbjcvo15np7jru', '.eJxVi70KwjAQgN8ls5S7tJc0joKP4BwulxwpagXbTOK7W6GDrt_Py0Rua41tKc84ZXM0aA6_LLFcy_wVLPJo89rtpDvfebpdtua0J39f5aVuU0H1MvpMmogdiSjo2IMNrEiKGUKgPPRWlaAAWl-gHxwwJnDEJOb9AcYbNGA:1q78qw:nnBEdtqKWQZblQRmE_lp_s8C3cACGrq9SRp-OaYNDnc', '2023-06-22 06:10:34.209907'),
('ce9tqondhb7tu2iq56toa0jt3uoimplo', '.eJxVi0sKwjAQQO8yaylO_nEpeATXYTKTkKJWaJuVeHcrdKHb93lBor621Jcyp1HgBBjh8Asz8a1MX0PMzz6tw06Gy4PG-3Vrznvy9zVa2jZZIW8z-hKMZg7CupairBOvxCEGpWKkesRQ0ZB3JmbUujrMpMiJFXh_AOCeNKk:1q6s9y:u2L_3yQ026KQ7QJcFeQcES4x66vXfiEG2QdOsO-bKNA', '2023-06-21 12:21:06.759687'),
('cefjnjvmws4nrl40vo5t76opd76yyqes', '.eJxVi70KwjAQgN8ls5S7tJc0joKP4BwulxwpagXbTOK7W6GDrt_Py0Rua41tKc84ZXM0aA6_LLFcy_wVLPJo89rtpDvfebpdtua0J39f5aVuU0H1MvpMmogdiSjo2IMNrEiKGUKgPPRWlaAAWl-gHxwwJnDEJOb9AcYbNGA:1q91fV:s148Zu5dq2P9h_Mj4gDs65TQ6LrG8hi9nPaXze2FKwE', '2023-06-27 10:54:33.362765'),
('cf8xdnrfgqtrmrobohlhtimgrzw1sfg5', '.eJxVi0sKwjAQQO-StZROJs3HpeARXIfpZEKKWsE2K-ndG6EL3b7PR0Wqa4l1kXeckjorrU6_bCS-y_wVxPyq89odpLs-aXrcWnM5kr-v0FLaBJqcNw6yMRRYCA0mzDha471GAQspOAkZ3UC-sT7zYG1GDQGZoFfbDpnwM48:1q4FAs:t0RZ8oM9nir2I3LzXK4XGidHDwaDhHb8xmJ2kdI6YmA', '2023-06-14 06:19:10.644194'),
('ch5drhae4bjlq4bwe1c2vqia95cvkkme', '.eJxVi0sKwjAQQO-StZROJs3HpeARXIfpZEKKWsE2K-ndG6EL3b7PR0Wqa4l1kXeckjorrU6_bCS-y_wVxPyq89odpLs-aXrcWnM5kr-v0FLaBJqcNw6yMRRYCA0mzDha471GAQspOAkZ3UC-sT7zYG1GDQGZoFfbDpnwM48:1q6nhA:_bW9UeOisNr2RzTIRPkbhhCJvRdvqIct66f4ekummcQ', '2023-06-21 07:35:04.738846'),
('chjvajvqxhg5r2dndsn2pstxvylx7kw8', '.eJxVjDEOwjAMRe-SGVUJrZ2EEYkjdI5sx1EqoEi0mRB3h0odYH3_vf8yidpaU1v0maZsTgbN4ZcxyVXnbSCRR5vXbifd5U7Tbfw651356yotdXtj54HAW4EwlHBUEc4xOwdBFIsEQEfIPTBL7FkQbCRvIwBp8YDm_QHBRjS0:1q8dig:ul9rFMladFCVAxTc17jlpwbu4Nai4amSZVOShf9ISW4', '2023-06-26 09:20:14.021830'),
('ck2cf30iic6yi6agejgw36rb5oc7bhkq', '.eJxVi70KwjAQgN_lZilJc7kLjoKP4BwuyYUUtYJtJvHdrdBB1-_nBVH62mJf9BmnAkdgOPyyJPmq81dIzo8-r8NOhvNdpttla0578vc1Wdo2qXdV1fOoaDyyY0y1JGvElsQkjBoseUfBKYY6JipIEmp2hgVz9fD-ALeQNH4:1q8yaV:0B57sioEHlTK419FiyahcOw9IiyK2563hbJ5AxUfCGw', '2023-06-27 07:37:11.374343'),
('cmcerhnwgykx4nx1lcegrszrpz8ojcgh', '.eJxVi70KwjAQgN8ls5S7tJc0joKP4BwulxwpagXbTOK7W6GDrt_Py0Rua41tKc84ZXM0aA6_LLFcy_wVLPJo89rtpDvfebpdtua0J39f5aVuU0H1MvpMmogdiSjo2IMNrEiKGUKgPPRWlaAAWl-gHxwwJnDEJOb9AcYbNGA:1q8Vqh:m2HUsuQEJBuC4HkaaZ5ynNC62HMcv5BuD1s04kY5hd8', '2023-06-26 00:55:59.781900'),
('cmu3s06xi32bmc5ze3h48e8kez8id3aq', '.eJxVi7sOwiAUht-F2TScciuOJj6CM_k5QGjUmtgyGd9dTDro-l1eIqBtNbQ1P8OcxFGQFYdfGMHXvHwNmB9t2YadDOc75tulN6c9-fsq1tonTiNingyMddqzy4k8WVkYo1KFSEtTdImEKBnZ2V7aqWhFHgrZaPH-AO2ENPg:1q3ZHP:f1zvJE51gPaCXvb1qGKP06IpNATE-MFn7L0Q07eULY8', '2023-06-12 09:35:07.127941'),
('colpyf7b10p8fzcrwqd9uvsz06444o08', '.eJxVi0sKwjAQQO-StZROJs3HpeARXIfpZEKKWsE2K-ndG6EL3b7PR0Wqa4l1kXeckjorrU6_bCS-y_wVxPyq89odpLs-aXrcWnM5kr-v0FLaBJqcNw6yMRRYCA0mzDha471GAQspOAkZ3UC-sT7zYG1GDQGZoFfbDpnwM48:1q6ryq:BKL5FLcbMHeS-2rwdQg9D_Vob3Gz-zaL8RCogsOfCCk', '2023-06-21 12:09:36.366255'),
('cpcw802bwbsb14qqfdwcc2mi4led1tyo', '.eJxVi80KwjAMgN-lZxkr2drEo-AjeC5pk9ChTnDrSXx3J-yg1-_n5RK3taa26DNN4o5ucIdflrlcdf4KLuXR5rXbSXe-83S7bM1pT_6-ykvdJvQgvRgjBEHJijJYAFP1vrBRBAwDZQ5jVjIAQymgPSHGkTUSufcH2uU1NQ:1q7Zxw:VyV4rnkRvyGdRRkjD2UIuQwGnYPRpbO4TySQ0IWjnNE', '2023-06-23 11:07:36.921510'),
('ct5ltxan7ulyzugwt6qsk9wkvzg1w65a', '.eJxVi70KwjAQgN8ls5S7tJc0joKP4BwulxwpagXbTOK7W6GDrt_Py0Rua41tKc84ZXM0aA6_LLFcy_wVLPJo89rtpDvfebpdtua0J39f5aVuU0H1MvpMmogdiSjo2IMNrEiKGUKgPPRWlaAAWl-gHxwwJnDEJOb9AcYbNGA:1q6oa1:ZqxiwxNs5FMvAcfQlVGstBLcqj8ydEeOQ-IbmEWmRZ8', '2023-06-21 08:31:45.711682'),
('ctxbmo9re8qa62hq214ysi6ptgin66m5', '.eJxVi70KwjAQgN8ls5TcpTlyjoKP4ByuyYUUtYJtJvHdjdBB1-_nZaK0rca26jPO2RwNenP4hZOkqy5fIyk92rINOxnOd5lvl96c9uTvq7LWPtGkpIWZbUgcAChDKjlIQVVHXjOQG4msx2IDI6L1MHZYPATK1pn3B9XLM8Y:1q91rx:OCYsO1ch31JLoU6Edm1feAbVk4rXctjRX5uByKCNa2s', '2023-06-27 11:07:25.185981'),
('cxj93hffbmlpr6oky2nymuk3vg3g6izy', '.eJxVi0sKwjAQQO-StZROJs3HpeARXIfpZEKKWsE2K-ndG6EL3b7PR0Wqa4l1kXeckjorrU6_bCS-y_wVxPyq89odpLs-aXrcWnM5kr-v0FLaBJqcNw6yMRRYCA0mzDha471GAQspOAkZ3UC-sT7zYG1GDQGZoFfbDpnwM48:1q79P4:5ylx_XmVFnYEIRtFgtwg5uFCzEaIaHZEnvnTgGfiQs8', '2023-06-22 06:45:50.533019'),
('cxoeumrydub60wqlxeapxbfdur4cqq4n', '.eJxVi70KwjAQgN8ls5S7tJc0joKP4BwulxwpagXbTOK7W6GDrt_Py0Rua41tKc84ZXM0aA6_LLFcy_wVLPJo89rtpDvfebpdtua0J39f5aVuU0H1MvpMmogdiSjo2IMNrEiKGUKgPPRWlaAAWl-gHxwwJnDEJOb9AcYbNGA:1q91I1:_OYLMJqL0l-fVor6pKoZOQWF0tYEJ7Sjn-ciIrdTO0M', '2023-06-27 10:30:17.431100'),
('cxu1hsr7rhx1755yb4mo3vnnmhz77n5h', '.eJxVi8sKwjAQRf8layl5Ncm4FPwE12EmmZCiVrDNSvrvjdCFri6ce85HRGxrjW3hd5yyOAvtxekXEqY7z98HU3q1eR0OMlyfOD1u3bkcyl9Xcak9IgbI6ElJW6wqiSzovnLUxFyCM1DyaACM4pxRe-28cSGAL4ZYBhbbDuoQNMY:1q6WBc:q2T9daCPoPI5GCcmjeRmuIBXzBnwnoQuzvzVdmRontk', '2023-06-20 12:53:20.371387'),
('cyh7sju0ta2fdhkbrxq73se4u3m39qq2', '.eJxVi0sKwjAQQO-StZROJs3HpeARXIfpZEKKWsE2K-ndG6EL3b7PR0Wqa4l1kXeckjorrU6_bCS-y_wVxPyq89odpLs-aXrcWnM5kr-v0FLaBJqcNw6yMRRYCA0mzDha471GAQspOAkZ3UC-sT7zYG1GDQGZoFfbDpnwM48:1q6mrd:3yVoYO0jOneXlBT_ASOrY7P-R5X_rMuSt2dIarPFJs0', '2023-06-21 06:41:49.371490'),
('d14ctk6y50lmjkjsixd2y1gjwzbli87l', '.eJxVi70KwjAQgN8ls5S7tJc0joKP4BwulxwpagXbTOK7W6GDrt_Py0Rua41tKc84ZXM0aA6_LLFcy_wVLPJo89rtpDvfebpdtua0J39f5aVuU0H1MvpMmogdiSjo2IMNrEiKGUKgPPRWlaAAWl-gHxwwJnDEJOb9AcYbNGA:1q8KHE:43kuSqnVqWziyT-u5XP-JA1Hl4zhzDiXwd-wCoTxmis', '2023-06-25 12:34:36.352480'),
('d2qux40iylb3ttyof668fpaglf1hrasu', '.eJxVi80KwjAMgN-lZxkr2drEo-AjeC5pk9ChTnDrSXx3J-yg1-_n5RK3taa26DNN4o5ucIdflrlcdf4KLuXR5rXbSXe-83S7bM1pT_6-ykvdJvQgvRgjBEHJijJYAFP1vrBRBAwDZQ5jVjIAQymgPSHGkTUSufcH2uU1NQ:1q92a3:Wl-IYgu-iCYPzzkKlW5mvp0MQ_kQ-0bo-Ombzh7fSp8', '2023-06-27 11:52:59.900147'),
('d3q7abp7ymkqnqdds2fgqy1xxw83zef4', '.eJxVi80KwjAMgN-lZxkr2drEo-AjeC5pk9ChTnDrSXx3J-yg1-_n5RK3taa26DNN4o5ucIdflrlcdf4KLuXR5rXbSXe-83S7bM1pT_6-ykvdJvQgvRgjBEHJijJYAFP1vrBRBAwDZQ5jVjIAQymgPSHGkTUSufcH2uU1NQ:1q8mNZ:ux-1r773NzN1pQv8uJx2X8Yk_msJ9z5xoHIrMGF4mIs', '2023-06-26 18:35:01.782507'),
('d4pjsog4v3p27fw39g9cp000nqa9eksr', '.eJxVi80KwjAMgN-lZxkr2drEo-AjeC5pk9ChTnDrSXx3J-yg1-_n5RK3taa26DNN4o5ucIdflrlcdf4KLuXR5rXbSXe-83S7bM1pT_6-ykvdJvQgvRgjBEHJijJYAFP1vrBRBAwDZQ5jVjIAQymgPSHGkTUSufcH2uU1NQ:1q8gyU:CEbazW5TKQA7zZQi6E3z9G_0gezf94SVWv-COCAN_yE', '2023-06-26 12:48:46.280198'),
('d51jn79k1l12tkh730k23lwxb262e2z4', '.eJxVi0EOwiAQRe_C2jQdmAHq0sQjuCbDAKFRa2LLynh3MelCN3_x_nsvFbhtNbQ1P8Oc1FEBqcMvjCzXvHwfFnm0ZRt2MpzvPN8u3Tntyl9Xea090mbKwqg1at-HxINlcuCyjNYYjOgmLJAIorHFFectlCw0oscUxar3B6hnM7o:1q4Kau:AgrIE8O_Njn-4U3hvTdss0usCBKPLywluknNYFWgCsQ', '2023-06-14 12:06:24.832053'),
('d6ea37fa7kqcuf8i8to2219yvm1xejj9', '.eJxVy0EOwiAQheG7sDYNdYABlyYewTUZhk5o1Jq0ZWW8e2nShW7_972PilTXEusyzHHM6qLAqNNvTMSPYdoXYn7Xae2O0t1eND7vzVwP8vcrtJR2QgcagrWCAYKgTex9n4Omc7AsYCyioEPvnM_YZBM-mSyakXoUUN8NpZczkQ:1q7X3u:jcRlq0p2qDfXPwUs5u-eBs57fxfA8fRKP_MUA5cE7k4', '2023-06-23 08:01:34.651501'),
('d6jvwy7p4owamyvq7j2e25dk9zerd3te', '.eJxVi70OwiAQgN-F2TQHB1dxNPERnMlxQGjUmrRlMr5726SDrt_PRwVuSw1tzlMYkroo3avTL4wsjzzuhkXebVy6g3S3Fw_P-9Zcj-TvqzzXbcrIaBCiYW2ppAQOwHkDDILalrMHgB58iZGMsT5pDeIskSNCZBL1XQGunzMp:1q8h5d:1V1zzXwhaEtvZ2FJ-pS4FmqlGmc8O5K1lovcp4OmIMw', '2023-06-26 12:56:09.395783'),
('d6ujsqqek30pjkiynu7ewhg6304xzizd', '.eJxVi70KwjAQgN8ls5S7tJc0joKP4BwulxwpagXbTOK7W6GDrt_Py0Rua41tKc84ZXM0aA6_LLFcy_wVLPJo89rtpDvfebpdtua0J39f5aVuU0H1MvpMmogdiSjo2IMNrEiKGUKgPPRWlaAAWl-gHxwwJnDEJOb9AcYbNGA:1q6jPg:9W_zLF-qBmUHdH8PIbs0LhkYkAvPin6MV9liMEiQmdE', '2023-06-21 03:00:44.525703'),
('ddfv9cyppr8238yxku3ntjllshmb1q5b', '.eJxVi8sKwjAQRf8laylpOnm5FPwE12FmkiFFrWCblfjvRuhC4a7OPeelEratpraWZ5qzOioT1OEXEvK1LN8HmR9t2YadDOc7zrdLd0678tdVXGuPKFqGkidBEyenIZggQRO57EocXQEkziLg0UfbF8ZMmixa0Cg2evX-AOpGNPA:1q6sJG:g6LP-4rvxX3D3b8mCp2wPwQExWHMXd4AuJnfu7LIjLk', '2023-06-21 12:30:42.487306'),
('dgmwios265thf5iec99yldtu6368plhr', '.eJxVi0sKwjAQQO-StZROJs3HpeARXIfpZEKKWsE2K-ndG6EL3b7PR0Wqa4l1kXeckjorrU6_bCS-y_wVxPyq89odpLs-aXrcWnM5kr-v0FLaBJqcNw6yMRRYCA0mzDha471GAQspOAkZ3UC-sT7zYG1GDQGZoFfbDpnwM48:1q4KG7:UXS9C8QUw5ZVTQwc-9fiHnZiFU7XzLqg2AESnSNLkwY', '2023-06-14 11:44:55.071379'),
('dhrnxnmajuumrxvlo1pugsbycqrsngcx', '.eJxVi70KwjAQgN8ls5S7tJc0joKP4BwulxwpagXbTOK7W6GDrt_Py0Rua41tKc84ZXM0aA6_LLFcy_wVLPJo89rtpDvfebpdtua0J39f5aVuU0H1MvpMmogdiSjo2IMNrEiKGUKgPPRWlaAAWl-gHxwwJnDEJOb9AcYbNGA:1q6Ryb:8URvT49M4gQyzAmK2rGe4ZWEHkbx-jaoB2Hrg0Nsq0c', '2023-06-20 08:23:37.080381'),
('di2ri1rnhnhjymmotirjvaep19u8chu7', '.eJxVi8sKwjAUBf8laylpcpM2LgU_wXW4r5KiVrDNSvx3I3ShZzkz52Uy1q3kuuozz2KOpk_m8AsJ-arL1yDzoy5bt5PufMf5dmnNaU_-fgXX0k4ORj8msMKMoOQj9wTOk5NIoY2cnyCoDaoy2eAHELIuNjtIshrN-wPTsTSc:1q8mrR:p-4nUmcSMiRozVhbqfKe-7t3NDcaoRauf45MNypat54', '2023-06-26 19:05:53.244052'),
('diu62c9kthpgm1d6zxeengakcc01ixrr', '.eJxVi8sKwjAQRf8laylpOnm5FPwE12FmkiFFrWCblfjvRuhC4a7OPeelEratpraWZ5qzOioT1OEXEvK1LN8HmR9t2YadDOc7zrdLd0678tdVXGuPKFqGkidBEyenIZggQRO57EocXQEkziLg0UfbF8ZMmixa0Cg2evX-AOpGNPA:1q6sH8:hrZFGM8LEL-UiALPm773sHJLbVxxWBo1NsyuniCRGAA', '2023-06-21 12:28:30.889364'),
('dkkeay4fsnx5qa0ltm93d1cyw3zixzfz', '.eJxVi0EOwiAQRe_C2jRQKMO4NPEIrskwDKFRa2LLynh3MelCl__9914qUttqbKs845zVUY2oDr8wEV9l-T7E_GjLNuxkON9pvl26c9qVv67SWnuUJ-s0ueCT0wBIKCkICHBf1he2drJJyHFxhgG0wUIew4iM2Rcx6v0B0Ik0lw:1q6jXe:1MunP5kziIrGVSE4ltsXWs6SXmmUQL2Thf0_Z_26lFs', '2023-06-21 03:08:58.310791'),
('dn8tpn58rw9kwamd2sjyd5ol55blwmls', '.eJxVi70KwjAQgN8ls5S7tJc0joKP4BwulxwpagXbTOK7W6GDrt_Py0Rua41tKc84ZXM0aA6_LLFcy_wVLPJo89rtpDvfebpdtua0J39f5aVuU0H1MvpMmogdiSjo2IMNrEiKGUKgPPRWlaAAWl-gHxwwJnDEJOb9AcYbNGA:1q6QVG:p__oSYKcu4DRoL72ctiyMEyf4oKj5GYqUqvAgHyGRmE', '2023-06-20 06:49:14.410195'),
('dnnzx2ddlucl00je44vz2fs8zu2xvrvl', '.eJxVi8sKwjAQRf8laylpOnm5FPwE12FmkiFFrWCblfjvRuhC4a7OPeelEratpraWZ5qzOioT1OEXEvK1LN8HmR9t2YadDOc7zrdLd0678tdVXGuPKFqGkidBEyenIZggQRO57EocXQEkziLg0UfbF8ZMmixa0Cg2evX-AOpGNPA:1q6jT1:uVBckvX8tXxZrudcV3eLizRCDdAXGYflEJtz9PALBuo', '2023-06-21 03:04:11.060031'),
('dqfpolhg5wqn0h542yiry4ksy90n2f2i', '.eJxVi0sKwjAQhu-StRQzpn9bl4JHcB0mMxNa1Aq2WYl3N0IXuv0eLxe5rGMsiz3jpO7o4Ha_LLFcbf4KFnmUeW020pzvPN0utTltyd838jLWqUdmGDFlT0mDgrwE2zOZQBFAOYgKYFWztUktkfadH_IBA7rWvT_ZzTUz:1q8gQa:bI1fi_WMrdy6YP_sxQgB13fOVuan5DCcfW3y_HdR8Ws', '2023-06-26 12:13:44.358044'),
('drgxngwfde031sdazh1bizbxst2at3m4', '.eJxVi0sKwjAQQO-StZROJs3HpeARXIfpZEKKWsE2K-ndG6EL3b7PR0Wqa4l1kXeckjorrU6_bCS-y_wVxPyq89odpLs-aXrcWnM5kr-v0FLaBJqcNw6yMRRYCA0mzDha471GAQspOAkZ3UC-sT7zYG1GDQGZoFfbDpnwM48:1q6TvG:v7Kiy6FCUsGbPK8NmcxNZdz6Kf907XccBa5vQ7Fax08', '2023-06-20 10:28:18.496116'),
('dszq7frfwp83qs3nmama3zb6mk6ga9xf', '.eJxVi0sKwjAQQO-StZROJs3HpeARXIfpZEKKWsE2K-ndG6EL3b7PR0Wqa4l1kXeckjorrU6_bCS-y_wVxPyq89odpLs-aXrcWnM5kr-v0FLaBJqcNw6yMRRYCA0mzDha471GAQspOAkZ3UC-sT7zYG1GDQGZoFfbDpnwM48:1q6mts:NKDHDazU39Zi3PuJ_hxpyVBKkdEi-R94MBZAIppqMzg', '2023-06-21 06:44:08.187841'),
('dvkb0arlwoh3hclb896in7fcj4ttjiec', '.eJxVi70KwjAQgN8ls5TcpTlyjoKP4ByuyYUUtYJtJvHdjdBB1-_nZaK0rca26jPO2RwNenP4hZOkqy5fIyk92rINOxnOd5lvl96c9uTvq7LWPtGkpIWZbUgcAChDKjlIQVVHXjOQG4msx2IDI6L1MHZYPATK1pn3B9XLM8Y:1q92zi:hwTsg9wayHX0gAyLNbZ_9fYG3CXPfkRQGPqVRxmT1A0', '2023-06-27 12:19:30.086014'),
('dx5f5jywe0jkce9ctp2e5xbq0x1iwtvm', '.eJxVi70KwjAQgN8ls5S7tJc0joKP4BwulxwpagXbTOK7W6GDrt_Py0Rua41tKc84ZXM0aA6_LLFcy_wVLPJo89rtpDvfebpdtua0J39f5aVuU0H1MvpMmogdiSjo2IMNrEiKGUKgPPRWlaAAWl-gHxwwJnDEJOb9AcYbNGA:1q3ov8:y9cArpgqMs_l8JGpMATlw-naPHVIrxm6bkacOYbTn3k', '2023-06-13 02:17:10.342105'),
('dyci23py4tjzb16ulg2euyjzs88ae4w6', '.eJxVi70OwiAQgN-F2TQHB1dxNPERnMlxQGjUmrRlMr5726SDrt_PRwVuSw1tzlMYkroo3avTL4wsjzzuhkXebVy6g3S3Fw_P-9Zcj-TvqzzXbcrIaBCiYW2ppAQOwHkDDILalrMHgB58iZGMsT5pDeIskSNCZBL1XQGunzMp:1q8glE:BJyddft6d6VYdI60wqMaYB5y_J_iEOBivMQzTnEkcng', '2023-06-26 12:35:04.305179'),
('dyldnppt0mu8fnk6adiifpq71y26x64i', '.eJxVi0EOwiAQRe_C2jRQKMO4NPEIrskwDKFRa2LLynh3MelCl__9914qUttqbKs845zVUY2oDr8wEV9l-T7E_GjLNuxkON9pvl26c9qVv67SWnuUJ-s0ueCT0wBIKCkICHBf1he2drJJyHFxhgG0wUIew4iM2Rcx6v0B0Ik0lw:1q8eu4:Loe0zK5XP9fa5A8ccmPkUed3iTdgCZyTa3ov6uDkf8A', '2023-06-26 10:36:04.999958'),
('e1q8qkk5kx9mprerkk0jqyt09jq787sm', '.eJxVi70KwjAQgN_lZilJc7kLjoKP4BwuyYUUtYJtJvHdrdBB1-_nBVH62mJf9BmnAkdgOPyyJPmq81dIzo8-r8NOhvNdpttla0578vc1Wdo2qXdV1fOoaDyyY0y1JGvElsQkjBoseUfBKYY6JipIEmp2hgVz9fD-ALeQNH4:1q91GT:c4lZSZ2127SYRTGyRMnyCW83DIE6AJDCKSACry35iRE', '2023-06-27 10:28:41.562713'),
('e4qikm32mpi21prcyt8nr1dbc5c1inh5', '.eJxVi70KwjAQgN_lZilJc7kLjoKP4BwuyYUUtYJtJvHdrdBB1-_nBVH62mJf9BmnAkdgOPyyJPmq81dIzo8-r8NOhvNdpttla0578vc1Wdo2qXdV1fOoaDyyY0y1JGvElsQkjBoseUfBKYY6JipIEmp2hgVz9fD-ALeQNH4:1q92zo:xhML9s1Q9yuYotUZJuKn98FmDvt1o2R9l4C__HRx05Y', '2023-06-27 12:19:36.505536'),
('e6l28zrutlhacawcu1ynx7ygvr09ldmt', '.eJxVi0sKwjAQQO-StZROJs3HpeARXIfpZEKKWsE2K-ndG6EL3b7PR0Wqa4l1kXeckjorrU6_bCS-y_wVxPyq89odpLs-aXrcWnM5kr-v0FLaBJqcNw6yMRRYCA0mzDha471GAQspOAkZ3UC-sT7zYG1GDQGZoFfbDpnwM48:1q8ekc:_2KFoRwrXTty7L64-qPOpRVqPxgXmKtzIhC14qfznng', '2023-06-26 10:26:18.397659'),
('e7q9jggpcznud4u9wew2pmkqguizgzrc', '.eJxVi80KwjAMgN-lZxkr2drEo-AjeC5pk9ChTnDrSXx3J-yg1-_n5RK3taa26DNN4o5ucIdflrlcdf4KLuXR5rXbSXe-83S7bM1pT_6-ykvdJvQgvRgjBEHJijJYAFP1vrBRBAwDZQ5jVjIAQymgPSHGkTUSufcH2uU1NQ:1q8en1:HJ_2W-w5czcwSxWRc7G06RiQXtVrRi2FgCL3HCfJDg4', '2023-06-26 10:28:47.164411'),
('e7xu6wqni4uadfom6z2sz13vewtht8bk', '.eJxVi0sKwjAQhu-StZQ8pjVxKXgE12Em-UOKWqFtVuLdrdCFbr_HS0Vua41twRzHrE6K1OGXCacbpq_glJ5tWruddJcHj_fr1pz35O-rvNRtyvBERvdmKOQMC4AeJYTC1kMSiLO1WsoR7B0gWtOgIZSSdU4C1PsD3K01sg:1q3vGT:Su0dhhn5S4Cy4Z0UQEE7sYWZBGkvOwL3S0-jeZUjXck', '2023-06-13 09:03:37.377337'),
('e87dhszrola0wrc8yniwdqhwragcfiop', '.eJxVi0sKwjAQQO-StZROJs3HpeARXIfpZEKKWsE2K-ndG6EL3b7PR0Wqa4l1kXeckjorrU6_bCS-y_wVxPyq89odpLs-aXrcWnM5kr-v0FLaBJqcNw6yMRRYCA0mzDha471GAQspOAkZ3UC-sT7zYG1GDQGZoFfbDpnwM48:1q6Ejn:j2VeJmaxmo-dd9w3_RT4BX0SpKO6V2HpWZiNoNg8Kss', '2023-06-19 18:15:27.860996'),
('e9hmecln83bwgjds7r35fn4zy1ea3jmh', '.eJxVi0kKwjAUQO-StZT6883gUvAIrsMfElLUCrZZiXc3Qhe6fcPLJGprTW3JzzSpORoAs_uFTHLN89eQyKPN67CR4Xyn6XbpzWlL_r5KS-3T6EVyGbGUHCyiPTAyqYpjzi46BfbAWUPBvY_ERXyAYmPsg5IimPcHEHM2NA:1q5jaG:ds1wPVTaxmpSE_VLatXdH2R51VVsiH9xKcDsqq833Q4', '2023-06-18 08:59:32.401513'),
('ee6cnx7ol709lvjw0vyoe2lwv20z540e', '.eJxVi70OwiAQgN-F2TQHB1dxNPERnMlxQGjUmrRlMr5726SDrt_PRwVuSw1tzlMYkroo3avTL4wsjzzuhkXebVy6g3S3Fw_P-9Zcj-TvqzzXbcrIaBCiYW2ppAQOwHkDDILalrMHgB58iZGMsT5pDeIskSNCZBL1XQGunzMp:1q90pV:8dW7LkmkYzxh1SZZN16d5Vz4Dfm62H-3_HPNuTnBY78', '2023-06-27 10:00:49.508136'),
('efpob5tav5uwwx3orbqlv141bbvcjwt0', '.eJxVi70OwiAQgN-F2TQHB1dxNPERnMlxQGjUmrRlMr5726SDrt_PRwVuSw1tzlMYkroo3avTL4wsjzzuhkXebVy6g3S3Fw_P-9Zcj-TvqzzXbcrIaBCiYW2ppAQOwHkDDILalrMHgB58iZGMsT5pDeIskSNCZBL1XQGunzMp:1q6SWq:n99h3VWuhSl25aCOmYkLp2V6GDWOXfzPQd9CC1OX--o', '2023-06-20 08:59:00.465365'),
('eg1j0kvbld3inuwgvngeqx0i3fvhv0rl', '.eJxVi0sKwjAQQO-StZROJs3HpeARXIfpZEKKWsE2K-ndG6EL3b7PR0Wqa4l1kXeckjorrU6_bCS-y_wVxPyq89odpLs-aXrcWnM5kr-v0FLaBJqcNw6yMRRYCA0mzDha471GAQspOAkZ3UC-sT7zYG1GDQGZoFfbDpnwM48:1q6EwH:DIdt9kkEBVbG4OEFSBVkLoMziCD08pBOBSg619XC87A', '2023-06-19 18:28:21.464376'),
('eiwllmy13o4d3cblnoxx1bhuvqioyit1', '.eJxVi0EOwiAQRe_C2jRQKMO4NPEIrskwDKFRa2LLynh3MelCl__9914qUttqbKs845zVUY2oDr8wEV9l-T7E_GjLNuxkON9pvl26c9qVv67SWnuUJ-s0ueCT0wBIKCkICHBf1he2drJJyHFxhgG0wUIew4iM2Rcx6v0B0Ik0lw:1q8dp7:0SlPfgI--Ka8dIMXvG6OEko4iEKMtLqDWsS6LTh0374', '2023-06-26 09:26:53.979055');
INSERT INTO `django_session` (`session_key`, `session_data`, `expire_date`) VALUES
('ej9f4i0lghkdxkrqyts5t6aslxxfto0s', '.eJxVi70KwjAQgN8ls5S7tJc0joKP4BwulxwpagXbTOK7W6GDrt_Py0Rua41tKc84ZXM0aA6_LLFcy_wVLPJo89rtpDvfebpdtua0J39f5aVuU0H1MvpMmogdiSjo2IMNrEiKGUKgPPRWlaAAWl-gHxwwJnDEJOb9AcYbNGA:1q4FqD:J3Ll1rgdiJAuASsufMQv-V6-cSL3iOXGRyoYCV8mxl0', '2023-06-14 07:01:53.376970'),
('ejcux2m3yok231fhnl9pyt7emn9jmbey', '.eJxVi0sKwjAQQO-StZROPibjUvAIrsNkkiFFrdA2K_HubaEL3b7PR0VqS41tLlMcsroo49TpFybiRxl3Q8zvNi7dQbrbi4bnfWuuR_L3VZrrNnljCKgHkBTQ65QZrT8jO07i2WqyKGJJKFASAMha616cD8ZlxJLVdwXilTUK:1q8g4e:dn2-JGXVnZ4WKICQEJa_sFbxvoDK8YspsNulBJKfGJw', '2023-06-26 11:51:04.775371'),
('ejjlpk99irpuh7zs8bvltq1m4zeqovnw', '.eJxVi70KwjAQgN8ls5S7tJc0joKP4BwulxwpagXbTOK7W6GDrt_Py0Rua41tKc84ZXM0aA6_LLFcy_wVLPJo89rtpDvfebpdtua0J39f5aVuU0H1MvpMmogdiSjo2IMNrEiKGUKgPPRWlaAAWl-gHxwwJnDEJOb9AcYbNGA:1q8xjn:zURh9iMyrYrCObyAj91G2Qr4dwBMfhUBroeKTal5ano', '2023-06-27 06:42:43.981071'),
('ek3yury38nhu6vwfu03clo3qhoh9kwhp', '.eJxVi70OwiAQgN-F2TQHB1dxNPERnMlxQGjUmrRlMr5726SDrt_PRwVuSw1tzlMYkroo3avTL4wsjzzuhkXebVy6g3S3Fw_P-9Zcj-TvqzzXbcrIaBCiYW2ppAQOwHkDDILalrMHgB58iZGMsT5pDeIskSNCZBL1XQGunzMp:1q7X29:WIQPzMkoSqX_Gq8LF8-v_aYVMKlUe1pQ5mAM4Bn8Un0', '2023-06-23 07:59:45.790828'),
('ekv7ho961o5h926kyannkjylmaujx88z', '.eJxVi0sKwjAQQO8yaylO_nEpeATXYTKTkKJWaJuVeHcrdKHb93lBor621Jcyp1HgBBjh8Asz8a1MX0PMzz6tw06Gy4PG-3Vrznvy9zVa2jZZIW8z-hKMZg7CupairBOvxCEGpWKkesRQ0ZB3JmbUujrMpMiJFXh_AOCeNKk:1q6ryf:Z09ICzre5ffzJ9I1els7Oa7sPjXyr372QtOD6ZJ76JI', '2023-06-21 12:09:25.422729'),
('enl9t2uk6o4zvuou1lg0j5pei4yxyf8d', '.eJxVi70KwjAQgN8ls5S7tJc0joKP4BwulxwpagXbTOK7W6GDrt_Py0Rua41tKc84ZXM0aA6_LLFcy_wVLPJo89rtpDvfebpdtua0J39f5aVuU0H1MvpMmogdiSjo2IMNrEiKGUKgPPRWlaAAWl-gHxwwJnDEJOb9AcYbNGA:1q6TBC:FtH9G106rgdi9_GXfhy8boPrLiFJNSxCEdmiat_DthE', '2023-06-20 09:40:42.257741'),
('eokps2b3vkbmtrt135bbj2yu7qubyn25', '.eJxVi0sKwjAQQO-StZROJs3HpeARXIfpZEKKWsE2K-ndG6EL3b7PR0Wqa4l1kXeckjorrU6_bCS-y_wVxPyq89odpLs-aXrcWnM5kr-v0FLaBJqcNw6yMRRYCA0mzDha471GAQspOAkZ3UC-sT7zYG1GDQGZoFfbDpnwM48:1q911w:dJ7B8Gwby_lEwyQKSN21YnhnOg4w-OlGsu8HFnC3hHA', '2023-06-27 10:13:40.056059'),
('eow8207e4mcutuksfi1tzszjvgstdesr', '.eJxVjDEOwjAMRe-SGVUusaOUEYkjdI4c21UqoEi0mRB3h0od2vX99_7HJa5LSXW2dxrVXVxwpz3LLHeb1oFFXnVamo00tyePj_7vXDfl0BWey_rmMWbtiEigJUBlr0DEEXLwkAc6IzFKDkPLJgGgsyiIaqpkoOC-P6JnNIg:1q6ruX:zorQsK29HZqJS6OnYymE2hERKdoDEF95ENngIF_94b0', '2023-06-21 12:05:09.846148'),
('erayxb2thtf8j93jfu0yevg12pa6ohhg', '.eJxVi70OwiAQgN-F2TQHB1dxNPERnMlxQGjUmrRlMr5726SDrt_PRwVuSw1tzlMYkroo3avTL4wsjzzuhkXebVy6g3S3Fw_P-9Zcj-TvqzzXbcrIaBCiYW2ppAQOwHkDDILalrMHgB58iZGMsT5pDeIskSNCZBL1XQGunzMp:1q6Stz:vtLMWGG_V8UVC8FWdw9qqYXQVmsJnwy4sMDfy33cFsE', '2023-06-20 09:22:55.089566'),
('esmwiziosmdtpl7i90ciglrhefibbe1u', '.eJxVi70KwjAQgN8ls5S7tJc0joKP4BwulxwpagXbTOK7W6GDrt_Py0Rua41tKc84ZXM0aA6_LLFcy_wVLPJo89rtpDvfebpdtua0J39f5aVuU0H1MvpMmogdiSjo2IMNrEiKGUKgPPRWlaAAWl-gHxwwJnDEJOb9AcYbNGA:1q3Ye6:VlBJ2w9EcebuG4jCN77BbSgG5YHOpvw_ZJJNnRVa44I', '2023-06-12 08:54:30.217468'),
('etq9pknghwb9ad7i99bmlqcnoysl65em', '.eJxVi0sKwjAQQO-StZROJs3HpeARXIfpZEKKWsE2K-ndG6EL3b7PR0Wqa4l1kXeckjorrU6_bCS-y_wVxPyq89odpLs-aXrcWnM5kr-v0FLaBJqcNw6yMRRYCA0mzDha471GAQspOAkZ3UC-sT7zYG1GDQGZoFfbDpnwM48:1q8fZ3:jWf9dJ9nwVy5KKHLjqn6wXFaEc8KZMIip74bspUIkSA', '2023-06-26 11:18:25.985109'),
('etybekzxv26v8enbxcesali7ppf3cyxx', '.eJxVi70KwjAQgN8ls5S7tJc0joKP4BwulxwpagXbTOK7W6GDrt_Py0Rua41tKc84ZXM0aA6_LLFcy_wVLPJo89rtpDvfebpdtua0J39f5aVuU0H1MvpMmogdiSjo2IMNrEiKGUKgPPRWlaAAWl-gHxwwJnDEJOb9AcYbNGA:1q4JRl:iy03KnGGqun2Y7ivYXC-KkaT2p4cDsFLRMndt1a3rio', '2023-06-14 10:52:53.685327'),
('eve213nor0szit3t7fj3gcu5nrvfnobp', '.eJxVi70KwjAQgN8ls5S7tJc0joKP4BwulxwpagXbTOK7W6GDrt_Py0Rua41tKc84ZXM0aA6_LLFcy_wVLPJo89rtpDvfebpdtua0J39f5aVuU0H1MvpMmogdiSjo2IMNrEiKGUKgPPRWlaAAWl-gHxwwJnDEJOb9AcYbNGA:1q8EOP:SIMOOksakxX8Ndm3uvWo8i25oGYgh8p3zv37L5xcTkI', '2023-06-25 06:17:37.351540'),
('ezaw3m5lnq5zwijmxkwz6zfyh5x1nfyr', '.eJxVi0sKwjAQQO-StZROJs3HpeARXIfpZEKKWsE2K-ndG6EL3b7PR0Wqa4l1kXeckjorrU6_bCS-y_wVxPyq89odpLs-aXrcWnM5kr-v0FLaBJqcNw6yMRRYCA0mzDha471GAQspOAkZ3UC-sT7zYG1GDQGZoFfbDpnwM48:1q6dRA:dFiD-yGBMuO78kE5xJWS5-6zpYEBAbYXkJVDJNM7JOs', '2023-06-20 20:37:52.350113'),
('ezpsdlffv5kyo9cgdqi8op42uv13dhw4', '.eJxVi70KwjAQgN8ls5S7tJc0joKP4BwulxwpagXbTOK7W6GDrt_Py0Rua41tKc84ZXM0aA6_LLFcy_wVLPJo89rtpDvfebpdtua0J39f5aVuU0H1MvpMmogdiSjo2IMNrEiKGUKgPPRWlaAAWl-gHxwwJnDEJOb9AcYbNGA:1q8mAK:lcLVunH6Gl_0yyDysu2JdL_eNUTRoM4v_3jwk5RC95o', '2023-06-26 18:21:20.879252'),
('f23p25wbz6tlw5ftpcsv8ijp7xznb06w', '.eJxVi8sKwjAQRf8layl5Ncm4FPwE12EmmZCiVrDNSvrvjdCFri6ce85HRGxrjW3hd5yyOAvtxekXEqY7z98HU3q1eR0OMlyfOD1u3bkcyl9Xcak9IgbI6ElJW6wqiSzovnLUxFyCM1DyaACM4pxRe-28cSGAL4ZYBhbbDuoQNMY:1q6StE:-kSCoNWXrTvAVDPNpZO4WKCmDICstUk8IWuWYxd_CXw', '2023-06-20 09:22:08.727069'),
('f2ol2l37thg9kijb88jaqyr3vdplw8v8', '.eJxVi0EOwiAQRe_C2jRQKMO4NPEIrskwDKFRa2LLynh3MelCl__9914qUttqbKs845zVUY2oDr8wEV9l-T7E_GjLNuxkON9pvl26c9qVv67SWnuUJ-s0ueCT0wBIKCkICHBf1he2drJJyHFxhgG0wUIew4iM2Rcx6v0B0Ik0lw:1q8hVB:eK9y0wcLaMNnArpaqSJIr4aDId2XWjJE-w_3KOZvac4', '2023-06-26 13:22:33.138151'),
('f38qu3rvwlb915up75mjphxetnu2e1kj', '.eJxVi0sKwjAQQO-StZROJs3HpeARXIfpZEKKWsE2K-ndG6EL3b7PR0Wqa4l1kXeckjorrU6_bCS-y_wVxPyq89odpLs-aXrcWnM5kr-v0FLaBJqcNw6yMRRYCA0mzDha471GAQspOAkZ3UC-sT7zYG1GDQGZoFfbDpnwM48:1q4ggv:6VyuEzqQhpZqYj09SLaXqaGb4a_UJsjYwBGkfIXEI1U', '2023-06-15 11:42:05.429650'),
('f3kec9h8fbcmgkoku131w5yxqf6h5trv', '.eJxVi80KwjAMgN-lZxkr2drEo-AjeC5pk9ChTnDrSXx3J-yg1-_n5RK3taa26DNN4o5ucIdflrlcdf4KLuXR5rXbSXe-83S7bM1pT_6-ykvdJvQgvRgjBEHJijJYAFP1vrBRBAwDZQ5jVjIAQymgPSHGkTUSufcH2uU1NQ:1q8aCX:cOUzKKL31DMWRIsykEqFQxiRGF00H6YBE1oMWL0Pp84', '2023-06-26 05:34:49.071199'),
('f417a63szjoletmd9nv0zk5u5lsncpdv', '.eJxVi70OwiAQgN-F2TTAAYeOJj6CM7k7IDRqTdoyGd_dmnTQ9ft5qUR9bakvZU5jVicFXh1-IZPcyvQ1JPLs0zrsZLg8aLxft-a8J39fo6VtExMgcNSUOQQTBTyBBae5RGdzNgapoJARrKUGCxqZizNcCcjDEdX7A-WANRg:1q7YbT:mKf7lVT1mwNRic4VsKerT5HKiq65KQVZbPjCDmnIlHs', '2023-06-23 09:40:19.306014'),
('f4rp4ye5n0kugb4io5qoac1hbw65ov6h', '.eJxVi70KwjAQgN_lZilJc7kLjoKP4BwuyYUUtYJtJvHdrdBB1-_nBVH62mJf9BmnAkdgOPyyJPmq81dIzo8-r8NOhvNdpttla0578vc1Wdo2qXdV1fOoaDyyY0y1JGvElsQkjBoseUfBKYY6JipIEmp2hgVz9fD-ALeQNH4:1q91DB:d_X9OBbfyLUQx352mVsZxHxcT-YynI1072z8B1hkrL4', '2023-06-27 10:25:17.682040'),
('f5lcbgffi9p14uwfadj1k8ty5yp0kgtf', '.eJxVi8sKwjAUBf8laylpcpM2LgU_wXW4r5KiVrDNSvx3I3ShZzkz52Uy1q3kuuozz2KOpk_m8AsJ-arL1yDzoy5bt5PufMf5dmnNaU_-fgXX0k4ORj8msMKMoOQj9wTOk5NIoY2cnyCoDaoy2eAHELIuNjtIshrN-wPTsTSc:1q8msH:Uz9R4SNBNbpmlkEHmhMR_LhIN4ri9mieM2hEpB08Lsg', '2023-06-26 19:06:45.196713'),
('f8gew30l3owm90sjy7s6fj8gp22j64eb', '.eJxVi0sKwjAQQO-StZTmMzFxKXgE12FmMiFFrdA2K_HuRuhCt-_zUgnbVlNbZUlTVifl1eGXEfJN5q9A5mebt2Enw-WB0_3am_Oe_H0V19onCESQvXUQrBESU9BkEMaAdmTWpEVG4xhQwNnoegzReDrqyEUXr94fzqI0-Q:1q4EJG:EUuKSv4STVoZHfpJiHNCmubzT8hu4_T61HK1X2NTlUk', '2023-06-14 05:23:46.813373'),
('f9fwlu3mehj3hgznqm8cz6vugdso01mg', '.eJxVi0sKwjAQhu-StZRMElvjUvAIrsNk8g8pagXbrMS7W6EL3X6Pl0nclprajGcaizmaQGb3CzPLFdPXsMijTUu3ke585_F2WZvTlvx9lee6TiR7dQrlmInEUuYQ6RDgyQHknNVBhaBqUWz0pY9w8CWjl-IHJfP-APg5NbI:1q8yse:j_OXqnCUQt6KNN-3RHByX2HUDgX3eXgm083xkuUMvhw', '2023-06-27 07:55:56.634907'),
('falpf0ypmr3vbz8hpd2dolzyzqv15gek', '.eJxVi70KwjAQgN8ls5S7tJc0joKP4BwulxwpagXbTOK7W6GDrt_Py0Rua41tKc84ZXM0aA6_LLFcy_wVLPJo89rtpDvfebpdtua0J39f5aVuU0H1MvpMmogdiSjo2IMNrEiKGUKgPPRWlaAAWl-gHxwwJnDEJOb9AcYbNGA:1q5jnh:gdg1U8OkIvBfcu0aPZ1Izh7ipfC1C__NKkoANpWk6s8', '2023-06-18 09:13:25.156568'),
('fcsz13a8djjsr6aoltk8e8ip7qn0ml63', '.eJxVi0sKwjAQhu-StRQzpn9bl4JHcB0mMxNa1Aq2WYl3N0IXuv0eLxe5rGMsiz3jpO7o4Ha_LLFcbf4KFnmUeW020pzvPN0utTltyd838jLWqUdmGDFlT0mDgrwE2zOZQBFAOYgKYFWztUktkfadH_IBA7rWvT_ZzTUz:1q8yod:aJKV0kmdpixImDJFgDtVudZXKPtX3pZYGc0AEfnnOac', '2023-06-27 07:51:47.319609'),
('fdex3xjp8s54lmwkr94y24ndw8chx3jm', '.eJxVi0sKwjAQQO-StZROJs3HpeARXIfpZEKKWsE2K-ndG6EL3b7PR0Wqa4l1kXeckjorrU6_bCS-y_wVxPyq89odpLs-aXrcWnM5kr-v0FLaBJqcNw6yMRRYCA0mzDha471GAQspOAkZ3UC-sT7zYG1GDQGZoFfbDpnwM48:1q6cef:KiroT7IS8ko8UsTjtOns5vRrmdv_LwxCTpUWd8eoOPY', '2023-06-20 19:47:45.477484'),
('fee455hiyo93a324nf7a5g9tld8whgph', '.eJxVi70KwjAQgN8ls5S7tJc0joKP4BwulxwpagXbTOK7W6GDrt_Py0Rua41tKc84ZXM0aA6_LLFcy_wVLPJo89rtpDvfebpdtua0J39f5aVuU0H1MvpMmogdiSjo2IMNrEiKGUKgPPRWlaAAWl-gHxwwJnDEJOb9AcYbNGA:1q8HEt:uSndIMf4eI2HFBsY6-5Sn7Xiv_Hom9P8WjPivjsQZGM', '2023-06-25 09:19:59.919037'),
('ffjwylaztw59y2a07mxe18i5ah90zrqo', '.eJxVi0sKwjAQQO-StZROJs3HpeARXIfpZEKKWsE2K-ndG6EL3b7PR0Wqa4l1kXeckjorrU6_bCS-y_wVxPyq89odpLs-aXrcWnM5kr-v0FLaBJqcNw6yMRRYCA0mzDha471GAQspOAkZ3UC-sT7zYG1GDQGZoFfbDpnwM48:1q3YiS:iOg5uVVbWQVA97qnkluhJ631Ic0bFcVanu8VSw-67T8', '2023-06-12 08:59:00.407298'),
('fhw7lisp78moe1fhseyv7b54uvhrmabt', '.eJxVi70OwiAQgN-F2TQHB1dxNPERnMlxQGjUmrRlMr5726SDrt_PRwVuSw1tzlMYkroo3avTL4wsjzzuhkXebVy6g3S3Fw_P-9Zcj-TvqzzXbcrIaBCiYW2ppAQOwHkDDILalrMHgB58iZGMsT5pDeIskSNCZBL1XQGunzMp:1q90IG:RVlMhyVBa7U8zrpbra2JGySDSWbw2mcU0k--4-nVi1A', '2023-06-27 09:26:28.669963'),
('flpwjj8chsuj3ngbutxu4cl7gty0vu8k', '.eJxVi70KwjAQgN8ls5S7tJc0joKP4BwulxwpagXbTOK7W6GDrt_Py0Rua41tKc84ZXM0aA6_LLFcy_wVLPJo89rtpDvfebpdtua0J39f5aVuU0H1MvpMmogdiSjo2IMNrEiKGUKgPPRWlaAAWl-gHxwwJnDEJOb9AcYbNGA:1q7A59:728UBAipMojMXLdtjJWDfkBQt6SotZPHDIFeyEFl6rI', '2023-06-22 07:29:19.858670'),
('fpa2uxqeplkdwc2cpikelgrm8qpijz9h', '.eJxVi80KwjAMgN-lZxkr2drEo-AjeC5pk9ChTnDrSXx3J-yg1-_n5RK3taa26DNN4o5ucIdflrlcdf4KLuXR5rXbSXe-83S7bM1pT_6-ykvdJvQgvRgjBEHJijJYAFP1vrBRBAwDZQ5jVjIAQymgPSHGkTUSufcH2uU1NQ:1q6mxk:ao0Vkuao-OD9aIQAB7egW3hk1QGIYBuy37dC_oPP2TU', '2023-06-21 06:48:08.987634'),
('fqfcbrmhstqmgttg9nhbmlc2kri4bk47', '.eJxVi0EOwiAQRe_C2jRQKMO4NPEIrskwDKFRa2LLynh3MelCl__9914qUttqbKs845zVUY2oDr8wEV9l-T7E_GjLNuxkON9pvl26c9qVv67SWnuUJ-s0ueCT0wBIKCkICHBf1he2drJJyHFxhgG0wUIew4iM2Rcx6v0B0Ik0lw:1q91ak:2DvE50yd1LBeX3oeDqcnU_PDGGwwd0-6bmPsx7Mi9Uc', '2023-06-27 10:49:38.473419'),
('frc6kr306hw4xl1xgxjfwiweepsot6gv', '.eJxVi0sKwjAQQO-StZTmMzFxKXgE12FmMiFFrdA2K_HuRuhCt-_zUgnbVlNbZUlTVifl1eGXEfJN5q9A5mebt2Enw-WB0_3am_Oe_H0V19onCESQvXUQrBESU9BkEMaAdmTWpEVG4xhQwNnoegzReDrqyEUXr94fzqI0-Q:1q3Yln:mXy6CQeZFnBB8T1uMW9Q7-kwNDRcscwAdjijPLJzFDA', '2023-06-12 09:02:27.213159'),
('ftx07i805n2f0qbrd42n3hqth6k7kpwa', '.eJxVi70KwjAQgN8ls5S7tJc0joKP4BwulxwpagXbTOK7W6GDrt_Py0Rua41tKc84ZXM0aA6_LLFcy_wVLPJo89rtpDvfebpdtua0J39f5aVuU0H1MvpMmogdiSjo2IMNrEiKGUKgPPRWlaAAWl-gHxwwJnDEJOb9AcYbNGA:1q8gnj:bkFp-VuE4E0i6NMBP6epSqxJsr-f8jup8HJbZivWDmU', '2023-06-26 12:37:39.375734'),
('fxzj26hbuht08bbwf432qm3ej8uu1f3j', '.eJxVi0sKwjAQQO-StZROJs3HpeARXIfpZEKKWsE2K-ndG6EL3b7PR0Wqa4l1kXeckjorrU6_bCS-y_wVxPyq89odpLs-aXrcWnM5kr-v0FLaBJqcNw6yMRRYCA0mzDha471GAQspOAkZ3UC-sT7zYG1GDQGZoFfbDpnwM48:1q8glh:UnPnSH1AHrMata9ZkKzRbATKqFcz71PCtQuwAfAc1Ck', '2023-06-26 12:35:33.656236'),
('g42iogyq5c1z54yl6c48x808kjnlphj9', '.eJxVi70KwjAQgN8ls5S7tJc0joKP4BwulxwpagXbTOK7W6GDrt_Py0Rua41tKc84ZXM0aA6_LLFcy_wVLPJo89rtpDvfebpdtua0J39f5aVuU0H1MvpMmogdiSjo2IMNrEiKGUKgPPRWlaAAWl-gHxwwJnDEJOb9AcYbNGA:1q6SxS:hCJ_eP-ejSlXIFFWprVVcv-pBbNvpvqG24HgAdueepg', '2023-06-20 09:26:30.731011'),
('g49b5jl00tb0ao51kau485vbm7tengqj', '.eJxVi0sKwjAQQO-StZROJs3HpeARXIfpZEKKWsE2K-ndG6EL3b7PR0Wqa4l1kXeckjorrU6_bCS-y_wVxPyq89odpLs-aXrcWnM5kr-v0FLaBJqcNw6yMRRYCA0mzDha471GAQspOAkZ3UC-sT7zYG1GDQGZoFfbDpnwM48:1q8KOA:HWzjd00D8awguVLsoKpfCBhX08eL9DPsamwz0vKHhw0', '2023-06-25 12:41:46.485870'),
('g6sellu9dnxc1ez7s2zcdc4ycayizc9n', '.eJxVi70KwjAQgN8ls5S7tJc0joKP4BwulxwpagXbTOK7W6GDrt_Py0Rua41tKc84ZXM0aA6_LLFcy_wVLPJo89rtpDvfebpdtua0J39f5aVuU0H1MvpMmogdiSjo2IMNrEiKGUKgPPRWlaAAWl-gHxwwJnDEJOb9AcYbNGA:1q8eKy:T1i0ndNE2oGBxjO_1qVEJ9uTXJPliWxE6vzaIs9zCVU', '2023-06-26 09:59:48.687387'),
('g72fy7rtioc0tz11jgd1ej1otjvp4l57', '.eJxVi0EOwiAQRe_C2jRQKMO4NPEIrskwDKFRa2LLynh3MelCl__9914qUttqbKs845zVUY2oDr8wEV9l-T7E_GjLNuxkON9pvl26c9qVv67SWnuUJ-s0ueCT0wBIKCkICHBf1he2drJJyHFxhgG0wUIew4iM2Rcx6v0B0Ik0lw:1q91wN:gmZnS4p-E0ik7kbPa8wFet6fcZw_uJujmE1cU8Yjh50', '2023-06-27 11:11:59.013941'),
('g82tegoslaetbiyelxfg1vnfxytm909s', '.eJxVi0EOwiAQRe_C2jRQKMO4NPEIrskwDKFRa2LLynh3MelCl__9914qUttqbKs845zVUY2oDr8wEV9l-T7E_GjLNuxkON9pvl26c9qVv67SWnuUJ-s0ueCT0wBIKCkICHBf1he2drJJyHFxhgG0wUIew4iM2Rcx6v0B0Ik0lw:1q91Xh:LNGdNMgqOHbJjNIQN4EKszp0VUCIl6OyFeOHl9PCgqI', '2023-06-27 10:46:29.497343'),
('g86w4vgf3ktjktkwc999h0wz2agkv24c', '.eJxVi0EOwiAQRe_C2jRQKMO4NPEIrskwDKFRa2LLynh3MelCl__9914qUttqbKs845zVUY2oDr8wEV9l-T7E_GjLNuxkON9pvl26c9qVv67SWnuUJ-s0ueCT0wBIKCkICHBf1he2drJJyHFxhgG0wUIew4iM2Rcx6v0B0Ik0lw:1q8eB5:JJw0gDIZ5i_W5Jg88o3qzql_vHQxtV_KUEPg2hx_pmo', '2023-06-26 09:49:35.241625'),
('g9c4zw61gb95jjfukuejpamkqo2sziv0', '.eJxVi70KwjAQgN8ls5S7tJc0joKP4BwulxwpagXbTOK7W6GDrt_Py0Rua41tKc84ZXM0aA6_LLFcy_wVLPJo89rtpDvfebpdtua0J39f5aVuU0H1MvpMmogdiSjo2IMNrEiKGUKgPPRWlaAAWl-gHxwwJnDEJOb9AcYbNGA:1q3stX:pUVFfEKF261-kFnnN20ejjxCW7b5JGDO0FA3ChGQVzE', '2023-06-13 06:31:47.735060'),
('g9gaez5hkdrcrkde1x4hfve2xal8wk26', '.eJxVi70KwjAQgN_lZilJc7kLjoKP4BwuyYUUtYJtJvHdrdBB1-_nBVH62mJf9BmnAkdgOPyyJPmq81dIzo8-r8NOhvNdpttla0578vc1Wdo2qXdV1fOoaDyyY0y1JGvElsQkjBoseUfBKYY6JipIEmp2hgVz9fD-ALeQNH4:1q937l:ZH4PVigWxw2X36c5ELdXuTVy5qrRyd-FOdyhThoGbBM', '2023-06-27 12:27:49.199223'),
('g9jxnuwuvviv6ig8ri1kg5eepxe86nu7', '.eJxVi70OwiAQgN-F2TQHB1dxNPERnMlxQGjUmrRlMr5726SDrt_PRwVuSw1tzlMYkroo3avTL4wsjzzuhkXebVy6g3S3Fw_P-9Zcj-TvqzzXbcrIaBCiYW2ppAQOwHkDDILalrMHgB58iZGMsT5pDeIskSNCZBL1XQGunzMp:1q6EjC:zBDuBgmM3xwUh7T_Or826uxwGZINTI0ceS0HxC1B_dM', '2023-06-19 18:14:50.828227'),
('gaq8ufggtpglusp5mus298ch9zqo5ogy', '.eJxVi0sKwjAQQO-StZROJs3HpeARXIfpZEKKWsE2K-ndG6EL3b7PR0Wqa4l1kXeckjorrU6_bCS-y_wVxPyq89odpLs-aXrcWnM5kr-v0FLaBJqcNw6yMRRYCA0mzDha471GAQspOAkZ3UC-sT7zYG1GDQGZoFfbDpnwM48:1q911C:NOVM3LIkcpdoA_5raej5-1Z6azXvFlFxKy-F8hbxHBU', '2023-06-27 10:12:54.732762'),
('gb65fpq6yy7t39ez0kfuso36cyjopnsx', '.eJxVi0sKwjAQQO-StZROJs3HpeARXIfpZEKKWsE2K-ndG6EL3b7PR0Wqa4l1kXeckjorrU6_bCS-y_wVxPyq89odpLs-aXrcWnM5kr-v0FLaBJqcNw6yMRRYCA0mzDha471GAQspOAkZ3UC-sT7zYG1GDQGZoFfbDpnwM48:1q8eoL:3VuwinZnLwy5SgBdXONsk9i7muDxLcK0mGcAU56MDAg', '2023-06-26 10:30:09.465416'),
('gbiz4r11sv2gi0tly927nq7ep0g3vmrq', '.eJxVi70KwjAQgN8ls5S7tJc0joKP4BwulxwpagXbTOK7W6GDrt_Py0Rua41tKc84ZXM0aA6_LLFcy_wVLPJo89rtpDvfebpdtua0J39f5aVuU0H1MvpMmogdiSjo2IMNrEiKGUKgPPRWlaAAWl-gHxwwJnDEJOb9AcYbNGA:1q5kBp:dCwsU1GbLUy7FjDzyRbiC0sJyBsyVxYXhF6f93LooAY', '2023-06-18 09:38:21.581640'),
('gbo68cv1t3ha7xd6cku6m2dote50agr3', '.eJxVi0sKwjAQQO-StZROJs3HpeARXIfpZEKKWsE2K-ndG6EL3b7PR0Wqa4l1kXeckjorrU6_bCS-y_wVxPyq89odpLs-aXrcWnM5kr-v0FLaBJqcNw6yMRRYCA0mzDha471GAQspOAkZ3UC-sT7zYG1GDQGZoFfbDpnwM48:1q8W4X:rfKhXPmG_Vih8w5YW3gHgBlWySE5_XKv8_norZ98620', '2023-06-26 01:10:17.210098'),
('gczt6fkzcz2iwuuiei215iixyca028at', '.eJxVi70OwiAQgN-F2TQHB1dxNPERnMlxQGjUmrRlMr5726SDrt_PRwVuSw1tzlMYkroo3avTL4wsjzzuhkXebVy6g3S3Fw_P-9Zcj-TvqzzXbcrIaBCiYW2ppAQOwHkDDILalrMHgB58iZGMsT5pDeIskSNCZBL1XQGunzMp:1q6sLM:fam5FPxpNhJVoG40YdshHtA37efsTaA3B5Ah24Ne0o0', '2023-06-21 12:32:52.904546'),
('gdi8cpe1srkdn01xv42e0jhs6y92dzep', '.eJxVi70OwiAQgN-F2TQHB1dxNPERnMlxQGjUmrRlMr5726SDrt_PRwVuSw1tzlMYkroo3avTL4wsjzzuhkXebVy6g3S3Fw_P-9Zcj-TvqzzXbcrIaBCiYW2ppAQOwHkDDILalrMHgB58iZGMsT5pDeIskSNCZBL1XQGunzMp:1q6sBp:cin5txsQTTyzDtAE7sg8-ZNA7xwrTT5lcxY0WwJstLc', '2023-06-21 12:23:01.827019'),
('ghes4fzrh4o21goydos79yh20f3su9w4', '.eJxVi70OwiAQgN-F2TQHB1dxNPERnMlxQGjUmrRlMr5726SDrt_PRwVuSw1tzlMYkroo3avTL4wsjzzuhkXebVy6g3S3Fw_P-9Zcj-TvqzzXbcrIaBCiYW2ppAQOwHkDDILalrMHgB58iZGMsT5pDeIskSNCZBL1XQGunzMp:1q6sHr:1uJy_AAaJK2rAeH2NP3lk8LVuU9NvOQmw4smfzWA5p0', '2023-06-21 12:29:15.008270'),
('gi1r8hg9l33vyvamnqy7kou84t40k6t4', '.eJxVi0sKwjAQQO-StZROJs3HpeARXIfpZEKKWsE2K-ndG6EL3b7PR0Wqa4l1kXeckjorrU6_bCS-y_wVxPyq89odpLs-aXrcWnM5kr-v0FLaBJqcNw6yMRRYCA0mzDha471GAQspOAkZ3UC-sT7zYG1GDQGZoFfbDpnwM48:1q6ni7:ASn2LCY71bN5N6p1RMDgj947vsONvh_egOxFPNuG77g', '2023-06-21 07:36:03.887956'),
('gkf4mkp9343y78re6xedf2gwn6kzpnye', '.eJxVi70KwjAQgN8ls5S7tJc0joKP4BwulxwpagXbTOK7W6GDrt_Py0Rua41tKc84ZXM0aA6_LLFcy_wVLPJo89rtpDvfebpdtua0J39f5aVuU0H1MvpMmogdiSjo2IMNrEiKGUKgPPRWlaAAWl-gHxwwJnDEJOb9AcYbNGA:1q7JWe:_hy8XdWE46XYlbjMcW9bs4Z8YukSjNRIB5Ve3qkDnvM', '2023-06-22 17:34:20.028805'),
('gl6grkfwbit0ptpre1vp81xvkg0ql23v', '.eJxVi0sKwjAQQO-StZROJs3HpeARXIfpZEKKWsE2K-ndG6EL3b7PR0Wqa4l1kXeckjorrU6_bCS-y_wVxPyq89odpLs-aXrcWnM5kr-v0FLaBJqcNw6yMRRYCA0mzDha471GAQspOAkZ3UC-sT7zYG1GDQGZoFfbDpnwM48:1q7aGZ:jpEpSclUdW3h2__mXs76K5dZTAWXRXFTIWBr6g_X7Xo', '2023-06-23 11:26:51.695213'),
('glhij2y08p8ex5jdosgttm1u99sywfcx', '.eJxVi0EOwiAQRe_C2jRQKMO4NPEIrskwDKFRa2LLynh3MelCl__9914qUttqbKs845zVUY2oDr8wEV9l-T7E_GjLNuxkON9pvl26c9qVv67SWnuUJ-s0ueCT0wBIKCkICHBf1he2drJJyHFxhgG0wUIew4iM2Rcx6v0B0Ik0lw:1q91hk:DJ2Ks0V-QhxoMPQUfNxAsXSBnITpfHet8Y2goCQuCIo', '2023-06-27 10:56:52.166023'),
('gm6o6vz2tgraywg1fzwnvfgzoryq69s4', '.eJxVi70KwjAQgN8ls5S7tJc0joKP4BwulxwpagXbTOK7W6GDrt_Py0Rua41tKc84ZXM0aA6_LLFcy_wVLPJo89rtpDvfebpdtua0J39f5aVuU0H1MvpMmogdiSjo2IMNrEiKGUKgPPRWlaAAWl-gHxwwJnDEJOb9AcYbNGA:1q4ckq:RX5sZeBOqBAdoLueSny0v0h1Owwd5qJqtGvFywISE8g', '2023-06-15 07:29:52.541099'),
('gozyldb41i7j7ci1kq1yoyar4zkukhx2', '.eJxVi0EOwiAQRe_C2jRQKMO4NPEIrskwDKFRa2LLynh3MelCl__9914qUttqbKs845zVUY2oDr8wEV9l-T7E_GjLNuxkON9pvl26c9qVv67SWnuUJ-s0ueCT0wBIKCkICHBf1he2drJJyHFxhgG0wUIew4iM2Rcx6v0B0Ik0lw:1q8dkD:Vr6rTehjc-GOyxIu5st6u4BEsk7CAhPs5Vb9iqIrXZc', '2023-06-26 09:21:49.403512'),
('gxaughr8nu8u7ncv5gaa2svveoxa5i1q', '.eJxVi0sKwjAQQO-StZROJs3HpeARXIfpZEKKWsE2K-ndG6EL3b7PR0Wqa4l1kXeckjorrU6_bCS-y_wVxPyq89odpLs-aXrcWnM5kr-v0FLaBJqcNw6yMRRYCA0mzDha471GAQspOAkZ3UC-sT7zYG1GDQGZoFfbDpnwM48:1q8KJz:01wk0aaSTXzLuqNBe2zyD5icd8eC04muyh6x5U0zV2I', '2023-06-25 12:37:27.865757'),
('h33ddcnay2xo0umwq557caaiczdvwwa2', '.eJxVi70KwjAQgN8ls5S7tJc0joKP4BwulxwpagXbTOK7W6GDrt_Py0Rua41tKc84ZXM0aA6_LLFcy_wVLPJo89rtpDvfebpdtua0J39f5aVuU0H1MvpMmogdiSjo2IMNrEiKGUKgPPRWlaAAWl-gHxwwJnDEJOb9AcYbNGA:1q6QMM:KKqE-CFIx65nIjqVuNbGSdS47qQ8d4h7opnkjMpVFHc', '2023-06-20 06:40:02.845131'),
('h4k3tkokhr62qoracs20rb2twnez2mch', '.eJxVi70KwjAQgN8ls5S7tJc0joKP4BwulxwpagXbTOK7W6GDrt_Py0Rua41tKc84ZXM0aA6_LLFcy_wVLPJo89rtpDvfebpdtua0J39f5aVuU0H1MvpMmogdiSjo2IMNrEiKGUKgPPRWlaAAWl-gHxwwJnDEJOb9AcYbNGA:1q99BI:OgmdF6wvzSl9cpVJQWOXiDi08YGo8VmjV6nIrSaOw0k', '2023-06-27 18:55:52.026692'),
('h5ldg3ha320ns7gk05j5zuiwr8gelkbt', '.eJxVi0sKwjAQQO-StZROJs3HpeARXIfpZEKKWsE2K-ndG6EL3b7PR0Wqa4l1kXeckjorrU6_bCS-y_wVxPyq89odpLs-aXrcWnM5kr-v0FLaBJqcNw6yMRRYCA0mzDha471GAQspOAkZ3UC-sT7zYG1GDQGZoFfbDpnwM48:1q65D8:K0AOGVTD9OHNh3EN5tCPYO1Im95rGxVY_vl3j0Eb4JY', '2023-06-19 08:05:06.626535'),
('h7yiaiv8wx282e40sunhtdmxyq44l432', '.eJxVi8sKwjAQRf8layl5Ncm4FPwE12EmmZCiVrDNSvrvjdCFri6ce85HRGxrjW3hd5yyOAvtxekXEqY7z98HU3q1eR0OMlyfOD1u3bkcyl9Xcak9IgbI6ElJW6wqiSzovnLUxFyCM1DyaACM4pxRe-28cSGAL4ZYBhbbDuoQNMY:1q7WXM:MA5tk9toqdQvU7m5RHGy3joNpjFfVV0YgVt4aTn9GTM', '2023-06-23 07:27:56.848125'),
('hb1qgvcukofrci1dqg2pwux3aun25vkb', '.eJxVi0sKwjAQhu-StRQzpn9bl4JHcB0mMxNa1Aq2WYl3N0IXuv0eLxe5rGMsiz3jpO7o4Ha_LLFcbf4KFnmUeW020pzvPN0utTltyd838jLWqUdmGDFlT0mDgrwE2zOZQBFAOYgKYFWztUktkfadH_IBA7rWvT_ZzTUz:1q8yV9:fxzjIr_YDHbdqkh0G8w0tFU7DS7-rEHmkBVYXyI30rc', '2023-06-27 07:31:39.751414'),
('he30ur7vu2sxs9czswgzoqo19afsrsjh', '.eJxVi0sKwjAQQO-StZROJs3HpeARXIfpZEKKWsE2K-ndG6EL3b7PR0Wqa4l1kXeckjorrU6_bCS-y_wVxPyq89odpLs-aXrcWnM5kr-v0FLaBJqcNw6yMRRYCA0mzDha471GAQspOAkZ3UC-sT7zYG1GDQGZoFfbDpnwM48:1q4lse:sdpe1Rx9cGE3dAPBok_zO_htRbI21OYoqYVkh17v2EA', '2023-06-15 17:14:32.532941'),
('he66zev3w3q6087y6yqkhykx8x2tl2d9', '.eJxVi70OwiAQgN-F2TQHB1dxNPERnMlxQGjUmrRlMr5726SDrt_PRwVuSw1tzlMYkroo3avTL4wsjzzuhkXebVy6g3S3Fw_P-9Zcj-TvqzzXbcrIaBCiYW2ppAQOwHkDDILalrMHgB58iZGMsT5pDeIskSNCZBL1XQGunzMp:1q6jkd:DXIqYuvrWRt7SD6fWA_AR-KVL21Rpa2esseZ9nHiNfg', '2023-06-21 03:22:23.337597'),
('hevh8r9j1ox97hlemc0vnfvdum67ylly', '.eJxVi80KwjAMgN-lZxkr2drEo-AjeC5pk9ChTnDrSXx3J-yg1-_n5RK3taa26DNN4o5ucIdflrlcdf4KLuXR5rXbSXe-83S7bM1pT_6-ykvdJvQgvRgjBEHJijJYAFP1vrBRBAwDZQ5jVjIAQymgPSHGkTUSufcH2uU1NQ:1q7aFg:B0Vn8HaKmlCtja8AaAkIPGp7N5lSHw7lqDkbD_vXLJc', '2023-06-23 11:25:56.379929'),
('hevr2ye816n8ofk7b4hpwqq1gtfa0kdq', '.eJxVi0sKwjAQQO-StZR8ZhLGpeARXIdpZkKKWsE2K_HuVuhCt-_zMpn72nJf9JknMUcDwRx-4cjlqvPXcCmPPq_DTobznafbZWtOe_L3NV7aNjkaUV1QzzZ5qkQUMVah4EbHABVUUqhoLYoHF6WAaCpok1UUFjTvD8coNHo:1q91bZ:-xF0yRt-rQVwjLqiQEXqXB33xfyp41DY9f5uPeZV6XI', '2023-06-27 10:50:29.729734'),
('hfigxub9leh5i346zv9q8niy45ge5cwp', '.eJxVi70KwjAQgN8ls5S7tJc0joKP4BwulxwpagXbTOK7W6GDrt_Py0Rua41tKc84ZXM0aA6_LLFcy_wVLPJo89rtpDvfebpdtua0J39f5aVuU0H1MvpMmogdiSjo2IMNrEiKGUKgPPRWlaAAWl-gHxwwJnDEJOb9AcYbNGA:1q8eBF:ZIyLXFZx3_TDeIHL-3CdGq-lDmmZdN0ls34yIfQolcA', '2023-06-26 09:49:45.319944'),
('hhm64jbkvuj41whymt1d2sqtlmttwoi9', '.eJxVi0sKwjAQQO-StZROJs3HpeARXIfpZEKKWsE2K-ndG6EL3b7PR0Wqa4l1kXeckjorrU6_bCS-y_wVxPyq89odpLs-aXrcWnM5kr-v0FLaBJqcNw6yMRRYCA0mzDha471GAQspOAkZ3UC-sT7zYG1GDQGZoFfbDpnwM48:1q4KhB:11qoevmpWLA38a561YPBBwRRJbwunFUW81azL3TcU_c', '2023-06-14 12:12:53.090624'),
('hjw8c6pnuevn6gv6ndf75vqqaxxqolbw', '.eJxVi0sKwjAQhu-StRQzpn9bl4JHcB0mMxNa1Aq2WYl3N0IXuv0eLxe5rGMsiz3jpO7o4Ha_LLFcbf4KFnmUeW020pzvPN0utTltyd838jLWqUdmGDFlT0mDgrwE2zOZQBFAOYgKYFWztUktkfadH_IBA7rWvT_ZzTUz:1q92XY:jwmok16LEsuoRjCQyTwEI7k4vqQkVqsYcPBwTMmhVVo', '2023-06-27 11:50:24.269632'),
('hmwxk0ifs4isve04pz2d8i9kn6px1gvm', '.eJxVi70OwiAQgN-F2TQHB1dxNPERnMlxQGjUmrRlMr5726SDrt_PRwVuSw1tzlMYkroo3avTL4wsjzzuhkXebVy6g3S3Fw_P-9Zcj-TvqzzXbcrIaBCiYW2ppAQOwHkDDILalrMHgB58iZGMsT5pDeIskSNCZBL1XQGunzMp:1q6PIh:juU7yJpbKsjdxlFtNZHBuWf7Joa9RMuGQdQE_1T8RgQ', '2023-06-20 05:32:11.524281'),
('hpd77dei82qh03sp2o4rlyx8go7izo0n', '.eJxVjDEOwjAMRe-SGVUusaOUEYkjdI4c21UqoEi0mRB3h0od2vX99_7HJa5LSXW2dxrVXVxwpz3LLHeb1oFFXnVamo00tyePj_7vXDfl0BWey_rmMWbtiEigJUBlr0DEEXLwkAc6IzFKDkPLJgGgsyiIaqpkoOC-P6JnNIg:1q4xOV:iCP5iusk8hzwgEWEpJWysmwXAPrvJ31aqufe6X41OOM', '2023-06-16 05:32:11.135731'),
('hrlx8ywx3vqdtfmppp6k63nyantxf4zt', '.eJxVi0sKwjAQQO-StZROJs3HpeARXIfpZEKKWsE2K-ndG6EL3b7PR0Wqa4l1kXeckjorrU6_bCS-y_wVxPyq89odpLs-aXrcWnM5kr-v0FLaBJqcNw6yMRRYCA0mzDha471GAQspOAkZ3UC-sT7zYG1GDQGZoFfbDpnwM48:1q4aVA:N-yLShUkIq0tSG1Eq0HTNlESOjjHEXHJHQmqHLjjRoE', '2023-06-15 05:05:32.268907'),
('hrp3yix3ei9hrc651ju3hgsx26ggmtav', '.eJxVi70KwjAQgN8ls5TcpTlyjoKP4ByuyYUUtYJtJvHdjdBB1-_nZaK0rca26jPO2RwNenP4hZOkqy5fIyk92rINOxnOd5lvl96c9uTvq7LWPtGkpIWZbUgcAChDKjlIQVVHXjOQG4msx2IDI6L1MHZYPATK1pn3B9XLM8Y:1q7Wvj:6ItVAawuOkXaghzDplKSXHTpvRmePIkKGjblHuTL7JI', '2023-06-23 07:53:07.742240'),
('hsmkn6pzt6zd7q2otg0bq8g7uyyb8pmh', '.eJxVi0sKwjAQhu-StRQzpn9bl4JHcB0mMxNa1Aq2WYl3N0IXuv0eLxe5rGMsiz3jpO7o4Ha_LLFcbf4KFnmUeW020pzvPN0utTltyd838jLWqUdmGDFlT0mDgrwE2zOZQBFAOYgKYFWztUktkfadH_IBA7rWvT_ZzTUz:1q8gRa:Wtq9wcaPzan-WY1tGSgDvRx6moDaWGfjK41ai7gxtQM', '2023-06-26 12:14:46.264779'),
('htaih2wprr1zwgtsghnntpds8glk4nyy', '.eJxVi70OwiAQgN-F2TQHB1dxNPERnMlxQGjUmrRlMr5726SDrt_PRwVuSw1tzlMYkroo3avTL4wsjzzuhkXebVy6g3S3Fw_P-9Zcj-TvqzzXbcrIaBCiYW2ppAQOwHkDDILalrMHgB58iZGMsT5pDeIskSNCZBL1XQGunzMp:1q91wx:yFCYj-P-L0euIBt3DHDsWudyvri_RN2VBkSQK0N1t8Q', '2023-06-27 11:12:35.626693'),
('hvkmi1cuu9z6u2865p6y6lci5f7fpu7o', '.eJxVi70OwiAQgN-F2TQHB1dxNPERnMlxQGjUmrRlMr5726SDrt_PRwVuSw1tzlMYkroo3avTL4wsjzzuhkXebVy6g3S3Fw_P-9Zcj-TvqzzXbcrIaBCiYW2ppAQOwHkDDILalrMHgB58iZGMsT5pDeIskSNCZBL1XQGunzMp:1q8hCM:fV_Rlzq_2h9DtjYhCVJnKbeTSplcgnNV5F1lcaOWMbc', '2023-06-26 13:03:06.566288'),
('hx94jb6uxj2fs4kb87sgc6qtisuvjanp', '.eJxVi70KwjAQgN8ls5S7tJc0joKP4BwulxwpagXbTOK7W6GDrt_Py0Rua41tKc84ZXM0aA6_LLFcy_wVLPJo89rtpDvfebpdtua0J39f5aVuU0H1MvpMmogdiSjo2IMNrEiKGUKgPPRWlaAAWl-gHxwwJnDEJOb9AcYbNGA:1q6jSO:JDHY1r44hOFyEfxJp6cuzpkIzNCRRtrYB4YA2IOuCiM', '2023-06-21 03:03:32.558685'),
('hywvc3n7te9889m8wa00jj9mqngje9pl', '.eJxVi0sKwjAQhu-StRQzpn9bl4JHcB0mMxNa1Aq2WYl3N0IXuv0eLxe5rGMsiz3jpO7o4Ha_LLFcbf4KFnmUeW020pzvPN0utTltyd838jLWqUdmGDFlT0mDgrwE2zOZQBFAOYgKYFWztUktkfadH_IBA7rWvT_ZzTUz:1q90b4:tdFT7vhF9nnZBehDQ3kryv9VlbF3-dvyN_AlySgc0EE', '2023-06-27 09:45:54.045737'),
('hzex4j20u30lr861e9lv2ek2lddfykjo', '.eJxVi70KwjAQgN8ls5S7tJc0joKP4BwulxwpagXbTOK7W6GDrt_Py0Rua41tKc84ZXM0aA6_LLFcy_wVLPJo89rtpDvfebpdtua0J39f5aVuU0H1MvpMmogdiSjo2IMNrEiKGUKgPPRWlaAAWl-gHxwwJnDEJOb9AcYbNGA:1q3aXC:_LTinfSR6_UsqzbcwV9BLJoTGWyOLCuH9ioZZWlVEEY', '2023-06-12 10:55:30.137976'),
('hzrnslsat4tyfod94ll1uohgo0fbxpk4', '.eJxVi70KwjAQgN8ls5S7tJc0joKP4BwulxwpagXbTOK7W6GDrt_Py0Rua41tKc84ZXM0aA6_LLFcy_wVLPJo89rtpDvfebpdtua0J39f5aVuU0H1MvpMmogdiSjo2IMNrEiKGUKgPPRWlaAAWl-gHxwwJnDEJOb9AcYbNGA:1q4aYQ:12AZ4PqjAQR-6asEDWmykweJuGw78Uch0u6qi-3Dask', '2023-06-15 05:08:54.162770'),
('i2gnpafyae7v29iratk5vzwosr6rr3kf', '.eJxVi70KwjAQgN8ls5S7tJc0joKP4BwulxwpagXbTOK7W6GDrt_Py0Rua41tKc84ZXM0aA6_LLFcy_wVLPJo89rtpDvfebpdtua0J39f5aVuU0H1MvpMmogdiSjo2IMNrEiKGUKgPPRWlaAAWl-gHxwwJnDEJOb9AcYbNGA:1q7WuH:lT40BDA6XKA-eqUQswkV-H3thXdsqH7LxHRfz_vXTgY', '2023-06-23 07:51:37.105646'),
('i37vxi3vax68sk6x2bzx3wmtjway1aj8', '.eJxVi70KwjAQgN8ls5S7tJc0joKP4BwulxwpagXbTOK7W6GDrt_Py0Rua41tKc84ZXM0aA6_LLFcy_wVLPJo89rtpDvfebpdtua0J39f5aVuU0H1MvpMmogdiSjo2IMNrEiKGUKgPPRWlaAAWl-gHxwwJnDEJOb9AcYbNGA:1q93Lu:NWe5SNQhhTyvweqvQh-wSKe8Gs3OkTenSS6NZSqLJEo', '2023-06-27 12:42:26.498922'),
('i3rbew1k6hgi10x2sc1xwvebbqspvlhh', '.eJxVi0sKwjAQQO-StZROJs3HpeARXIfpZEKKWsE2K-ndG6EL3b7PR0Wqa4l1kXeckjorrU6_bCS-y_wVxPyq89odpLs-aXrcWnM5kr-v0FLaBJqcNw6yMRRYCA0mzDha471GAQspOAkZ3UC-sT7zYG1GDQGZoFfbDpnwM48:1q4xJP:GKh7Fc2rFcyAjwMynQmkh_XSnTsv_c3_PVZSKOcOcFk', '2023-06-16 05:26:55.064585'),
('i3xazau2fvomrn1eupk54td5vr0542y5', '.eJxVi70KwjAQgN8ls5S7tJc0joKP4BwulxwpagXbTOK7W6GDrt_Py0Rua41tKc84ZXM0aA6_LLFcy_wVLPJo89rtpDvfebpdtua0J39f5aVuU0H1MvpMmogdiSjo2IMNrEiKGUKgPPRWlaAAWl-gHxwwJnDEJOb9AcYbNGA:1q8eAS:KBmWOKz1jfXCOSdaXXIn6Gd0T4sBAsl8xsOQngQReLU', '2023-06-26 09:48:56.108006'),
('i51calcc5z3py2j54i6tnyiqoskh4jsj', '.eJxViz0OwjAMRu_iGVUmTkrMiMQRmCPXcZUKKBJtJsTdCVIH2L6f916QpK4l1cWeacpwBA-7320Qvdr8PUT1Uee125bufJfpdmnMaUP-vCJLaZJjUmEOXvYaW3CBI7G2rnlkjJSDY2_BsmCPB2QyswHJ9y7qiAjvD6KaM_M:1q4L0b:F4F23Js5dsxbjQ5hml9EUwWwjVq6EaBetDIXdJyJbj4', '2023-06-14 12:32:57.028249'),
('i9lbovnpibhanr1nfr1pf5jkv0vvlhtd', '.eJxVi70KwjAQgN8ls5TcpTlyjoKP4ByuyYUUtYJtJvHdjdBB1-_nZaK0rca26jPO2RwNenP4hZOkqy5fIyk92rINOxnOd5lvl96c9uTvq7LWPtGkpIWZbUgcAChDKjlIQVVHXjOQG4msx2IDI6L1MHZYPATK1pn3B9XLM8Y:1q8c9e:-ddJTZUHGzLUkP0Wj_iims9zg7dcoO6UBcbJfeNWH3Y', '2023-06-26 07:39:58.901761'),
('iarggu54zphip7h5utjbz6csorbg8tub', '.eJxVi0kKwjAUQO-StZT6883gUvAIrsMfElLUCrZZiXc3Qhe6fcPLJGprTW3JzzSpORoAs_uFTHLN89eQyKPN67CR4Xyn6XbpzWlL_r5KS-3T6EVyGbGUHCyiPTAyqYpjzi46BfbAWUPBvY_ERXyAYmPsg5IimPcHEHM2NA:1q5j66:j8zQrGIvxdInSB1iZUr1QU_ybiZteq8zaXpGPCCE2DU', '2023-06-18 08:28:22.546620'),
('ib15x9nyydlk15u6s6oy4rqnnohl78z7', '.eJxVi8sKwjAUBf8layn2JmkSl4Kf4DrcV0hRK_SxEv_dCF3o6sCcmZfJuK01b4vOeRRzMs4cfhkh33T6Hsj83Ka120l3eeB4vzbnvCt_XcWltqiQOjtI8egY1MvRFscpUOoBfNGo0SWK1IYH8CwBbFLmHoJYigLm_QHVazUW:1q3tcQ:Uhx0fNASAKRq0Mew4EwvceTPPmM9gJjnlvESjD60pDc', '2023-06-13 07:18:10.117743'),
('ib9v8u4sowpd7dfp2x201ttbjnvhjhri', '.eJxVi80KwjAMgN-lZxkr2drEo-AjeC5pk9ChTnDrSXx3J-yg1-_n5RK3taa26DNN4o5ucIdflrlcdf4KLuXR5rXbSXe-83S7bM1pT_6-ykvdJvQgvRgjBEHJijJYAFP1vrBRBAwDZQ5jVjIAQymgPSHGkTUSufcH2uU1NQ:1q90qo:ohjDmnh4zdWLW-EsQC__F8yoKuFPBvKVyFvHbGcc0QA', '2023-06-27 10:02:10.514392'),
('ibutwjwsq6cjtq8tao1ot5z1806htcwi', '.eJxVi0sKwjAQQO-StZROJs3HpeARXIfpZEKKWsE2K-ndG6EL3b7PR0Wqa4l1kXeckjorrU6_bCS-y_wVxPyq89odpLs-aXrcWnM5kr-v0FLaBJqcNw6yMRRYCA0mzDha471GAQspOAkZ3UC-sT7zYG1GDQGZoFfbDpnwM48:1q6njp:Vjjj8X0gFtcl7X46aeA7YEKRd7lTfCrlg4IArxcHyj0', '2023-06-21 07:37:49.839273'),
('icfsk4f6kg19oz3iib8obbj4wyy8nnqg', '.eJxVi70KwjAQgN8ls5QzCZeco-AjdA6X3IUUtYJtJvHdrdBB1-_nZRL3taW-6DNNYk7Gojn8wszlqvPXcCmPPq_DTobLnafbuDXnPfn7Gi9tm5RiDJ4yQhXvINZjUCF0DJrReqoC4sCRuohVRTEHJLUFJFjR4s37A9W6NPc:1q6RvN:SEq48Cu0TOj-caSP3WK4233DTfq9Pu5Vqy2VNGy8src', '2023-06-20 08:20:17.776000'),
('ifevn4zx59yedzxs3mrdqkz1xta8p2kg', '.eJxVi0sKwjAQQO-StZROJs3HpeARXIfpZEKKWsE2K-ndG6EL3b7PR0Wqa4l1kXeckjorrU6_bCS-y_wVxPyq89odpLs-aXrcWnM5kr-v0FLaBJqcNw6yMRRYCA0mzDha471GAQspOAkZ3UC-sT7zYG1GDQGZoFfbDpnwM48:1q4EJb:4UxcWijT9uDKZNNDneGx8PIasklrlsQMqMviczUZT4c', '2023-06-14 05:24:07.313267'),
('ig46q2f0stb3yc1cvg3dmtsemonzhp5e', '.eJxVi70KwjAQgN8ls5S7tJc0joKP4BwulxwpagXbTOK7W6GDrt_Py0Rua41tKc84ZXM0aA6_LLFcy_wVLPJo89rtpDvfebpdtua0J39f5aVuU0H1MvpMmogdiSjo2IMNrEiKGUKgPPRWlaAAWl-gHxwwJnDEJOb9AcYbNGA:1q8aAI:TclEQB6E7as9AbI5z8QIod19BpWzejkZDHfhVDdOa98', '2023-06-26 05:32:30.313198'),
('igcnl9ikwim3jg6ay142b5z1wt1jqbxb', '.eJxVi0sOwiAQhu_C2jRAkTIuTTyCa_LPAKFRa9KWlfHu2qQL3X6Pl4poa41tyXMckzopE9ThFzLklqfNQOTZprXbSXd5YLxfv815T_6-iqVuU07Cupgehbz4xNQTDZmth4Z2Xgi9s2zJZRRjjdcJaYDXzvBRQlDvDwFFNSQ:1q7WyE:XTIM5_9E171_L1sYXb2Lg3iCN9KFNMAyPgs-Q-3-8aU', '2023-06-23 07:55:42.753677'),
('iiqv1e0p6sol29xf9y8qltakfbrkoa2n', '.eJxVi70OwiAQgN-F2TQHB1dxNPERnMlxQGjUmrRlMr5726SDrt_PRwVuSw1tzlMYkroo3avTL4wsjzzuhkXebVy6g3S3Fw_P-9Zcj-TvqzzXbcrIaBCiYW2ppAQOwHkDDILalrMHgB58iZGMsT5pDeIskSNCZBL1XQGunzMp:1q6VsJ:KvIEHhAvZQAKSqLZXxcTua6oUGi3bvqdWTjZvhdhOJs', '2023-06-20 12:33:23.973988'),
('ijghvvyb9zm93phcbej7mt9pb61ramyx', '.eJxVi70KwjAQgN_lZilJc7kLjoKP4BwuyYUUtYJtJvHdrdBB1-_nBVH62mJf9BmnAkdgOPyyJPmq81dIzo8-r8NOhvNdpttla0578vc1Wdo2qXdV1fOoaDyyY0y1JGvElsQkjBoseUfBKYY6JipIEmp2hgVz9fD-ALeQNH4:1q7PLI:dxxezLyJNUYrFVSxI_ScKA_EEJs1hlVrI9T3qbE5Gw4', '2023-06-22 23:47:00.915854'),
('ilkhihvvo3jtrzokhm8itkiomv40z4l3', '.eJxVi70KwjAQgN8ls5S7tJc0joKP4BwulxwpagXbTOK7W6GDrt_Py0Rua41tKc84ZXM0aA6_LLFcy_wVLPJo89rtpDvfebpdtua0J39f5aVuU0H1MvpMmogdiSjo2IMNrEiKGUKgPPRWlaAAWl-gHxwwJnDEJOb9AcYbNGA:1q4dvK:48IkfiRFcSuNyUD_IdL6vtflBdrGkiMEOteNcteBr80', '2023-06-15 08:44:46.333412'),
('infm1x4vhei3halvc50zip4lfbvpmd2w', '.eJxVi0sKwjAQQO-StZROJs3HpeARXIfpZEKKWsE2K-ndG6EL3b7PR0Wqa4l1kXeckjorrU6_bCS-y_wVxPyq89odpLs-aXrcWnM5kr-v0FLaBJqcNw6yMRRYCA0mzDha471GAQspOAkZ3UC-sT7zYG1GDQGZoFfbDpnwM48:1q99FY:E5193xxRjYPQXhje0JkoLJqSVCJDM2tx5qoAt1k226Y', '2023-06-27 19:00:16.710455'),
('inuf2s0e809b3aka64czvrp0fv163ma5', '.eJxVi70KwjAQgN_lZilJc7kLjoKP4BwuyYUUtYJtJvHdrdBB1-_nBVH62mJf9BmnAkdgOPyyJPmq81dIzo8-r8NOhvNdpttla0578vc1Wdo2qXdV1fOoaDyyY0y1JGvElsQkjBoseUfBKYY6JipIEmp2hgVz9fD-ALeQNH4:1q7WkC:wTrDAkQEK_j6YeFfQNSDs4Pk3jqnIXT3dob9CaobRDA', '2023-06-23 07:41:12.635118'),
('io9v3iuqisiyftcxs3af7713jfwsnt8b', '.eJxVi0sKwjAQQO-StZROJs3HpeARXIfpZEKKWsE2K-ndG6EL3b7PR0Wqa4l1kXeckjorrU6_bCS-y_wVxPyq89odpLs-aXrcWnM5kr-v0FLaBJqcNw6yMRRYCA0mzDha471GAQspOAkZ3UC-sT7zYG1GDQGZoFfbDpnwM48:1q6P22:wKbXzAF65KOtUBvg_1A9xU4g8BPXBGLixOD_A7fl3Pg', '2023-06-20 05:14:58.408654'),
('iqlqpjd0pkjh4z6a8p5838lwjdffhdx0', '.eJxVi70KwjAQgN8ls5QzCZeco-AjdA6X3IUUtYJtJvHdrdBB1-_nZRL3taW-6DNNYk7Gojn8wszlqvPXcCmPPq_DTobLnafbuDXnPfn7Gi9tm5RiDJ4yQhXvINZjUCF0DJrReqoC4sCRuohVRTEHJLUFJFjR4s37A9W6NPc:1q6VOv:Vs1Z7NmYMEvfExRfPoLwgLLg8qs4JPAFyTCNW5q88xo', '2023-06-20 12:03:01.930579'),
('ishfmkbdi4i44sfaouzp7kmn63ovey65', '.eJxVi0sKwjAQQO-StZROJs3HpeARXIfpZEKKWsE2K-ndG6EL3b7PR0Wqa4l1kXeckjorrU6_bCS-y_wVxPyq89odpLs-aXrcWnM5kr-v0FLaBJqcNw6yMRRYCA0mzDha471GAQspOAkZ3UC-sT7zYG1GDQGZoFfbDpnwM48:1q6coR:bOY4bRaAg1eGi_-Gk-DGM-GJ54M5iRyTOl8LzJbxDVI', '2023-06-20 19:57:51.254024'),
('itgwqf7myoyoirzkf1ywfj1ul82usikc', '.eJxVi0sKwjAQQO-StZROJs3HpeARXIfpZEKKWsE2K-ndG6EL3b7PR0Wqa4l1kXeckjorrU6_bCS-y_wVxPyq89odpLs-aXrcWnM5kr-v0FLaBJqcNw6yMRRYCA0mzDha471GAQspOAkZ3UC-sT7zYG1GDQGZoFfbDpnwM48:1q91Hs:yW2Z1tOspkmctuGfzyqK6Q_hiVD_R2sCQens1ZZAfmk', '2023-06-27 10:30:08.166771'),
('iviesineulysutp63yho36zaolb8l5ng', '.eJxVi0EOwiAQRe_C2jRQKMO4NPEIrskwDKFRa2LLynh3MelCl__9914qUttqbKs845zVUY2oDr8wEV9l-T7E_GjLNuxkON9pvl26c9qVv67SWnuUJ-s0ueCT0wBIKCkICHBf1he2drJJyHFxhgG0wUIew4iM2Rcx6v0B0Ik0lw:1q8exF:_7fLG8O2_yuGRfmHJZI0PdqrCLqCda9S2_-ZbOWySsY', '2023-06-26 10:39:21.909041'),
('iwwnot9myv882b6loueqfx01zgl71mrb', '.eJxVi70OwiAQgN-F2TQHB1dxNPERnMlxQGjUmrRlMr5726SDrt_PRwVuSw1tzlMYkroo3avTL4wsjzzuhkXebVy6g3S3Fw_P-9Zcj-TvqzzXbcrIaBCiYW2ppAQOwHkDDILalrMHgB58iZGMsT5pDeIskSNCZBL1XQGunzMp:1q8fXf:Yd7hkBjbmlswTUd-qJqYcvG_nx1F5MdqBcvrD2yNkns', '2023-06-26 11:16:59.572848'),
('ixs2mgl8mu6mxlcl2zc2qnyi74t5zz6x', '.eJxVi0sKwjAQQO-StZROJs3HpeARXIfpZEKKWsE2K-ndG6EL3b7PR0Wqa4l1kXeckjorrU6_bCS-y_wVxPyq89odpLs-aXrcWnM5kr-v0FLaBJqcNw6yMRRYCA0mzDha471GAQspOAkZ3UC-sT7zYG1GDQGZoFfbDpnwM48:1q4L1W:DUd2Y9e0nhYVGMLDK8GEWuVERG5kn2MjB8Ob6uhJ9xs', '2023-06-14 12:33:54.561514'),
('iybr0shy4sxuftvn3089wqdnz9t2glwu', '.eJxVi70KwjAQgN8ls5S7tJc0joKP4BwulxwpagXbTOK7W6GDrt_Py0Rua41tKc84ZXM0aA6_LLFcy_wVLPJo89rtpDvfebpdtua0J39f5aVuU0H1MvpMmogdiSjo2IMNrEiKGUKgPPRWlaAAWl-gHxwwJnDEJOb9AcYbNGA:1q7EBe:xVbN4yfWKI1sRIYUwypdEdD79rBcrFZ_kP-z9PGlvmM', '2023-06-22 11:52:18.332983'),
('j0mdon2hfd3u0e0hwhbqym2pz1ndoiqz', '.eJxViz0OwjAMRu_iGVUmTkrMiMQRmCPXcZUKKBJtJsTdCVIH2L6f916QpK4l1cWeacpwBA-7320Qvdr8PUT1Uee125bufJfpdmnMaUP-vCJLaZJjUmEOXvYaW3CBI7G2rnlkjJSDY2_BsmCPB2QyswHJ9y7qiAjvD6KaM_M:1q4Kyt:W9k51vcZ8dh9PAAst7EXoFosNJEIUhU65H6cHcQU5Lo', '2023-06-14 12:31:11.126478'),
('j1whb2q7w0576h770o10wpnl2yplkgww', '.eJxVi0sKwjAQQO-StZROJs3HpeARXIfpZEKKWsE2K-ndG6EL3b7PR0Wqa4l1kXeckjorrU6_bCS-y_wVxPyq89odpLs-aXrcWnM5kr-v0FLaBJqcNw6yMRRYCA0mzDha471GAQspOAkZ3UC-sT7zYG1GDQGZoFfbDpnwM48:1q8e4w:wFXbByd1IJwE4VbDNELQtJOQKINafIQU_bOtEuuIim4', '2023-06-26 09:43:14.289561'),
('j9ec5ahr4ox981n4fk3upojw4v0b7km8', '.eJxVi80KwjAMgN-lZxkr2drEo-AjeC5pk9ChTnDrSXx3J-yg1-_n5RK3taa26DNN4o5ucIdflrlcdf4KLuXR5rXbSXe-83S7bM1pT_6-ykvdJvQgvRgjBEHJijJYAFP1vrBRBAwDZQ5jVjIAQymgPSHGkTUSufcH2uU1NQ:1q8ggN:xPMTSPnn8Gh84TePIRX3C_GCmMnsOyEyyG2fpMDii-0', '2023-06-26 12:30:03.190792'),
('jkb1xcbgn1aibk2abizhvkhpbfrvf6ih', '.eJxVi0sKwjAQQO-StZROJs3HpeARXIfpZEKKWsE2K-ndG6EL3b7PR0Wqa4l1kXeckjorrU6_bCS-y_wVxPyq89odpLs-aXrcWnM5kr-v0FLaBJqcNw6yMRRYCA0mzDha471GAQspOAkZ3UC-sT7zYG1GDQGZoFfbDpnwM48:1q3ZT1:TXA11FA2VM2EBy9o6KF4I32W3mDpmvvS7b4fvnSr0XU', '2023-06-12 09:47:07.431995'),
('jo240hg525ffz7ewsn8rjhuue83r43h4', '.eJxVi80KwjAMgN-lZxlN2JrFo-AjeC5pmtKhTnDrSXx3J-yg1-_n5aK0tca22DNO2R1d7w6_LIlebf4KUX20ee120p3vMt0uW3Pak7-vylK3CYdgGYFYPCYOPdlYFHvMpoSMYQymjAA8QPZkYJ4KlcRiAgQK7v0Bn_w0Gw:1q65EA:v5oXAWtnHmFrA0TvaYJWyCKAuS7aH1qv2C6PXhZK9js', '2023-06-19 08:06:10.951719'),
('jozec9o0tx8v1b79mu9vwq352vsljocr', '.eJxVi70KwjAQgN8ls5S7tJc0joKP4BwulxwpagXbTOK7W6GDrt_Py0Rua41tKc84ZXM0aA6_LLFcy_wVLPJo89rtpDvfebpdtua0J39f5aVuU0H1MvpMmogdiSjo2IMNrEiKGUKgPPRWlaAAWl-gHxwwJnDEJOb9AcYbNGA:1q6PI1:kO0uVz6imTLfNCktj6C2G626NczW_sEdg29BdBhj_Lk', '2023-06-20 05:31:29.096524'),
('jquew1vxubavz903u78ne0uw39y517r8', '.eJxVi70OwiAQgN-F2TQHB1dxNPERnMlxQGjUmrRlMr5726SDrt_PRwVuSw1tzlMYkroo3avTL4wsjzzuhkXebVy6g3S3Fw_P-9Zcj-TvqzzXbcrIaBCiYW2ppAQOwHkDDILalrMHgB58iZGMsT5pDeIskSNCZBL1XQGunzMp:1q91Yn:Hm0M67zpoOvQqb_edYE0UJqonOPjk6C0dsnR-cxKtJk', '2023-06-27 10:47:37.785619'),
('jsef8mq64a68doswai54gghgggqe1v5x', '.eJxVi80KwjAMgN-lZxkr2drEo-AjeC5pk9ChTnDrSXx3J-yg1-_n5RK3taa26DNN4o5ucIdflrlcdf4KLuXR5rXbSXe-83S7bM1pT_6-ykvdJvQgvRgjBEHJijJYAFP1vrBRBAwDZQ5jVjIAQymgPSHGkTUSufcH2uU1NQ:1q8bMk:2bkaUtVtTEQR4m00KWN8PlKu43erzuQFw-QE37igs00', '2023-06-26 06:49:26.559637'),
('jsioi339bmtol8zj4vtkc23op3rh0kbq', '.eJxVi70KwjAQgN8ls5S7tJc0joKP4BwulxwpagXbTOK7W6GDrt_Py0Rua41tKc84ZXM0aA6_LLFcy_wVLPJo89rtpDvfebpdtua0J39f5aVuU0H1MvpMmogdiSjo2IMNrEiKGUKgPPRWlaAAWl-gHxwwJnDEJOb9AcYbNGA:1q8gS5:rmp3y88_x-S4H62JoHPQjz034ePJRlMLRuCXPR20JIk', '2023-06-26 12:15:17.052399'),
('jvuncq8fgc7vebicijjscflu3zsq76dd', '.eJxVi0sKwjAQhu-StZRMElvjUvAIrsNk8g8pagXbrMS7W6EL3X6Pl0nclprajGcaizmaQGb3CzPLFdPXsMijTUu3ke585_F2WZvTlvx9lee6TiR7dQrlmInEUuYQ6RDgyQHknNVBhaBqUWz0pY9w8CWjl-IHJfP-APg5NbI:1q8yrv:bWER9353BLqiVuLZ5-nYXiJ8JQgtWHlRi8fDJBm7sL4', '2023-06-27 07:55:11.542550'),
('jwho17v632hi75jm1g4n5k2n9jec3gt8', '.eJxVi70OwiAQgN-F2TQHB1dxNPERnMlxQGjUmrRlMr5726SDrt_PRwVuSw1tzlMYkroo3avTL4wsjzzuhkXebVy6g3S3Fw_P-9Zcj-TvqzzXbcrIaBCiYW2ppAQOwHkDDILalrMHgB58iZGMsT5pDeIskSNCZBL1XQGunzMp:1q6T5O:GAq74NAMZOCruWCAJaW1JbJN9piL0XSzHmzka7klvzQ', '2023-06-20 09:34:42.530484'),
('jypxgjfu0n3mkbk1kw7yedlgpaoomhos', '.eJxVi70KwjAQgN8ls5S7tJc0joKP4BwulxwpagXbTOK7W6GDrt_Py0Rua41tKc84ZXM0aA6_LLFcy_wVLPJo89rtpDvfebpdtua0J39f5aVuU0H1MvpMmogdiSjo2IMNrEiKGUKgPPRWlaAAWl-gHxwwJnDEJOb9AcYbNGA:1q4KO4:VjazkDWNHXklfFgSqUvlpZ2a-sQI16cDm3uPMTSxLx4', '2023-06-14 11:53:08.171740'),
('k3kdj85k8m4ig17m2b0fkztbf70iq9iv', '.eJxVi80KwjAMgN-lZxkr2drEo-AjeC5pk9ChTnDrSXx3J-yg1-_n5RK3taa26DNN4o5ucIdflrlcdf4KLuXR5rXbSXe-83S7bM1pT_6-ykvdJvQgvRgjBEHJijJYAFP1vrBRBAwDZQ5jVjIAQymgPSHGkTUSufcH2uU1NQ:1q6n8k:809JssqyOPqpuKL739Ykww07xDKPKACpoxXuFpt4Fq4', '2023-06-21 06:59:30.284490'),
('k4n9ea2wudcxqqbpoi2layq8wxo6nx31', '.eJxVi80KwjAMgN-lZxkr2drEo-AjeC5pk9ChTnDrSXx3J-yg1-_n5RK3taa26DNN4o5ucIdflrlcdf4KLuXR5rXbSXe-83S7bM1pT_6-ykvdJvQgvRgjBEHJijJYAFP1vrBRBAwDZQ5jVjIAQymgPSHGkTUSufcH2uU1NQ:1q6Ee3:rI33QELmv3jeARyJgJiBG7dFSH2fJ2RHbJpYGPSoHVY', '2023-06-19 18:09:31.413354'),
('k741habn0yf0t6u01ca33i029f9sx7nr', '.eJxVi0sKwjAQQO-StZROJs3HpeARXIfpZEKKWsE2K-ndG6EL3b7PR0Wqa4l1kXeckjorrU6_bCS-y_wVxPyq89odpLs-aXrcWnM5kr-v0FLaBJqcNw6yMRRYCA0mzDha471GAQspOAkZ3UC-sT7zYG1GDQGZoFfbDpnwM48:1q7aK8:oPle5ibKS4FX71zGdF0mCrc0_HeaCO2LaZvB_zHOQdg', '2023-06-23 11:30:32.012474'),
('k9th22obqa6kvin9dsxcaxtsprim1o5j', '.eJxVi0sKwjAQQO8yaylO_nEpeATXYTKTkKJWaJuVeHcrdKHb93lBor621Jcyp1HgBBjh8Asz8a1MX0PMzz6tw06Gy4PG-3Vrznvy9zVa2jZZIW8z-hKMZg7CupairBOvxCEGpWKkesRQ0ZB3JmbUujrMpMiJFXh_AOCeNKk:1q6W1c:O1XahZ2yVgE0LacKIthb66ac5P1IYHcLCtqp8994ACU', '2023-06-20 12:43:00.505139'),
('kbulcu88kt88bprw6pzleb672f3qo83t', '.eJxVi0sKwjAQQO-StZROJs3HpeARXIfpZEKKWsE2K-ndG6EL3b7PR0Wqa4l1kXeckjorrU6_bCS-y_wVxPyq89odpLs-aXrcWnM5kr-v0FLaBJqcNw6yMRRYCA0mzDha471GAQspOAkZ3UC-sT7zYG1GDQGZoFfbDpnwM48:1q8HPc:nQTzsn7gTKlYPF100Lbw71C6Zgst-s95adRu_hn8a6o', '2023-06-25 09:31:04.248102'),
('kcjwiqmlwdd6cvvlfo0i9euedx0wfgoi', '.eJxVi8sKwjAUBf8laylpcpM2LgU_wXW4r5KiVrDNSvx3I3ShZzkz52Uy1q3kuuozz2KOpk_m8AsJ-arL1yDzoy5bt5PufMf5dmnNaU_-fgXX0k4ORj8msMKMoOQj9wTOk5NIoY2cnyCoDaoy2eAHELIuNjtIshrN-wPTsTSc:1q8mNO:9-vdtX8YdD9qy-ay-QurYkPvaxRNrXHUvPD_z9unJoQ', '2023-06-26 18:34:50.851129'),
('ke20lnc293s8jmq4m39uyrvbwxwk8ssj', '.eJxVi70KwjAQgN8ls5S7tJc0joKP4BwulxwpagXbTOK7W6GDrt_Py0Rua41tKc84ZXM0aA6_LLFcy_wVLPJo89rtpDvfebpdtua0J39f5aVuU0H1MvpMmogdiSjo2IMNrEiKGUKgPPRWlaAAWl-gHxwwJnDEJOb9AcYbNGA:1q4KYe:ffWKm0hFMHf5SrU0SV43hpBbwmk6GZb5baOQThixn3A', '2023-06-14 12:04:04.602112'),
('kemkmji8g0dxju1yqf0mdy5hhtg9i1hk', '.eJxVi0EKwjAQRe-StZR0bJgZl4JH6DpMMhNS1Aq2XYl3N0IXuvu8_97LRdnWGrfFnnFSd3I9u8MvTJKvNn8fyfmxzWu3k-5yl-k2Nue8K39dlaW2KJSBPBc0IcZiKWghNgUJ4HM6DpQECbVtEKIivQVgr5hYgQjQvT_4kTUq:1q8esk:tURNrs9-DKZDehpcuG8A43tOBvLkCfhvRa6lpL5dhOA', '2023-06-26 10:34:42.592258'),
('kexknldh4aap4ezr1cai059cf8qnvj2x', '.eJxVi8sKwjAQRf8laymZyUgmLgU_oesweZGiVrDNSvz3ptCF7i7nnvNRXtpafVvy209JXRSSOv3CIPGe5_2RGF9tXoeDDLenTI-xO9dD-euqLLVHgBzJpoRImvXZFcMmoGOxAsYRoLYZSoHkBIpmIWHpO0IhShiC-m6zJjRl:1q6SOZ:CVFJ8mwl4C_jOPoINseBk-l4uc-D_F4IwvE5U_aSyK0', '2023-06-20 08:50:27.447509'),
('kh1mgdjnbvi7svfckste5v2zq3vmbzwm', '.eJxVi70KwjAQgN8ls5S7tJc0joKP4BwulxwpagXbTOK7W6GDrt_Py0Rua41tKc84ZXM0aA6_LLFcy_wVLPJo89rtpDvfebpdtua0J39f5aVuU0H1MvpMmogdiSjo2IMNrEiKGUKgPPRWlaAAWl-gHxwwJnDEJOb9AcYbNGA:1q6dRJ:o47jlFin_fhbxiH03RbAEWdwTdYesWPuthX3TXcXaNc', '2023-06-20 20:38:01.845884'),
('kipy2r8vutsik1t69pw7topptvmub45t', '.eJxVi70OwiAQgN-F2TQHB1dxNPERnMlxQGjUmrRlMr5726SDrt_PRwVuSw1tzlMYkroo3avTL4wsjzzuhkXebVy6g3S3Fw_P-9Zcj-TvqzzXbcrIaBCiYW2ppAQOwHkDDILalrMHgB58iZGMsT5pDeIskSNCZBL1XQGunzMp:1q6T7d:NFWaWKgn21IAg4VQtiiHQWF4y0Rti8o90smKVoTb2XE', '2023-06-20 09:37:01.315393'),
('kjbz2hlzxv48toy5grpirt0d4e1f90zq', '.eJxVi70KwjAQgN8ls5TcpTlyjoKP4ByuyYUUtYJtJvHdjdBB1-_nZaK0rca26jPO2RwNenP4hZOkqy5fIyk92rINOxnOd5lvl96c9uTvq7LWPtGkpIWZbUgcAChDKjlIQVVHXjOQG4msx2IDI6L1MHZYPATK1pn3B9XLM8Y:1q8dtu:gIbXa0M9k432r9F2cS9Bg8QL_kbfFdubby4KWvckx6U', '2023-06-26 09:31:50.374838'),
('koynycjukxakihzwlwjgt73zclhpjryc', '.eJxViz0OwjAMRu_iGVUmTkrMiMQRmCPXcZUKKBJtJsTdCVIH2L6f916QpK4l1cWeacpwBA-7320Qvdr8PUT1Uee125bufJfpdmnMaUP-vCJLaZJjUmEOXvYaW3CBI7G2rnlkjJSDY2_BsmCPB2QyswHJ9y7qiAjvD6KaM_M:1q4KQG:f8PVgzAhzj9izxw6trN3yUPQ3PhywaHJGLipkU7v16Q', '2023-06-14 11:55:24.014819'),
('kqjgxwhp7fzhp3cy0ag9ixdurw3qp9fy', '.eJxVi0sKwjAQQO-StZROJs3HpeARXIfpZEKKWsE2K-ndG6EL3b7PR0Wqa4l1kXeckjorrU6_bCS-y_wVxPyq89odpLs-aXrcWnM5kr-v0FLaBJqcNw6yMRRYCA0mzDha471GAQspOAkZ3UC-sT7zYG1GDQGZoFfbDpnwM48:1q3YiD:fKEId60u97vyLDHIO3h8UOW2HY4lKfMOyFB5Lisntrs', '2023-06-12 08:58:45.638334'),
('kqrq91ujoc324kd153800y2gullgupiv', '.eJxVi0sKwjAQQO8yaylO_nEpeATXYTKTkKJWaJuVeHcrdKHb93lBor621Jcyp1HgBBjh8Asz8a1MX0PMzz6tw06Gy4PG-3Vrznvy9zVa2jZZIW8z-hKMZg7CupairBOvxCEGpWKkesRQ0ZB3JmbUujrMpMiJFXh_AOCeNKk:1q6ooZ:pkimFmWmUay86YCRTZML9MZrfBaj65VdYEAv6FxJrto', '2023-06-21 08:46:47.070401'),
('kr8g765z7lyo1vifte2qoqsz413kc9pj', '.eJxVi0sKwjAQQO-StZROJs3HpeARXIfpZEKKWsE2K-ndG6EL3b7PR0Wqa4l1kXeckjorrU6_bCS-y_wVxPyq89odpLs-aXrcWnM5kr-v0FLaBJqcNw6yMRRYCA0mzDha471GAQspOAkZ3UC-sT7zYG1GDQGZoFfbDpnwM48:1q8ghU:Tez_kK-9am0Y-XO4eE_3mx7zIiaCKE2IGOCaJgQTAVA', '2023-06-26 12:31:12.258907'),
('krs18g29umsx74y7koyh1yp49qdec1ns', '.eJxVi70KwjAQgN8ls5S7tJc0joKP4BwulxwpagXbTOK7W6GDrt_Py0Rua41tKc84ZXM0aA6_LLFcy_wVLPJo89rtpDvfebpdtua0J39f5aVuU0H1MvpMmogdiSjo2IMNrEiKGUKgPPRWlaAAWl-gHxwwJnDEJOb9AcYbNGA:1q6Qfz:KK-xv1geiC0v5nICFHY6yS-ywcapnLltBJwVCV6aLUE', '2023-06-20 07:00:19.350490'),
('ksj8wx3r563pusmfbpsi6dud8dgo8omj', '.eJxVi0sKwjAQhu-StRQzpn9bl4JHcB0mMxNa1Aq2WYl3N0IXuv0eLxe5rGMsiz3jpO7o4Ha_LLFcbf4KFnmUeW020pzvPN0utTltyd838jLWqUdmGDFlT0mDgrwE2zOZQBFAOYgKYFWztUktkfadH_IBA7rWvT_ZzTUz:1q92NV:82v_NZvbgl6l004cI_O2dy8pHRldidGS06ebowDEzCY', '2023-06-27 11:40:01.684532'),
('kuhmifqki4rxhg2ms0x97cxbj6bgqrc3', '.eJxVi80KwjAMgN-lZxkr2drEo-AjeC5pk9ChTnDrSXx3J-yg1-_n5RK3taa26DNN4o5ucIdflrlcdf4KLuXR5rXbSXe-83S7bM1pT_6-ykvdJvQgvRgjBEHJijJYAFP1vrBRBAwDZQ5jVjIAQymgPSHGkTUSufcH2uU1NQ:1q6Etw:tlbTKcHJjb8OhQipoTXJuaP4l1yP9bYQmqpgX3YbdP8', '2023-06-19 18:25:56.727295'),
('kuk985ss1l1xfne03lt6e4z3wf5ul4ww', '.eJxVi70KwjAQgN8ls5T0cklzjoKP4BzuLikpagXbTOK7W6GDrt_PyyRua01tKc80ZXM04MzhFwrrtcxfw6qPNq_dTrrznafbZWtOe_L3VV7qNqFG8YNID-h5YIwWlUckAIo2aFYmzp6KdxqiuABIGUnG4PoYBax5fwDUmzRN:1q6QYC:tj3okg0rmaq5ghXFL3bBF1_TC9EAXS7BiylIa-Koq_M', '2023-06-20 06:52:16.327850'),
('kypeoqzlf3shlk3jwbbvlggahroeps9n', '.eJxVi70KwjAQgN8ls5S7tJc0joKP4BwulxwpagXbTOK7W6GDrt_Py0Rua41tKc84ZXM0aA6_LLFcy_wVLPJo89rtpDvfebpdtua0J39f5aVuU0H1MvpMmogdiSjo2IMNrEiKGUKgPPRWlaAAWl-gHxwwJnDEJOb9AcYbNGA:1q8yLb:h27TmLfFfSHtrWa37jFMWkdUmedjzPtbY8c-ahX3D8c', '2023-06-27 07:21:47.492720'),
('l23dcfgzdx3nrwxb8kcsga72u1fk7egf', '.eJxVi70KwjAQgN8ls5S7tJc0joKP4BwulxwpagXbTOK7W6GDrt_Py0Rua41tKc84ZXM0aA6_LLFcy_wVLPJo89rtpDvfebpdtua0J39f5aVuU0H1MvpMmogdiSjo2IMNrEiKGUKgPPRWlaAAWl-gHxwwJnDEJOb9AcYbNGA:1q6dQQ:1-V-EGgWFE0-jIpk-qUKM74LcHo3reujhzX9qG627lc', '2023-06-20 20:37:06.026882'),
('l6hdu7jgtlc5hneio1ryod5ekddtbav9', '.eJxVi80KwjAMgN-lZxkr2drEo-AjeC5pk9ChTnDrSXx3J-yg1-_n5RK3taa26DNN4o5ucIdflrlcdf4KLuXR5rXbSXe-83S7bM1pT_6-ykvdJvQgvRgjBEHJijJYAFP1vrBRBAwDZQ5jVjIAQymgPSHGkTUSufcH2uU1NQ:1q8bmP:vedC-KpFA_nzYgFLZ9gIlpv5uAXrA7fMCdSsyeb2mvM', '2023-06-26 07:15:57.068519'),
('l89yjx3h2xjig6siqvwfw4l024jhq6dn', '.eJxVi70KwjAQgN_lZilJc7kLjoKP4BwuyYUUtYJtJvHdrdBB1-_nBVH62mJf9BmnAkdgOPyyJPmq81dIzo8-r8NOhvNdpttla0578vc1Wdo2qXdV1fOoaDyyY0y1JGvElsQkjBoseUfBKYY6JipIEmp2hgVz9fD-ALeQNH4:1q8elD:tLYzPCG5Xxio9NGEg7-nbTIhM6HPQo1behgccJ3XglU', '2023-06-26 10:26:55.713514'),
('l8em97zwp44694x268owq7yi51px5kf1', '.eJxVi70KwjAQgN_lZilJc7kLjoKP4BwuyYUUtYJtJvHdrdBB1-_nBVH62mJf9BmnAkdgOPyyJPmq81dIzo8-r8NOhvNdpttla0578vc1Wdo2qXdV1fOoaDyyY0y1JGvElsQkjBoseUfBKYY6JipIEmp2hgVz9fD-ALeQNH4:1q7JL2:b64DjCNDAegJs3jkknBRK8-toegfw1aQ5aW00a40134', '2023-06-22 17:22:20.242424'),
('l9oa9llffxfcc8bhmjkbgtcimof8kot4', '.eJxVi70KwjAQgN8ls5S7tJc0joKP4BwulxwpagXbTOK7W6GDrt_Py0Rua41tKc84ZXM0aA6_LLFcy_wVLPJo89rtpDvfebpdtua0J39f5aVuU0H1MvpMmogdiSjo2IMNrEiKGUKgPPRWlaAAWl-gHxwwJnDEJOb9AcYbNGA:1q3vFf:eMF_GQ2eBG4B7PO1OfOgzhwnamvMB0sTY8iA4XVWEpI', '2023-06-13 09:02:47.651340'),
('l9tbwzy43sdrnskwd94ql6br7wd1i9s7', '.eJxVi0sKwjAQQO-StZROJs3HpeARXIfpZEKKWsE2K-ndG6EL3b7PR0Wqa4l1kXeckjorrU6_bCS-y_wVxPyq89odpLs-aXrcWnM5kr-v0FLaBJqcNw6yMRRYCA0mzDha471GAQspOAkZ3UC-sT7zYG1GDQGZoFfbDpnwM48:1q8eti:5yU6kY3nyHq9rMjCjsKyk7GH_J-HrBOpvigGnsf1J38', '2023-06-26 10:35:42.608816'),
('la29ly785j3iud66uaw33zop6dcg9r02', '.eJxVi70KwjAQgN8ls5S7tJc0joKP4BwulxwpagXbTOK7W6GDrt_Py0Rua41tKc84ZXM0aA6_LLFcy_wVLPJo89rtpDvfebpdtua0J39f5aVuU0H1MvpMmogdiSjo2IMNrEiKGUKgPPRWlaAAWl-gHxwwJnDEJOb9AcYbNGA:1q4Kc4:SirrRCwyo7IAGbcpY4QTTmOrkfX32mDKf_sqK3qayWI', '2023-06-14 12:07:36.729727'),
('lah4d832h86zrghpu3excmq8p70wb6z8', '.eJxVi70KwjAQgN8ls5S7tJc0joKP4BwulxwpagXbTOK7W6GDrt_Py0Rua41tKc84ZXM0aA6_LLFcy_wVLPJo89rtpDvfebpdtua0J39f5aVuU0H1MvpMmogdiSjo2IMNrEiKGUKgPPRWlaAAWl-gHxwwJnDEJOb9AcYbNGA:1q6rvN:JQ4YRduxlDtIw1hoj6sfbYDKAMnUHPwzHKEvjvnAeAU', '2023-06-21 12:06:01.518075'),
('lasxj5i6nzjk0q3lispmtxc3vpqf0x5g', '.eJxVi70KwjAQgN8ls5TcpTlyjoKP4ByuyYUUtYJtJvHdjdBB1-_nZaK0rca26jPO2RwNenP4hZOkqy5fIyk92rINOxnOd5lvl96c9uTvq7LWPtGkpIWZbUgcAChDKjlIQVVHXjOQG4msx2IDI6L1MHZYPATK1pn3B9XLM8Y:1q6jeO:UEsPkvnCSbluOoFhrsyIh9I83Raq6eqaEzgE5reu-pw', '2023-06-21 03:15:56.261611'),
('lc6xy1w1bho6igsd7ezn6z1g4o9rc8ti', '.eJxVi0sKwjAQQO-StZRk8pnWpeARXIeZSUKKWsE2K_HuRuhCt-_zUpHaVmNb8zPOSR2VNerwC5nkmpevIZFHW7ZhJ8P5TvPt0pvTnvx9ldbaJ-2yTGidjAWhOAwjs4UAqRjMKKP3hF2G5HjiJAW8AcNWa2CPQl69P9B9NHY:1q7C5D:LppDKOIpBakvSrJNzd5l_Wjrlvz4XNrPtSd6pqx2baM', '2023-06-22 09:37:31.664442'),
('lcyzqt57i0zrrglda3wmpmkkvohm17op', '.eJxVi70KwjAQgN8ls5S7tJc0joKP4BwulxwpagXbTOK7W6GDrt_Py0Rua41tKc84ZXM0aA6_LLFcy_wVLPJo89rtpDvfebpdtua0J39f5aVuU0H1MvpMmogdiSjo2IMNrEiKGUKgPPRWlaAAWl-gHxwwJnDEJOb9AcYbNGA:1q3awJ:1K1JpCLIPg-TAzSOxxmh2X_Kn0xLq6BWGu9L9nBruQo', '2023-06-12 11:21:27.661725'),
('ld69zjjuki7k7t9h0wi6tr19oel8fn0n', '.eJxVi0sKwjAQQO-StZROJs3HpeARXIfpZEKKWsE2K-ndG6EL3b7PR0Wqa4l1kXeckjorrU6_bCS-y_wVxPyq89odpLs-aXrcWnM5kr-v0FLaBJqcNw6yMRRYCA0mzDha471GAQspOAkZ3UC-sT7zYG1GDQGZoFfbDpnwM48:1q7A4H:P1gqaxL7OiIOzJyHyLdq-IdABFo0v1zFoMljtQLH5Ss', '2023-06-22 07:28:25.123739'),
('ldlee0kteh8zz5lh9cpf4p4dq3zykmml', '.eJxVi0EKwjAQRe-StZR0bJgZl4JH6DpMMhNS1Aq2XYl3N0IXuvu8_97LRdnWGrfFnnFSd3I9u8MvTJKvNn8fyfmxzWu3k-5yl-k2Nue8K39dlaW2KJSBPBc0IcZiKWghNgUJ4HM6DpQECbVtEKIivQVgr5hYgQjQvT_4kTUq:1q8cbk:pztq1hqoDCIMGuGjIK7s2sfyBAAnHvOn5HhUCOsp-Dc', '2023-06-26 08:09:00.294681'),
('le5oztnzw4iyv57kk10twd0uu4zirdzt', '.eJxVi80KwjAMgN-lZxlN2JrFo-AjeC5pmtKhTnDrSXx3J-yg1-_n5aK0tca22DNO2R1d7w6_LIlebf4KUX20ee120p3vMt0uW3Pak7-vylK3CYdgGYFYPCYOPdlYFHvMpoSMYQymjAA8QPZkYJ4KlcRiAgQK7v0Bn_w0Gw:1q5jmi:Jbqvn9uH3Y8gUGcCS5MWJWm0lAi4FRSQ1ZNRnokGc5E', '2023-06-18 09:12:24.860823'),
('lizmfgafipqcqmp166iqw3b0aeb4f5bj', '.eJxVi70KwjAQgN8ls5S7tJc0joKP4BwulxwpagXbTOK7W6GDrt_Py0Rua41tKc84ZXM0aA6_LLFcy_wVLPJo89rtpDvfebpdtua0J39f5aVuU0H1MvpMmogdiSjo2IMNrEiKGUKgPPRWlaAAWl-gHxwwJnDEJOb9AcYbNGA:1q91Fh:VnDiymYX1wvfN5ShmIPoL_HhMHbFx8gK-kdQz006L28', '2023-06-27 10:27:53.543425'),
('ljnozge675uzd2yxuy0i6xhbb4166r7v', '.eJxVi0sKwjAQQO8yaylO_nEpeATXYTKTkKJWaJuVeHcrdKHb93lBor621Jcyp1HgBBjh8Asz8a1MX0PMzz6tw06Gy4PG-3Vrznvy9zVa2jZZIW8z-hKMZg7CupairBOvxCEGpWKkesRQ0ZB3JmbUujrMpMiJFXh_AOCeNKk:1q6Ven:X4wIScEEXxym-_WRdgxG1WcVQq635ymYwOfDEsCBlkA', '2023-06-20 12:19:25.838535'),
('ls89kuwhnsinitdhrstsytbi8ubjhhag', '.eJxVi0sKwjAQhu-StRQzpn9bl4JHcB0mMxNa1Aq2WYl3N0IXuv0eLxe5rGMsiz3jpO7o4Ha_LLFcbf4KFnmUeW020pzvPN0utTltyd838jLWqUdmGDFlT0mDgrwE2zOZQBFAOYgKYFWztUktkfadH_IBA7rWvT_ZzTUz:1q92NZ:ztx74ubB2LgIYCKvHMtPtaNdxHcajWrlklL7aWACuHg', '2023-06-27 11:40:05.630916'),
('lssj4nto9trsjvtjp6co9f11i7ucmfr9', '.eJxVi70OwiAQgN-F2TQHB1dxNPERnMlxQGjUmrRlMr5726SDrt_PRwVuSw1tzlMYkroo3avTL4wsjzzuhkXebVy6g3S3Fw_P-9Zcj-TvqzzXbcrIaBCiYW2ppAQOwHkDDILalrMHgB58iZGMsT5pDeIskSNCZBL1XQGunzMp:1q8eXV:3pT_6eTx11RUYcuNEDSNRejlbIPZnHhojPVL51FaYdo', '2023-06-26 10:12:45.951472'),
('lwikfa6jrv4gjpzq9ll5ovqt21tt9x1l', '.eJxVi0sKwjAQQO-StZROJs3HpeARXIfpZEKKWsE2K-ndG6EL3b7PR0Wqa4l1kXeckjorrU6_bCS-y_wVxPyq89odpLs-aXrcWnM5kr-v0FLaBJqcNw6yMRRYCA0mzDha471GAQspOAkZ3UC-sT7zYG1GDQGZoFfbDpnwM48:1q6myu:Faat5zzf7Fnu9GAt4ks3Ai_jvgeDUlHxNES8_l08BoY', '2023-06-21 06:49:20.492861'),
('lxh7qbcimr5iq1ibfchdg4o1ey8fk4rg', '.eJxVi80KwjAMgN-lZxkr2drEo-AjeC5pk9ChTnDrSXx3J-yg1-_n5RK3taa26DNN4o5ucIdflrlcdf4KLuXR5rXbSXe-83S7bM1pT_6-ykvdJvQgvRgjBEHJijJYAFP1vrBRBAwDZQ5jVjIAQymgPSHGkTUSufcH2uU1NQ:1q8er8:B84-DopvObirSei73bP3BGVUApl6_rzVwv4ZCVZ3X8o', '2023-06-26 10:33:02.055839'),
('m042i1istv2mdlwydgzpjxal7e1npslc', '.eJxVi0kKwjAUQO-StZT6883gUvAIrsMfElLUCrZZiXc3Qhe6fcPLJGprTW3JzzSpORoAs_uFTHLN89eQyKPN67CR4Xyn6XbpzWlL_r5KS-3T6EVyGbGUHCyiPTAyqYpjzi46BfbAWUPBvY_ERXyAYmPsg5IimPcHEHM2NA:1q5iiz:TigYrZpp-Bs3L0Q83CTuyIAhEyRI8Z47nLDIPPbr98U', '2023-06-18 08:04:29.226788'),
('m533kg6nh9cgofaw4z7s94ftq8nlu786', '.eJxVjMEKwyAYg9_F8yi_WqvdcbBH2Fmiv2LZ1kFbT2PvPgs9bARyyJfkLTzqVnxd0-InFmchtTj9hgHxnuadIMZXnbfuSLrrE9Pj1jqXo_K3K1jLfpdt6G1kZOI8yOYjmgaoRA46NWQBRZl1IDuaXjrFjghstLHRiM8XAPg1Jw:1q4FYm:GbZCb4mxxMFHO0TBdiKFXUqG7eqIEjxCaTZXEzUcRrE', '2023-06-14 06:43:52.632865'),
('m65787k3yizvexze0rbqq8o4qpgowdy2', '.eJxVi70KwjAQgN8ls5S7tJc0joKP4BwulxwpagXbTOK7W6GDrt_Py0Rua41tKc84ZXM0aA6_LLFcy_wVLPJo89rtpDvfebpdtua0J39f5aVuU0H1MvpMmogdiSjo2IMNrEiKGUKgPPRWlaAAWl-gHxwwJnDEJOb9AcYbNGA:1q8yAv:R2W5gEbSEm8LX8agr0FunQjOb0bYudB2aE49Vl79YW4', '2023-06-27 07:10:45.066515'),
('m6hntisnxkm11mexrrz1ovfqsxvf8q7f', '.eJxVi0sKwjAQQO-StZROJs3HpeARXIfpZEKKWsE2K-ndG6EL3b7PR0Wqa4l1kXeckjorrU6_bCS-y_wVxPyq89odpLs-aXrcWnM5kr-v0FLaBJqcNw6yMRRYCA0mzDha471GAQspOAkZ3UC-sT7zYG1GDQGZoFfbDpnwM48:1q4Kzb:FQNRbhtlAcMogigW4dqsvfv9g4zW80ynkSdPugKTlOo', '2023-06-14 12:31:55.406204'),
('m6u58hhvrfd7nakivu73skgc2vfuyd3c', '.eJxVi70KwjAQgN8ls5T0cklzjoKP4BzuLikpagXbTOK7W6GDrt_PyyRua01tKc80ZXM04MzhFwrrtcxfw6qPNq_dTrrznafbZWtOe_L3VV7qNqFG8YNID-h5YIwWlUckAIo2aFYmzp6KdxqiuABIGUnG4PoYBax5fwDUmzRN:1q6QWn:QBqc8cMBzsrh_FJXBz8Tsoe157_uCvLtkvq8mGeUsnc', '2023-06-20 06:50:49.775524'),
('maoplt1q9pj7z9nkxxzqi3395w5xddwy', '.eJxVi0sKwjAQQO-StZROJs3HpeARXIfpZEKKWsE2K-ndG6EL3b7PR0Wqa4l1kXeckjorrU6_bCS-y_wVxPyq89odpLs-aXrcWnM5kr-v0FLaBJqcNw6yMRRYCA0mzDha471GAQspOAkZ3UC-sT7zYG1GDQGZoFfbDpnwM48:1q6ruD:tlfqF_h4gtZZur2gl0f3rSZpksdKhprix3hVaiPQQqc', '2023-06-21 12:04:49.598839'),
('mc670yly54h36nqeevppc7cymx536mg7', '.eJxVi70KwjAQgN8ls5S7tJc0joKP4BwulxwpagXbTOK7W6GDrt_Py0Rua41tKc84ZXM0aA6_LLFcy_wVLPJo89rtpDvfebpdtua0J39f5aVuU0H1MvpMmogdiSjo2IMNrEiKGUKgPPRWlaAAWl-gHxwwJnDEJOb9AcYbNGA:1q5isx:U4zDZys94YRyarqXAslz_caatN4BNG8aGxRfHbaPpP8', '2023-06-18 08:14:47.123910'),
('mez7a2facv7b41a2fhbiitik1huivt7n', '.eJxVi70KwjAQgN8ls5S7tJc0joKP4BwulxwpagXbTOK7W6GDrt_Py0Rua41tKc84ZXM0aA6_LLFcy_wVLPJo89rtpDvfebpdtua0J39f5aVuU0H1MvpMmogdiSjo2IMNrEiKGUKgPPRWlaAAWl-gHxwwJnDEJOb9AcYbNGA:1q4gbA:dj0JHbTgB63Y8lXqhypg6nUmNQk06Wz_ge3bt1hYn0U', '2023-06-15 11:36:08.586673'),
('mh58rqkxhad80w2hs2syidku1650kkjs', '.eJxVi0sKwjAQQO-StZROJs3HpeARXIfpZEKKWsE2K-ndG6EL3b7PR0Wqa4l1kXeckjorrU6_bCS-y_wVxPyq89odpLs-aXrcWnM5kr-v0FLaBJqcNw6yMRRYCA0mzDha471GAQspOAkZ3UC-sT7zYG1GDQGZoFfbDpnwM48:1q3aqo:wVlZC7modHRo0Rz8A3S9fOkOGEwhb13_2xNdqhN8Rg8', '2023-06-12 11:15:46.908621'),
('mjt3jmnt5bf125su00p418qaqzl0pkd2', '.eJxVi70KwjAQgN_lZilJc7kLjoKP4BwuyYUUtYJtJvHdrdBB1-_nBVH62mJf9BmnAkdgOPyyJPmq81dIzo8-r8NOhvNdpttla0578vc1Wdo2qXdV1fOoaDyyY0y1JGvElsQkjBoseUfBKYY6JipIEmp2hgVz9fD-ALeQNH4:1q7aWu:txaGMN0LG_AazWV67U2HgXlSMVainVmJ8RZ8B6DZmis', '2023-06-23 11:43:44.511461');
INSERT INTO `django_session` (`session_key`, `session_data`, `expire_date`) VALUES
('mmlwncwblnu6naei36a42ekpcm1j9k23', '.eJxVi80KwjAMgN-lZxkr2drEo-AjeC5pk9ChTnDrSXx3J-yg1-_n5RK3taa26DNN4o5ucIdflrlcdf4KLuXR5rXbSXe-83S7bM1pT_6-ykvdJvQgvRgjBEHJijJYAFP1vrBRBAwDZQ5jVjIAQymgPSHGkTUSufcH2uU1NQ:1q93L2:PWoNYs3FHOjLZluLum4cfN7orwbAdVrh9QyDTOhniUc', '2023-06-27 12:41:32.962028'),
('mo6d5v799hquqzfjt7xezbm75ka4nfdw', '.eJxVi0sKwjAQQO-StZROJs3HpeARXIfpZEKKWsE2K-ndG6EL3b7PR0Wqa4l1kXeckjorrU6_bCS-y_wVxPyq89odpLs-aXrcWnM5kr-v0FLaBJqcNw6yMRRYCA0mzDha471GAQspOAkZ3UC-sT7zYG1GDQGZoFfbDpnwM48:1q5iZf:dm7TZ0GFbqPSVDyBl3vWt_inxXjLED2c5yJqmy8HH80', '2023-06-18 07:54:51.551833'),
('mp5j9kvcweh4nhxtno349f1anpoz3ajo', '.eJxVizsOwjAQBe_iGkWbzfqzlEgcgdrarI0cAUFK4gpxd4yUAppXzJt5mSh1K7GueYlTMkeDYA6_cBS95fn7iOqzzlu3k-78kOl-ac5pV_66ImtpEalmZIErY-_T4Kwf0AdmsG0DOKLGA7ET7DGooMs5JRoZKHkma94fnqgzEw:1q3aeL:XKIUh1iDiB4vecWpPHzmy-HpOKPPeQaKnFk88MKvbG0', '2023-06-12 11:02:53.588937'),
('mr9ib915cbahizjo85htjfnsfmj8nnka', '.eJxVi0sKwjAQQO-StZROJs3HpeARXIfpZEKKWsE2K-ndG6EL3b7PR0Wqa4l1kXeckjorrU6_bCS-y_wVxPyq89odpLs-aXrcWnM5kr-v0FLaBJqcNw6yMRRYCA0mzDha471GAQspOAkZ3UC-sT7zYG1GDQGZoFfbDpnwM48:1q8Fae:VdTK06-FjYHX5i9UXbVtM9Cr27xYRxrveAguIR8bZ-A', '2023-06-25 07:34:20.314203'),
('msd92y3s9bh4pstapu4nxljgvcbqa6rd', '.eJxVi8sKwjAQRf8laylpOnm5FPwE12FmkiFFrWCblfjvRuhC4a7OPeelEratpraWZ5qzOioT1OEXEvK1LN8HmR9t2YadDOc7zrdLd0678tdVXGuPKFqGkidBEyenIZggQRO57EocXQEkziLg0UfbF8ZMmixa0Cg2evX-AOpGNPA:1q91je:KtAlh7CcJdkimqtXOGgKoN_jnnK-PBj1pGcp-dnic7E', '2023-06-27 10:58:50.655789'),
('mtlvn71znsqgxqalorn3sxx8kzmzykuf', '.eJxVi80KwjAMgN-lZxkr2drEo-AjeC5pk9ChTnDrSXx3J-yg1-_n5RK3taa26DNN4o5ucIdflrlcdf4KLuXR5rXbSXe-83S7bM1pT_6-ykvdJvQgvRgjBEHJijJYAFP1vrBRBAwDZQ5jVjIAQymgPSHGkTUSufcH2uU1NQ:1q8IXn:Ra_NHH4AEwh0WzOo5reR_pExsaTNIbNno8ECD7HZNNU', '2023-06-25 10:43:35.317006'),
('n0h0cgfqmkw4m52lobqorurx5euce46b', '.eJxVi70KwjAQgN_lZilJc7kLjoKP4BwuyYUUtYJtJvHdrdBB1-_nBVH62mJf9BmnAkdgOPyyJPmq81dIzo8-r8NOhvNdpttla0578vc1Wdo2qXdV1fOoaDyyY0y1JGvElsQkjBoseUfBKYY6JipIEmp2hgVz9fD-ALeQNH4:1q8cPq:gLwphvHZ4GfxJnlu9lE8Cap_mLWzUhTD-nHiAO9ZK-w', '2023-06-26 07:56:42.847073'),
('n3a0oi6xd1imgqe5mp8umv46tvp2v1wn', '.eJxVi70KwjAQgN8ls5S7tJc0joKP4BwulxwpagXbTOK7W6GDrt_Py0Rua41tKc84ZXM0aA6_LLFcy_wVLPJo89rtpDvfebpdtua0J39f5aVuU0H1MvpMmogdiSjo2IMNrEiKGUKgPPRWlaAAWl-gHxwwJnDEJOb9AcYbNGA:1q7aAG:Z4KHkz1tvAx2umFfPjaJ7HPJ30wUg2uFCHDslzNOESk', '2023-06-23 11:20:20.512463'),
('n3fn8d4exsolmepdqqup18qlll8v339q', '.eJxVjDEOwjAMRe-SGVUusaOUEYkjdI4c21UqoEi0mRB3h0od2vX99_7HJa5LSXW2dxrVXVxwpz3LLHeb1oFFXnVamo00tyePj_7vXDfl0BWey_rmMWbtiEigJUBlr0DEEXLwkAc6IzFKDkPLJgGgsyiIaqpkoOC-P6JnNIg:1q7BYU:Ih7Fbvmsb-k9hrbJEaQf1JrbcEkdNG6UJGus4ogP7ro', '2023-06-22 09:03:42.149774'),
('n53hwzt46d4zkcy9upwiu8e55y7cwjo0', '.eJxVi70OwiAQgN-F2TQHB1dxNPERnMlxQGjUmrRlMr5726SDrt_PRwVuSw1tzlMYkroo3avTL4wsjzzuhkXebVy6g3S3Fw_P-9Zcj-TvqzzXbcrIaBCiYW2ppAQOwHkDDILalrMHgB58iZGMsT5pDeIskSNCZBL1XQGunzMp:1q6WEk:DEXPQZdZjbl44xpklFYmFnJJuR3FcxgbOVS2IbpQORk', '2023-06-20 12:56:34.608901'),
('n5wuhss5ykgcoztwg2dhi08mn1pfrklw', '.eJxVi70KwjAQgN8ls5S7tJc0joKP4BwulxwpagXbTOK7W6GDrt_Py0Rua41tKc84ZXM0aA6_LLFcy_wVLPJo89rtpDvfebpdtua0J39f5aVuU0H1MvpMmogdiSjo2IMNrEiKGUKgPPRWlaAAWl-gHxwwJnDEJOb9AcYbNGA:1q6cZE:3J62ABqNm69MZMnfZXQ7QoOHmhVlpbWBoCbYL9UhGmI', '2023-06-20 19:42:08.734255'),
('n5x9su885kvmcaz1s0lb480daxixyqo2', '.eJxVi70KwjAQgN8ls5S7tJc0joKP4BwulxwpagXbTOK7W6GDrt_Py0Rua41tKc84ZXM0aA6_LLFcy_wVLPJo89rtpDvfebpdtua0J39f5aVuU0H1MvpMmogdiSjo2IMNrEiKGUKgPPRWlaAAWl-gHxwwJnDEJOb9AcYbNGA:1q7Izo:KelRqyH5zKE4G9j9L-KA9N_HBHiYBsBvgw6pA4T_O50', '2023-06-22 17:00:24.377361'),
('n6xdblw4ejip1f4eiskgyaqd0dsec4z6', '.eJxVi70KwjAQgN8ls5S7tJc0joKP4BwulxwpagXbTOK7W6GDrt_Py0Rua41tKc84ZXM0aA6_LLFcy_wVLPJo89rtpDvfebpdtua0J39f5aVuU0H1MvpMmogdiSjo2IMNrEiKGUKgPPRWlaAAWl-gHxwwJnDEJOb9AcYbNGA:1q8eHV:Ozc4tgeci-krOB7B6H50q_lpRr-IzJpDczbOAcaRYOg', '2023-06-26 09:56:13.907978'),
('n8t6ild5r3igkkrttj79ecpss1qqk7ez', '.eJxVi0sKwjAQQO-StZROJs3HpeARXIfpZEKKWsE2K-ndG6EL3b7PR0Wqa4l1kXeckjorrU6_bCS-y_wVxPyq89odpLs-aXrcWnM5kr-v0FLaBJqcNw6yMRRYCA0mzDha471GAQspOAkZ3UC-sT7zYG1GDQGZoFfbDpnwM48:1q8gdE:_ntv7n_cAIgryXij0IirY_0ItAfBy-q9UuwNDmJlCzE', '2023-06-26 12:26:48.442676'),
('naa92e4ah2ej59lpvj0gbhwfk3sk4yuy', '.eJxVi70KwjAQgN8ls5TcpTlyjoKP4ByuyYUUtYJtJvHdjdBB1-_nZaK0rca26jPO2RwNenP4hZOkqy5fIyk92rINOxnOd5lvl96c9uTvq7LWPtGkpIWZbUgcAChDKjlIQVVHXjOQG4msx2IDI6L1MHZYPATK1pn3B9XLM8Y:1q7A4G:QNOCw7qu9zB2gkvgdv_k27LAdHe4O0S5Tnjcp9oODJM', '2023-06-22 07:28:24.222526'),
('navz5gu9itmj6w3vbjb6sa6nht89gv28', '.eJxVi80KwjAMgN-lZxkr2drEo-AjeC5pk9ChTnDrSXx3J-yg1-_n5RK3taa26DNN4o5ucIdflrlcdf4KLuXR5rXbSXe-83S7bM1pT_6-ykvdJvQgvRgjBEHJijJYAFP1vrBRBAwDZQ5jVjIAQymgPSHGkTUSufcH2uU1NQ:1q6nfq:TZyNwlwI9NyZRchwTs3liIny6nlHudf2hK_mPSz8c6Q', '2023-06-21 07:33:42.882911'),
('nb6d3nsh9smxgwqiu97uwb9aliilbihk', '.eJxVi80KwjAMgN-lZxkr2drEo-AjeC5pk9ChTnDrSXx3J-yg1-_n5RK3taa26DNN4o5ucIdflrlcdf4KLuXR5rXbSXe-83S7bM1pT_6-ykvdJvQgvRgjBEHJijJYAFP1vrBRBAwDZQ5jVjIAQymgPSHGkTUSufcH2uU1NQ:1q8eQJ:ZJGhFjHVuVd085TVOEzABC1yPKQN6XLt0nF_cDQtW0k', '2023-06-26 10:05:19.187952'),
('nbptj1o6l35myubh608asqbbm3tlmnpc', '.eJxVi70KwjAQgN8ls5S7tJc0joKP4BwulxwpagXbTOK7W6GDrt_Py0Rua41tKc84ZXM0aA6_LLFcy_wVLPJo89rtpDvfebpdtua0J39f5aVuU0H1MvpMmogdiSjo2IMNrEiKGUKgPPRWlaAAWl-gHxwwJnDEJOb9AcYbNGA:1q8dHE:Qm-j7guMSKyGL6CmXj0SuGQqkNIrORNWVWFvUutlP8w', '2023-06-26 08:51:52.919140'),
('nelhgafipccdh83s0xi4c342xi8s346h', '.eJxVi70KwjAQgN8ls5S7tJc0joKP4BwulxwpagXbTOK7W6GDrt_Py0Rua41tKc84ZXM0aA6_LLFcy_wVLPJo89rtpDvfebpdtua0J39f5aVuU0H1MvpMmogdiSjo2IMNrEiKGUKgPPRWlaAAWl-gHxwwJnDEJOb9AcYbNGA:1q4Fhj:9R765g0pkVXpuBntXgPUJ1KVREH5NivRKPIVhSlvksE', '2023-06-14 06:53:07.677557'),
('nem082p8ixasxzft7aottbwnzvppmcav', '.eJxVi80KwjAMgN-lZxlN2JrFo-AjeC5pmtKhTnDrSXx3J-yg1-_n5aK0tca22DNO2R1d7w6_LIlebf4KUX20ee120p3vMt0uW3Pak7-vylK3CYdgGYFYPCYOPdlYFHvMpoSMYQymjAA8QPZkYJ4KlcRiAgQK7v0Bn_w0Gw:1q63B0:SSg_3h2I87JR0buSFNA71cfm0pBsPC8x8p9jO0l7XQA', '2023-06-19 05:54:46.241014'),
('nfc1rmkxoy9x6c3kqfgmrgm6kj3g9dli', '.eJxVi80KwjAMgN-lZxkr2drEo-AjeC5pk9ChTnDrSXx3J-yg1-_n5RK3taa26DNN4o5ucIdflrlcdf4KLuXR5rXbSXe-83S7bM1pT_6-ykvdJvQgvRgjBEHJijJYAFP1vrBRBAwDZQ5jVjIAQymgPSHGkTUSufcH2uU1NQ:1q7WZL:kNVtOf4pUVP456vOdXW_6oeTiuJVm77sATXIX2-e7nM', '2023-06-23 07:29:59.219399'),
('nhh179dsiziqky3wn5c34tvx1lv390z3', '.eJxVi0EOwiAQRe_C2jRQKMO4NPEIrskwDKFRa2LLynh3MelCl__9914qUttqbKs845zVUY2oDr8wEV9l-T7E_GjLNuxkON9pvl26c9qVv67SWnuUJ-s0ueCT0wBIKCkICHBf1he2drJJyHFxhgG0wUIew4iM2Rcx6v0B0Ik0lw:1q6jc4:H8Cz3DkLIYZuF1zk1QCndqLcaR-t7vVTqGgGXoDWGl8', '2023-06-21 03:13:32.105509'),
('nhqqvvem71gmzn2rhe1fip47sle18amu', '.eJxVi70KwjAQgN8ls5S7tJc0joKP4BwulxwpagXbTOK7W6GDrt_Py0Rua41tKc84ZXM0aA6_LLFcy_wVLPJo89rtpDvfebpdtua0J39f5aVuU0H1MvpMmogdiSjo2IMNrEiKGUKgPPRWlaAAWl-gHxwwJnDEJOb9AcYbNGA:1q6QcJ:JyGhfQrKfgI2cmTRgJloKYommAsqAz3tCcyvBjw_Shs', '2023-06-20 06:56:31.422811'),
('nhst2tncsjjoeitut47vxkaxqiyewdhk', '.eJxVi70KwjAQgN8ls5S7tJc0joKP4BwulxwpagXbTOK7W6GDrt_Py0Rua41tKc84ZXM0aA6_LLFcy_wVLPJo89rtpDvfebpdtua0J39f5aVuU0H1MvpMmogdiSjo2IMNrEiKGUKgPPRWlaAAWl-gHxwwJnDEJOb9AcYbNGA:1q933W:hl2Dnj9lIZcE-5Zow_MDHeRs3N5Gi4WvZxjpjwEjsZQ', '2023-06-27 12:23:26.010583'),
('nhtvv98dz33hxw6xf62rhgcmlya0k8lh', '.eJxVi0sKwjAQQO-StZROJs3HpeARXIfpZEKKWsE2K-ndG6EL3b7PR0Wqa4l1kXeckjorrU6_bCS-y_wVxPyq89odpLs-aXrcWnM5kr-v0FLaBJqcNw6yMRRYCA0mzDha471GAQspOAkZ3UC-sT7zYG1GDQGZoFfbDpnwM48:1q3skq:MGfq1Z5Wl9LQgyVvhuR7OYVlp-Evd5tYrsFCpyA_E6c', '2023-06-13 06:22:48.378309'),
('niauqtu0ew647q2k723ky4rlpn4empu8', '.eJxVi70OwiAQgN-F2TTAAYeOJj6CM7k7IDRqTdoyGd_dmnTQ9ft5qUR9bakvZU5jVicFXh1-IZPcyvQ1JPLs0zrsZLg8aLxft-a8J39fo6VtExMgcNSUOQQTBTyBBae5RGdzNgapoJARrKUGCxqZizNcCcjDEdX7A-WANRg:1q7YXx:dupL-6cdz7aOzDnsqvToqML6SCkoxhcPQ22GfZK4Hcc', '2023-06-23 09:36:41.393575'),
('nk4azznm9ezg8xzx6v1tteyyinqd26fw', '.eJxVi70KwjAQgN8ls5S7tJc0joKP4BwulxwpagXbTOK7W6GDrt_Py0Rua41tKc84ZXM0aA6_LLFcy_wVLPJo89rtpDvfebpdtua0J39f5aVuU0H1MvpMmogdiSjo2IMNrEiKGUKgPPRWlaAAWl-gHxwwJnDEJOb9AcYbNGA:1q91ES:hiYOOGHhF8_8TNlbflGxKzo8maPrm5SZUXOvNx03S5M', '2023-06-27 10:26:36.047067'),
('nljxgqe0o0bzpia8eunj6w9r7lksbw9j', '.eJxVi0sKwjAQQO-StZROJs3HpeARXIfpZEKKWsE2K-ndG6EL3b7PR0Wqa4l1kXeckjorrU6_bCS-y_wVxPyq89odpLs-aXrcWnM5kr-v0FLaBJqcNw6yMRRYCA0mzDha471GAQspOAkZ3UC-sT7zYG1GDQGZoFfbDpnwM48:1q8hHN:6_VIhw80YQN1nP1cpZVkOtvsGQZ1fzzpJZJyYlH8vNU', '2023-06-26 13:08:17.740743'),
('nlzv3ucg0ewbms1tfzgb64ayomw90ix7', '.eJxVi70KwjAQgN8ls5S7tJc0joKP4BwulxwpagXbTOK7W6GDrt_Py0Rua41tKc84ZXM0aA6_LLFcy_wVLPJo89rtpDvfebpdtua0J39f5aVuU0H1MvpMmogdiSjo2IMNrEiKGUKgPPRWlaAAWl-gHxwwJnDEJOb9AcYbNGA:1q6END:ilDWotXbCzNkeXZo18QaiIBT7pb2ZMU9TtsMFeXveCI', '2023-06-19 17:52:07.305736'),
('nmf8743wipj8bernquk80kdywwtkp5h0', '.eJxVi80KwjAMgN-lZxkr2drEo-AjeC5pk9ChTnDrSXx3J-yg1-_n5RK3taa26DNN4o5ucIdflrlcdf4KLuXR5rXbSXe-83S7bM1pT_6-ykvdJvQgvRgjBEHJijJYAFP1vrBRBAwDZQ5jVjIAQymgPSHGkTUSufcH2uU1NQ:1q8aLs:ZJZhro6MF_SeKEmYSP0pjxpkzHTmRbxhXwl6uPKotUA', '2023-06-26 05:44:28.687572'),
('nnq5yo80iwluxggg6ntyl6e3qqypaugp', '.eJxVi0sKwjAQQO-StZROJs3HpeARXIfpZEKKWsE2K-ndG6EL3b7PR0Wqa4l1kXeckjorrU6_bCS-y_wVxPyq89odpLs-aXrcWnM5kr-v0FLaBJqcNw6yMRRYCA0mzDha471GAQspOAkZ3UC-sT7zYG1GDQGZoFfbDpnwM48:1q6op1:SuP_MvKmD07XBaxPfPq_D4r-w-e1JgZpGNlLBm1OLcQ', '2023-06-21 08:47:15.170543'),
('np5ko31mxdwlxly0ayafh1t8uz54m9d9', '.eJxVi80KwjAMgN-lZxlN2JrFo-AjeC5pmtKhTnDrSXx3J-yg1-_n5aK0tca22DNO2R1d7w6_LIlebf4KUX20ee120p3vMt0uW3Pak7-vylK3CYdgGYFYPCYOPdlYFHvMpoSMYQymjAA8QPZkYJ4KlcRiAgQK7v0Bn_w0Gw:1q5jlw:D08Ot9g7aYYDhjAvYpaseeUOllfrE7JyNaPeaZmUaTc', '2023-06-18 09:11:36.922326'),
('nq6uhaw0iq9l0nidgade5odyas7fatll', '.eJxVjDEOwjAMRe-SGVUJrZ2EEYkjdI5sx1EqoEi0mRB3h0odYH3_vf8yidpaU1v0maZsTgbN4ZcxyVXnbSCRR5vXbifd5U7Tbfw651356yotdXtj54HAW4EwlHBUEc4xOwdBFIsEQEfIPTBL7FkQbCRvIwBp8YDm_QHBRjS0:1q8HPr:GY9AIlkA6xiItDYmq7fB0L44OxAeOJQV3xls8e6T4Yo', '2023-06-25 09:31:19.356449'),
('nrrk3g6kxcx3zhakojeilav2zyqxl3jx', '.eJxVi0EOwiAQRe_C2jRQKMO4NPEIrskwDKFRa2LLynh3MelCl__9914qUttqbKs845zVUY2oDr8wEV9l-T7E_GjLNuxkON9pvl26c9qVv67SWnuUJ-s0ueCT0wBIKCkICHBf1he2drJJyHFxhgG0wUIew4iM2Rcx6v0B0Ik0lw:1q6sKa:7JJKf4iDMw069PzHYUDPbFvTnFX9IXCkPgh_AL0lQ-g', '2023-06-21 12:32:04.891584'),
('nw95jcomjr62nt1j790ywgkvmqshaenw', '.eJxVi0sKwjAQQO-StZROJs3HpeARXIfpZEKKWsE2K-ndG6EL3b7PR0Wqa4l1kXeckjorrU6_bCS-y_wVxPyq89odpLs-aXrcWnM5kr-v0FLaBJqcNw6yMRRYCA0mzDha471GAQspOAkZ3UC-sT7zYG1GDQGZoFfbDpnwM48:1q8yBj:dY0fWKTxkHW4_nxZG7uZWQ0C4jyQqlXPv9U2eaUpqqs', '2023-06-27 07:11:35.670703'),
('nzv06uprvvo2qv5c5u402ls9cpcczqlf', '.eJxVjDEOwjAMRe-SGVUusaOUEYkjdI4c21UqoEi0mRB3h0od2vX99_7HJa5LSXW2dxrVXVxwpz3LLHeb1oFFXnVamo00tyePj_7vXDfl0BWey_rmMWbtiEigJUBlr0DEEXLwkAc6IzFKDkPLJgGgsyiIaqpkoOC-P6JnNIg:1q7EHl:VyNOb3akkVYTG_leAYHPeHOFBCNQqO_zdZKCjKicGW0', '2023-06-22 11:58:37.636248'),
('o0kvx9ymjnagw04yp61h29p56o13btwe', '.eJxVi0EOwiAQRe_C2jQdmAHq0sQjuCbDAKFRa2LLynh3MelCN3_x_nsvFbhtNbQ1P8Oc1FEBqcMvjCzXvHwfFnm0ZRt2MpzvPN8u3Tntyl9Xea090mbKwqg1at-HxINlcuCyjNYYjOgmLJAIorHFFectlCw0oscUxar3B6hnM7o:1q4KdU:c1kcwC0WoLUAelaFbx01VCpiOZ4ZBfjd804fCdg-CoY', '2023-06-14 12:09:04.024051'),
('o14pzyebhoe0y9nl9bu62e9enppujo9z', '.eJxVi0sKwjAQQO-StZTmMzFxKXgE12FmMiFFrdA2K_HuRuhCt-_zUgnbVlNbZUlTVifl1eGXEfJN5q9A5mebt2Enw-WB0_3am_Oe_H0V19onCESQvXUQrBESU9BkEMaAdmTWpEVG4xhQwNnoegzReDrqyEUXr94fzqI0-Q:1q3owM:IailaMNxP2JMy9Sdh4idLZGPJej0pe1FQK50Y2KQiTc', '2023-06-13 02:18:26.075542'),
('o4inukqmf7jfko94oau9gvgnubpmic3j', '.eJxVi70OwiAQgN-F2TQIRwFHkz5CZ3LcHaFRa9KWyfju1qSDrt_PSyVsW01tlSVNrC4K1OmXZaSbzF-BRM82b91BuuGB033cm-uR_H0V17pPAb0VKDoKkslitGX2juUsnkRn6RFMz8zgMMSigy0ZXPG5CBBE0er9AeVgNcg:1q3Yjp:u6p80QL8B5H0UoB8B9Hy2gKfWMipScoLnv9gvacaZFc', '2023-06-12 09:00:25.594228'),
('o7yxbuc5otcl9qrdgzw16uf6b3omun7j', '.eJxVi0EKwjAQRe-StRSSdCaJS8EjuA6TmYQUtYJtVtK7N0IXuvrw_nsfFamtNbYlv-Mk6qw0qNMvTMT3PH8fYn61eR0OMlyfND1u3bkcyl9Xaak98hwQTMk69_HWidhgUFJmb4PzY0pcWIwQmYJhRKCktUEIBICOndp24bM0wQ:1q91FA:bPVNbKTPwIddt1RMVefbtUt2FvQGG6po2vXAElHnCIE', '2023-06-27 10:27:20.623945'),
('o85aci63sgzgevbm2zgm0zzxfsp7dor2', '.eJxVi70KwjAQgN8ls5S7tJc0joKP4BwulxwpagXbTOK7W6GDrt_Py0Rua41tKc84ZXM0aA6_LLFcy_wVLPJo89rtpDvfebpdtua0J39f5aVuU0H1MvpMmogdiSjo2IMNrEiKGUKgPPRWlaAAWl-gHxwwJnDEJOb9AcYbNGA:1q679i:WCUUJGpu8IHgAPtmrX07gsgd8Yd5jywKakax0JV4YHE', '2023-06-19 10:09:42.988795'),
('o8sxsfceoh2hpkg8d3oc1cjkc16zapsx', '.eJxVi0sKwjAQQO-StZROJs3HpeARXIfpZEKKWsE2K-ndG6EL3b7PR0Wqa4l1kXeckjorrU6_bCS-y_wVxPyq89odpLs-aXrcWnM5kr-v0FLaBJqcNw6yMRRYCA0mzDha471GAQspOAkZ3UC-sT7zYG1GDQGZoFfbDpnwM48:1q6lWc:7HCwCS129ofRRW1JtKMHVesEDhREQ6FMYufmjQ-6tMU', '2023-06-21 05:16:02.795253'),
('obymytnsz51krq5xcav9ei7lk19ahbex', '.eJxVi0EOwiAQRe_C2jRQKMO4NPEIrskwDKFRa2LLynh3MelCl__9914qUttqbKs845zVUY2oDr8wEV9l-T7E_GjLNuxkON9pvl26c9qVv67SWnuUJ-s0ueCT0wBIKCkICHBf1he2drJJyHFxhgG0wUIew4iM2Rcx6v0B0Ik0lw:1q91H7:4tRAN_XfQKZnMZ-9M6JEU1P14NLG6PSaVWJKcpjzcAI', '2023-06-27 10:29:21.268523'),
('od5hfo7wlwkpej3ooz8tqro63ddbgos9', '.eJxVi8sKwjAUBf8laylpcpM2LgU_wXW4r5KiVrDNSvx3I3ShZzkz52Uy1q3kuuozz2KOpk_m8AsJ-arL1yDzoy5bt5PufMf5dmnNaU_-fgXX0k4ORj8msMKMoOQj9wTOk5NIoY2cnyCoDaoy2eAHELIuNjtIshrN-wPTsTSc:1q8mJh:r_82XlZ1zl6a9SbFBWCYgJsuRwl5Xua5iLFr3X0K5Ds', '2023-06-26 18:31:01.205236'),
('of8cne2wkvmxg3bckxl69v43ksthruxt', '.eJxVi70KwjAQgN8ls5S7tJc0joKP4BwulxwpagXbTOK7W6GDrt_Py0Rua41tKc84ZXM0aA6_LLFcy_wVLPJo89rtpDvfebpdtua0J39f5aVuU0H1MvpMmogdiSjo2IMNrEiKGUKgPPRWlaAAWl-gHxwwJnDEJOb9AcYbNGA:1q92Tj:pDYNIn7cPrIaItf3JXkfd-Cowqk9xm2fkKlJM7UWpPw', '2023-06-27 11:46:27.098779'),
('oh4m62xulzlbjg6audqrmstnjd4ufm9t', '.eJxVizkOwjAUBe_iGkV2vHybEokjUFt_ceQICFISV4i7E1AKeOW8mafK2Naa21LmPIo6KgPq8AsJ-Vqmz4PMjzat3U668x3H22VzTrvy11Vc6jfSUQq6KOSSLUmEgo9QLAlg6K0hBOLeuuC3JcCBB5fYExqwRmv1egP9VTUE:1q3uiP:_oDPn3hPVebxX39gOnN-k6pNjikymcuEsR86dyIGgxc', '2023-06-13 08:28:25.723092'),
('ohoelaaewqgj13afemtwjbtilk1tkpi8', '.eJxVi0sKwjAQQO-StZTmMzFxKXgE12FmMiFFrdA2K_HuRuhCt-_zUgnbVlNbZUlTVifl1eGXEfJN5q9A5mebt2Enw-WB0_3am_Oe_H0V19onCESQvXUQrBESU9BkEMaAdmTWpEVG4xhQwNnoegzReDrqyEUXr94fzqI0-Q:1q3aKU:FeKwCfGBXJsD9WT17t-oBElkSkg75cZG6dfEQ7xrGTA', '2023-06-12 10:42:22.384559'),
('oj1pbimbtpxbd1wa4dyvlmmc89v9gaga', '.eJxVi0sKwjAQhu-StRQzpn9bl4JHcB0mMxNa1Aq2WYl3N0IXuv0eLxe5rGMsiz3jpO7o4Ha_LLFcbf4KFnmUeW020pzvPN0utTltyd838jLWqUdmGDFlT0mDgrwE2zOZQBFAOYgKYFWztUktkfadH_IBA7rWvT_ZzTUz:1q92Ka:CRTDRo5mN84i98xUQjXst67wCQu7FsQQiG20gi_Ej9c', '2023-06-27 11:37:00.462862'),
('ojijhdl067h635ly4t1encnovxcqlb7s', '.eJxVi70KwjAQgN8ls5QzCZeco-AjdA6X3IUUtYJtJvHdrdBB1-_nZRL3taW-6DNNYk7Gojn8wszlqvPXcCmPPq_DTobLnafbuDXnPfn7Gi9tm5RiDJ4yQhXvINZjUCF0DJrReqoC4sCRuohVRTEHJLUFJFjR4s37A9W6NPc:1q78O0:g3XE38sqxkNgrqBGy8y9igDkq0SGQkfQBc4KHwvOVo0', '2023-06-22 05:40:40.948867'),
('okdhmoh5u2hh1sbokpg61x59psa9s3pj', '.eJxVi0sKwjAQQO-StZROJs3HpeARXIfpZEKKWsE2K-ndG6EL3b7PR0Wqa4l1kXeckjorrU6_bCS-y_wVxPyq89odpLs-aXrcWnM5kr-v0FLaBJqcNw6yMRRYCA0mzDha471GAQspOAkZ3UC-sT7zYG1GDQGZoFfbDpnwM48:1q6VYN:iL8cDgnYTfus1_uf1rHgYSbqD4rZgEhR8AmAWakuVKo', '2023-06-20 12:12:47.697118'),
('oklwzaa9skunufvm6mmy8caxd96mcofq', '.eJxVi80KwjAMgN-lZxkr2drEo-AjeC5pk9ChTnDrSXx3J-yg1-_n5RK3taa26DNN4o5ucIdflrlcdf4KLuXR5rXbSXe-83S7bM1pT_6-ykvdJvQgvRgjBEHJijJYAFP1vrBRBAwDZQ5jVjIAQymgPSHGkTUSufcH2uU1NQ:1q8aDi:oBDYO4NWkkFDwzyRmLmXEiFssnz80rVu2KCejm5jQkg', '2023-06-26 05:36:02.341776'),
('olhazwziltawr798j6igsmntrcbnnop1', '.eJxVi0sKwjAQQO-StZROJs3HpeARXIfpZEKKWsE2K-ndG6EL3b7PR0Wqa4l1kXeckjorrU6_bCS-y_wVxPyq89odpLs-aXrcWnM5kr-v0FLaBJqcNw6yMRRYCA0mzDha471GAQspOAkZ3UC-sT7zYG1GDQGZoFfbDpnwM48:1q3Yiz:FsHZzuy6hz8uKr7Lzo1REWFC-6rPjnma3NrUnA9Hczw', '2023-06-12 08:59:33.227327'),
('omysk81vwaz0zsbiz1dugx4ex80i30sy', '.eJxVi70KwjAQgN8ls5S7tJc0joKP4BwulxwpagXbTOK7W6GDrt_Py0Rua41tKc84ZXM0aA6_LLFcy_wVLPJo89rtpDvfebpdtua0J39f5aVuU0H1MvpMmogdiSjo2IMNrEiKGUKgPPRWlaAAWl-gHxwwJnDEJOb9AcYbNGA:1q8c3q:ptAuvYwhJAuZ_-35e7qk4XxmvX1rQ6XWMDX6Z8121Ec', '2023-06-26 07:33:58.415515'),
('opckskykm7s9h2pm0e5ij7cdjyh7mbdl', '.eJxVi80KwjAMgN-lZxkr2drEo-AjeC5pk9ChTnDrSXx3J-yg1-_n5RK3taa26DNN4o5ucIdflrlcdf4KLuXR5rXbSXe-83S7bM1pT_6-ykvdJvQgvRgjBEHJijJYAFP1vrBRBAwDZQ5jVjIAQymgPSHGkTUSufcH2uU1NQ:1q8cF0:3SyvWKPzT7rbY5XRThiMRLAkMmhuqRQoM_6Wt7cXWAc', '2023-06-26 07:45:30.461506'),
('oq5ws84b8xqos3wtbkrvo9nem9wxqhkb', '.eJxVi0EOwiAQRe_C2jQdmAHq0sQjuCbDAKFRa2LLynh3MelCN3_x_nsvFbhtNbQ1P8Oc1FEBqcMvjCzXvHwfFnm0ZRt2MpzvPN8u3Tntyl9Xea090mbKwqg1at-HxINlcuCyjNYYjOgmLJAIorHFFectlCw0oscUxar3B6hnM7o:1q4KgS:DKfIXsjuAKidFoWEEKesUVLR6NNhsmW4lAajHfiNFck', '2023-06-14 12:12:08.122278'),
('or0ffz306lyomrr70b4gb37f3d7cithm', '.eJxVi70KwjAQgN8ls5S7tJc0joKP4BwulxwpagXbTOK7W6GDrt_Py0Rua41tKc84ZXM0aA6_LLFcy_wVLPJo89rtpDvfebpdtua0J39f5aVuU0H1MvpMmogdiSjo2IMNrEiKGUKgPPRWlaAAWl-gHxwwJnDEJOb9AcYbNGA:1q63Bk:XoEQBMzgsGWbGaDoGwwNpAo8TqEcNTKU4dAKpiqH7LQ', '2023-06-19 05:55:32.240556'),
('osk4sm16cldwsi45jihb9jbkuqpjafmr', '.eJxVi70KwjAQgN8ls5S7tJc0joKP4BwulxwpagXbTOK7W6GDrt_Py0Rua41tKc84ZXM0aA6_LLFcy_wVLPJo89rtpDvfebpdtua0J39f5aVuU0H1MvpMmogdiSjo2IMNrEiKGUKgPPRWlaAAWl-gHxwwJnDEJOb9AcYbNGA:1q92NP:kr_OjdZQT1C0pPRbReTanf2pa7dF7sCAOkWLz--Movk', '2023-06-27 11:39:55.654491'),
('ot3zc7kppwdm630ce4n50eukyavmj77f', '.eJxVi70KwjAQgN8ls5S7tJc0joKP4BwulxwpagXbTOK7W6GDrt_Py0Rua41tKc84ZXM0aA6_LLFcy_wVLPJo89rtpDvfebpdtua0J39f5aVuU0H1MvpMmogdiSjo2IMNrEiKGUKgPPRWlaAAWl-gHxwwJnDEJOb9AcYbNGA:1q8KKz:YtYQnVDhy86U0DniJA2ZRxsR4tYTuoQzYDoA2WUU06M', '2023-06-25 12:38:29.622686'),
('otnptp3i5jfj5bhomksdu9kzorvusttj', '.eJxVi0kKwjAUQO-StZSmP0PjUvAIrsMf8klRK9hmJd7dCl3o9g0vk7GtNbelPPMk5mggmsMvJORrmb8GmR9tXruddOc7TrfL1pz25O-ruNRtUk0ghbBn0GBtIepDSRCH6GlUFmKfIqhYHAcUdcDqpEBPwatnZ837AxJtNfY:1q8eEd:opzcvhp4bEQNdgBEwkAHKD0Me6O_ysr6BIXVPxT05Pw', '2023-06-26 09:53:15.576428'),
('ov5t91rdlkqlrrb4czp1oola6bbe0c9t', '.eJxVi0sKwjAQhu-StZRM8sdUl4JHcB0m0wkpagXbrMS7W6EL3X6Pl0nclprarM80DuZoALP7hZnlqtPXsMijTUu3ke585_F2WZvTlvx9lee6TgOIYAGNopz1oI5dH4pkoWKDV0RPEZBMPvdWORIFF2CpZCDQ3rw_3YQ0Iw:1q935h:IjpmJw41VKzsWQGRUctBEjUQqJBmE4h6rjASkMtEDyk', '2023-06-27 12:25:41.127134'),
('p0z4rlx8zukmp6zb7hohk5utrla7vxqz', '.eJxVi0sKwjAQQO-StZROJs3HpeARXIfpZEKKWsE2K-ndG6EL3b7PR0Wqa4l1kXeckjorrU6_bCS-y_wVxPyq89odpLs-aXrcWnM5kr-v0FLaBJqcNw6yMRRYCA0mzDha471GAQspOAkZ3UC-sT7zYG1GDQGZoFfbDpnwM48:1q3eDx:MDkgTClGQMg0FDEq7ifIjf6UQZ8hyo7ExqlhySOqL7s', '2023-06-12 14:51:53.149616'),
('p45a6vravg9gmeji1suxdh9ybxtr1kis', '.eJxVi70KwjAQgN8ls5S7tJc0joKP4BwulxwpagXbTOK7W6GDrt_Py0Rua41tKc84ZXM0aA6_LLFcy_wVLPJo89rtpDvfebpdtua0J39f5aVuU0H1MvpMmogdiSjo2IMNrEiKGUKgPPRWlaAAWl-gHxwwJnDEJOb9AcYbNGA:1q4Kco:htnwuJmK4kn139ekapiAMduX6emaCwyRvmRWAU0r7qw', '2023-06-14 12:08:22.151098'),
('p4wbe0wnc2yyg4fpkpt5rsvla67okvuu', '.eJxVi70KwjAQgN_lZilJc7kLjoKP4BwuyYUUtYJtJvHdrdBB1-_nBVH62mJf9BmnAkdgOPyyJPmq81dIzo8-r8NOhvNdpttla0578vc1Wdo2qXdV1fOoaDyyY0y1JGvElsQkjBoseUfBKYY6JipIEmp2hgVz9fD-ALeQNH4:1q7Ifg:-f8fKC-t6d5HAtb8Gs8GlHDxrPKfCCwN5skueatFDs0', '2023-06-22 16:39:36.227104'),
('p5kg3kwrvls1vwtclneo2q365o0r3ynh', '.eJxVi70KwjAQgN8ls5S7tJc0joKP4BwulxwpagXbTOK7W6GDrt_Py0Rua41tKc84ZXM0aA6_LLFcy_wVLPJo89rtpDvfebpdtua0J39f5aVuU0H1MvpMmogdiSjo2IMNrEiKGUKgPPRWlaAAWl-gHxwwJnDEJOb9AcYbNGA:1q7XCl:QBQzBmFsyINYhlI25iA4vdxx7-2KWdVCAbNQR-cbdz4', '2023-06-23 08:10:43.869414'),
('p61e3h1f5m9qb8pe5dqvpbjy4ydpdjta', '.eJxVi0sKwjAQQO-StZROJs3HpeARXIfpZEKKWsE2K-ndG6EL3b7PR0Wqa4l1kXeckjorrU6_bCS-y_wVxPyq89odpLs-aXrcWnM5kr-v0FLaBJqcNw6yMRRYCA0mzDha471GAQspOAkZ3UC-sT7zYG1GDQGZoFfbDpnwM48:1q8wXB:Ntz1U24KkY9B7rUa1ktxIenA4dtcT_WM87WlCkmb0OI', '2023-06-27 05:25:37.204500'),
('p8yrheehsocp7oakfw6vusz9boc0x951', '.eJxVi0sKwjAQQO-StZROPibjUvAIrsNkkiFFrdA2K_HubaEL3b7PR0VqS41tLlMcsroo49TpFybiRxl3Q8zvNi7dQbrbi4bnfWuuR_L3VZrrNnljCKgHkBTQ65QZrT8jO07i2WqyKGJJKFASAMha616cD8ZlxJLVdwXilTUK:1q8yWQ:zMojj6tCydnilKHthxrpm2omP9I9KLgt0xW8qo9RODs', '2023-06-27 07:32:58.087858'),
('pafwwjwg7v67t90odpnzccak1w1k3crv', '.eJxVi0sKwjAQQO-StZROJs3HpeARXIfpZEKKWsE2K-ndG6EL3b7PR0Wqa4l1kXeckjorrU6_bCS-y_wVxPyq89odpLs-aXrcWnM5kr-v0FLaBJqcNw6yMRRYCA0mzDha471GAQspOAkZ3UC-sT7zYG1GDQGZoFfbDpnwM48:1q8cox:LotEzXKsfeB_-OSDwO1ljmncMTRwbN3v1lo0KQk65_k', '2023-06-26 08:22:39.809798'),
('pcijnagy4oi6ft5tgahxb20rnlk9avhx', '.eJxVi80KwjAMgN-lZxkr2drEo-AjeC5pk9ChTnDrSXx3J-yg1-_n5RK3taa26DNN4o5ucIdflrlcdf4KLuXR5rXbSXe-83S7bM1pT_6-ykvdJvQgvRgjBEHJijJYAFP1vrBRBAwDZQ5jVjIAQymgPSHGkTUSufcH2uU1NQ:1q6VaK:vlHPmYH3MJ-RROd0HWg4gwdABLDSxEtT5orJ391sB48', '2023-06-20 12:14:48.357042'),
('pdspiwki17cug3mnzgkaemdqg1efxl6o', '.eJxVi7sOwiAUht-F2TScciuOJj6CM_k5QGjUmtgyGd9dTDro-l1eIqBtNbQ1P8OcxFGQFYdfGMHXvHwNmB9t2YadDOc75tulN6c9-fsq1tonTiNingyMddqzy4k8WVkYo1KFSEtTdImEKBnZ2V7aqWhFHgrZaPH-AO2ENPg:1q3ZdR:ArxWTfqMIzhVtdbVBQJ5fyT3VdqFpH_iPkAUE-G41SU', '2023-06-12 09:57:53.811339'),
('pinyyayvjebawh0e1hpjza2tva79sdbr', '.eJxVi0sKwjAQQO-StZROJs3HpeARXIfpZEKKWsE2K-ndG6EL3b7PR0Wqa4l1kXeckjorrU6_bCS-y_wVxPyq89odpLs-aXrcWnM5kr-v0FLaBJqcNw6yMRRYCA0mzDha471GAQspOAkZ3UC-sT7zYG1GDQGZoFfbDpnwM48:1q8mEx:J0QChgdlOMtVD6i8uWB0dxCbFrnwYc1kLZ0_SV3GKMw', '2023-06-26 18:26:07.277588'),
('pklkdvi65m4gqx7p5ug3uv65ooqp19i3', '.eJxVi8sKwjAQRf8layl5Ncm4FPwE12EmmZCiVrDNSvrvjdCFri6ce85HRGxrjW3hd5yyOAvtxekXEqY7z98HU3q1eR0OMlyfOD1u3bkcyl9Xcak9IgbI6ElJW6wqiSzovnLUxFyCM1DyaACM4pxRe-28cSGAL4ZYBhbbDuoQNMY:1q6s7X:8a-Bgar8K-TPS7U-hhARMR-Z0Ik_H93vl0asx9hynJY', '2023-06-21 12:18:35.620728'),
('pnusmg5jx03p13gr3kjfined9geudade', '.eJxVy0EOwiAQheG7sDYNdYABlyYewTUZhk5o1Jq0ZWW8e2nShW7_972PilTXEusyzHHM6qLAqNNvTMSPYdoXYn7Xae2O0t1eND7vzVwP8vcrtJR2QgcagrWCAYKgTex9n4Omc7AsYCyioEPvnM_YZBM-mSyakXoUUN8NpZczkQ:1q7WvA:Ihq6UTqJy4G2ebxHnwbQmjUSIpOKqv18viBCC3ik2g0', '2023-06-23 07:52:32.684698'),
('ppom5koy7be44xhryhbvjpc6ineijpta', '.eJxVi0EKwjAQRe-StRSSdCaJS8EjuA6TmYQUtYJtVtK7N0IXuvrw_nsfFamtNbYlv-Mk6qw0qNMvTMT3PH8fYn61eR0OMlyfND1u3bkcyl9Xaak98hwQTMk69_HWidhgUFJmb4PzY0pcWIwQmYJhRKCktUEIBICOndp24bM0wQ:1q9002:pXB6piHNEqzy7hv0Eug5zdUfe16Viniq3MeqWyUHl9w', '2023-06-27 09:07:38.334038'),
('ppz3vs0csi7ayvgbzi6cr7ye1y0gad4c', '.eJxVi8sKwjAQRf8laylpOnm5FPwE12FmkiFFrWCblfjvRuhC4a7OPeelEratpraWZ5qzOioT1OEXEvK1LN8HmR9t2YadDOc7zrdLd0678tdVXGuPKFqGkidBEyenIZggQRO57EocXQEkziLg0UfbF8ZMmixa0Cg2evX-AOpGNPA:1q91oV:hSVjpP7NSQHH1UMbxfdJCVv0E6svQx1XTWXlUvpsaZ4', '2023-06-27 11:03:51.682447'),
('prhwfcyp8ypfcb2a8e7yxlx16aue2on2', '.eJxVi8sKwjAQRf8laymTyROXgp_gOkwmU1LUCrZZSf-9EbrQ5T33nI9K1Naa2iLvNBV1VqjV6Rdm4rvM34eYX21eh4MM1ydNj1t3Lofy11Vaao8cZM-RnQgEQItZ-wLWgAlgsRgpMY-CPAIWAWb23msdYh9Rk0NW2w7LDDR-:1q3svI:EpdwMIQi931vb7xBk25_ORsUo0mk0a6VO6u0nVBYNdA', '2023-06-13 06:33:36.250487'),
('psri2xc1ga5rfnkon60jfmak9ckattsc', '.eJxVi0EOwiAQRe_C2jRQKMO4NPEIrskwDKFRa2LLynh3MelCl__9914qUttqbKs845zVUY2oDr8wEV9l-T7E_GjLNuxkON9pvl26c9qVv67SWnuUJ-s0ueCT0wBIKCkICHBf1he2drJJyHFxhgG0wUIew4iM2Rcx6v0B0Ik0lw:1q8wdY:5F7BiB4REP5VDilJunfx--ohSbLyv6Mbmbi6EPLkg0Y', '2023-06-27 05:32:12.379618'),
('pu2za9ca2ih4fjxwe9ek3jeuexfuiqlj', '.eJxVi70KwjAQgN8ls5S7tJc0joKP4BwulxwpagXbTOK7W6GDrt_Py0Rua41tKc84ZXM0aA6_LLFcy_wVLPJo89rtpDvfebpdtua0J39f5aVuU0H1MvpMmogdiSjo2IMNrEiKGUKgPPRWlaAAWl-gHxwwJnDEJOb9AcYbNGA:1q6QTV:-vc8r-3TVa17Zp0X2rvsPo_9fP-_2ywCe4CiHJhS1eg', '2023-06-20 06:47:25.653296'),
('pukykg9bc4c37kxwpshvp8ysh04yf0k5', '.eJxVi80KwjAMgN-lZxkr2drEo-AjeC5pk9ChTnDrSXx3J-yg1-_n5RK3taa26DNN4o5ucIdflrlcdf4KLuXR5rXbSXe-83S7bM1pT_6-ykvdJvQgvRgjBEHJijJYAFP1vrBRBAwDZQ5jVjIAQymgPSHGkTUSufcH2uU1NQ:1q8gpK:ekzx_6OJDkn7uGb4rq5kuaC_AN_hG0ppuOmHmIUI3qA', '2023-06-26 12:39:18.614450'),
('pxrfy2l45cgu3sae4k1ti7kjkyaj6t3c', '.eJxVi70KwjAQgN8ls5S7tJc0joKP4BwulxwpagXbTOK7W6GDrt_Py0Rua41tKc84ZXM0aA6_LLFcy_wVLPJo89rtpDvfebpdtua0J39f5aVuU0H1MvpMmogdiSjo2IMNrEiKGUKgPPRWlaAAWl-gHxwwJnDEJOb9AcYbNGA:1q3b8Z:u9KJuk67J7Jo8t2BcXOKRWhBzKLO-SuINexDEPYd9bM', '2023-06-12 11:34:07.471742'),
('pxx2brdxkzfng7hsj1g3jev016t672ll', '.eJxVjDEOwjAMRe-SGVUusaOUEYkjdI4c21UqoEi0mRB3h0od2vX99_7HJa5LSXW2dxrVXVxwpz3LLHeb1oFFXnVamo00tyePj_7vXDfl0BWey_rmMWbtiEigJUBlr0DEEXLwkAc6IzFKDkPLJgGgsyiIaqpkoOC-P6JnNIg:1q655M:-6o6NlqNYZlmYL02YUUkVjZajNT1TK8XLZ9Qd6_UlDk', '2023-06-19 07:57:04.165393'),
('py1dcqt2g2ht2r05k6xn2qyi9edj50m2', '.eJxVi70KwjAQgN8ls5S7tJc0joKP4BwulxwpagXbTOK7W6GDrt_Py0Rua41tKc84ZXM0aA6_LLFcy_wVLPJo89rtpDvfebpdtua0J39f5aVuU0H1MvpMmogdiSjo2IMNrEiKGUKgPPRWlaAAWl-gHxwwJnDEJOb9AcYbNGA:1q5kt1:hxpT5_o7yANLQKPbU9Ca1L6xfYDYC1vk7aio-7Me2wc', '2023-06-18 10:22:59.083664'),
('q0gojpgf4azatqfncb73r0zeu6sy81gj', '.eJxVi70KwjAQgN8ls5S7tJc0joKP4BwulxwpagXbTOK7W6GDrt_Py0Rua41tKc84ZXM0aA6_LLFcy_wVLPJo89rtpDvfebpdtua0J39f5aVuU0H1MvpMmogdiSjo2IMNrEiKGUKgPPRWlaAAWl-gHxwwJnDEJOb9AcYbNGA:1q90iH:0tN7jGesLExQozd3J0pWna2JF1wJ2dgekXAMOuWoPZs', '2023-06-27 09:53:21.933552'),
('q1c7428sd04z1las4b652wnah6h08m1h', '.eJxVi70KwjAQgN8ls5S7tJc0joKP4BwulxwpagXbTOK7W6GDrt_Py0Rua41tKc84ZXM0aA6_LLFcy_wVLPJo89rtpDvfebpdtua0J39f5aVuU0H1MvpMmogdiSjo2IMNrEiKGUKgPPRWlaAAWl-gHxwwJnDEJOb9AcYbNGA:1q6mq0:hrcU0pm30JRZMQd76X8ueoDH4HIL082jitx0JKyS3Oo', '2023-06-21 06:40:08.305891'),
('q1r6krk4onbfq6wfciytdzqdrk183f2f', '.eJxVi0sKwjAQQO-StZROJs3HpeARXIfpZEKKWsE2K-ndG6EL3b7PR0Wqa4l1kXeckjorrU6_bCS-y_wVxPyq89odpLs-aXrcWnM5kr-v0FLaBJqcNw6yMRRYCA0mzDha471GAQspOAkZ3UC-sT7zYG1GDQGZoFfbDpnwM48:1q4eHJ:Q0Frav_svdl2BjS5tbOyuwo4IKnH2PU9hAqlGJnqfok', '2023-06-15 09:07:29.159339'),
('q64uj5kmj5d4cyk99dtps3lduomrkhek', '.eJxVi70KwjAQgN8ls5S7tJc0joKP4BwulxwpagXbTOK7W6GDrt_Py0Rua41tKc84ZXM0aA6_LLFcy_wVLPJo89rtpDvfebpdtua0J39f5aVuU0H1MvpMmogdiSjo2IMNrEiKGUKgPPRWlaAAWl-gHxwwJnDEJOb9AcYbNGA:1q8W1w:C5sXENnv4rulOiFO5-5ufzZuSYZ39jLntBGw14RmGWQ', '2023-06-26 01:07:36.407138'),
('q6hilfaktindj38idiy3xlnfqel4qvns', '.eJxVi70KwjAQgN8ls5TcpTlyjoKP4ByuyYUUtYJtJvHdjdBB1-_nZaK0rca26jPO2RwNenP4hZOkqy5fIyk92rINOxnOd5lvl96c9uTvq7LWPtGkpIWZbUgcAChDKjlIQVVHXjOQG4msx2IDI6L1MHZYPATK1pn3B9XLM8Y:1q92kU:laaNB48SkITHQtrqVWRMMtIHA7IXma6z44DQbvYhByI', '2023-06-27 12:03:46.803222'),
('q7yswddw4xvr0w1czvq5dovbwo0sl99x', '.eJxVi70KwjAQgN8ls5S7tJc0joKP4BwulxwpagXbTOK7W6GDrt_Py0Rua41tKc84ZXM0aA6_LLFcy_wVLPJo89rtpDvfebpdtua0J39f5aVuU0H1MvpMmogdiSjo2IMNrEiKGUKgPPRWlaAAWl-gHxwwJnDEJOb9AcYbNGA:1q8dy3:BfZTw70rCeQ4CR2qSk1VFv_D5Va6cDCyfbo2tVorodY', '2023-06-26 09:36:07.004548'),
('q9bkcrgumnumqwk3vjoq1ok42j9epm4k', '.eJxVi70KwjAQgN8ls5S7tJc0joKP4BwulxwpagXbTOK7W6GDrt_Py0Rua41tKc84ZXM0aA6_LLFcy_wVLPJo89rtpDvfebpdtua0J39f5aVuU0H1MvpMmogdiSjo2IMNrEiKGUKgPPRWlaAAWl-gHxwwJnDEJOb9AcYbNGA:1q8vkX:MKTOhYnJhxzHaGyETLfwcl5Yt5ecr5vzTIE3O2Wu0r0', '2023-06-27 04:35:21.583263'),
('q9rcgfvqmva74789kgvehi7fkbr0hwpx', '.eJxVi0sKwjAQQO-StZROJs3HpeARXIfpZEKKWsE2K-ndG6EL3b7PR0Wqa4l1kXeckjorrU6_bCS-y_wVxPyq89odpLs-aXrcWnM5kr-v0FLaBJqcNw6yMRRYCA0mzDha471GAQspOAkZ3UC-sT7zYG1GDQGZoFfbDpnwM48:1q8mnb:AfUh5TtZjHeTE9Xw7jzsC4A95EBLqMTza34AmB1CI5Y', '2023-06-26 19:01:55.368794'),
('qahnuz8vna8js46k8t5xxjtclfegblho', '.eJxVi70KwjAQgN8ls5S7tJc0joKP4BwulxwpagXbTOK7W6GDrt_Py0Rua41tKc84ZXM0aA6_LLFcy_wVLPJo89rtpDvfebpdtua0J39f5aVuU0H1MvpMmogdiSjo2IMNrEiKGUKgPPRWlaAAWl-gHxwwJnDEJOb9AcYbNGA:1q8c45:VTPJt9Bqxj5Z4USx5JOp_j4ANSpQMGThS8hh86xS0dg', '2023-06-26 07:34:13.349528'),
('qghz6aehwch9s3lth23erfsfl1bgswvu', '.eJxVi70KwjAQgN8ls5S7tJc0joKP4BwulxwpagXbTOK7W6GDrt_Py0Rua41tKc84ZXM0aA6_LLFcy_wVLPJo89rtpDvfebpdtua0J39f5aVuU0H1MvpMmogdiSjo2IMNrEiKGUKgPPRWlaAAWl-gHxwwJnDEJOb9AcYbNGA:1q6ckk:1de0FBJwv9ZxAT_LnijwmWHL1MvaysCeUKcNLKSn8YU', '2023-06-20 19:54:02.919423'),
('qm8e95a927r24vg13ies4ghnmpgsrlna', '.eJxVi0sKwjAQQO-StZROJs3HpeARXIfpZEKKWsE2K-ndG6EL3b7PR0Wqa4l1kXeckjorrU6_bCS-y_wVxPyq89odpLs-aXrcWnM5kr-v0FLaBJqcNw6yMRRYCA0mzDha471GAQspOAkZ3UC-sT7zYG1GDQGZoFfbDpnwM48:1q8mrs:h5s0rDJfjWV9I-_5h63nuxRG9IdkEE89sPLkesFVe8U', '2023-06-26 19:06:20.370492'),
('qmp7jsvqiq5cs5e863ag01tlqoidspan', '.eJxVi70KwjAQgN8ls5S7tJc0joKP4BwulxwpagXbTOK7W6GDrt_Py0Rua41tKc84ZXM0aA6_LLFcy_wVLPJo89rtpDvfebpdtua0J39f5aVuU0H1MvpMmogdiSjo2IMNrEiKGUKgPPRWlaAAWl-gHxwwJnDEJOb9AcYbNGA:1q6VdS:tWIcACSh5r6NRnaBGfRt_aetbqWwCS2N3NM6HFISFrs', '2023-06-20 12:18:02.047101'),
('qql2xqwzot9pkozi6wmflhzbcgkuic80', '.eJxVi0EOwiAQRe_C2jQdmAHq0sQjuCbDAKFRa2LLynh3MelCN3_x_nsvFbhtNbQ1P8Oc1FEBqcMvjCzXvHwfFnm0ZRt2MpzvPN8u3Tntyl9Xea090mbKwqg1at-HxINlcuCyjNYYjOgmLJAIorHFFectlCw0oscUxar3B6hnM7o:1q5krs:gAFi8Hj9B7ga_vBQXpeGu_4M3jQtiKr5qP7EZi_UrjM', '2023-06-18 10:21:48.753626'),
('qqucjc0qv1yc92xvsjbvq5citbe92771', '.eJxVjDEOwjAMRe-SGVUusaOUEYkjdI4c21UqoEi0mRB3h0od2vX99_7HJa5LSXW2dxrVXVxwpz3LLHeb1oFFXnVamo00tyePj_7vXDfl0BWey_rmMWbtiEigJUBlr0DEEXLwkAc6IzFKDkPLJgGgsyiIaqpkoOC-P6JnNIg:1q6QTE:xxDq_XnJcKQoDovAyfpDf14VqSx-LqlpYF9Llgx2eoE', '2023-06-20 06:47:08.223392'),
('qr0gsgk6xsdtdaitjl1yy8mo7g5on5pp', '.eJxVi0sKwjAQQO-StZROJs3HpeARXIfpZEKKWsE2K-ndG6EL3b7PR0Wqa4l1kXeckjorrU6_bCS-y_wVxPyq89odpLs-aXrcWnM5kr-v0FLaBJqcNw6yMRRYCA0mzDha471GAQspOAkZ3UC-sT7zYG1GDQGZoFfbDpnwM48:1q90nB:ZXPmloSvlv-Fmkd9DUXoM2SREfHMVXGTs0hh6nDw-Gk', '2023-06-27 09:58:25.713707'),
('qrpfrxi73hjn6gd262ob9sihsul3tas0', '.eJxVi0EOwiAQRe_C2jRQKMO4NPEIrskwDKFRa2LLynh3MelCl__9914qUttqbKs845zVUY2oDr8wEV9l-T7E_GjLNuxkON9pvl26c9qVv67SWnuUJ-s0ueCT0wBIKCkICHBf1he2drJJyHFxhgG0wUIew4iM2Rcx6v0B0Ik0lw:1q8eJf:u9HX8C24fabM2v-E-zdA7w2wRXO0eXTmVEJb5IUyo6c', '2023-06-26 09:58:27.050553'),
('qwmios0mm8r1btirttaex3k845a4qf3z', '.eJxVi70OwiAQgN-F2TQHB1dxNPERnMlxQGjUmrRlMr5726SDrt_PRwVuSw1tzlMYkroo3avTL4wsjzzuhkXebVy6g3S3Fw_P-9Zcj-TvqzzXbcrIaBCiYW2ppAQOwHkDDILalrMHgB58iZGMsT5pDeIskSNCZBL1XQGunzMp:1q6oEW:wHO0Rykk6KyHkWnOH7FR0ndPhyxvdW5-SUoAKinXSr0', '2023-06-21 08:09:32.127550'),
('qz44awcmkwjd22aa2pgqex1h0jkzpbtd', '.eJxVi70KwjAQgN_lZilJc7kLjoKP4BwuyYUUtYJtJvHdrdBB1-_nBVH62mJf9BmnAkdgOPyyJPmq81dIzo8-r8NOhvNdpttla0578vc1Wdo2qXdV1fOoaDyyY0y1JGvElsQkjBoseUfBKYY6JipIEmp2hgVz9fD-ALeQNH4:1q7JWr:Qpgu_20vDidRUEDO8Dcwy-L3SBG97m9NsNDvrbf2DrA', '2023-06-22 17:34:33.156472'),
('r6zcxlpoccvynore5d7p3zevq8xg5pg3', '.eJxVi8sKwjAQRf8layl5Ncm4FPwE12EmmZCiVrDNSvrvjdCFri6ce85HRGxrjW3hd5yyOAvtxekXEqY7z98HU3q1eR0OMlyfOD1u3bkcyl9Xcak9IgbI6ElJW6wqiSzovnLUxFyCM1DyaACM4pxRe-28cSGAL4ZYBhbbDuoQNMY:1q6W0Q:xhaExaG50QB7XYG_y_4NuCOLofG3ml_Nj6G7M3sKsck', '2023-06-20 12:41:46.295340'),
('r74g7bcr75bqwdkixcs60e0vj91p61ce', '.eJxVi0sOgjAQhu_StSGUDm3HpYlHcN1Mf8aUqJgAXRnvLiYsdPs9XiZJXUuqi85pHMzRkDn8siy46fQVAjzrtDY7ac4PGe-XrTntyd9XZCnb1PWuDYONGphChGWhXhWOI3mKQuy1xbWzgPfiPEFdhGbOANtAbN4fmq40Mw:1q3vsy:NBlQ_5wNKQiEZAK4LxQ8m9QT9mqu3xuAwA7_JbtyfvU', '2023-06-13 09:43:24.443862'),
('r9nxyuo6pjyb6tfin06k8rhgv0ubu35u', '.eJxVi0sKwjAQQO-StZROJs3HpeARXIfpZEKKWsE2K-ndG6EL3b7PR0Wqa4l1kXeckjorrU6_bCS-y_wVxPyq89odpLs-aXrcWnM5kr-v0FLaBJqcNw6yMRRYCA0mzDha471GAQspOAkZ3UC-sT7zYG1GDQGZoFfbDpnwM48:1q4y9O:x5ojiv6vH6v07W-vd7Bix1ShQSN6TRAizZokL5ouIck', '2023-06-16 06:20:38.724879'),
('rabixhjgrl82zbgi63atmjdqe86e6kwx', '.eJxVi70KwjAQgN_lZilJc7kLjoKP4BwuyYUUtYJtJvHdrdBB1-_nBVH62mJf9BmnAkdgOPyyJPmq81dIzo8-r8NOhvNdpttla0578vc1Wdo2qXdV1fOoaDyyY0y1JGvElsQkjBoseUfBKYY6JipIEmp2hgVz9fD-ALeQNH4:1q7Jlt:nNLaxADt7RNIwsxLVII2rQnHlSKBe8uF4lCbv7OH-RQ', '2023-06-22 17:50:05.567656'),
('rakg1sjniyh2yofjm6iyxfgmzbyu2bom', '.eJxVi0sKwjAQQO-StZROJs3HpeARXIfpZEKKWsE2K-ndG6EL3b7PR0Wqa4l1kXeckjorrU6_bCS-y_wVxPyq89odpLs-aXrcWnM5kr-v0FLaBJqcNw6yMRRYCA0mzDha471GAQspOAkZ3UC-sT7zYG1GDQGZoFfbDpnwM48:1q8mok:-a7ZabdpMyDWKlRgca98FWYtoXhOyG12tWd-S9aY-pY', '2023-06-26 19:03:06.180161'),
('rd2clm8i70ow4smudjtarm9fapdhscja', '.eJxVjDEOwjAMRe-SGVUJrZ2EEYkjdI5sx1EqoEi0mRB3h0odYH3_vf8yidpaU1v0maZsTgbN4ZcxyVXnbSCRR5vXbifd5U7Tbfw651356yotdXtj54HAW4EwlHBUEc4xOwdBFIsEQEfIPTBL7FkQbCRvIwBp8YDm_QHBRjS0:1q8cp2:7bek_1nKHHC8hGJqz80S6ESxta79fhTLSEb6BYq64cs', '2023-06-26 08:22:44.421324'),
('rekg9g3km2w1fwm0obrzgvql5vafsqrk', '.eJxVi0sKwjAQQO-StZROJs3HpeARXIfpZEKKWsE2K-ndG6EL3b7PR0Wqa4l1kXeckjorrU6_bCS-y_wVxPyq89odpLs-aXrcWnM5kr-v0FLaBJqcNw6yMRRYCA0mzDha471GAQspOAkZ3UC-sT7zYG1GDQGZoFfbDpnwM48:1q8h9M:4PRhGqa31jKWYGyIDhm2hfxLgDBxFDSknx_P7MOBNKE', '2023-06-26 13:00:00.518590'),
('reow15e3xvcumm3glrezebq87w3spyka', '.eJxVi80KwjAMgN-lZxkr2drEo-AjeC5pk9ChTnDrSXx3J-yg1-_n5RK3taa26DNN4o5ucIdflrlcdf4KLuXR5rXbSXe-83S7bM1pT_6-ykvdJvQgvRgjBEHJijJYAFP1vrBRBAwDZQ5jVjIAQymgPSHGkTUSufcH2uU1NQ:1q8HOb:5HOwVcoKo-DQm5lENN2Pq6Qp5aiO5vO0UpGbhjNr5jA', '2023-06-25 09:30:01.459099'),
('rhsdxnajx7h6i319mqy1lo5yarp5t5gq', '.eJxVi0sKwjAQQO-StZROJs3HpeARXIfpZEKKWsE2K-ndG6EL3b7PR0Wqa4l1kXeckjorrU6_bCS-y_wVxPyq89odpLs-aXrcWnM5kr-v0FLaBJqcNw6yMRRYCA0mzDha471GAQspOAkZ3UC-sT7zYG1GDQGZoFfbDpnwM48:1q8mt4:jFnpseBFf6lEPMXXcKLnqTpGVIAT4PavLB18um8ZCa4', '2023-06-26 19:07:34.985392'),
('rk7ipcddfwkidp8a61ckz5lsu4s3soqw', '.eJxVi70OwiAQgN-F2TQHB1dxNPERnMlxQGjUmrRlMr5726SDrt_PRwVuSw1tzlMYkroo3avTL4wsjzzuhkXebVy6g3S3Fw_P-9Zcj-TvqzzXbcrIaBCiYW2ppAQOwHkDDILalrMHgB58iZGMsT5pDeIskSNCZBL1XQGunzMp:1q91St:tUb4cL8sbxTF-dy9CopHWrNhaH0TTVslex1CKxKTZlg', '2023-06-27 10:41:31.349314'),
('rkxiy4x9nse36wcnuf161405o1ha85m6', '.eJxVi70OwiAQgN-F2TQHB1dxNPERnMlxQGjUmrRlMr5726SDrt_PRwVuSw1tzlMYkroo3avTL4wsjzzuhkXebVy6g3S3Fw_P-9Zcj-TvqzzXbcrIaBCiYW2ppAQOwHkDDILalrMHgB58iZGMsT5pDeIskSNCZBL1XQGunzMp:1q8gV4:wsP0klbqxV8Kla1LAZXYFzC0Jh2ek0cy7GX1JmA_aq4', '2023-06-26 12:18:22.605895'),
('rnw9mkxb1uqy6mijb55i41x17888j4l5', '.eJxVi0EOwiAQRe_C2jRQKMO4NPEIrskwDKFRa2LLynh3MelCl__9914qUttqbKs845zVUY2oDr8wEV9l-T7E_GjLNuxkON9pvl26c9qVv67SWnuUJ-s0ueCT0wBIKCkICHBf1he2drJJyHFxhgG0wUIew4iM2Rcx6v0B0Ik0lw:1q79Xt:UZ8-E55JY3-qckBfK-_VRJTDVHU5r2kHfK_khPCjoaI', '2023-06-22 06:54:57.641468'),
('ro4gep28shhtw1wl7ouiz4wrbqndbnxb', '.eJxVi8sKwjAUBf8laylpcpM2LgU_wXW4r5KiVrDNSvx3I3ShZzkz52Uy1q3kuuozz2KOpk_m8AsJ-arL1yDzoy5bt5PufMf5dmnNaU_-fgXX0k4ORj8msMKMoOQj9wTOk5NIoY2cnyCoDaoy2eAHELIuNjtIshrN-wPTsTSc:1q8g0x:k4UTFZlAS9vHYAwVnaruOepE48AKa0stpx-XlewE1fY', '2023-06-26 11:47:15.360764'),
('rrqr999kx6tx4fy7x1b0812appbggmps', '.eJxVi70KwjAQgN8ls5S7tJc0joKP4BwulxwpagXbTOK7W6GDrt_Py0Rua41tKc84ZXM0aA6_LLFcy_wVLPJo89rtpDvfebpdtua0J39f5aVuU0H1MvpMmogdiSjo2IMNrEiKGUKgPPRWlaAAWl-gHxwwJnDEJOb9AcYbNGA:1q6n6m:R447r60IY55lj63q37BsZ5aB2d6lRYChAuciDr_GSAU', '2023-06-21 06:57:28.191941'),
('rt31tt4e6zgrxcwcwd28lybkm9y7g6n0', '.eJxVi0sOwiAQhu_C2jRAkTIuTTyCa_LPAKFRa9KWlfHu2qQL3X6Pl4poa41tyXMckzopE9ThFzLklqfNQOTZprXbSXd5YLxfv815T_6-iqVuU07Cupgehbz4xNQTDZmth4Z2Xgi9s2zJZRRjjdcJaYDXzvBRQlDvDwFFNSQ:1q8eLZ:-xIb9cToQ2Uq9Sn1Uu0Ii0xj6GFdnUhSRHaf5abVJ3k', '2023-06-26 10:00:25.834211'),
('rtpz2n0zipdqdi8r7ucujrm3v79nnssd', '.eJxVy0EOwiAQheG7sDYNdYABlyYewTUZhk5o1Jq0ZWW8e2nShW7_972PilTXEusyzHHM6qLAqNNvTMSPYdoXYn7Xae2O0t1eND7vzVwP8vcrtJR2QgcagrWCAYKgTex9n4Omc7AsYCyioEPvnM_YZBM-mSyakXoUUN8NpZczkQ:1q7WfM:WNDmREDjes8a6B3Vb304sB_S4xiPCuxh5cw5OW7aLCA', '2023-06-23 07:36:12.677094'),
('rvbss4mg4yks1kkg9vlnrp0acnruvjb0', '.eJxVi0sKwjAQQO-StZROJs3HpeARXIfpZEKKWsE2K-ndG6EL3b7PR0Wqa4l1kXeckjorrU6_bCS-y_wVxPyq89odpLs-aXrcWnM5kr-v0FLaBJqcNw6yMRRYCA0mzDha471GAQspOAkZ3UC-sT7zYG1GDQGZoFfbDpnwM48:1q8zfR:wFWmnAD0fddrq3JZhZdr4g0tcMcxDLRxRFB1nsK_GG4', '2023-06-27 08:46:21.503373'),
('rw81ibpd0i1p55t6fw2vi140ed660gje', '.eJxVi8sKwjAQRf8laylpOnm5FPwE12FmkiFFrWCblfjvRuhC4a7OPeelEratpraWZ5qzOioT1OEXEvK1LN8HmR9t2YadDOc7zrdLd0678tdVXGuPKFqGkidBEyenIZggQRO57EocXQEkziLg0UfbF8ZMmixa0Cg2evX-AOpGNPA:1q91k0:N_ELqLoe5jDKuYRIuqvohOsRx_P_WAoJZpdMU6BV7IQ', '2023-06-27 10:59:12.961297'),
('rwwwyikbsyjonsopod1wsgfmzbz9t5wc', '.eJxVi80KwjAMgN-lZxkr2drEo-AjeC5pk9ChTnDrSXx3J-yg1-_n5RK3taa26DNN4o5ucIdflrlcdf4KLuXR5rXbSXe-83S7bM1pT_6-ykvdJvQgvRgjBEHJijJYAFP1vrBRBAwDZQ5jVjIAQymgPSHGkTUSufcH2uU1NQ:1q939l:TWfaQ7LDkFU5twk9N2DqsnAIye4msZ8qziyYuAvYjwM', '2023-06-27 12:29:53.935705'),
('ry75hp0lf4zh0aus8ec5cezasscv3c1c', '.eJxVjDEOwjAMRe-SGVUJrZ2EEYkjdI5sx1EqoEi0mRB3h0odYH3_vf8yidpaU1v0maZsTgbN4ZcxyVXnbSCRR5vXbifd5U7Tbfw651356yotdXtj54HAW4EwlHBUEc4xOwdBFIsEQEfIPTBL7FkQbCRvIwBp8YDm_QHBRjS0:1q8XTq:umInLmLxRFHbd--xlbryaCghXWw3ln_CON_x-vbhUWQ', '2023-06-26 02:40:30.041914'),
('rz4nb9l64n2z5efwq5xbgmb4a0sdbfcp', '.eJxVi70KwjAQgN8ls5S7tJc0joKP4BwulxwpagXbTOK7W6GDrt_Py0Rua41tKc84ZXM0aA6_LLFcy_wVLPJo89rtpDvfebpdtua0J39f5aVuU0H1MvpMmogdiSjo2IMNrEiKGUKgPPRWlaAAWl-gHxwwJnDEJOb9AcYbNGA:1q8cMR:E6ZJ4l07tKueXzNrwsp8f7o-W5HEl6LqHeNs-TOkFrU', '2023-06-26 07:53:11.236284'),
('rzf4u6wju9d7lqcuccilbjzaxkyzstcb', '.eJxVi70KwjAQgN8ls5S7tJc0joKP4BwulxwpagXbTOK7W6GDrt_Py0Rua41tKc84ZXM0aA6_LLFcy_wVLPJo89rtpDvfebpdtua0J39f5aVuU0H1MvpMmogdiSjo2IMNrEiKGUKgPPRWlaAAWl-gHxwwJnDEJOb9AcYbNGA:1q4yA1:bfz2uKIxDscAsWcm0QT_BLesERQQwGG2ECobLdO8Fhs', '2023-06-16 06:21:17.371157'),
('s0eirqa0ckayoyaap4gupznn5v8voe7q', '.eJxVi8sKwjAUBf8layn2JmkSl4Kf4DrcV0hRK_SxEv_dCF3o6sCcmZfJuK01b4vOeRRzMs4cfhkh33T6Hsj83Ka120l3eeB4vzbnvCt_XcWltqiQOjtI8egY1MvRFscpUOoBfNGo0SWK1IYH8CwBbFLmHoJYigLm_QHVazUW:1q3teU:mDajuIhjnLXXFGEn2thMXykSjY9Y9nsvFweT74WEQxc', '2023-06-13 07:20:18.331979'),
('s1hqhirvqer7xjo81vnevkn96hew7hcm', '.eJxVi70KwjAQgN8ls5S7tJc0joKP4BwulxwpagXbTOK7W6GDrt_Py0Rua41tKc84ZXM0aA6_LLFcy_wVLPJo89rtpDvfebpdtua0J39f5aVuU0H1MvpMmogdiSjo2IMNrEiKGUKgPPRWlaAAWl-gHxwwJnDEJOb9AcYbNGA:1q6dRq:mneo_2D6kEfvwXFPXPDZdbhxs8aYfEb8XOdVH88qRfo', '2023-06-20 20:38:34.936452'),
('s79vkyia1orx6b3levyclfvnta4u2cnq', '.eJxVi0sKwjAQQO-StZROJs3HpeARXIfpZEKKWsE2K-ndG6EL3b7PR0Wqa4l1kXeckjorrU6_bCS-y_wVxPyq89odpLs-aXrcWnM5kr-v0FLaBJqcNw6yMRRYCA0mzDha471GAQspOAkZ3UC-sT7zYG1GDQGZoFfbDpnwM48:1q90nJ:YLdT84U-q1DEZMNWf_Y0rXfGWnMcKf1_Itxt75Fn-Js', '2023-06-27 09:58:33.474114'),
('s8lrslj1v3ufsdwcn2s55sa200q3zyy1', '.eJxViz0OwjAMRu_iGVUmTkrMiMQRmCPXcZUKKBJtJsTdCVIH2L6f916QpK4l1cWeacpwBA-7320Qvdr8PUT1Uee125bufJfpdmnMaUP-vCJLaZJjUmEOXvYaW3CBI7G2rnlkjJSDY2_BsmCPB2QyswHJ9y7qiAjvD6KaM_M:1q4akW:SFf77mqpwx57sm7Z3aYoM32qHSYzA_6MFlv4tqTsglY', '2023-06-15 05:21:24.667291'),
('s8rrwuifb9g19nnxpz9rs40pqvl865k5', '.eJxVi0sKwjAQhu-StZRMElvjUvAIrsNk8g8pagXbrMS7W6EL3X6Pl0nclprajGcaizmaQGb3CzPLFdPXsMijTUu3ke585_F2WZvTlvx9lee6TiR7dQrlmInEUuYQ6RDgyQHknNVBhaBqUWz0pY9w8CWjl-IHJfP-APg5NbI:1q8z3N:WnpcScXruduVq-l-FTRTT6xLQfJ1KNbYqrw5o9FnlpY', '2023-06-27 08:07:01.217648'),
('s93wxjy93x4sm9c1qt6e6vt78a39nj3f', '.eJxVi70OwiAQgN-F2TQHB1dxNPERnMlxQGjUmrRlMr5726SDrt_PRwVuSw1tzlMYkroo3avTL4wsjzzuhkXebVy6g3S3Fw_P-9Zcj-TvqzzXbcrIaBCiYW2ppAQOwHkDDILalrMHgB58iZGMsT5pDeIskSNCZBL1XQGunzMp:1q65F5:Hdj9rMBIfqq0k0l61pcqaw4hq7G8h6s1BvOUrs3CVIE', '2023-06-19 08:07:07.488655'),
('sakh3p1h4gx1opyjxhu4x32maj9txb3g', '.eJxVi70OwiAQgN-F2TQIRwFHkz5CZ3LcHaFRa9KWyfju1qSDrt_PSyVsW01tlSVNrC4K1OmXZaSbzF-BRM82b91BuuGB033cm-uR_H0V17pPAb0VKDoKkslitGX2juUsnkRn6RFMz8zgMMSigy0ZXPG5CBBE0er9AeVgNcg:1q3aOr:F7RLHQqrehmBHkSYV9wvOM-dFa_5fErQA-2fIkxXkZg', '2023-06-12 10:46:53.551270'),
('sb3ge9vn02vi9gabkzhjdxj9gzyee80a', '.eJxVi70KwjAQgN8lsxSTXJKeo-AjOJfL3YUUtULbTOK7W6GDrt_PywzU1jq0RedhFHMyHs3hF2bim05fQ8zPNq3dTrrLg8b7dWvOe_L3VVrqNmUJIL7PLoRocyEFJ8rFWx-pB7RBERwkiumIViMIFsCcEhOrVQHz_gDhTzTo:1q8fQ0:ge7Rwk45uVjoaA7QmJk4sluEoUXpxmRtC4x_SNoAuMg', '2023-06-26 11:09:04.871654'),
('sb6pvz9fkr7weg9bzht8dghcez9e5jan', '.eJxVi0sKwjAQQO-StZROPibjUvAIrsNkkiFFrdA2K_HubaEL3b7PR0VqS41tLlMcsroo49TpFybiRxl3Q8zvNi7dQbrbi4bnfWuuR_L3VZrrNnljCKgHkBTQ65QZrT8jO07i2WqyKGJJKFASAMha616cD8ZlxJLVdwXilTUK:1q8yna:zAjRoMZ38AvSkdpfgUy5YGEQBJhTRDrGcjJooMhUruk', '2023-06-27 07:50:42.078574'),
('sfpbkmjp0zx2r340v134eimm97wqksu4', '.eJxVi70KwjAQgN8ls5S7tJc0joKP4BwulxwpagXbTOK7W6GDrt_Py0Rua41tKc84ZXM0aA6_LLFcy_wVLPJo89rtpDvfebpdtua0J39f5aVuU0H1MvpMmogdiSjo2IMNrEiKGUKgPPRWlaAAWl-gHxwwJnDEJOb9AcYbNGA:1q6TuD:wXgOE022KjmdQVRLmJvbbHcqS4wlEqibJQPn8apPtXw', '2023-06-20 10:27:13.068614'),
('sgcnwi6cbwdhgoimsh6lcdriufnh9305', '.eJxVi0sKwjAQQO8yaylO_nEpeATXYTKTkKJWaJuVeHcrdKHb93lBor621Jcyp1HgBBjh8Asz8a1MX0PMzz6tw06Gy4PG-3Vrznvy9zVa2jZZIW8z-hKMZg7CupairBOvxCEGpWKkesRQ0ZB3JmbUujrMpMiJFXh_AOCeNKk:1q6ngC:HC8phL_lHupcNHFANnHdH_R2FYo28izKKbXsfYwp4aI', '2023-06-21 07:34:04.201948'),
('sgh3dmke12zkklmjnvfkteng2ja427f4', '.eJxVi70KwjAQgN_lZilJc7kLjoKP4BwuyYUUtYJtJvHdrdBB1-_nBVH62mJf9BmnAkdgOPyyJPmq81dIzo8-r8NOhvNdpttla0578vc1Wdo2qXdV1fOoaDyyY0y1JGvElsQkjBoseUfBKYY6JipIEmp2hgVz9fD-ALeQNH4:1q8ytq:ib0s1wFxMsNO03R0J7UZpPFyplpaO0qK_JogidBZZiw', '2023-06-27 07:57:10.379193'),
('sj5wgokym62kaickpwema48hju6z0r7m', '.eJxVi70KwjAQgN8ls5S7tJc0joKP4BwulxwpagXbTOK7W6GDrt_Py0Rua41tKc84ZXM0aA6_LLFcy_wVLPJo89rtpDvfebpdtua0J39f5aVuU0H1MvpMmogdiSjo2IMNrEiKGUKgPPRWlaAAWl-gHxwwJnDEJOb9AcYbNGA:1q655t:D6KNT2tHJ_7hMmY9m4aow2gboSyEJqXU-N-htf7DzgY', '2023-06-19 07:57:37.563946'),
('snnnhmx4dw5275pjvypw38p56o19pkin', '.eJxVi70KwjAQgN8ls5S7tJc0joKP4BwulxwpagXbTOK7W6GDrt_Py0Rua41tKc84ZXM0aA6_LLFcy_wVLPJo89rtpDvfebpdtua0J39f5aVuU0H1MvpMmogdiSjo2IMNrEiKGUKgPPRWlaAAWl-gHxwwJnDEJOb9AcYbNGA:1q7Wml:LYzeuWiRudIbM9YE1FEgdnNMEDi9Bj_zFvNZ1BKZu34', '2023-06-23 07:43:51.881537'),
('sozesxqsnodmv8i4p1ivgyymcdzykzjw', '.eJxVi0sKwjAQQO-StZROJs3HpeARXIfpZEKKWsE2K-ndG6EL3b7PR0Wqa4l1kXeckjorrU6_bCS-y_wVxPyq89odpLs-aXrcWnM5kr-v0FLaBJqcNw6yMRRYCA0mzDha471GAQspOAkZ3UC-sT7zYG1GDQGZoFfbDpnwM48:1q8K2n:dcjwh4Jr6C5y0_fdqC0Oh6ed3kJrGF3BxAflz9fWBEs', '2023-06-25 12:19:41.489812'),
('ssjmm156axa30ppogvznj07wpqdq7oh3', '.eJxVi70OwiAQgN-F2TQHB1dxNPERnMlxQGjUmrRlMr5726SDrt_PRwVuSw1tzlMYkroo3avTL4wsjzzuhkXebVy6g3S3Fw_P-9Zcj-TvqzzXbcrIaBCiYW2ppAQOwHkDDILalrMHgB58iZGMsT5pDeIskSNCZBL1XQGunzMp:1q6ny3:CcuhXiq4V50DlXO-ZUmHoWeKq2wX12QDgXU3s6QxuSk', '2023-06-21 07:52:31.686364'),
('stubaiai2exuc3hksu9knnsmgmyx4s36', '.eJxVi80KwjAMgN-lZxkr2drEo-AjeC5pk9ChTnDrSXx3J-yg1-_n5RK3taa26DNN4o5ucIdflrlcdf4KLuXR5rXbSXe-83S7bM1pT_6-ykvdJvQgvRgjBEHJijJYAFP1vrBRBAwDZQ5jVjIAQymgPSHGkTUSufcH2uU1NQ:1q91c8:iWc27i3AIL_gFUr6fYdQSkJUsrDrJFrE-KvXz8RQ38s', '2023-06-27 10:51:04.692643'),
('sz58e206627omf4w7bo1ay95cbx3glgy', '.eJxVi80KwjAMgN-lZxkr2drEo-AjeC5pk9ChTnDrSXx3J-yg1-_n5RK3taa26DNN4o5ucIdflrlcdf4KLuXR5rXbSXe-83S7bM1pT_6-ykvdJvQgvRgjBEHJijJYAFP1vrBRBAwDZQ5jVjIAQymgPSHGkTUSufcH2uU1NQ:1q8guO:qqncnib-TuisCN_c7WPea9mIAQxDEfSroCeWShgKXx0', '2023-06-26 12:44:32.241466'),
('szqiil3u6yhkvdttxxjkksl6ngnrohp7', '.eJxVi0sKwjAQQO-StZROPibjUvAIrsNkkiFFrdA2K_HubaEL3b7PR0VqS41tLlMcsroo49TpFybiRxl3Q8zvNi7dQbrbi4bnfWuuR_L3VZrrNnljCKgHkBTQ65QZrT8jO07i2WqyKGJJKFASAMha616cD8ZlxJLVdwXilTUK:1q8ym7:7p962psSpO0xmxHDxwrw_ZObxEQ-gfYtixhuTGLsjTE', '2023-06-27 07:49:11.368229'),
('szs8itn1msn2v2ycfmerr3b9o5s4fnbb', '.eJxVi80KwjAMgN-lZxkr2drEo-AjeC5pk9ChTnDrSXx3J-yg1-_n5RK3taa26DNN4o5ucIdflrlcdf4KLuXR5rXbSXe-83S7bM1pT_6-ykvdJvQgvRgjBEHJijJYAFP1vrBRBAwDZQ5jVjIAQymgPSHGkTUSufcH2uU1NQ:1q90ow:vCCrSwimhLBUyno5EzE_yqEo_AL5cFJMVNSPvKJc7co', '2023-06-27 10:00:14.071385'),
('t2dx8lkkz7qmjv221ggxzaoyf4sbj6eg', '.eJxVi70KwjAQgN8ls5S7tJc0joKP4BwulxwpagXbTOK7W6GDrt_Py0Rua41tKc84ZXM0aA6_LLFcy_wVLPJo89rtpDvfebpdtua0J39f5aVuU0H1MvpMmogdiSjo2IMNrEiKGUKgPPRWlaAAWl-gHxwwJnDEJOb9AcYbNGA:1q8cMJ:DNkPv1cHICBWTk3qv6c96VgTtHAgQKua0ctm20Tf7-k', '2023-06-26 07:53:03.109079'),
('t4bhp4une53ozzamei0issnpgvutvwd0', '.eJxVi0sKwjAQQO-StZROJs3HpeARXIfpZEKKWsE2K-ndG6EL3b7PR0Wqa4l1kXeckjorrU6_bCS-y_wVxPyq89odpLs-aXrcWnM5kr-v0FLaBJqcNw6yMRRYCA0mzDha471GAQspOAkZ3UC-sT7zYG1GDQGZoFfbDpnwM48:1q647B:1xwPOvIEFXQDqxvER_7B_CGsPduXCwieQ3EDOtC20X8', '2023-06-19 06:54:53.532813'),
('tbayxhcf4k8tblikmn3e4om5zarwm2iz', '.eJxVi0sKwjAQQO-StZROJs3HpeARXIfpZEKKWsE2K-ndG6EL3b7PR0Wqa4l1kXeckjorrU6_bCS-y_wVxPyq89odpLs-aXrcWnM5kr-v0FLaBJqcNw6yMRRYCA0mzDha471GAQspOAkZ3UC-sT7zYG1GDQGZoFfbDpnwM48:1q6Q5J:cprbANhuxehMTdrzwuzhJP-Dd1d4JgSaEuJIevhN6tA', '2023-06-20 06:22:25.420996'),
('tbpeyuhw865kh04h909bw80ibac78mop', '.eJxVi0sKwjAQQO-StZROJs3HpeARXIfpZEKKWsE2K-ndG6EL3b7PR0Wqa4l1kXeckjorrU6_bCS-y_wVxPyq89odpLs-aXrcWnM5kr-v0FLaBJqcNw6yMRRYCA0mzDha471GAQspOAkZ3UC-sT7zYG1GDQGZoFfbDpnwM48:1q91Qz:cXII88Qq7LoB365-lN7efHn4ejinQYXR70p5lPBsSC0', '2023-06-27 10:39:33.014372'),
('td4ny37ckqqt4asyoic8g4v3456wefsm', '.eJxVi70KwjAQgN8ls5S7tJc0joKP4BwulxwpagXbTOK7W6GDrt_Py0Rua41tKc84ZXM0aA6_LLFcy_wVLPJo89rtpDvfebpdtua0J39f5aVuU0H1MvpMmogdiSjo2IMNrEiKGUKgPPRWlaAAWl-gHxwwJnDEJOb9AcYbNGA:1q6S2e:cnNOjtwEtRT0ZjAgoYiPtFpoYCFqN-nCQt7ODD-ocFM', '2023-06-20 08:27:48.793574'),
('td4veq2fo6av07i9mgtvs6j9ftvytu8u', '.eJxVi0sKwjAQQO-StZR8ZhLGpeARXIdpZkKKWsE2K_HuVuhCt-_zMpn72nJf9JknMUcDwRx-4cjlqvPXcCmPPq_DTobznafbZWtOe_L3NV7aNjkaUV1QzzZ5qkQUMVah4EbHABVUUqhoLYoHF6WAaCpok1UUFjTvD8coNHo:1q915I:oO24btU9UVv4pLjYFOahxvfN9PEPqEj0MjWXYy51k7I', '2023-06-27 10:17:08.916676'),
('teur92epdgj2l4dvh9xcr84siyc7yuuy', '.eJxVi70KwjAQgN_lZilJc7kLjoKP4BwuyYUUtYJtJvHdrdBB1-_nBVH62mJf9BmnAkdgOPyyJPmq81dIzo8-r8NOhvNdpttla0578vc1Wdo2qXdV1fOoaDyyY0y1JGvElsQkjBoseUfBKYY6JipIEmp2hgVz9fD-ALeQNH4:1q7YTe:HTKN6eB5yvHm-rQHJgfCqfPkMXOZ7aECu5bBkN2bxHU', '2023-06-23 09:32:14.308630'),
('tiqokfo3qu0qr4l22zio3odzxb2tez7c', '.eJxVi80KwjAMgN-lZxkr2drEo-AjeC5pk9ChTnDrSXx3J-yg1-_n5RK3taa26DNN4o5ucIdflrlcdf4KLuXR5rXbSXe-83S7bM1pT_6-ykvdJvQgvRgjBEHJijJYAFP1vrBRBAwDZQ5jVjIAQymgPSHGkTUSufcH2uU1NQ:1q6P37:FJpEgyu2Z0xBTf3YPpQhvpk5ZUSzBN74FSJRz4tx1Xk', '2023-06-20 05:16:05.180893'),
('tjnzg0mqidnwo2m4gwohiopjdrjehme2', '.eJxVi70KwjAQgN8ls5TcpTlyjoKP4ByuyYUUtYJtJvHdjdBB1-_nZaK0rca26jPO2RwNenP4hZOkqy5fIyk92rINOxnOd5lvl96c9uTvq7LWPtGkpIWZbUgcAChDKjlIQVVHXjOQG4msx2IDI6L1MHZYPATK1pn3B9XLM8Y:1q92tO:UZOd_8VTEDZ__2X-2M_Yvh62GLdapb_w68vUZfqQxD8', '2023-06-27 12:12:58.308777'),
('tojphwvunel5liwmz5ny6lukvc03p75i', '.eJxVi70KwjAQgN_lZilJc7kLjoKP4BwuyYUUtYJtJvHdrdBB1-_nBVH62mJf9BmnAkdgOPyyJPmq81dIzo8-r8NOhvNdpttla0578vc1Wdo2qXdV1fOoaDyyY0y1JGvElsQkjBoseUfBKYY6JipIEmp2hgVz9fD-ALeQNH4:1q939k:htikMqZPiQDXxPRnAcTB_pQEYoYhbcB2nr1ZFcMsC8E', '2023-06-27 12:29:52.523282'),
('tpe9t60o90iy129ldw2o1c6tm1wvattk', '.eJxVi0sKwjAQQO-StZROJs3HpeARXIfpZEKKWsE2K-ndG6EL3b7PR0Wqa4l1kXeckjorrU6_bCS-y_wVxPyq89odpLs-aXrcWnM5kr-v0FLaBJqcNw6yMRRYCA0mzDha471GAQspOAkZ3UC-sT7zYG1GDQGZoFfbDpnwM48:1q63lU:WyqrX7bCqRWbPR7ZO11wBDTAXzBPH1KfnO1Jiz5Jfyg', '2023-06-19 06:32:28.524015'),
('tq7r7er55afgmoknvr18r7hiq7jo2sxv', '.eJxVi70KwjAQgN8ls5S7tJc0joKP4BwulxwpagXbTOK7W6GDrt_Py0Rua41tKc84ZXM0aA6_LLFcy_wVLPJo89rtpDvfebpdtua0J39f5aVuU0H1MvpMmogdiSjo2IMNrEiKGUKgPPRWlaAAWl-gHxwwJnDEJOb9AcYbNGA:1q6d7q:K2LISeNRf1_pvMASiUSbDl-J8a1KYtt3iv_f4fYj7lY', '2023-06-20 20:17:54.355799'),
('trk35i8yf6n88fiaeghfmw13rjcjk2qw', '.eJxVi0sKwjAQhu-StRQzpn9bl4JHcB0mMxNa1Aq2WYl3N0IXuv0eLxe5rGMsiz3jpO7o4Ha_LLFcbf4KFnmUeW020pzvPN0utTltyd838jLWqUdmGDFlT0mDgrwE2zOZQBFAOYgKYFWztUktkfadH_IBA7rWvT_ZzTUz:1q92Mn:2xMqo_XYCHNOIzWcQetQgCCGrTDzP1ofJf8W8RK7TGU', '2023-06-27 11:39:17.211107'),
('tu8w5nbqy9pidcn5f1exbjd8017dhrdn', '.eJxVi70KwjAQgN8ls5TcpTlyjoKP4ByuyYUUtYJtJvHdjdBB1-_nZaK0rca26jPO2RwNenP4hZOkqy5fIyk92rINOxnOd5lvl96c9uTvq7LWPtGkpIWZbUgcAChDKjlIQVVHXjOQG4msx2IDI6L1MHZYPATK1pn3B9XLM8Y:1q8dqB:U9hvJMjtiiQEeXBDuV5HSQr-5Dcb5hqoxlHwYrMOjE0', '2023-06-26 09:27:59.415925'),
('twjmu0e2xbdezuec8qvswpoij6tbp9l0', '.eJxVi80KwjAMgN-lZxkr2drEo-AjeC5pk9ChTnDrSXx3J-yg1-_n5RK3taa26DNN4o5ucIdflrlcdf4KLuXR5rXbSXe-83S7bM1pT_6-ykvdJvQgvRgjBEHJijJYAFP1vrBRBAwDZQ5jVjIAQymgPSHGkTUSufcH2uU1NQ:1q8gVE:pquVXnxUs5mUz9gLYLZ6s8XAsE_Y7kndWhBVQGXkUHk', '2023-06-26 12:18:32.917479'),
('txpe2rxzwabsu4gpkydfugasls9hrmoy', '.eJxVi8sKwjAQRf8laylpOnm5FPwE12FmkiFFrWCblfjvRuhC4a7OPeelEratpraWZ5qzOioT1OEXEvK1LN8HmR9t2YadDOc7zrdLd0678tdVXGuPKFqGkidBEyenIZggQRO57EocXQEkziLg0UfbF8ZMmixa0Cg2evX-AOpGNPA:1q6jTS:MCSpdQ7CZcCvz98f6gtFpdqnJYSRVVpmWyMvrrzFF2k', '2023-06-21 03:04:38.653339'),
('txxps32flcemrxtjuys9vsu59t7rcx95', '.eJxVi0sKwjAQQO-StZROJs3HpeARXIfpZEKKWsE2K-ndG6EL3b7PR0Wqa4l1kXeckjorrU6_bCS-y_wVxPyq89odpLs-aXrcWnM5kr-v0FLaBJqcNw6yMRRYCA0mzDha471GAQspOAkZ3UC-sT7zYG1GDQGZoFfbDpnwM48:1q6EYe:Glf65MBFloTzKUft6fGxmlR86gB9YeqONE9h4Rxi8xY', '2023-06-19 18:03:56.196239'),
('tynts5pa6tbj69x0y8cl9bjo16vu8cjv', '.eJxVi70KwjAQgN_lZilJc7kLjoKP4BwuyYUUtYJtJvHdrdBB1-_nBVH62mJf9BmnAkdgOPyyJPmq81dIzo8-r8NOhvNdpttla0578vc1Wdo2qXdV1fOoaDyyY0y1JGvElsQkjBoseUfBKYY6JipIEmp2hgVz9fD-ALeQNH4:1q7JTA:gATA-E-4BVCg_2yeC_JY74-EZt8sWOR8je-2zeemwE8', '2023-06-22 17:30:44.841260'),
('tz0sks999lushtue08mmio854aw5vm23', '.eJxVi8sKwjAQRf8layl5Ncm4FPwE12EmmZCiVrDNSvrvjdCFri6ce85HRGxrjW3hd5yyOAvtxekXEqY7z98HU3q1eR0OMlyfOD1u3bkcyl9Xcak9IgbI6ElJW6wqiSzovnLUxFyCM1DyaACM4pxRe-28cSGAL4ZYBhbbDuoQNMY:1q79Ya:X0kM_qL_G7vka5_exmY3_ua63Gj9faLzwTs9uTHJOcA', '2023-06-22 06:55:40.144482'),
('u2jhddf4kprjktzrorm6807sbzfh0bnh', '.eJxVi0sKwjAQQO-StZROJs3HpeARXIfpZEKKWsE2K-ndG6EL3b7PR0Wqa4l1kXeckjorrU6_bCS-y_wVxPyq89odpLs-aXrcWnM5kr-v0FLaBJqcNw6yMRRYCA0mzDha471GAQspOAkZ3UC-sT7zYG1GDQGZoFfbDpnwM48:1q6mu8:D_NE5ufqVnR8-e8i0CvFibFW1ZUg8lVd-NUPPXC0RTk', '2023-06-21 06:44:24.492108'),
('u4vxb96z4dpntw1tjglcxz1iaq33otor', '.eJxVi70KwjAQgN8ls5TcpTlyjoKP4ByuyYUUtYJtJvHdjdBB1-_nZaK0rca26jPO2RwNenP4hZOkqy5fIyk92rINOxnOd5lvl96c9uTvq7LWPtGkpIWZbUgcAChDKjlIQVVHXjOQG4msx2IDI6L1MHZYPATK1pn3B9XLM8Y:1q6s8X:E60JBKU4ehyiZNH-sM0hJEGZyS2SemSPkEH1QEy0-fI', '2023-06-21 12:19:37.966634'),
('u54m9zy8o8yyw6k7hilltqrxgvm48o0d', '.eJxVi0EOwiAURO_C2jS0wAdcmngE12T4_IRGrYktK-PdxaQLXc6b914qoW01tVWeaS7qqKw6_LIMvsryPcD8aMs27GQ43zHfLt057cpfV7HWHpXALhAkknU5Cgc_askRoVgCsevDYjRkMshm6ClOIoUYGuxhvHp_AMqpNSs:1q4JSR:mMa70NM7TWblQfMmAVrltULSFzdK71ZjfZP2VUDagiM', '2023-06-14 10:53:35.912681'),
('u7tvrg87rcj2prtgmvjyw5susudw5sq7', '.eJxVi70OwiAQgN-F2TQHB1dxNPERnMlxQGjUmrRlMr5726SDrt_PRwVuSw1tzlMYkroo3avTL4wsjzzuhkXebVy6g3S3Fw_P-9Zcj-TvqzzXbcrIaBCiYW2ppAQOwHkDDILalrMHgB58iZGMsT5pDeIskSNCZBL1XQGunzMp:1q6lVh:pj2wu1nTCci1NLLm0MKY-EHr-ePuxMCsRbfnMXZv7gA', '2023-06-21 05:15:05.001130'),
('udkyc1xntc7znrupq44ttbtzbavtf4ov', '.eJxVi70KwjAQgN8ls5S7tJc0joKP4BwulxwpagXbTOK7W6GDrt_Py0Rua41tKc84ZXM0aA6_LLFcy_wVLPJo89rtpDvfebpdtua0J39f5aVuU0H1MvpMmogdiSjo2IMNrEiKGUKgPPRWlaAAWl-gHxwwJnDEJOb9AcYbNGA:1q3Z6w:OSFBYwQOIbsQ9T3qE_TG3wtkWMsQgnB1fPWNvEJY11o', '2023-06-12 09:24:18.890706'),
('udmnsh9f3nhvkyvls0hmoe5o97s42ysf', '.eJxVi70KwjAQgN8ls5S7tJc0joKP4BwulxwpagXbTOK7W6GDrt_Py0Rua41tKc84ZXM0aA6_LLFcy_wVLPJo89rtpDvfebpdtua0J39f5aVuU0H1MvpMmogdiSjo2IMNrEiKGUKgPPRWlaAAWl-gHxwwJnDEJOb9AcYbNGA:1q63IV:Ynq5vGe0MLz3AMK44zZf6PutQb9MoGFzoVnhjcHyVF0', '2023-06-19 06:02:31.027390'),
('ue5vow8jbo1gygjwmaowoccfrrcvc7u5', '.eJxVi80KwjAMgN-lZxlN2JrFo-AjeC5pmtKhTnDrSXx3J-yg1-_n5aK0tca22DNO2R1d7w6_LIlebf4KUX20ee120p3vMt0uW3Pak7-vylK3CYdgGYFYPCYOPdlYFHvMpoSMYQymjAA8QPZkYJ4KlcRiAgQK7v0Bn_w0Gw:1q4yAS:GbtbgRddv9UUR6AjmUZWUa6nJSJhLjANGnz3slUOv98', '2023-06-16 06:21:44.754425'),
('ug2ki7sdls9128oy58mga0yqhm1bul0t', '.eJxVi8sKwjAQRf8laylpOnm5FPwE12FmkiFFrWCblfjvRuhC4a7OPeelEratpraWZ5qzOioT1OEXEvK1LN8HmR9t2YadDOc7zrdLd0678tdVXGuPKFqGkidBEyenIZggQRO57EocXQEkziLg0UfbF8ZMmixa0Cg2evX-AOpGNPA:1q6ja5:1o35SmIDE0VNEDhRGmUiZtNd7nxhbJ0GX5crdlUomHs', '2023-06-21 03:11:29.167089'),
('ugeeu7ib3dfjx8v0x0gihiuw30fiuohs', '.eJxVi0EOwiAQRe_C2jRQKMO4NPEIrskwDKFRa2LLynh3MelCl__9914qUttqbKs845zVUY2oDr8wEV9l-T7E_GjLNuxkON9pvl26c9qVv67SWnuUJ-s0ueCT0wBIKCkICHBf1he2drJJyHFxhgG0wUIew4iM2Rcx6v0B0Ik0lw:1q8djY:T-mdqajhCYCs20C3hRYFszfCdLXuvVDygl3t5QRoVnY', '2023-06-26 09:21:08.384920'),
('ugf3q03popa8ik2b36oa5win638ffys0', '.eJxVi8sKwjAUBf8laylpcpM2LgU_wXW4r5KiVrDNSvx3I3ShZzkz52Uy1q3kuuozz2KOpk_m8AsJ-arL1yDzoy5bt5PufMf5dmnNaU_-fgXX0k4ORj8msMKMoOQj9wTOk5NIoY2cnyCoDaoy2eAHELIuNjtIshrN-wPTsTSc:1q90nu:OJwOCdnrfBcd5wCuPGQSwSFGeFkXSuGOaWwLxQwOOqg', '2023-06-27 09:59:10.307333'),
('ugp0iqkzbx6zab9tdm1m2phpcnqe9aqd', '.eJxVi70KwjAQgN8ls5S7tJc0joKP4BwulxwpagXbTOK7W6GDrt_Py0Rua41tKc84ZXM0aA6_LLFcy_wVLPJo89rtpDvfebpdtua0J39f5aVuU0H1MvpMmogdiSjo2IMNrEiKGUKgPPRWlaAAWl-gHxwwJnDEJOb9AcYbNGA:1q3a8R:zyBWEj__KmSHLRRikJFG8b2fabGCJghnD4NU3p599zQ', '2023-06-12 10:29:55.692354'),
('uksm6xmpzbkvv0289aa28f86oro8ln7n', '.eJxVi0sKwjAQQO-StZROJs3HpeARXIfpZEKKWsE2K-ndG6EL3b7PR0Wqa4l1kXeckjorrU6_bCS-y_wVxPyq89odpLs-aXrcWnM5kr-v0FLaBJqcNw6yMRRYCA0mzDha471GAQspOAkZ3UC-sT7zYG1GDQGZoFfbDpnwM48:1q8aMB:Aldd2pkb6XoywnWpsAGsFwlXEBcgCnh1EgeJ9GuTIIA', '2023-06-26 05:44:47.992333');
INSERT INTO `django_session` (`session_key`, `session_data`, `expire_date`) VALUES
('umy9h0utrqicrbwhqasaqn66sju6bb2m', '.eJxVi70KwjAQgN8ls5S7tJc0joKP4BwulxwpagXbTOK7W6GDrt_Py0Rua41tKc84ZXM0aA6_LLFcy_wVLPJo89rtpDvfebpdtua0J39f5aVuU0H1MvpMmogdiSjo2IMNrEiKGUKgPPRWlaAAWl-gHxwwJnDEJOb9AcYbNGA:1q8Fbq:FHi2RGiF9IEi5BsIpNJZukzVfAB-aEvoAOJj60FsDZ0', '2023-06-25 07:35:34.866523'),
('up0pwc0umnnzrc1ro6d5ta2vi8y9as1r', '.eJxVi0sKwjAQQO-StZROJs3HpeARXIfpZEKKWsE2K-ndG6EL3b7PR0Wqa4l1kXeckjorrU6_bCS-y_wVxPyq89odpLs-aXrcWnM5kr-v0FLaBJqcNw6yMRRYCA0mzDha471GAQspOAkZ3UC-sT7zYG1GDQGZoFfbDpnwM48:1q6Ebd:b-GkHjLLOBfWDzaJOybwgyXjgcwnaBjiFzegX0Z4Jh0', '2023-06-19 18:07:01.323794'),
('uptzbmqy4vki6771444qt0biud080ti8', '.eJxVi70KwjAQgN8ls5TcpTlyjoKP4ByuyYUUtYJtJvHdjdBB1-_nZaK0rca26jPO2RwNenP4hZOkqy5fIyk92rINOxnOd5lvl96c9uTvq7LWPtGkpIWZbUgcAChDKjlIQVVHXjOQG4msx2IDI6L1MHZYPATK1pn3B9XLM8Y:1q8e5u:qXGrOGrtzYF4-RuX-ype3mi1QOKddss_i_qmFyjv9z4', '2023-06-26 09:44:14.018860'),
('ut2c5cqngn9lqr7jbzuwmzf4xmptgkrw', '.eJxVi0EOwiAQRe_C2jRQKMO4NPEIrskwDKFRa2LLynh3MelCl__9914qUttqbKs845zVUY2oDr8wEV9l-T7E_GjLNuxkON9pvl26c9qVv67SWnuUJ-s0ueCT0wBIKCkICHBf1he2drJJyHFxhgG0wUIew4iM2Rcx6v0B0Ik0lw:1q91Lp:5RHpHBA9lWMTEfpTBhN04MbtnDjGsgcGOmR_SuLvXrw', '2023-06-27 10:34:13.257104'),
('uvgmk9ugtzdwo59ls026y3322yjkgjrk', '.eJxVi70KwjAQgN8ls5S7tJc0joKP4BwulxwpagXbTOK7W6GDrt_Py0Rua41tKc84ZXM0aA6_LLFcy_wVLPJo89rtpDvfebpdtua0J39f5aVuU0H1MvpMmogdiSjo2IMNrEiKGUKgPPRWlaAAWl-gHxwwJnDEJOb9AcYbNGA:1q6lcX:fjGLjM7bqaSV1dV904HI9RxiMTt5iMHnb2VT-WkNS7M', '2023-06-21 05:22:09.577601'),
('uvocploea58rkv6vk3eto8kxxo0hndcm', '.eJxVi70KwjAQgN8ls5S7tJc0joKP4BwulxwpagXbTOK7W6GDrt_Py0Rua41tKc84ZXM0aA6_LLFcy_wVLPJo89rtpDvfebpdtua0J39f5aVuU0H1MvpMmogdiSjo2IMNrEiKGUKgPPRWlaAAWl-gHxwwJnDEJOb9AcYbNGA:1q92YY:iIyzF5qisuTLieQal8sqgqcv7iNSmjvV9kHMJwSCQdU', '2023-06-27 11:51:26.782773'),
('uxa3knaiavnh7rki2wy0ifnsxs4449mr', '.eJxVi70KwjAQgN8ls5S7tJc0joKP4BwulxwpagXbTOK7W6GDrt_Py0Rua41tKc84ZXM0aA6_LLFcy_wVLPJo89rtpDvfebpdtua0J39f5aVuU0H1MvpMmogdiSjo2IMNrEiKGUKgPPRWlaAAWl-gHxwwJnDEJOb9AcYbNGA:1q8vhx:yy8sLUGko5ZFYKWwgglLg7Ipey6mf3foqM6T-7pUGlg', '2023-06-27 04:32:41.195585'),
('uxgklq5mb9v0aaqq9di1vn832zay4a68', '.eJxVi0sKwjAQQO-StZROJs3HpeARXIfpZEKKWsE2K-ndG6EL3b7PR0Wqa4l1kXeckjorrU6_bCS-y_wVxPyq89odpLs-aXrcWnM5kr-v0FLaBJqcNw6yMRRYCA0mzDha471GAQspOAkZ3UC-sT7zYG1GDQGZoFfbDpnwM48:1q8gjD:drSLI40oBnPAL06_BDHuMUWS6s3yiDSL1K32q7TMJns', '2023-06-26 12:32:59.393023'),
('uxr3e1fw9m5iftthdel453imlq32y0p5', '.eJxVi8sKwjAQRf8laylpOnm5FPwE12FmkiFFrWCblfjvRuhC4a7OPeelEratpraWZ5qzOioT1OEXEvK1LN8HmR9t2YadDOc7zrdLd0678tdVXGuPKFqGkidBEyenIZggQRO57EocXQEkziLg0UfbF8ZMmixa0Cg2evX-AOpGNPA:1q8cEW:hGxElDn23QeWHCfhfQNIi2bO4o5lj-O9CfWUSLxNTtM', '2023-06-26 07:45:00.583835'),
('uyce37e2t33cw5ux8xacgi03ygoezclt', '.eJxVi70KwjAQgN8ls5TcpTlyjoKP4ByuyYUUtYJtJvHdjdBB1-_nZaK0rca26jPO2RwNenP4hZOkqy5fIyk92rINOxnOd5lvl96c9uTvq7LWPtGkpIWZbUgcAChDKjlIQVVHXjOQG4msx2IDI6L1MHZYPATK1pn3B9XLM8Y:1q91Hl:SXAPWHld9h2YPgOHMBVRZ97DCqES-MCCOK8d7WcoXzA', '2023-06-27 10:30:01.510029'),
('v0vs0s4jcb09exwlshon3x62lvkerc88', '.eJxVi0sKwjAQQO-StZROJs3HpeARXIfpZEKKWsE2K-ndG6EL3b7PR0Wqa4l1kXeckjorrU6_bCS-y_wVxPyq89odpLs-aXrcWnM5kr-v0FLaBJqcNw6yMRRYCA0mzDha471GAQspOAkZ3UC-sT7zYG1GDQGZoFfbDpnwM48:1q3a9I:zR8dfHIGoTxCxMvsZu9LyuXgXLO-InQ9r9nkGeWPFiw', '2023-06-12 10:30:48.437743'),
('v1dy1o4hwsdydmy9shqdnq2fxzcj324l', '.eJxVi8sKwjAQRf8laymTVzN1KfgJXYd0MkOKWsE2q-K_G6EL3V3OPWdXMdWtxLryK85ZnZUBdfqFU6IbL98nET3rsnUH6a6PNN_H5lwO5a8raS0tygYYyJKAgAYMlskJtoE-EA5CoYfM7IQ5k_NZJmQ7oHXGa-pJq_cH5QI1EQ:1q3abd:I92U7U5aj0zwmrul91ED6jYFD1G8utHH76ODP-ogooc', '2023-06-12 11:00:05.464431'),
('v35dqgpatkky8j1950722gveedqpuf0o', '.eJxVjDEOwjAMRe-SGVUusaOUEYkjdI4c21UqoEi0mRB3h0od2vX99_7HJa5LSXW2dxrVXVxwpz3LLHeb1oFFXnVamo00tyePj_7vXDfl0BWey_rmMWbtiEigJUBlr0DEEXLwkAc6IzFKDkPLJgGgsyiIaqpkoOC-P6JnNIg:1q6rzW:O07WlxFi-J6p5e-Wc43xE4wSfQtTeffPJjNK3rosXWo', '2023-06-21 12:10:18.502061'),
('v3oz9ktazsld5c5kvugmqdhqhq2jx7zy', '.eJxVi70KwjAQgN8ls5S7tJc0joKP4BwulxwpagXbTOK7W6GDrt_Py0Rua41tKc84ZXM0aA6_LLFcy_wVLPJo89rtpDvfebpdtua0J39f5aVuU0H1MvpMmogdiSjo2IMNrEiKGUKgPPRWlaAAWl-gHxwwJnDEJOb9AcYbNGA:1q7WXg:oetSEdZ2chdS-g_tAk7ECrfo7f2LzL9_4aHxD0P8uRo', '2023-06-23 07:28:16.661121'),
('v94mxf1bv5aoeuta3qo6rctrnjbn5q5p', '.eJxVi80KwjAMgN-lZxkr2drEo-AjeC5pk9ChTnDrSXx3J-yg1-_n5RK3taa26DNN4o5ucIdflrlcdf4KLuXR5rXbSXe-83S7bM1pT_6-ykvdJvQgvRgjBEHJijJYAFP1vrBRBAwDZQ5jVjIAQymgPSHGkTUSufcH2uU1NQ:1q6jbA:Q2m6Cp1vCQsvvnBHIWOhrA2J2K6wDM_uBFqc3ckZUYg', '2023-06-21 03:12:36.465499'),
('vck5ys2lr61ecyap97hvud1heti21rrq', '.eJxVizEOAiEQRe9CbTYMBBgsTTyCNRmGIWzUNXGXynh3MdlCu5_333upRH1rqa_yTHNRR4Xq8Msy8VWW70HMj75s006m853m22U4p1356xqtbUTGu1ohinAoUJlBi88cAmjK0VkhzEUYwVRf7ZjRs5boMFs0jgDV-wPnSTVw:1q7a8e:arQLVK0_9eMB2W3pWhjDVpseffW-2fcwZTYxlJokcKg', '2023-06-23 11:18:40.100296'),
('vczcya00cw2h5twyz21op7q5ig6iyk20', '.eJxVi70KwjAQgN_lZilJc7kLjoKP4BwuyYUUtYJtJvHdrdBB1-_nBVH62mJf9BmnAkdgOPyyJPmq81dIzo8-r8NOhvNdpttla0578vc1Wdo2qXdV1fOoaDyyY0y1JGvElsQkjBoseUfBKYY6JipIEmp2hgVz9fD-ALeQNH4:1q8glN:EKAtxu9tqGJypePnpn_DpB86pC0HSENRb0NFU5GdA4E', '2023-06-26 12:35:13.437108'),
('vdgvac9z7h4f92jj0tlzp8cuj69xmgg6', '.eJxVi70KwjAQgN8ls5S7tJc0joKP4BwulxwpagXbTOK7W6GDrt_Py0Rua41tKc84ZXM0aA6_LLFcy_wVLPJo89rtpDvfebpdtua0J39f5aVuU0H1MvpMmogdiSjo2IMNrEiKGUKgPPRWlaAAWl-gHxwwJnDEJOb9AcYbNGA:1q3aP4:IVREMktB-PaNhfezbtlBAxH5eVIBO5VxGP8VhQqM05o', '2023-06-12 10:47:06.564566'),
('vemjl9m74rx2w0iy8yvs4yh0tgj7i0xd', '.eJxVi0sKwjAQQO-StZROJs3HpeARXIfpZEKKWsE2K-ndG6EL3b7PR0Wqa4l1kXeckjorrU6_bCS-y_wVxPyq89odpLs-aXrcWnM5kr-v0FLaBJqcNw6yMRRYCA0mzDha471GAQspOAkZ3UC-sT7zYG1GDQGZoFfbDpnwM48:1q6oFN:R22MGgOwfBSKgC-BY8tncma8_XhCcVxeFDn44CxdkWI', '2023-06-21 08:10:25.650771'),
('vf2nz6gb3cymec2jythljmvm9y77ywxl', '.eJxVi70OwiAQgN-F2TTAAYeOJj6CM7k7IDRqTdoyGd_dmnTQ9ft5qUR9bakvZU5jVicFXh1-IZPcyvQ1JPLs0zrsZLg8aLxft-a8J39fo6VtExMgcNSUOQQTBTyBBae5RGdzNgapoJARrKUGCxqZizNcCcjDEdX7A-WANRg:1q8efi:aAMBakUdbcXZ_UCrfmYEkor8Gux-1_fiIqjzfk5QfcI', '2023-06-26 10:21:14.052076'),
('vfbew3cffpzhy7e9ki9poojmxvtpjv8l', '.eJxVi70KwjAQgN8ls5S7tJc0joKP4BwulxwpagXbTOK7W6GDrt_Py0Rua41tKc84ZXM0aA6_LLFcy_wVLPJo89rtpDvfebpdtua0J39f5aVuU0H1MvpMmogdiSjo2IMNrEiKGUKgPPRWlaAAWl-gHxwwJnDEJOb9AcYbNGA:1q6cm5:c2NgwJpdh0rCV3ztm1sPcA7it-4Ih0Bkv8hhvJBIgGY', '2023-06-20 19:55:25.495595'),
('vkpp488xya8r4ku8uajeqx9vdl2mewpb', '.eJxVi80KwjAMgN-lZxkr2drEo-AjeC5pk9ChTnDrSXx3J-yg1-_n5RK3taa26DNN4o5ucIdflrlcdf4KLuXR5rXbSXe-83S7bM1pT_6-ykvdJvQgvRgjBEHJijJYAFP1vrBRBAwDZQ5jVjIAQymgPSHGkTUSufcH2uU1NQ:1q8cr6:pP5lmy5vBirvDYbfYvGy4sQVClO1CXtnWbgPxQWhw28', '2023-06-26 08:24:52.268509'),
('vmkxdlij8pglgz7ybh4v7m8x8v3h3imf', '.eJxVi80KwjAMgN-lZxkr2drEo-AjeC5pk9ChTnDrSXx3J-yg1-_n5RK3taa26DNN4o5ucIdflrlcdf4KLuXR5rXbSXe-83S7bM1pT_6-ykvdJvQgvRgjBEHJijJYAFP1vrBRBAwDZQ5jVjIAQymgPSHGkTUSufcH2uU1NQ:1q9A5H:oUn1djm0zZwvr77vbkCrx6P4H8Ru2GnPhDnbL5nAfM0', '2023-06-27 19:53:43.264361'),
('vnco969hrwzlvcjlh8d03vc8kxt2z9bg', '.eJxVi0sKwjAQQO-StZROJs3HpeARXIfpZEKKWsE2K-ndG6EL3b7PR0Wqa4l1kXeckjorrU6_bCS-y_wVxPyq89odpLs-aXrcWnM5kr-v0FLaBJqcNw6yMRRYCA0mzDha471GAQspOAkZ3UC-sT7zYG1GDQGZoFfbDpnwM48:1q4F2M:N9uO5DN6kZP_vjqhZoOu6TP6N3Drq6nEVAQ5rSaIbCE', '2023-06-14 06:10:22.004254'),
('vnjs34vlo658fx9nn2eldwnxi1h70959', '.eJxVi70OwiAQgN-F2TQHB1dxNPERnMlxQGjUmrRlMr5726SDrt_PRwVuSw1tzlMYkroo3avTL4wsjzzuhkXebVy6g3S3Fw_P-9Zcj-TvqzzXbcrIaBCiYW2ppAQOwHkDDILalrMHgB58iZGMsT5pDeIskSNCZBL1XQGunzMp:1q6Rsh:GkSYoBbLSI_7ZWkM7aQ9EG2jqvpIyKxSst7XNbIxWUk', '2023-06-20 08:17:31.405276'),
('vnr7md5jsy2etgc30v9tnqxpl8ksx0pd', '.eJxVi70KwjAQgN8ls5TcpTlyjoKP4ByuyYUUtYJtJvHdjdBB1-_nZaK0rca26jPO2RwNenP4hZOkqy5fIyk92rINOxnOd5lvl96c9uTvq7LWPtGkpIWZbUgcAChDKjlIQVVHXjOQG4msx2IDI6L1MHZYPATK1pn3B9XLM8Y:1q6Rzx:xqshYAzT-0T014OxJjitV0e6-f4WG4t_6CdZ_cvog-o', '2023-06-20 08:25:01.390899'),
('vokio97msfa031p3ht50vkd7pqzd3zz0', '.eJxVi8sKwjAUBf8laylpcpM2LgU_wXW4r5KiVrDNSvx3I3ShZzkz52Uy1q3kuuozz2KOpk_m8AsJ-arL1yDzoy5bt5PufMf5dmnNaU_-fgXX0k4ORj8msMKMoOQj9wTOk5NIoY2cnyCoDaoy2eAHELIuNjtIshrN-wPTsTSc:1q8mnu:2hybiqvtfuxVQE9fiBjS6bl0WqgCEEoUX4fze8LT_rs', '2023-06-26 19:02:14.198578'),
('vp73o9dlnqyndsq7g04glhbzzxbrbisf', '.eJxVi70KwjAQgN_lZilJc7kLjoKP4BwuyYUUtYJtJvHdrdBB1-_nBVH62mJf9BmnAkdgOPyyJPmq81dIzo8-r8NOhvNdpttla0578vc1Wdo2qXdV1fOoaDyyY0y1JGvElsQkjBoseUfBKYY6JipIEmp2hgVz9fD-ALeQNH4:1q7Izz:JKoJVkM6IR98ZRaSLkVmjVwzj0O2R4WSB3lfc-ceX7E', '2023-06-22 17:00:35.210715'),
('vqgi14v3mzisn9p5744i3ztc4z6y6bf1', '.eJxVi70KwjAQgN8ls5S7tJc0joKP4BwulxwpagXbTOK7W6GDrt_Py0Rua41tKc84ZXM0aA6_LLFcy_wVLPJo89rtpDvfebpdtua0J39f5aVuU0H1MvpMmogdiSjo2IMNrEiKGUKgPPRWlaAAWl-gHxwwJnDEJOb9AcYbNGA:1q3YkM:WGprR7DOaI9Ja7Om1JgJb9J4alA4NUeiAaJ1Xlgn7hI', '2023-06-12 09:00:58.410369'),
('vs23tg2kn71rh68aaku7zo9dztbhajok', '.eJxVjDsOwjAQBe_iGkXx2jg2JRJHoLb245UjIEj5VIi7Y6QU0M6beS-TcVtr3pYy51HMyYAzh19IyLcyfRdkfm7T2u2kuzxwvF-bc96Vv67iUlvUJxYQK33wSUBLAW4_ybtEQxkSW1YUif4YIXpyoGRJiwZS9uJCMu8PAzc2AQ:1q6QSb:xcJ4aC6V9kjG3HvRu0tPuwq4C5_IVuoej9EzpWFUxSg', '2023-06-20 06:46:29.777725'),
('vstj907hmsnyu2zl0nbtzixye0q1gjp7', '.eJxVi0sKwjAQQO-StZROJs3HpeARXIfpZEKKWsE2K-ndG6EL3b7PR0Wqa4l1kXeckjorrU6_bCS-y_wVxPyq89odpLs-aXrcWnM5kr-v0FLaBJqcNw6yMRRYCA0mzDha471GAQspOAkZ3UC-sT7zYG1GDQGZoFfbDpnwM48:1q6clv:sbv8EXIY03ydveKrc6V4imz8XoETK1ctKGuMvyVotBI', '2023-06-20 19:55:15.393102'),
('vuph8l53y60beseyos3w1xbvmfizfxvb', '.eJxVi70KwjAQgN8ls5S7tJc0joKP4BwulxwpagXbTOK7W6GDrt_Py0Rua41tKc84ZXM0aA6_LLFcy_wVLPJo89rtpDvfebpdtua0J39f5aVuU0H1MvpMmogdiSjo2IMNrEiKGUKgPPRWlaAAWl-gHxwwJnDEJOb9AcYbNGA:1q8eIX:O1MayYMqQD5gCINpaLuWHINbt-Dw861WuLmDVXcOcG0', '2023-06-26 09:57:17.382118'),
('vvuvjap7coitbgzgcaepc26y6pnzbitk', '.eJxVi0sKwjAQQO-StZROJs3HpeARXIfpZEKKWsE2K-ndG6EL3b7PR0Wqa4l1kXeckjorrU6_bCS-y_wVxPyq89odpLs-aXrcWnM5kr-v0FLaBJqcNw6yMRRYCA0mzDha471GAQspOAkZ3UC-sT7zYG1GDQGZoFfbDpnwM48:1q4b9G:DHmrsc8HYSqZsn66Z9YyB9h5Uz7OYr-2mNGt9vtug6Q', '2023-06-15 05:46:58.967977'),
('vwr4r8bntitesd7w7uk1oetqeleatn14', '.eJxVi70KwjAQgN8ls5S7tJc0joKP4BwulxwpagXbTOK7W6GDrt_Py0Rua41tKc84ZXM0aA6_LLFcy_wVLPJo89rtpDvfebpdtua0J39f5aVuU0H1MvpMmogdiSjo2IMNrEiKGUKgPPRWlaAAWl-gHxwwJnDEJOb9AcYbNGA:1q6oFu:wD937Ilj0ssaXf3msfGaF9gkc4ApIyBn7dXAIg-9E2c', '2023-06-21 08:10:58.129201'),
('vwseqknz6pxok53p96u3eqzgbwcj8wra', '.eJxVi70OwiAQgN-F2TTAAYeOJj6CM7k7IDRqTdoyGd_dmnTQ9ft5qUR9bakvZU5jVicFXh1-IZPcyvQ1JPLs0zrsZLg8aLxft-a8J39fo6VtExMgcNSUOQQTBTyBBae5RGdzNgapoJARrKUGCxqZizNcCcjDEdX7A-WANRg:1q8dBx:rdwpsKLoCY-yM7LnFpyOf76lERY7V9DGybmpzhrdAwI', '2023-06-26 08:46:25.091941'),
('vy2d74t83z010p2lu5m57h4rwazu7exl', '.eJxVi0sKwjAQhu-StRQzpn9bl4JHcB0mMxNa1Aq2WYl3N0IXuv0eLxe5rGMsiz3jpO7o4Ha_LLFcbf4KFnmUeW020pzvPN0utTltyd838jLWqUdmGDFlT0mDgrwE2zOZQBFAOYgKYFWztUktkfadH_IBA7rWvT_ZzTUz:1q8yog:Wuuj0FX24fe-1URRQWlgQHCvS5EZyUUo0oV3zgdMkNU', '2023-06-27 07:51:50.931657'),
('vy62od8bo1arvmeej3oukpkk8u3lf9ha', '.eJxVi0sKwjAQQO-StZROJs3HpeARXIfpZEKKWsE2K-ndG6EL3b7PR0Wqa4l1kXeckjorrU6_bCS-y_wVxPyq89odpLs-aXrcWnM5kr-v0FLaBJqcNw6yMRRYCA0mzDha471GAQspOAkZ3UC-sT7zYG1GDQGZoFfbDpnwM48:1q6dSI:8-cilMmSlGOEFNHusNnFbKu4ftR0kmtq0c3bM9A99gI', '2023-06-20 20:39:02.802380'),
('vyyp40pw67sr7bdmryi9cuinu1xmi809', '.eJxVi70OwiAQgN-F2TTAAYeOJj6CM7k7IDRqTdoyGd_dmnTQ9ft5qUR9bakvZU5jVicFXh1-IZPcyvQ1JPLs0zrsZLg8aLxft-a8J39fo6VtExMgcNSUOQQTBTyBBae5RGdzNgapoJARrKUGCxqZizNcCcjDEdX7A-WANRg:1q8cN4:pHe0PpBK7zD6dYBmReAy-J6Br6UBJu37DWRonxdOicI', '2023-06-26 07:53:50.603690'),
('w09mkf6t8rhkpwxhhvmikktu1o1pgrli', '.eJxVi0EOwiAQRe_C2jRQKMO4NPEIrskwDKFRa2LLynh3MelCl__9914qUttqbKs845zVUY2oDr8wEV9l-T7E_GjLNuxkON9pvl26c9qVv67SWnuUJ-s0ueCT0wBIKCkICHBf1he2drJJyHFxhgG0wUIew4iM2Rcx6v0B0Ik0lw:1q8e5C:RB6ZPjOssX0-8bQtpx5w4k3kPZTzHncqg00VLxkl5x4', '2023-06-26 09:43:30.950490'),
('w09v6y45apb74ay1c1rcnreifp27mwip', '.eJxVizkOwjAUBe_iGkV2vHybEokjUFt_ceQICFISV4i7E1AKeOW8mafK2Naa21LmPIo6KgPq8AsJ-Vqmz4PMjzat3U668x3H22VzTrvy11Vc6jfSUQq6KOSSLUmEgo9QLAlg6K0hBOLeuuC3JcCBB5fYExqwRmv1egP9VTUE:1q3w6Y:rTWGeY7w5COqowaFnJQrr0wEL9YdxLAyzPVDfSnzf0U', '2023-06-13 09:57:26.492011'),
('w0pfjx79bshbzsixj3zg16silp3ra3ro', '.eJxVi70KwjAQgN8ls5QzCZeco-AjdA6X3IUUtYJtJvHdrdBB1-_nZRL3taW-6DNNYk7Gojn8wszlqvPXcCmPPq_DTobLnafbuDXnPfn7Gi9tm5RiDJ4yQhXvINZjUCF0DJrReqoC4sCRuohVRTEHJLUFJFjR4s37A9W6NPc:1q6s6a:ehQ_UADO24Ow3aROX6hU981AsaKqewaFVwy4ycX3Zg8', '2023-06-21 12:17:36.823118'),
('w2tifyka547rurk5ce42l58vj5zr3cn5', '.eJxVi70KwjAQgN8ls5TcpTlyjoKP4ByuyYUUtYJtJvHdjdBB1-_nZaK0rca26jPO2RwNenP4hZOkqy5fIyk92rINOxnOd5lvl96c9uTvq7LWPtGkpIWZbUgcAChDKjlIQVVHXjOQG4msx2IDI6L1MHZYPATK1pn3B9XLM8Y:1q92t1:U5zmrt-UY69E3sQA1AET36VD5dTT5-mo8vE7JXjc_g4', '2023-06-27 12:12:35.618756'),
('w5rxg0n67u395ujguoxj19bu04v7t9o7', '.eJxVi0sKwjAQQO-StZROJs3HpeARXIfpZEKKWsE2K-ndG6EL3b7PR0Wqa4l1kXeckjorrU6_bCS-y_wVxPyq89odpLs-aXrcWnM5kr-v0FLaBJqcNw6yMRRYCA0mzDha471GAQspOAkZ3UC-sT7zYG1GDQGZoFfbDpnwM48:1q91hr:bQnhh8PDKgp0miCr4Wwn2DEQGptacSoDCf3Ts-0fnJw', '2023-06-27 10:56:59.332618'),
('w6b7it0qad05n4113hslb2mvswu5vtgz', '.eJxVi80KwjAMgN-lZxkr2drEo-AjeC5pk9ChTnDrSXx3J-yg1-_n5RK3taa26DNN4o5ucIdflrlcdf4KLuXR5rXbSXe-83S7bM1pT_6-ykvdJvQgvRgjBEHJijJYAFP1vrBRBAwDZQ5jVjIAQymgPSHGkTUSufcH2uU1NQ:1q6ngW:8v4CjTmnrhSgT_xjpLKcGFuiPsxXJNre47zV_FPsoQU', '2023-06-21 07:34:24.206328'),
('w6w6y878avndddc9d0f7nt3anub1fyex', '.eJxVi70KwjAQgN8ls5S7tJc0joKP4BwulxwpagXbTOK7W6GDrt_Py0Rua41tKc84ZXM0aA6_LLFcy_wVLPJo89rtpDvfebpdtua0J39f5aVuU0H1MvpMmogdiSjo2IMNrEiKGUKgPPRWlaAAWl-gHxwwJnDEJOb9AcYbNGA:1q93M0:Bs1Lgv6YYkZcdJOmYJozYO5vjwckr5cyMG6h6E_mrMI', '2023-06-27 12:42:32.773789'),
('w9n4bgx04o3ezufxs9jemybf9sk2l052', '.eJxVi70KwjAQgN8ls5S7tJc0joKP4BwulxwpagXbTOK7W6GDrt_Py0Rua41tKc84ZXM0aA6_LLFcy_wVLPJo89rtpDvfebpdtua0J39f5aVuU0H1MvpMmogdiSjo2IMNrEiKGUKgPPRWlaAAWl-gHxwwJnDEJOb9AcYbNGA:1q5jVt:R4Tfvv1Rtu0LlZHKnC80yPU7al7TFlHpg96fEK3g2vs', '2023-06-18 08:55:01.040199'),
('wa5b6c9czn26y2ibqnjimtpptlsxgpun', '.eJxVi70KwjAQgN8ls5TcpTlyjoKP4ByuyYUUtYJtJvHdjdBB1-_nZaK0rca26jPO2RwNenP4hZOkqy5fIyk92rINOxnOd5lvl96c9uTvq7LWPtGkpIWZbUgcAChDKjlIQVVHXjOQG4msx2IDI6L1MHZYPATK1pn3B9XLM8Y:1q6Vzr:I3WIUzKGH_n1d4GFbkoZLRNH_FMiwcPAPCr8GJCtIY0', '2023-06-20 12:41:11.021107'),
('wejmemk8ysy4zghfot626fnt0imcpy82', '.eJxVi0sKwjAQQO-StZR8ZhLGpeARXIdpZkKKWsE2K_HuVuhCt-_zMpn72nJf9JknMUcDwRx-4cjlqvPXcCmPPq_DTobznafbZWtOe_L3NV7aNjkaUV1QzzZ5qkQUMVah4EbHABVUUqhoLYoHF6WAaCpok1UUFjTvD8coNHo:1q91g0:xDo_YYnAx-vbe5SwTREky0p6sbJjiAgiOGmA-eAFtZc', '2023-06-27 10:55:04.454489'),
('wigw49ky5d8kkj3tget2usm8l6app5c6', '.eJxVi70OwiAQgN-F2TQHB1dxNPERnMlxQGjUmrRlMr5726SDrt_PRwVuSw1tzlMYkroo3avTL4wsjzzuhkXebVy6g3S3Fw_P-9Zcj-TvqzzXbcrIaBCiYW2ppAQOwHkDDILalrMHgB58iZGMsT5pDeIskSNCZBL1XQGunzMp:1q6sJp:AJGv3t5973-Brjr3uEFADh-EvNlWuhBK9JyqThD55ko', '2023-06-21 12:31:17.708740'),
('wj9whgp90ywgovgcpsg8cepf8yt0pqo0', '.eJxVi70KwjAQgN8ls5QzCZeco-AjdA6X3IUUtYJtJvHdrdBB1-_nZRL3taW-6DNNYk7Gojn8wszlqvPXcCmPPq_DTobLnafbuDXnPfn7Gi9tm5RiDJ4yQhXvINZjUCF0DJrReqoC4sCRuohVRTEHJLUFJFjR4s37A9W6NPc:1q6SwY:I38XFEqR9dk6fW4tWDvA_j3nrDRNghDXoR3c3dChas8', '2023-06-20 09:25:34.161461'),
('wkwf1fjepe401h5n3x95paj3t83k2c9a', '.eJxVi70OwiAQgN-F2TQHB1dxNPERnMlxQGjUmrRlMr5726SDrt_PRwVuSw1tzlMYkroo3avTL4wsjzzuhkXebVy6g3S3Fw_P-9Zcj-TvqzzXbcrIaBCiYW2ppAQOwHkDDILalrMHgB58iZGMsT5pDeIskSNCZBL1XQGunzMp:1q6sCP:2tp7-I1TUrdBbdx_GvyYAxmZKmZAquut7QxAUMyxo9Y', '2023-06-21 12:23:37.899545'),
('wn3du1zk185ukkubz0ooxzsaxq96zchm', '.eJxVi0sKwjAQQO8yaylO_nEpeATXYTKTkKJWaJuVeHcrdKHb93lBor621Jcyp1HgBBjh8Asz8a1MX0PMzz6tw06Gy4PG-3Vrznvy9zVa2jZZIW8z-hKMZg7CupairBOvxCEGpWKkesRQ0ZB3JmbUujrMpMiJFXh_AOCeNKk:1q7A31:a4dxHHZgENLOQrLy-EKsL5hCH79Y0-HhgN0sZyraLm8', '2023-06-22 07:27:07.584716'),
('wo1oif6ob8f21pecj2wtlphapgkinnxx', '.eJxVi70OwiAQgN-F2TQHB1dxNPERnMlxQGjUmrRlMr5726SDrt_PRwVuSw1tzlMYkroo3avTL4wsjzzuhkXebVy6g3S3Fw_P-9Zcj-TvqzzXbcrIaBCiYW2ppAQOwHkDDILalrMHgB58iZGMsT5pDeIskSNCZBL1XQGunzMp:1q6T6W:m38hFcoKWOy0wNsEOsOg9nCtOigygiSDLGFR_9vHMzs', '2023-06-20 09:35:52.865266'),
('wo51a7k91j294eui6rmw6qw7y2ot0f87', '.eJxVi70OwiAQgN-F2TQHB1dxNPERnMlxQGjUmrRlMr5726SDrt_PRwVuSw1tzlMYkroo3avTL4wsjzzuhkXebVy6g3S3Fw_P-9Zcj-TvqzzXbcrIaBCiYW2ppAQOwHkDDILalrMHgB58iZGMsT5pDeIskSNCZBL1XQGunzMp:1q8eET:pz1-YYOx6smlGhPiyOT2D3tlUwkcEbMiHOtmC0o2OXc', '2023-06-26 09:53:05.424519'),
('woztngxm714rldcauf0exup3mhx0p2xf', '.eJxVi0sKwjAQQO-StZROJs3HpeARXIfpZEKKWsE2K-ndG6EL3b7PR0Wqa4l1kXeckjorrU6_bCS-y_wVxPyq89odpLs-aXrcWnM5kr-v0FLaBJqcNw6yMRRYCA0mzDha471GAQspOAkZ3UC-sT7zYG1GDQGZoFfbDpnwM48:1q8mDM:8Gki99q-wjq19eolb0dMo-jQJrtPyatCGvLpEhbEUmU', '2023-06-26 18:24:28.611687'),
('wql13na7j3od783f8ahs8zvs1l7armrb', '.eJxVi70KwjAQgN8ls5S7tJc0joKP4BwulxwpagXbTOK7W6GDrt_Py0Rua41tKc84ZXM0aA6_LLFcy_wVLPJo89rtpDvfebpdtua0J39f5aVuU0H1MvpMmogdiSjo2IMNrEiKGUKgPPRWlaAAWl-gHxwwJnDEJOb9AcYbNGA:1q6Rzh:FmenGrsX_Erx8m6opPa9zBz2kWtpVDGyoozXFauEvv4', '2023-06-20 08:24:45.467448'),
('wr7i0hb5g8wxzwb8a6qbqk4rhfvtuqhh', '.eJxVi8sKwjAQRf8laylpOnm5FPwE12FmkiFFrWCblfjvRuhC4a7OPeelEratpraWZ5qzOioT1OEXEvK1LN8HmR9t2YadDOc7zrdLd0678tdVXGuPKFqGkidBEyenIZggQRO57EocXQEkziLg0UfbF8ZMmixa0Cg2evX-AOpGNPA:1q8dzG:nHO_tdmnZ7K1wjd9hIuoSK9JsJrIedVMP-cQHiEc9ss', '2023-06-26 09:37:22.421073'),
('wr9uyavrpm2tmcczlmjpokahb6nicvtk', '.eJxVi0sKwjAQQO-StZROJs3HpeARXIfpZEKKWsE2K-ndG6EL3b7PR0Wqa4l1kXeckjorrU6_bCS-y_wVxPyq89odpLs-aXrcWnM5kr-v0FLaBJqcNw6yMRRYCA0mzDha471GAQspOAkZ3UC-sT7zYG1GDQGZoFfbDpnwM48:1q8ziO:rGM6LUy_0w9FEud0K_vB9sdeS_gYsKhRPwX2nZOkjKQ', '2023-06-27 08:49:24.472301'),
('wrrjllvfy37j9x7hae1vd3be0o1c6w6o', '.eJxVi70KwjAQgN8ls5S7tJc0joKP4BwulxwpagXbTOK7W6GDrt_Py0Rua41tKc84ZXM0aA6_LLFcy_wVLPJo89rtpDvfebpdtua0J39f5aVuU0H1MvpMmogdiSjo2IMNrEiKGUKgPPRWlaAAWl-gHxwwJnDEJOb9AcYbNGA:1q6QR9:ajDTC2wA114CWJKHTL64R_K7fBAGbb1mKAg3Q6yo2KA', '2023-06-20 06:44:59.886922'),
('wu654tgpcmvrgovnacc2etc5pu53v678', '.eJxVi0EOwiAQRe_C2jRQKMO4NPEIrskwDKFRa2LLynh3MelCl__9914qUttqbKs845zVUY2oDr8wEV9l-T7E_GjLNuxkON9pvl26c9qVv67SWnuUJ-s0ueCT0wBIKCkICHBf1he2drJJyHFxhgG0wUIew4iM2Rcx6v0B0Ik0lw:1q6sIf:TqypVlDa6VOjA6os2EYT2nYyDJ0Hfqc8m_yWrrLFJNs', '2023-06-21 12:30:05.636637'),
('wv5ijo8lmfmzgnwn9l7q8prg7vvuw0io', '.eJxVi0sKwjAQQO-StZROJs3HpeARXIfpZEKKWsE2K-ndG6EL3b7PR0Wqa4l1kXeckjorrU6_bCS-y_wVxPyq89odpLs-aXrcWnM5kr-v0FLaBJqcNw6yMRRYCA0mzDha471GAQspOAkZ3UC-sT7zYG1GDQGZoFfbDpnwM48:1q4KzQ:WuvuAa9NXlKCQot1szACZ23mTlDXDes5p_TSMG7UFPA', '2023-06-14 12:31:44.263181'),
('wxaq02a3est5w5e2lat1f2kkuwvhejm2', '.eJxVi0sKwjAQQO-StZROJs3HpeARXIfpZEKKWsE2K-ndG6EL3b7PR0Wqa4l1kXeckjorrU6_bCS-y_wVxPyq89odpLs-aXrcWnM5kr-v0FLaBJqcNw6yMRRYCA0mzDha471GAQspOAkZ3UC-sT7zYG1GDQGZoFfbDpnwM48:1q4gkY:AAn3t1eF7Zbk7QsvsfFUJiQnle3YornKR4ns4SzPB0Q', '2023-06-15 11:45:50.859484'),
('x0qc0mo369n1ecpfazigj4p83k41y9az', '.eJxVi0EOwiAQRe_C2jRQKMO4NPEIrskwDKFRa2LLynh3MelCl__9914qUttqbKs845zVUY2oDr8wEV9l-T7E_GjLNuxkON9pvl26c9qVv67SWnuUJ-s0ueCT0wBIKCkICHBf1he2drJJyHFxhgG0wUIew4iM2Rcx6v0B0Ik0lw:1q8dsp:dq7anB8P380KeiZT4c3HzzyTMAbhOtrx2rZVH8MGl-E', '2023-06-26 09:30:43.103623'),
('x1n2igt4trqaxelkdjfi10fc9onuews4', '.eJxVi0sKwjAQQO-StZROJs3HpeARXIfpZEKKWsE2K-ndG6EL3b7PR0Wqa4l1kXeckjorrU6_bCS-y_wVxPyq89odpLs-aXrcWnM5kr-v0FLaBJqcNw6yMRRYCA0mzDha471GAQspOAkZ3UC-sT7zYG1GDQGZoFfbDpnwM48:1q5hKn:_sndoxu9w9p9uVBoGU12ROaHmUj1G1P_dwnr2O02Zq0', '2023-06-18 06:35:25.580652'),
('x5jmzofg93bl90x1tp6qsq93oqdujj6u', '.eJxVi70KwjAQgN8ls5S7tJc0joKP4BwulxwpagXbTOK7W6GDrt_Py0Rua41tKc84ZXM0aA6_LLFcy_wVLPJo89rtpDvfebpdtua0J39f5aVuU0H1MvpMmogdiSjo2IMNrEiKGUKgPPRWlaAAWl-gHxwwJnDEJOb9AcYbNGA:1q6VYB:D1dwUJNzW3SzusSKX41tKz1yaEl1rU8-DnWjjrEfSuQ', '2023-06-20 12:12:35.491449'),
('x77nxrts2gvnw29b0j32n0bxiyvwf8b3', '.eJxVi70KwjAQgN8ls5S7tJc0joKP4BwulxwpagXbTOK7W6GDrt_Py0Rua41tKc84ZXM0aA6_LLFcy_wVLPJo89rtpDvfebpdtua0J39f5aVuU0H1MvpMmogdiSjo2IMNrEiKGUKgPPRWlaAAWl-gHxwwJnDEJOb9AcYbNGA:1q6V0A:eHguu7JnOdrd_k8abF50iiLvdlzSsicemG-aqUlQ3PI', '2023-06-20 11:37:26.411110'),
('x7klsn5y1rbz4wmfwbg1c7nhs35dzk5p', '.eJxVi70KwjAQgN_lZilJc7kLjoKP4BwuyYUUtYJtJvHdrdBB1-_nBVH62mJf9BmnAkdgOPyyJPmq81dIzo8-r8NOhvNdpttla0578vc1Wdo2qXdV1fOoaDyyY0y1JGvElsQkjBoseUfBKYY6JipIEmp2hgVz9fD-ALeQNH4:1q8gRI:uXq7gzdXPi47g_4ZM2icgZZbx0yuSHeBs4LXlAk3liQ', '2023-06-26 12:14:28.641935'),
('x7ru2df94nfks6zu949nqu0ll8h3x0ms', '.eJxVi70KwjAQgN8ls5S7tJc0joKP4BwulxwpagXbTOK7W6GDrt_Py0Rua41tKc84ZXM0aA6_LLFcy_wVLPJo89rtpDvfebpdtua0J39f5aVuU0H1MvpMmogdiSjo2IMNrEiKGUKgPPRWlaAAWl-gHxwwJnDEJOb9AcYbNGA:1q92Gs:nOUbXa6xt3OFSSYMeG3ZP6VwdBIlxDI37B2ZaHZNUtk', '2023-06-27 11:33:10.959935'),
('xar15j0fxualxl7klme1v2zzy4r5g675', '.eJxVi0sKwjAQQO-StZROJs3HpeARXIfpZEKKWsE2K-ndG6EL3b7PR0Wqa4l1kXeckjorrU6_bCS-y_wVxPyq89odpLs-aXrcWnM5kr-v0FLaBJqcNw6yMRRYCA0mzDha471GAQspOAkZ3UC-sT7zYG1GDQGZoFfbDpnwM48:1q8eY2:Kq1AHH5RB699I4RQgFDx6_gh9r6ea6sr6L3HsEGpFBM', '2023-06-26 10:13:18.592985'),
('xbt1h3lsngwg5jmyw3wkc09lfkga44h5', '.eJxVi0sKwjAQQO-StZR8ZhLGpeARXIdpZkKKWsE2K_HuVuhCt-_zMpn72nJf9JknMUcDwRx-4cjlqvPXcCmPPq_DTobznafbZWtOe_L3NV7aNjkaUV1QzzZ5qkQUMVah4EbHABVUUqhoLYoHF6WAaCpok1UUFjTvD8coNHo:1q91xj:HE9ZNLT9pllMm7gwNdCkxa3W4CLRXfNK2BBFkdMn3zo', '2023-06-27 11:13:23.105526'),
('xdlmw97f3x4s391ooega68h7zxscnmpr', '.eJxVi0EOwiAQRe_C2jRQKMO4NPEIrskwDKFRa2LLynh3MelCl__9914qUttqbKs845zVUY2oDr8wEV9l-T7E_GjLNuxkON9pvl26c9qVv67SWnuUJ-s0ueCT0wBIKCkICHBf1he2drJJyHFxhgG0wUIew4iM2Rcx6v0B0Ik0lw:1q8duP:Qzhfshz1Lr3ejDXuZ1Xa0LBnI33Q_EHQ7LHvl5p6kco', '2023-06-26 09:32:21.242600'),
('xjdwn8u72rmolrstpczyst49x5m9yp0l', '.eJxVi70KwjAQgN8ls5S7tJc0joKP4BwulxwpagXbTOK7W6GDrt_Py0Rua41tKc84ZXM0aA6_LLFcy_wVLPJo89rtpDvfebpdtua0J39f5aVuU0H1MvpMmogdiSjo2IMNrEiKGUKgPPRWlaAAWl-gHxwwJnDEJOb9AcYbNGA:1q3Zce:iGvASiyfrbtihsqg2kQUI-33qd3cxHKGB2hvF7puTiw', '2023-06-12 09:57:04.445725'),
('xl11tnpb6oh4uhz2gltzcu6xzcedx8f7', '.eJxVi0EOwiAQRe_C2jRQKMO4NPEIrskwDKFRa2LLynh3MelCl__9914qUttqbKs845zVUY2oDr8wEV9l-T7E_GjLNuxkON9pvl26c9qVv67SWnuUJ-s0ueCT0wBIKCkICHBf1he2drJJyHFxhgG0wUIew4iM2Rcx6v0B0Ik0lw:1q8EOl:HrqdhGztLyD3RsAs1OYeQ5XUkQXOvT21x9004NwLQR4', '2023-06-25 06:17:59.744114'),
('xndu9ovvy6turzzjkha23j8pbdkrxa7a', '.eJxVi80KwjAMgN-lZxkr2drEo-AjeC5pk9ChTnDrSXx3J-yg1-_n5RK3taa26DNN4o5ucIdflrlcdf4KLuXR5rXbSXe-83S7bM1pT_6-ykvdJvQgvRgjBEHJijJYAFP1vrBRBAwDZQ5jVjIAQymgPSHGkTUSufcH2uU1NQ:1q7Zit:wzSLnsyPCs_il3L69IzPHbO9nmO2wqwnT91Q7laWxOI', '2023-06-23 10:52:03.683507'),
('xo889cdbe1yib5yhw8tj5gskzfw28s43', '.eJxVi0sKwjAQQO-StZROJs3HpeARXIfpZEKKWsE2K-ndG6EL3b7PR0Wqa4l1kXeckjorrU6_bCS-y_wVxPyq89odpLs-aXrcWnM5kr-v0FLaBJqcNw6yMRRYCA0mzDha471GAQspOAkZ3UC-sT7zYG1GDQGZoFfbDpnwM48:1q7Wyy:i9XTLG332z2stQNhitOeM2w1Li-85KEvDEApVot88ZI', '2023-06-23 07:56:28.772719'),
('xolw2vltdqs72fi45a7p02ge9jb87517', '.eJxVi70KwjAQgN8ls5S7tJc0joKP4BwulxwpagXbTOK7W6GDrt_Py0Rua41tKc84ZXM0aA6_LLFcy_wVLPJo89rtpDvfebpdtua0J39f5aVuU0H1MvpMmogdiSjo2IMNrEiKGUKgPPRWlaAAWl-gHxwwJnDEJOb9AcYbNGA:1q5ijr:v4vCPss3tvrjQKbhijox-PoN2rzFXlYPg1QZX2ziO5Y', '2023-06-18 08:05:23.198806'),
('xotf9d2caoz11hvdgpgyvg9lb9yqhu8y', '.eJxVi0sKwjAQQO-StZROJs3HpeARXIfpZEKKWsE2K-ndG6EL3b7PR0Wqa4l1kXeckjorrU6_bCS-y_wVxPyq89odpLs-aXrcWnM5kr-v0FLaBJqcNw6yMRRYCA0mzDha471GAQspOAkZ3UC-sT7zYG1GDQGZoFfbDpnwM48:1q8gkS:u7c2O13TaaiN---eHYOrV4fKxoaCMCwfx24ZmO595eg', '2023-06-26 12:34:16.396857'),
('xpi4ca5i0zl1hc1l2kd22zl577gam2ue', '.eJxVi0sKwjAQQO-StZROJs3HpeARXIfpZEKKWsE2K-ndG6EL3b7PR0Wqa4l1kXeckjorrU6_bCS-y_wVxPyq89odpLs-aXrcWnM5kr-v0FLaBJqcNw6yMRRYCA0mzDha471GAQspOAkZ3UC-sT7zYG1GDQGZoFfbDpnwM48:1q90oK:DM9TIau8SxoS7-n8GCrQg3QF0rDSIBMbIRPnAeuycTU', '2023-06-27 09:59:36.606300'),
('xq9jikt7xr3lswbtframxki99pydcozh', '.eJxVi70KwjAQgN8ls5S7tJc0joKP4BwulxwpagXbTOK7W6GDrt_Py0Rua41tKc84ZXM0aA6_LLFcy_wVLPJo89rtpDvfebpdtua0J39f5aVuU0H1MvpMmogdiSjo2IMNrEiKGUKgPPRWlaAAWl-gHxwwJnDEJOb9AcYbNGA:1q79Z3:nausFroaJ0Btj6Pe5e1huXOTE5UqBTYUM2Gz4yGLj_8', '2023-06-22 06:56:09.293700'),
('xqeczfqc9yuonopa4envse3mpp4ddtly', '.eJxVi0sKwjAQQO-StZROJs3HpeARXIfpZEKKWsE2K-ndG6EL3b7PR0Wqa4l1kXeckjorrU6_bCS-y_wVxPyq89odpLs-aXrcWnM5kr-v0FLaBJqcNw6yMRRYCA0mzDha471GAQspOAkZ3UC-sT7zYG1GDQGZoFfbDpnwM48:1q8e5Z:XEibpN1qPqz_W8x1JZUhtwprwOs8fICMpk78VRkOQuw', '2023-06-26 09:43:53.905223'),
('xsdgay0bywy397uvdlw3oklfu5g2txw6', '.eJxVi0sKwjAQQO-StZROJs3HpeARXIfpZEKKWsE2K-ndG6EL3b7PR0Wqa4l1kXeckjorrU6_bCS-y_wVxPyq89odpLs-aXrcWnM5kr-v0FLaBJqcNw6yMRRYCA0mzDha471GAQspOAkZ3UC-sT7zYG1GDQGZoFfbDpnwM48:1q7aWA:f0sCOqRhw_y9Wn84PbyjZAPirewbeNQ3u6rEwyrdZEQ', '2023-06-23 11:42:58.018284'),
('xt8ga4qvtmzr196n3215iyjg9mvv3vuc', '.eJxVi0sKwjAQQO-StZR8ZhLGpeARXIdpZkKKWsE2K_HuVuhCt-_zMpn72nJf9JknMUcDwRx-4cjlqvPXcCmPPq_DTobznafbZWtOe_L3NV7aNjkaUV1QzzZ5qkQUMVah4EbHABVUUqhoLYoHF6WAaCpok1UUFjTvD8coNHo:1q91EG:vfmoTdI9x02DeysoAE2CvnjxrZmWUTuGns7iD_8x_U0', '2023-06-27 10:26:24.299244'),
('xtao71auew478hjjrug8kc7rm6wrxokq', '.eJxVi0sKwjAQQO-StZROJs3HpeARXIfpZEKKWsE2K-ndG6EL3b7PR0Wqa4l1kXeckjorrU6_bCS-y_wVxPyq89odpLs-aXrcWnM5kr-v0FLaBJqcNw6yMRRYCA0mzDha471GAQspOAkZ3UC-sT7zYG1GDQGZoFfbDpnwM48:1q7aD6:oBf8NrjdHlFh0za7il1vGtbkdQEc3F-6AFK4V0dc5lI', '2023-06-23 11:23:16.850806'),
('xth28pvyoeahedouh7602s8v6z1ml3hy', '.eJxVi70KwjAQgN8ls5S7tJc0joKP4BwulxwpagXbTOK7W6GDrt_Py0Rua41tKc84ZXM0aA6_LLFcy_wVLPJo89rtpDvfebpdtua0J39f5aVuU0H1MvpMmogdiSjo2IMNrEiKGUKgPPRWlaAAWl-gHxwwJnDEJOb9AcYbNGA:1q6s7R:L-OrVjl4RKbY0lzG-tRI2nEFiVbJupWg-r9xKTiFCWw', '2023-06-21 12:18:29.013334'),
('xvh8pcm7n05h992v02y2iw9fuwk5xn9y', '.eJxVi0sKwjAQQO-StZROJs3HpeARXIfpZEKKWsE2K-ndG6EL3b7PR0Wqa4l1kXeckjorrU6_bCS-y_wVxPyq89odpLs-aXrcWnM5kr-v0FLaBJqcNw6yMRRYCA0mzDha471GAQspOAkZ3UC-sT7zYG1GDQGZoFfbDpnwM48:1q4a50:qWSCOx_vNC6Q175u3EkD6imROUeO7GaGoRw2Jb3iCrg', '2023-06-15 04:38:30.520640'),
('xy6erdxqf2y854m47jn0rm2itudm6p5g', '.eJxVi0sKwjAQQO-StZROJs3HpeARXIfpZEKKWsE2K-ndG6EL3b7PR0Wqa4l1kXeckjorrU6_bCS-y_wVxPyq89odpLs-aXrcWnM5kr-v0FLaBJqcNw6yMRRYCA0mzDha471GAQspOAkZ3UC-sT7zYG1GDQGZoFfbDpnwM48:1q99By:Yibyu7OsMIGcIStFyH2d62Zbf-95hczohBGrnuL1E1I', '2023-06-27 18:56:34.191542'),
('xyrbcj9j896k33fl2ubmendoffme1n9m', '.eJxVi70KwjAQgN8ls5S7tJc0joKP4BwulxwpagXbTOK7W6GDrt_Py0Rua41tKc84ZXM0aA6_LLFcy_wVLPJo89rtpDvfebpdtua0J39f5aVuU0H1MvpMmogdiSjo2IMNrEiKGUKgPPRWlaAAWl-gHxwwJnDEJOb9AcYbNGA:1q8Fon:gumDD8wAhJoT9gwZdrg1-eN4iW_yHJUKP-2hy-sKViE', '2023-06-25 07:48:57.052894'),
('xzgq7c862ow7k352bt8fx3kvynu352jf', '.eJxVi70KwjAQgN8ls5S7tJc0joKP4BwulxwpagXbTOK7W6GDrt_Py0Rua41tKc84ZXM0aA6_LLFcy_wVLPJo89rtpDvfebpdtua0J39f5aVuU0H1MvpMmogdiSjo2IMNrEiKGUKgPPRWlaAAWl-gHxwwJnDEJOb9AcYbNGA:1q7JHs:GVxHc5Wa9VQHjaslUAjH-4ziJuB5hM_Cz10HLvT3J5c', '2023-06-22 17:19:04.409199'),
('y0hgyq0u5jw9h05v50xvxv92g7d8m7g9', '.eJxVi8sKwjAQRf8layl5Ncm4FPwE12EmmZCiVrDNSvrvjdCFri6ce85HRGxrjW3hd5yyOAvtxekXEqY7z98HU3q1eR0OMlyfOD1u3bkcyl9Xcak9IgbI6ElJW6wqiSzovnLUxFyCM1DyaACM4pxRe-28cSGAL4ZYBhbbDuoQNMY:1q7WdU:FfuIqm4hmBMvVDQeu_xDUP9AX2aGu8C_DOg6rDjQa5M', '2023-06-23 07:34:16.837419'),
('y2eplham0ar1555scz4r08k3hrrisny4', '.eJxVi70KwjAQgN8ls5S7tJc0joKP4BwulxwpagXbTOK7W6GDrt_Py0Rua41tKc84ZXM0aA6_LLFcy_wVLPJo89rtpDvfebpdtua0J39f5aVuU0H1MvpMmogdiSjo2IMNrEiKGUKgPPRWlaAAWl-gHxwwJnDEJOb9AcYbNGA:1q3ZaZ:urlWn03aOnu79RnymzlJh4t2LT--HNkxPRKx_g6BCys', '2023-06-12 09:54:55.827971'),
('y3y6nfk7wlvbe9wv1qt9smt3tp93k53r', '.eJxVi70KwjAQgN8ls5S7tJc0joKP4BwulxwpagXbTOK7W6GDrt_Py0Rua41tKc84ZXM0aA6_LLFcy_wVLPJo89rtpDvfebpdtua0J39f5aVuU0H1MvpMmogdiSjo2IMNrEiKGUKgPPRWlaAAWl-gHxwwJnDEJOb9AcYbNGA:1q6QQn:oaHbVtuRJfivCEuTpZK2x0QANG-D8_JP2Eg3yIrbljE', '2023-06-20 06:44:37.430998'),
('y51gpg4iu8ggqjlg695qrh3oy1vmi7xv', '.eJxVi70KwjAQgN8ls5T0cklzjoKP4BzuLikpagXbTOK7W6GDrt_PyyRua01tKc80ZXM04MzhFwrrtcxfw6qPNq_dTrrznafbZWtOe_L3VV7qNqFG8YNID-h5YIwWlUckAIo2aFYmzp6KdxqiuABIGUnG4PoYBax5fwDUmzRN:1q6QoX:trYaUIDdZAmfnseS0ZIBZ9JChQEWLdR4qIYpzUiApIc', '2023-06-20 07:09:09.244706'),
('ycgcq2p7n9w0j3ble25oggjdpm4rx2vp', '.eJxVi0EOwiAQRe_C2jRQKMO4NPEIrskwDKFRa2LLynh3MelCl__9914qUttqbKs845zVUY2oDr8wEV9l-T7E_GjLNuxkON9pvl26c9qVv67SWnuUJ-s0ueCT0wBIKCkICHBf1he2drJJyHFxhgG0wUIew4iM2Rcx6v0B0Ik0lw:1q7X4b:R9snWT6-ejiL0-V3EPPQ27cU4Df4zmAon0Ct8_NVsYk', '2023-06-23 08:02:17.921082'),
('yd7504psy7j1p0g4xog5fs5ycs49eyfj', '.eJxVi70KwjAQgN8ls5S7tJc0joKP4BwulxwpagXbTOK7W6GDrt_Py0Rua41tKc84ZXM0aA6_LLFcy_wVLPJo89rtpDvfebpdtua0J39f5aVuU0H1MvpMmogdiSjo2IMNrEiKGUKgPPRWlaAAWl-gHxwwJnDEJOb9AcYbNGA:1q93LI:FSTcKiT1-OnzyDn9xcmgtiC3fxb8Q5MPrwih92-Xzq8', '2023-06-27 12:41:48.693337'),
('yfgsoceolo9hb10fkx98thr7chz1w68v', '.eJxVi70KwjAQgN8ls5S7tJc0joKP4BwulxwpagXbTOK7W6GDrt_Py0Rua41tKc84ZXM0aA6_LLFcy_wVLPJo89rtpDvfebpdtua0J39f5aVuU0H1MvpMmogdiSjo2IMNrEiKGUKgPPRWlaAAWl-gHxwwJnDEJOb9AcYbNGA:1q8cN4:8SF6C6-aPmc2FYx1dyNtyoLmwq36Gvoa0-AFG0Xz0m8', '2023-06-26 07:53:50.939128'),
('yg1monax6h5dytohtjyq4u2kw7sghm4u', '.eJxVjDEOwjAMRe-SGVUusaOUEYkjdI4c21UqoEi0mRB3h0od2vX99_7HJa5LSXW2dxrVXVxwpz3LLHeb1oFFXnVamo00tyePj_7vXDfl0BWey_rmMWbtiEigJUBlr0DEEXLwkAc6IzFKDkPLJgGgsyiIaqpkoOC-P6JnNIg:1q6s5g:QkfvPD_ak51pTs8qAnUDBgOTFlk0gZRGctKnJB5dEzQ', '2023-06-21 12:16:40.465414'),
('ygyd78kwjgw6zfhbdp9yeanm8415x506', '.eJxVi70KwjAQgN8ls5S7tJc0joKP4BwulxwpagXbTOK7W6GDrt_Py0Rua41tKc84ZXM0aA6_LLFcy_wVLPJo89rtpDvfebpdtua0J39f5aVuU0H1MvpMmogdiSjo2IMNrEiKGUKgPPRWlaAAWl-gHxwwJnDEJOb9AcYbNGA:1q8c8H:PcGh1g4KN2CJKGH9bQy5VkKbIbx22xko3NKRpvAem3Y', '2023-06-26 07:38:33.668629'),
('yijonksixowuhk2r741kobz8q7o8zoze', '.eJxVi0EOwiAQRe_C2jRQKMO4NPEIrskwDKFRa2LLynh3MelCl__9914qUttqbKs845zVUY2oDr8wEV9l-T7E_GjLNuxkON9pvl26c9qVv67SWnuUJ-s0ueCT0wBIKCkICHBf1he2drJJyHFxhgG0wUIew4iM2Rcx6v0B0Ik0lw:1q8dkr:frNVdEHBi76ehyASRf5EvZeLjxnYTMRCXPpG9QJxBfY', '2023-06-26 09:22:29.543842'),
('yir5hchwzawls4ivw28br9lubv4hu5sc', '.eJxVi0sKwjAQQO-StZROJs3HpeARXIfpZEKKWsE2K-ndG6EL3b7PR0Wqa4l1kXeckjorrU6_bCS-y_wVxPyq89odpLs-aXrcWnM5kr-v0FLaBJqcNw6yMRRYCA0mzDha471GAQspOAkZ3UC-sT7zYG1GDQGZoFfbDpnwM48:1q6n2m:mgUSEPByUZko9u-m8Exx_SucyFItG6X-CfZge24HOfU', '2023-06-21 06:53:20.454043'),
('ym8op0j75z5k0pqg0copeahe7u6moxz1', '.eJxVi0kKwjAUQO-StZT6883gUvAIrsMfElLUCrZZiXc3Qhe6fcPLJGprTW3JzzSpORoAs_uFTHLN89eQyKPN67CR4Xyn6XbpzWlL_r5KS-3T6EVyGbGUHCyiPTAyqYpjzi46BfbAWUPBvY_ERXyAYmPsg5IimPcHEHM2NA:1q5j7H:jsWySb_JhP7DEN0-wEIwBXI-gXdYZCPbmSlAmICOJK8', '2023-06-18 08:29:35.944068'),
('ymcbh090m3yoke680gl16x8pq62thcn3', '.eJxVi70KwjAQgN8ls5TcpTlyjoKP4ByuyYUUtYJtJvHdjdBB1-_nZaK0rca26jPO2RwNenP4hZOkqy5fIyk92rINOxnOd5lvl96c9uTvq7LWPtGkpIWZbUgcAChDKjlIQVVHXjOQG4msx2IDI6L1MHZYPATK1pn3B9XLM8Y:1q8erk:Bn0VDLFSe25vGXuC751n_bWG7S4AAovJLaoEgXbUP3c', '2023-06-26 10:33:40.126650'),
('ymnhuqj66a8luzial4c9fnzplq944ocr', '.eJxVi0sKwjAQQO-StZR8ZhLGpeARXIdpZkKKWsE2K_HuVuhCt-_zMpn72nJf9JknMUcDwRx-4cjlqvPXcCmPPq_DTobznafbZWtOe_L3NV7aNjkaUV1QzzZ5qkQUMVah4EbHABVUUqhoLYoHF6WAaCpok1UUFjTvD8coNHo:1q914K:7IhDT4d-obfxlVZIQFWKLgG8uZQHOE_iRicH6ZeOygI', '2023-06-27 10:16:08.278499'),
('yovlvkpmmyp0f9d5a6g35tm2r1n2164e', '.eJxVi70OwiAQgN-F2TQHB1dxNPERnMlxQGjUmrRlMr5726SDrt_PRwVuSw1tzlMYkroo3avTL4wsjzzuhkXebVy6g3S3Fw_P-9Zcj-TvqzzXbcrIaBCiYW2ppAQOwHkDDILalrMHgB58iZGMsT5pDeIskSNCZBL1XQGunzMp:1q6T4Z:gaX1LZcQiNFgh-_j1c3OOjg_9OIuPb70H88Kz3_C_UY', '2023-06-20 09:33:51.262501'),
('ypn1ncdp0qrox5iepd0j3t7oyrpenf0h', '.eJxVi8sKwjAQRf8layl5Ncm4FPwE12EmmZCiVrDNSvrvjdCFri6ce85HRGxrjW3hd5yyOAvtxekXEqY7z98HU3q1eR0OMlyfOD1u3bkcyl9Xcak9IgbI6ElJW6wqiSzovnLUxFyCM1DyaACM4pxRe-28cSGAL4ZYBhbbDuoQNMY:1q6Ser:ldo64kWP1JTzxTeJGYQD8Xl9_1nUR2i6_BeulLf42uA', '2023-06-20 09:07:17.656763'),
('yqbw3qzg7bshw4e4fqt7qqrvszrgzygv', '.eJxVi70OwiAQgN-F2TQHB1dxNPERnMlxQGjUmrRlMr5726SDrt_PRwVuSw1tzlMYkroo3avTL4wsjzzuhkXebVy6g3S3Fw_P-9Zcj-TvqzzXbcrIaBCiYW2ppAQOwHkDDILalrMHgB58iZGMsT5pDeIskSNCZBL1XQGunzMp:1q90Ru:VtJ5pVyH33ZBY1KgE_TQqjY8aSwA7vSI9vJ2-vhlau4', '2023-06-27 09:36:26.302881'),
('yscazfy5uylgj8j3j0xos111gru6j1q3', '.eJxVjMEKwyAYg9_F8yi_WqvdcbBH2Fmiv2LZ1kFbT2PvPgs9bARyyJfkLTzqVnxd0-InFmchtTj9hgHxnuadIMZXnbfuSLrrE9Pj1jqXo_K3K1jLfpdt6G1kZOI8yOYjmgaoRA46NWQBRZl1IDuaXjrFjghstLHRiM8XAPg1Jw:1q4FaL:WQwxLSexrLNWC3iIMm9KRHXEYmgozPcZQ5YWbuMf9fs', '2023-06-14 06:45:29.382374'),
('yt1j20doydmgbescx6affoh7qy70weak', '.eJxVi8sKwjAQRf8layl5Ncm4FPwE12EmmZCiVrDNSvrvjdCFri6ce85HRGxrjW3hd5yyOAvtxekXEqY7z98HU3q1eR0OMlyfOD1u3bkcyl9Xcak9IgbI6ElJW6wqiSzovnLUxFyCM1DyaACM4pxRe-28cSGAL4ZYBhbbDuoQNMY:1q6Se2:WWoXFJwH6GEEnD7iPYK09bjRxQuUsD5yOFgqd1yVXhM', '2023-06-20 09:06:26.529692'),
('yt2b5fns9mbybdmr7j7qq7s0qfo3w73k', '.eJxVi0sKwjAQQO-StZROJs3HpeARXIfpZEKKWsE2K-ndG6EL3b7PR0Wqa4l1kXeckjorrU6_bCS-y_wVxPyq89odpLs-aXrcWnM5kr-v0FLaBJqcNw6yMRRYCA0mzDha471GAQspOAkZ3UC-sT7zYG1GDQGZoFfbDpnwM48:1q8yAf:6ZPRJR2rQxo1l6mfhUme3dxz6WwSc-wLuc-VN3pCvoM', '2023-06-27 07:10:29.882788'),
('ytf9lzr3742rwj6jxkdlx4w0k669ewns', '.eJxVi70KwjAQgN8ls5S7tJc0joKP4BwulxwpagXbTOK7W6GDrt_Py0Rua41tKc84ZXM0aA6_LLFcy_wVLPJo89rtpDvfebpdtua0J39f5aVuU0H1MvpMmogdiSjo2IMNrEiKGUKgPPRWlaAAWl-gHxwwJnDEJOb9AcYbNGA:1q7W8j:qk8tYw1zQbWIbQf4DAod8fbJp3YUYJBmet4Px0I5fDA', '2023-06-23 07:02:29.130841'),
('ywkkcflkxpp7czfi3vcr5j5t9jmeneri', '.eJxVi0sKwjAQQO-StZROJs3HpeARXIfpZEKKWsE2K-ndG6EL3b7PR0Wqa4l1kXeckjorrU6_bCS-y_wVxPyq89odpLs-aXrcWnM5kr-v0FLaBJqcNw6yMRRYCA0mzDha471GAQspOAkZ3UC-sT7zYG1GDQGZoFfbDpnwM48:1q6VYy:CXTNO4n8-Jg6UzajQ2wQP9Ae0kcsgRZUkSjeMCA0bQk', '2023-06-20 12:13:24.762691'),
('ywqgdue3jw67hyqxg5fcikgjyrsyij8z', '.eJxVi70KwjAQgN8ls5S7tJc0joKP4BwulxwpagXbTOK7W6GDrt_Py0Rua41tKc84ZXM0aA6_LLFcy_wVLPJo89rtpDvfebpdtua0J39f5aVuU0H1MvpMmogdiSjo2IMNrEiKGUKgPPRWlaAAWl-gHxwwJnDEJOb9AcYbNGA:1q4Kdo:rKMrvZQrU2mBCtkDehxhPz5a325frYCaBhHcjmIBF_c', '2023-06-14 12:09:24.902779'),
('yyt5y4vst4d5e6pm0c30n9k9rwxixw15', '.eJxVi0kKwjAUQO-StZT6883gUvAIrsMfElLUCrZZiXc3Qhe6fcPLJGprTW3JzzSpORoAs_uFTHLN89eQyKPN67CR4Xyn6XbpzWlL_r5KS-3T6EVyGbGUHCyiPTAyqYpjzi46BfbAWUPBvY_ERXyAYmPsg5IimPcHEHM2NA:1q5jhK:scWRQY3X6urd5VF2Iq9aijXNcPboBJygQJxi2yBMe58', '2023-06-18 09:06:50.080159'),
('yzfsbpfkjltbhlpcofczf67cwsu8p66p', '.eJxVi0sKwjAQQO-StZROJs3HpeARXIfpZEKKWsE2K-ndG6EL3b7PR0Wqa4l1kXeckjorrU6_bCS-y_wVxPyq89odpLs-aXrcWnM5kr-v0FLaBJqcNw6yMRRYCA0mzDha471GAQspOAkZ3UC-sT7zYG1GDQGZoFfbDpnwM48:1q3Z8X:3Lth9WxlAsUSZDxd1z6-UEWSPfaFrbfOB6rMwFHcQvk', '2023-06-12 09:25:57.385851'),
('z00vmacrhpn03fde56iv1d6izf4g3n6j', '.eJxVi0sKwjAQQO8yaylO_nEpeATXYTKTkKJWaJuVeHcrdKHb93lBor621Jcyp1HgBBjh8Asz8a1MX0PMzz6tw06Gy4PG-3Vrznvy9zVa2jZZIW8z-hKMZg7CupairBOvxCEGpWKkesRQ0ZB3JmbUujrMpMiJFXh_AOCeNKk:1q7aHB:xESgd4LhPqqLQFyPVqCyaI6wY9yFh1Rrw-plzOV0a7c', '2023-06-23 11:27:29.880920'),
('z0e9xrabu8m7rrwg8zscscqz4jzlj3rn', '.eJxVi0sKwjAQQO-StZROJs3HpeARXIfpZEKKWsE2K-ndG6EL3b7PR0Wqa4l1kXeckjorrU6_bCS-y_wVxPyq89odpLs-aXrcWnM5kr-v0FLaBJqcNw6yMRRYCA0mzDha471GAQspOAkZ3UC-sT7zYG1GDQGZoFfbDpnwM48:1q5jmR:Yhqur_YXl3QVdT2t4r4bF2t6kksngXbR0g2Oe5o_zh8', '2023-06-18 09:12:07.141483'),
('z0jxh9bmd6jg61xshoiaca5dy1tv2ka8', '.eJxVi0sKwjAQQO-StZROJs3HpeARXIfpZEKKWsE2K-ndG6EL3b7PR0Wqa4l1kXeckjorrU6_bCS-y_wVxPyq89odpLs-aXrcWnM5kr-v0FLaBJqcNw6yMRRYCA0mzDha471GAQspOAkZ3UC-sT7zYG1GDQGZoFfbDpnwM48:1q3b9b:teNqptQkNTcWJovlOIV-4r2T5Qg1XAsSgg2-lYK2adU', '2023-06-12 11:35:11.822147'),
('z1qhh2strchgbwpn3ukho5783024hzzn', '.eJxVjDEOwjAMRe-SGVUusaOUEYkjdI4c21UqoEi0mRB3h0od2vX99_7HJa5LSXW2dxrVXVxwpz3LLHeb1oFFXnVamo00tyePj_7vXDfl0BWey_rmMWbtiEigJUBlr0DEEXLwkAc6IzFKDkPLJgGgsyiIaqpkoOC-P6JnNIg:1q4xAr:zhtPSQVkoWtqaOePhzfOdITUyQZJ3Xn0PkseEFqIv8g', '2023-06-16 05:18:05.399414'),
('z2abdjsmmpnqktz1tsrr6bolbbwv3wf9', '.eJxVi70KwjAQgN_lZilJc7kLjoKP4BwuyYUUtYJtJvHdrdBB1-_nBVH62mJf9BmnAkdgOPyyJPmq81dIzo8-r8NOhvNdpttla0578vc1Wdo2qXdV1fOoaDyyY0y1JGvElsQkjBoseUfBKYY6JipIEmp2hgVz9fD-ALeQNH4:1q7IXK:eM7lf2GF9jKy12Snmy_hMameVtMzk8t9qfCqAS-LURM', '2023-06-22 16:30:58.212860'),
('z36kdyi2yl3m1ze4zvftubcoqdojvkgc', '.eJxVi70KwjAQgN8ls5S7tJc0joKP4BwulxwpagXbTOK7W6GDrt_Py0Rua41tKc84ZXM0aA6_LLFcy_wVLPJo89rtpDvfebpdtua0J39f5aVuU0H1MvpMmogdiSjo2IMNrEiKGUKgPPRWlaAAWl-gHxwwJnDEJOb9AcYbNGA:1q7IPe:pk7C_7VFSoCBnyYk6csdjXJqdGTxlR5taFqmsYY2Hag', '2023-06-22 16:23:02.447138'),
('z3ic9vnuopmj9vnegpbp6in7rq3bl35k', '.eJxVi70KwjAQgN8ls5TcpTlyjoKP4ByuyYUUtYJtJvHdjdBB1-_nZaK0rca26jPO2RwNenP4hZOkqy5fIyk92rINOxnOd5lvl96c9uTvq7LWPtGkpIWZbUgcAChDKjlIQVVHXjOQG4msx2IDI6L1MHZYPATK1pn3B9XLM8Y:1q8eMm:WLdXIvvXyHcP4sHa6JIF_NS01RZYl0tg0L0avEUA1o4', '2023-06-26 10:01:40.800207'),
('z3jvr3igdo23rjmhk0vctwafnyyau2ip', '.eJxVi70KwjAQgN8ls5S7tJc0joKP4BwulxwpagXbTOK7W6GDrt_Py0Rua41tKc84ZXM0aA6_LLFcy_wVLPJo89rtpDvfebpdtua0J39f5aVuU0H1MvpMmogdiSjo2IMNrEiKGUKgPPRWlaAAWl-gHxwwJnDEJOb9AcYbNGA:1q6di5:Rrk4ggNjx54lNGlUSeHDJbUZBcvLJe-tMkQnpBe_ngg', '2023-06-20 20:55:21.427171'),
('z4bahol2kvnng84ddl8jh3xs3ilgouna', '.eJxVi70KwjAQgN_lZilJc7kLjoKP4BwuyYUUtYJtJvHdrdBB1-_nBVH62mJf9BmnAkdgOPyyJPmq81dIzo8-r8NOhvNdpttla0578vc1Wdo2qXdV1fOoaDyyY0y1JGvElsQkjBoseUfBKYY6JipIEmp2hgVz9fD-ALeQNH4:1q91pY:HcBt6JkO08LuETP0IQZ6OpLTfbSLvfGNEWBt6cWxlk8', '2023-06-27 11:04:56.278377'),
('z58khrt0djr8vfwozci6i1l0j75o9ip0', '.eJxVi70OwiAQgN-F2TQHB1dxNPERnMlxQGjUmrRlMr5726SDrt_PRwVuSw1tzlMYkroo3avTL4wsjzzuhkXebVy6g3S3Fw_P-9Zcj-TvqzzXbcrIaBCiYW2ppAQOwHkDDILalrMHgB58iZGMsT5pDeIskSNCZBL1XQGunzMp:1q8eLL:SL4IRtGEfkgPavJVuZ6ZFLHf0A-4ji7YdWqFdmIG_e4', '2023-06-26 10:00:11.991401'),
('z71ouernw0l8ovq29xjhwbznqafq1lt6', '.eJxVi0sKwjAQQO-StZROPibjUvAIrsNkkiFFrdA2K_HubaEL3b7PR0VqS41tLlMcsroo49TpFybiRxl3Q8zvNi7dQbrbi4bnfWuuR_L3VZrrNnljCKgHkBTQ65QZrT8jO07i2WqyKGJJKFASAMha616cD8ZlxJLVdwXilTUK:1q90wL:RrR8d2Qte0LJR1xChGC5BXQjkF878cvGM2M5WdzddQ0', '2023-06-27 10:07:53.934898'),
('zbcubno1ma01v5in2311rbnc63ziuddm', '.eJxVi80KwjAMgN-lZxkr2drEo-AjeC5pk9ChTnDrSXx3J-yg1-_n5RK3taa26DNN4o5ucIdflrlcdf4KLuXR5rXbSXe-83S7bM1pT_6-ykvdJvQgvRgjBEHJijJYAFP1vrBRBAwDZQ5jVjIAQymgPSHGkTUSufcH2uU1NQ:1q8HUd:MnbV_7Cy3A37uFOThkexYTE0QpD_MjDG7icjmvSohhA', '2023-06-25 09:36:15.585039'),
('zbd9qo7q69fkidvcto1zya4ctywnl2hx', '.eJxVi70KwjAQgN8ls5S7tJc0joKP4BwulxwpagXbTOK7W6GDrt_Py0Rua41tKc84ZXM0aA6_LLFcy_wVLPJo89rtpDvfebpdtua0J39f5aVuU0H1MvpMmogdiSjo2IMNrEiKGUKgPPRWlaAAWl-gHxwwJnDEJOb9AcYbNGA:1q7JSu:0roeKeO92QAsYS_K5-h2m52oegMS5Dl70BjRFN371-c', '2023-06-22 17:30:28.588906'),
('zbhapr93nt8sz87qwwy5503vmpqpggdj', '.eJxVi8sKwjAQRf8layl5Ncm4FPwE12EmmZCiVrDNSvrvjdCFri6ce85HRGxrjW3hd5yyOAvtxekXEqY7z98HU3q1eR0OMlyfOD1u3bkcyl9Xcak9IgbI6ElJW6wqiSzovnLUxFyCM1DyaACM4pxRe-28cSGAL4ZYBhbbDuoQNMY:1q79Zr:Nj146sdqF5Xm5Xkvv3fInYBbBda-qPA0Zzl1Gi3NTTE', '2023-06-22 06:56:59.492949'),
('zgy8ctiu3dxlscba109yq4yqg62mcn1p', '.eJxVi80KwjAMgN-lZxkr2drEo-AjeC5pk9ChTnDrSXx3J-yg1-_n5RK3taa26DNN4o5ucIdflrlcdf4KLuXR5rXbSXe-83S7bM1pT_6-ykvdJvQgvRgjBEHJijJYAFP1vrBRBAwDZQ5jVjIAQymgPSHGkTUSufcH2uU1NQ:1q8eka:-lZEoIO8pLx69UAunwP-bj_iNTTITR1SXoSEiUqSh4s', '2023-06-26 10:26:16.773104'),
('zhej8o6v7gm4ue70bsxfe8xurskfx8j5', '.eJxVi80KwjAMgN-lZxkr2drEo-AjeC5pk9ChTnDrSXx3J-yg1-_n5RK3taa26DNN4o5ucIdflrlcdf4KLuXR5rXbSXe-83S7bM1pT_6-ykvdJvQgvRgjBEHJijJYAFP1vrBRBAwDZQ5jVjIAQymgPSHGkTUSufcH2uU1NQ:1q6msV:uVHBj3tB9WtMy-I7_Yr8YXefN5_3tWMQhqZp80fINNg', '2023-06-21 06:42:43.982573'),
('zi324gs7pzuy39hschdn17tt0c9dd8ej', '.eJxVi0sKwjAQQO-StZROJs3HpeARXIfpZEKKWsE2K-ndG6EL3b7PR0Wqa4l1kXeckjorrU6_bCS-y_wVxPyq89odpLs-aXrcWnM5kr-v0FLaBJqcNw6yMRRYCA0mzDha471GAQspOAkZ3UC-sT7zYG1GDQGZoFfbDpnwM48:1q7Zl7:YObaP0wRdnqNeYtVKDPpZQGL-FIlWfCF2Nz4ybMZ6IM', '2023-06-23 10:54:21.549842'),
('zihbj5zh8si1sodnyu3rxxzbtmn3f278', '.eJxVi70KwjAQgN8ls5TcpTlyjoKP4ByuyYUUtYJtJvHdjdBB1-_nZaK0rca26jPO2RwNenP4hZOkqy5fIyk92rINOxnOd5lvl96c9uTvq7LWPtGkpIWZbUgcAChDKjlIQVVHXjOQG4msx2IDI6L1MHZYPATK1pn3B9XLM8Y:1q8wdE:caF2oBJb-95pn07maLo3S8QlZR03y3FVmBgJFw9ruMc', '2023-06-27 05:31:52.709550'),
('zizobvk05qeyr6nzfu7hikrjfrjakps6', '.eJxVi0sKwjAQQO-StZROJs3HpeARXIfpZEKKWsE2K-ndG6EL3b7PR0Wqa4l1kXeckjorrU6_bCS-y_wVxPyq89odpLs-aXrcWnM5kr-v0FLaBJqcNw6yMRRYCA0mzDha471GAQspOAkZ3UC-sT7zYG1GDQGZoFfbDpnwM48:1q6EbF:wbNBl9q1N2W3rCbVI351F3_BnBewxxyiqLLJs0uac4s', '2023-06-19 18:06:37.632047'),
('zjj7f290t6ei00wqmloyo4x05ic9xevd', '.eJxVi0sKwjAQQO-StZROJs3HpeARXIfpZEKKWsE2K-ndG6EL3b7PR0Wqa4l1kXeckjorrU6_bCS-y_wVxPyq89odpLs-aXrcWnM5kr-v0FLaBJqcNw6yMRRYCA0mzDha471GAQspOAkZ3UC-sT7zYG1GDQGZoFfbDpnwM48:1q5ji2:ntoPIM4d5napdGRA9UqHfpSusknropMwkFh4kU9iUfM', '2023-06-18 09:07:34.663748'),
('zjw4s52q2wxil2b3mlnhmtv5sgcwcz50', '.eJxVi0sKwjAQQO-StZR8ZhLGpeARXIdpZkKKWsE2K_HuVuhCt-_zMpn72nJf9JknMUcDwRx-4cjlqvPXcCmPPq_DTobznafbZWtOe_L3NV7aNjkaUV1QzzZ5qkQUMVah4EbHABVUUqhoLYoHF6WAaCpok1UUFjTvD8coNHo:1q91xQ:vniEN1mXBIvvsg5g6TFLvKVf9nDC18c74kkZmKX08_M', '2023-06-27 11:13:04.327493'),
('zl3et8z7figo2o6sq4yo8p1kcvsrzhac', '.eJxVizkOwjAUBe_iGkV2vHybEokjUFt_ceQICFISV4i7E1AKeOW8mafK2Naa21LmPIo6KgPq8AsJ-Vqmz4PMjzat3U668x3H22VzTrvy11Vc6jfSUQq6KOSSLUmEgo9QLAlg6K0hBOLeuuC3JcCBB5fYExqwRmv1egP9VTUE:1q3tyK:H-zbKtj7yy6gCNFnyCNw4I63iibn1cmzMWd7iWpKN0k', '2023-06-13 07:40:48.519925'),
('zm5rvyn791jewbjp0q6om02thi9861ke', '.eJxVi70KwjAQgN8ls5S7tJc0joKP4BwulxwpagXbTOK7W6GDrt_Py0Rua41tKc84ZXM0aA6_LLFcy_wVLPJo89rtpDvfebpdtua0J39f5aVuU0H1MvpMmogdiSjo2IMNrEiKGUKgPPRWlaAAWl-gHxwwJnDEJOb9AcYbNGA:1q3e38:ElUkyeeBvL6Y66__rRSVgzhPV7WANyO5S9ZKHoqLo3Q', '2023-06-12 14:40:42.786112'),
('zo9gwzyfycvka7w3u6xc5d2ndieiu0w8', '.eJxVi0sKwjAQQO-StZROJs3HpeARXIfpZEKKWsE2K-ndG6EL3b7PR0Wqa4l1kXeckjorrU6_bCS-y_wVxPyq89odpLs-aXrcWnM5kr-v0FLaBJqcNw6yMRRYCA0mzDha471GAQspOAkZ3UC-sT7zYG1GDQGZoFfbDpnwM48:1q3uqW:5qZTfNrapxqxw0x0yaOe-LynidK5T5wEzhFaP728LN8', '2023-06-13 08:36:48.093079'),
('zpitrlfwrrp4uq5harufj2bpjbi1oppx', '.eJxVi80KwjAMgN-lZxkr2drEo-AjeC5pk9ChTnDrSXx3J-yg1-_n5RK3taa26DNN4o5ucIdflrlcdf4KLuXR5rXbSXe-83S7bM1pT_6-ykvdJvQgvRgjBEHJijJYAFP1vrBRBAwDZQ5jVjIAQymgPSHGkTUSufcH2uU1NQ:1q7AJm:f474dBUtlPFIpPBG8C_GCInASAgj-w55t294r-wESKk', '2023-06-22 07:44:26.705098'),
('zpxabg69cjjemq1djv02knyhlfg3k05g', '.eJxVi70KwjAQgN8ls5S7tJc0joKP4BwulxwpagXbTOK7W6GDrt_Py0Rua41tKc84ZXM0aA6_LLFcy_wVLPJo89rtpDvfebpdtua0J39f5aVuU0H1MvpMmogdiSjo2IMNrEiKGUKgPPRWlaAAWl-gHxwwJnDEJOb9AcYbNGA:1q5fyI:UpdnZsIbUQIsjtYkqV9bTM5lzC6nYiBqkwJ1KePXXR0', '2023-06-18 05:08:06.129962'),
('zqa3rf4xwszm6ekzz286dw3jd3y21rm0', '.eJxVi8sKwjAQRf8layl5Ncm4FPwE12EmmZCiVrDNSvrvjdCFri6ce85HRGxrjW3hd5yyOAvtxekXEqY7z98HU3q1eR0OMlyfOD1u3bkcyl9Xcak9IgbI6ElJW6wqiSzovnLUxFyCM1DyaACM4pxRe-28cSGAL4ZYBhbbDuoQNMY:1q6VOv:cSMvFbJNOiNrLud-Gh31enHrtO_HoFPHqYot9yxW8UI', '2023-06-20 12:03:01.000510'),
('zsqbhhn8l2xgx2j27uof70lpic44oolc', '.eJxVi70KwjAQgN8ls5S7tJc0joKP4BwulxwpagXbTOK7W6GDrt_Py0Rua41tKc84ZXM0aA6_LLFcy_wVLPJo89rtpDvfebpdtua0J39f5aVuU0H1MvpMmogdiSjo2IMNrEiKGUKgPPRWlaAAWl-gHxwwJnDEJOb9AcYbNGA:1q4d7Y:5FrNa-aPBFP_Qhq7zadmRg-AfE2YOGBkAFMJk0JKO6k', '2023-06-15 07:53:20.702687'),
('zwbis01atuxs2b837h89xxnb5tx8cqwo', '.eJxVi70KwjAQgN8ls5S7tJc0joKP4BwulxwpagXbTOK7W6GDrt_Py0Rua41tKc84ZXM0aA6_LLFcy_wVLPJo89rtpDvfebpdtua0J39f5aVuU0H1MvpMmogdiSjo2IMNrEiKGUKgPPRWlaAAWl-gHxwwJnDEJOb9AcYbNGA:1q7C4o:qj-CReCgkRr0h4266GToqjIaVbYcZxhiTq5grUXedlY', '2023-06-22 09:37:06.435048'),
('zwv55eluyikcviflhqhbixa76oehv1b4', '.eJxVi8sKwjAQRf8layl5Ncm4FPwE12EmmZCiVrDNSvrvjdCFri6ce85HRGxrjW3hd5yyOAvtxekXEqY7z98HU3q1eR0OMlyfOD1u3bkcyl9Xcak9IgbI6ElJW6wqiSzovnLUxFyCM1DyaACM4pxRe-28cSGAL4ZYBhbbDuoQNMY:1q6S6w:uLj__-boGATmOv3SLNaIVBGrLxyq_TMX-o677d-stE4', '2023-06-20 08:32:14.984400'),
('zxvvxrk90o7zmn2eczilo6lkbeboau25', '.eJxVi8sKwjAQRf8layl5Ncm4FPwE12EmmZCiVrDNSvrvjdCFri6ce85HRGxrjW3hd5yyOAvtxekXEqY7z98HU3q1eR0OMlyfOD1u3bkcyl9Xcak9IgbI6ElJW6wqiSzovnLUxFyCM1DyaACM4pxRe-28cSGAL4ZYBhbbDuoQNMY:1q6s68:j2n-Gr7Oz6OtQ9KmYo0Di2G3ioVV4aPn0R01439z98U', '2023-06-21 12:17:08.299712'),
('zzeefgwqx3nzerlmw9hugeiqz4btgjd8', '.eJxVi0EOwiAQRe_C2jRQKMO4NPEIrskwDKFRa2LLynh3MelCl__9914qUttqbKs845zVUY2oDr8wEV9l-T7E_GjLNuxkON9pvl26c9qVv67SWnuUJ-s0ueCT0wBIKCkICHBf1he2drJJyHFxhgG0wUIew4iM2Rcx6v0B0Ik0lw:1q7WtU:aYltOhfDyDm4RBG4Gc1ui65CDYTbH0YdjfEvKxqsPFM', '2023-06-23 07:50:48.176703');

-- --------------------------------------------------------

--
-- Table structure for table `management_clientcategory`
--

CREATE TABLE `management_clientcategory` (
  `id` bigint(20) NOT NULL,
  `name` varchar(255) NOT NULL
) ENGINE=InnoDB DEFAULT CHARSET=utf8mb4 COLLATE=utf8mb4_general_ci;

--
-- Dumping data for table `management_clientcategory`
--

INSERT INTO `management_clientcategory` (`id`, `name`) VALUES
(4, 'asd'),
(6, 'asdasd'),
(2, 'daw'),
(8, 'dawj'),
(7, 'fdghjk'),
(1, 'industry'),
(3, 'teatae'),
(5, 'test');

-- --------------------------------------------------------

--
-- Table structure for table `management_commodity`
--

CREATE TABLE `management_commodity` (
  `id` bigint(20) NOT NULL,
  `name` varchar(255) NOT NULL,
  `test_duration` int(11) DEFAULT NULL,
  `units` varchar(255) DEFAULT NULL,
  `price` int(11) DEFAULT NULL,
  `category_id` bigint(20) DEFAULT NULL
) ENGINE=InnoDB DEFAULT CHARSET=utf8mb4 COLLATE=utf8mb4_general_ci;

--
-- Dumping data for table `management_commodity`
--

INSERT INTO `management_commodity` (`id`, `name`, `test_duration`, `units`, `price`, `category_id`) VALUES
(1, 'Ghee', NULL, '%', 12, 1),
(2, 'Mustard Oil', NULL, 'nan', 0, 1),
(3, 'Imported Rapeseed oil', NULL, 'nan', 0, 1),
(4, 'Rapeseed oil', NULL, 'nan', 0, 1),
(5, 'Soyabean Oil', NULL, '%', 0, 1),
(6, 'Palm oil ', NULL, 'nan', 0, 1),
(7, 'Palm kernel oil', NULL, 'nan', 0, 1),
(8, 'Palmolein ', NULL, 'nan', 0, 1),
(9, 'Groundnut Oil', NULL, 'nan', 0, 1),
(10, 'Coconut oil', NULL, 'nan', 0, 1),
(11, 'Sesame oil', NULL, 'nan', 0, 1),
(12, 'Corn oil / Maize oil ', NULL, 'nan', 0, 1),
(13, 'Sunflower oil ', NULL, 'nan', 0, 1),
(14, 'Olive oil ', NULL, 'nan', 0, 1),
(15, 'Safflower seed oil ', NULL, 'nan', 0, 1),
(16, 'Refined Vegetable oil ', NULL, 'nan', 0, 1),
(17, 'Hydrogenated Vegetable oil ', NULL, 'degree centigrade', 0, 1),
(18, 'Bakery Shortening ', NULL, 'nan', 0, 1),
(19, 'Testing', 10, 'ljhhj', 100, 130);

-- --------------------------------------------------------

--
-- Table structure for table `management_commoditycategory`
--

CREATE TABLE `management_commoditycategory` (
  `id` bigint(20) NOT NULL,
  `name` varchar(255) NOT NULL
) ENGINE=InnoDB DEFAULT CHARSET=utf8mb4 COLLATE=utf8mb4_general_ci;

--
-- Dumping data for table `management_commoditycategory`
--

INSERT INTO `management_commoditycategory` (`id`, `name`) VALUES
(1, 'Fats and Oils'),
(135, 'Hello'),
(132, 'ok'),
(133, 'okx'),
(134, 'pop'),
(130, 'Test'),
(131, 'testing');

-- --------------------------------------------------------

--
-- Table structure for table `management_payment`
--

CREATE TABLE `management_payment` (
  `id` bigint(20) NOT NULL,
  `owner_email` varchar(100) DEFAULT NULL,
  `voucher_number` varchar(155) DEFAULT NULL,
  `register_date` varchar(155) DEFAULT NULL,
  `ammount` int(11) DEFAULT NULL,
  `payment_receipt` varchar(100) DEFAULT NULL,
  `created_date` datetime(6) NOT NULL,
  `updated_date` datetime(6) NOT NULL,
  `sample_form_id` bigint(20) NOT NULL
) ENGINE=InnoDB DEFAULT CHARSET=utf8mb4 COLLATE=utf8mb4_general_ci;

--
-- Dumping data for table `management_payment`
--

INSERT INTO `management_payment` (`id`, `owner_email`, `voucher_number`, `register_date`, `ammount`, `payment_receipt`, `created_date`, `updated_date`, `sample_form_id`) VALUES
(18, 'sagarpneupane@gmail.com', 'asfda', 'Thu Jun 15 2023 00:00:00 GMT+0545 (Nepal Time)', NULL, 'uploads/receipt/Screenshot_3_fOeayP6.png', '2023-06-12 09:29:51.914949', '2023-06-12 09:29:51.914974', 43);

-- --------------------------------------------------------

--
-- Table structure for table `management_sampleform`
--

CREATE TABLE `management_sampleform` (
  `id` bigint(20) NOT NULL,
  `owner_user` varchar(100) NOT NULL,
  `name` varchar(255) DEFAULT NULL,
  `condition` varchar(255) NOT NULL,
  `mfd` date NOT NULL,
  `dfb` date NOT NULL,
  `batch` int(11) NOT NULL,
  `brand` varchar(255) NOT NULL,
  `purpose` varchar(255) NOT NULL,
  `report_date` date NOT NULL,
  `amendments` varchar(255) DEFAULT NULL,
  `language` varchar(10) NOT NULL,
  `note` longtext DEFAULT NULL,
  `status` varchar(155) DEFAULT NULL,
  `form_available` varchar(100) DEFAULT NULL,
  `created_date` datetime(6) NOT NULL,
  `updated_date` datetime(6) NOT NULL,
  `supervisor_user_id` bigint(20) DEFAULT NULL,
  `commodity_id` bigint(20) NOT NULL,
  `is_commodity_select` tinyint(1) NOT NULL,
  `is_analyst_test` tinyint(1) NOT NULL,
  `approved_by_id` bigint(20) DEFAULT NULL,
  `approved_date` date DEFAULT NULL
) ENGINE=InnoDB DEFAULT CHARSET=utf8mb4 COLLATE=utf8mb4_general_ci;

--
-- Dumping data for table `management_sampleform`
--

INSERT INTO `management_sampleform` (`id`, `owner_user`, `name`, `condition`, `mfd`, `dfb`, `batch`, `brand`, `purpose`, `report_date`, `amendments`, `language`, `note`, `status`, `form_available`, `created_date`, `updated_date`, `supervisor_user_id`, `commodity_id`, `is_commodity_select`, `is_analyst_test`, `approved_by_id`, `approved_date`) VALUES
(40, 'admin@gmail.com', 'new sample form', 'new sample form', '2023-06-06', '2023-06-20', 123123, 'brand', '123123', '2023-06-25', '123123', 'np', '213123', 'completed', 'verifier', '2023-06-12 05:33:22.923590', '2023-06-12 05:33:22.923616', 2, 1, 0, 0, NULL, NULL),
(41, 'admin@gmail.com', 'sample form', 'sample form', '2023-06-07', '2023-06-15', 23123, '23234', '234234', '2023-06-13', '4234', 'np', '3242', 'completed', 'verifier', '2023-06-12 08:21:50.506152', '2023-06-12 08:21:50.506173', 2, 1, 0, 0, NULL, NULL),
(42, 'user@gmail.com', 'test001', 'test001', '2023-06-01', '2023-06-14', 4356789, 'test001', 'test001', '2023-06-17', 'test001', 'en', 'test001', 'processing', 'analyst', '2023-06-12 08:23:20.274572', '2023-06-12 08:23:20.274591', 2, 4, 0, 0, NULL, NULL),
(43, 'sagarpneupane@gmail.com', 'Milk', 'good', '2023-06-12', '2023-06-30', 5, 'DDC', 'Edible or not', '2023-06-15', 'No', 'en', 'Nothing', 'completed', 'verifier', '2023-06-12 09:03:59.947281', '2023-06-12 09:03:59.947301', 2, 1, 0, 0, NULL, NULL),
(44, 'smu@gmail.com', 'Sit mollitia proide', 'Nam amet quis totam', '2023-06-12', '2023-06-14', 83, 'Nulla laborum natus', 'Ipsa qui dolor comm', '2023-06-09', 'Temporibus eos est', 'en', 'Quia quaerat explica', 'processing', 'supervisor', '2023-06-12 09:13:17.943997', '2023-06-12 09:13:17.944017', 2, 1, 0, 0, NULL, NULL),
(46, 'smu@gmail.com', 'Lenevo', 'Soluta lorem odio op', '2023-06-12', '2023-06-17', 53, 'Quos autem at mollit', 'Necessitatibus volup', '2023-06-21', 'Dolorum excepteur vo', 'np', 'Aliquip voluptatum s', 'processing', 'supervisor', '2023-06-12 09:16:50.169443', '2023-06-12 09:16:50.169470', 2, 2, 0, 0, NULL, NULL),
(47, 'hari@gmail.com', 'Ice', 'Tempora sed velit si', '2023-06-12', '2023-06-12', 90, 'In velit sit id ea', 'Eius aut aperiam et', '2023-06-12', 'Ullamco beatae dolor', 'en', 'Dolores vel eligendi', 'completed', 'verifier', '2023-06-12 09:25:18.009259', '2023-06-12 09:25:18.009276', 29, 10, 0, 0, NULL, NULL),
(48, 'hari@gmail.com', 'joker', 'Ut quibusdam enim au', '2023-06-12', '2023-06-12', 72, 'Ad quia do ea corrup', 'Cupiditate deleniti', '2023-06-12', 'Sed nihil architecto', 'en', 'Pariatur A nesciunt', 'completed', 'analyst', '2023-06-12 09:39:06.097423', '2023-06-12 09:39:06.097454', 29, 2, 0, 0, NULL, NULL),
(49, 'admin@gmail.com', 'most-completed', 'most-completed', '2023-06-08', '2023-06-20', 123123, 'sdsdsad', '123123', '2023-06-13', '123123', 'np', '123123', 'not_verified', 'analyst', '2023-06-12 10:12:29.488447', '2023-06-12 10:12:29.488468', 2, 1, 0, 1, NULL, NULL),
(50, 'sagarpneupane@gmail.com', 'Rice', 'good', '2023-06-12', '2023-06-30', 4, 'dhan', 'wwhh', '2023-06-15', 'no', 'en', 'not any', 'not_verified', 'analyst', '2023-06-12 10:38:19.591879', '2023-06-12 10:38:19.591903', 2, 1, 0, 0, NULL, NULL),
(51, 'sagarpneupane@gmail.com', 'OKOKOKO', 'okoko', '2023-06-07', '2023-06-13', 4356789, 'okokok', 'okokok', '2023-06-13', 'okokok', 'en', 'okokok', 'processing', 'analyst', '2023-06-12 10:42:11.942248', '2023-06-12 10:42:11.942264', 29, 2, 0, 0, NULL, NULL),
(52, 'asd@gmail.com', 'test_md1', 'test_md1', '2023-06-06', '2023-06-19', 234, '234', '234', '2023-06-19', '234234', 'np', '234234', 'completed', 'verifier', '2023-06-12 12:15:56.003879', '2023-06-12 12:15:56.003902', 2, 1, 0, 0, NULL, NULL),
(53, 'test@gmail.com', 'Oil', 'good', '2023-06-12', '2023-06-30', 5, 'dhara', 'fat', '2023-06-15', 'nothing', 'en', 'nothing', 'not_verified', 'analyst', '2023-06-12 12:37:12.278797', '2023-06-12 12:37:12.278823', 29, 2, 0, 0, NULL, NULL),
(54, 'umeshthapa539@gmail.com', 'not verified sample form', 'not verified sample form', '2023-06-08', '2023-06-28', 3123, 'brand', 'not verified sample form', '2023-06-27', 'sfsdfdf', 'en', 'kfhskjdhdfkd', 'completed', 'analyst', '2023-06-12 12:59:28.543757', '2023-06-12 12:59:28.543780', 2, 1, 0, 0, NULL, NULL),
(55, 'asd@gmail.com', 'send to supervisor testing', 'send to supervisor testing', '2023-06-09', '2023-06-19', 234234, '234234', '234234', '2023-06-19', '234234', 'en', '234234', 'not_verified', 'analyst', '2023-06-12 18:23:32.305692', '2023-06-12 18:23:32.305722', 2, 1, 0, 1, NULL, NULL),
(56, 'asd@gmail.com', 'send to supervisor validation', 'send to supervisor validation', '2023-06-08', '2023-06-20', 213123, '123', '123', '2023-06-14', '123123', 'np', '123', 'not_verified', 'verifier', '2023-06-12 18:53:32.626961', '2023-06-12 18:53:32.626984', 2, 1, 0, 1, NULL, NULL),
(57, 'admin@gmail.com', 'SAMPLE001', 'SAMPLE001', '2023-06-08', '2023-06-21', 43567, 'daw', 'asd', '2023-06-14', 'WAD', 'en', 'A', 'processing', 'supervisor', '2023-06-13 06:06:54.749284', '2023-06-13 06:06:54.749313', 2, 4, 0, 0, NULL, NULL),
(58, 'admin@gmail.com', 'SAMPLE002', 'SAMPLE002', '2023-06-05', '2023-06-15', 7654, 'SAMPLE002', 'SAMPLE002', '2023-06-14', 'SAMPLE002', 'en', 'SAMPLE002', 'processing', 'supervisor', '2023-06-13 06:40:21.539218', '2023-06-13 06:40:21.539244', 2, 5, 0, 0, NULL, NULL),
(59, 'admin@gmail.com', 'SAMPLE003', 'SAMPLE003', '2023-06-01', '2023-06-16', 54655, 'SAMPLE003', 'SAMPLE003', '2023-06-16', 'SAMPLE003', 'en', 'SAMPLE003', 'processing', 'supervisor', '2023-06-13 06:41:36.609783', '2023-06-13 06:41:36.609816', 2, 5, 0, 0, NULL, NULL),
(60, '018bscit038@sxc.edu.np', 'Pasta', 'good', '2023-06-13', '2023-06-30', 5, 'bbh', 'test', '2023-06-15', 'no', 'en', 'nothing', 'not_verified', 'analyst', '2023-06-13 08:29:37.196060', '2023-06-13 08:29:37.196080', 2, 1, 0, 1, NULL, NULL),
(61, '018bscit038@sxc.edu.np', 'abc', 'sakja', '2023-06-13', '2023-06-14', 4, 'jilj', 'lidsh', '2023-06-13', 'kdjba', 'en', 'jndk', 'completed', 'verifier', '2023-06-13 08:30:21.617302', '2023-06-13 08:30:21.617320', 2, 1, 0, 1, NULL, NULL),
(62, 'asd@gmail.com', 'Bum Bum Bhole', 'Bum Bum Bhole', '2023-06-07', '2023-06-21', 123123, '123123', '123123', '2023-06-21', '123123', 'en', '123123', 'completed', 'verifier', '2023-06-13 09:54:12.514439', '2023-06-13 09:54:12.514466', 2, 1, 0, 1, NULL, NULL),
(63, 'sagarpneupane@gmail.com', 'Vodka', 'good', '2023-06-13', '2023-06-30', 4, 'vvldrink', 'drink', '2023-06-15', 'no', 'en', 'nothing', 'completed', 'verifier', '2023-06-13 10:09:21.706837', '2023-06-13 10:09:21.706866', 2, 1, 0, 1, NULL, NULL),
(64, 'prasad@gmail.com', 'Prasad', 'Dolorem architecto m', '2023-06-13', '2023-06-13', 98, 'Esse in velit verita', 'Id distinctio Iure', '2023-06-13', 'Consequatur ducimus', 'en', 'Dolorem saepe at nul', 'completed', 'verifier', '2023-06-13 10:19:13.515033', '2023-06-13 10:19:13.515065', 29, 1, 0, 1, NULL, NULL),
(65, 'prasad@gmail.com', 'Rose', 'Eius voluptas mollit', '2023-06-12', '2023-06-13', 27, 'Voluptas facere haru', 'Officia rerum nostru', '2023-06-13', 'Vitae enim fugit la', 'np', 'Qui sequi voluptate', 'processing', 'supervisor', '2023-06-13 10:54:47.341697', '2023-06-13 10:54:47.341719', 29, 10, 0, 0, NULL, NULL),
(66, 'hari@gmail.com', 'Hariiii', 'Sit non beatae molli', '2023-06-12', '2023-06-13', 89, 'Pariatur Et accusam', 'Fuga Porro voluptat', '2023-06-13', 'Eu neque officia sun', 'np', 'Deserunt libero sed', 'completed', 'verifier', '2023-06-13 10:59:53.999759', '2023-06-13 10:59:53.999778', 29, 4, 0, 1, NULL, NULL),
(67, 'hari@gmail.com', 'Hari Bahadur', 'Dolores fuga Ipsam', '2023-06-13', '2023-06-13', 100, 'Culpa obcaecati amet', 'Qui ut incidunt ad', '2023-06-13', 'Molestiae optio des', 'en', 'Nostrud eligendi in', 'processing', 'supervisor', '2023-06-13 11:04:43.885897', '2023-06-13 11:04:43.885922', 29, 2, 0, 0, NULL, NULL),
(68, 'user@gmail.com', 'Aperiam voluptatem v', 'Distinctio Iusto ab', '2023-06-12', '2023-06-14', 54, 'Esse et non ut quod', 'Est officiis qui dol', '2023-06-14', 'Nihil vitae deserunt', 'en', 'Natus maiores invent', 'not_assigned', 'supervisor', '2023-06-13 11:39:19.256935', '2023-06-13 11:39:19.256963', 2, 2, 0, 0, NULL, NULL),
(69, 'ramsharma@gmail.com', 'iron Sample', 'Nihil nisi quis quos', '2023-06-12', '2023-06-14', 57, 'Dolor occaecat optio', 'Ducimus omnis dicta', '2023-06-14', 'Et reiciendis ut max', 'en', 'Ipsa qui qui dolor', 'completed', 'verifier', '2023-06-13 11:50:30.929062', '2023-06-13 11:50:30.929081', 2, 4, 0, 1, NULL, NULL),
(70, 'asd@gmail.com', 'jdk', 'jdk', '2023-06-08', '2023-06-21', 24234, 'brand', '123123', '2023-06-21', '123123', 'en', '123123', 'processing', 'supervisor', '2023-06-13 12:43:57.905432', '2023-06-13 12:43:57.905450', 2, 1, 0, 0, NULL, NULL);

-- --------------------------------------------------------

--
-- Table structure for table `management_sampleformhasparameter`
--

CREATE TABLE `management_sampleformhasparameter` (
  `id` bigint(20) NOT NULL,
  `analyst_user_id` bigint(20) NOT NULL,
  `status` varchar(155) DEFAULT NULL,
  `form_available` varchar(100) DEFAULT NULL,
  `created_date` datetime(6) NOT NULL,
  `updated_date` datetime(6) NOT NULL,
  `commodity_id` bigint(20) DEFAULT NULL,
  `sample_form_id` bigint(20) DEFAULT NULL,
  `is_supervisor_sent` tinyint(1) NOT NULL
) ENGINE=InnoDB DEFAULT CHARSET=utf8mb4 COLLATE=utf8mb4_general_ci;

--
-- Dumping data for table `management_sampleformhasparameter`
--

INSERT INTO `management_sampleformhasparameter` (`id`, `analyst_user_id`, `status`, `form_available`, `created_date`, `updated_date`, `commodity_id`, `sample_form_id`, `is_supervisor_sent`) VALUES
(55, 4, 'completed', 'analyst', '2023-06-12 05:34:13.272712', '2023-06-12 05:34:13.272733', NULL, 40, 1),
(56, 19, 'completed', 'analyst', '2023-06-12 05:34:26.929772', '2023-06-12 05:34:26.929793', NULL, 40, 1),
(57, 4, 'completed', 'analyst', '2023-06-12 08:22:54.568921', '2023-06-12 08:22:54.568937', NULL, 41, 1),
(58, 19, 'completed', 'analyst', '2023-06-12 08:23:01.634125', '2023-06-12 08:23:01.634141', NULL, 41, 1),
(59, 25, 'completed', 'analyst', '2023-06-12 09:27:43.683537', '2023-06-12 09:27:43.683557', NULL, 47, 1),
(60, 4, 'completed', 'analyst', '2023-06-12 09:45:07.266456', '2023-06-12 09:45:07.266490', NULL, 43, 1),
(61, 25, 'completed', 'analyst', '2023-06-12 09:59:04.401315', '2023-06-12 09:59:04.401341', NULL, 48, 1),
(62, 18, 'completed', 'analyst', '2023-06-12 09:59:37.316142', '2023-06-12 09:59:37.316159', NULL, 48, 1),
(63, 4, 'completed', 'analyst', '2023-06-12 10:14:10.870586', '2023-06-12 10:14:10.870602', NULL, 49, 1),
(64, 19, 'completed', 'analyst', '2023-06-12 10:15:49.230221', '2023-06-12 10:15:49.230241', NULL, 49, 1),
(65, 4, 'completed', 'analyst', '2023-06-12 10:45:21.721750', '2023-06-12 10:45:21.721768', NULL, 50, 1),
(66, 4, 'completed', 'analyst', '2023-06-12 11:00:58.345651', '2023-06-12 11:00:58.345672', NULL, 42, 1),
(67, 15, 'pending', 'analyst', '2023-06-12 11:01:19.962462', '2023-06-12 11:01:19.962476', NULL, 42, 0),
(68, 18, 'pending', 'analyst', '2023-06-12 11:20:45.966582', '2023-06-12 11:20:45.966607', NULL, 42, 0),
(69, 4, 'completed', 'analyst', '2023-06-12 12:29:41.676867', '2023-06-12 12:29:41.676885', NULL, 52, 1),
(70, 19, 'completed', 'analyst', '2023-06-12 12:29:50.046161', '2023-06-12 12:29:50.046187', NULL, 52, 1),
(71, 4, 'completed', 'analyst', '2023-06-12 12:39:27.941921', '2023-06-12 12:39:27.941944', NULL, 53, 1),
(72, 25, 'completed', 'analyst', '2023-06-12 12:40:28.681688', '2023-06-12 12:40:28.681710', NULL, 53, 0),
(73, 4, 'completed', 'analyst', '2023-06-12 12:41:39.321231', '2023-06-12 12:41:39.321248', NULL, 51, 1),
(74, 4, 'completed', 'analyst', '2023-06-12 13:00:26.862303', '2023-06-12 13:00:26.862332', NULL, 54, 1),
(75, 4, 'completed', 'analyst', '2023-06-12 18:24:42.594001', '2023-06-12 18:24:42.594017', NULL, 55, 1),
(76, 19, 'completed', 'analyst', '2023-06-12 18:24:49.828307', '2023-06-12 18:24:49.828338', NULL, 55, 1),
(77, 4, 'completed', 'analyst', '2023-06-12 18:54:27.597383', '2023-06-12 18:54:27.597404', NULL, 56, 1),
(78, 19, 'completed', 'analyst', '2023-06-12 18:54:37.987492', '2023-06-12 18:54:37.987510', NULL, 56, 1),
(79, 19, 'pending', 'analyst', '2023-06-13 07:12:01.973120', '2023-06-13 07:12:01.973147', NULL, 57, 0),
(80, 4, 'pending', 'analyst', '2023-06-13 07:14:27.352941', '2023-06-13 07:14:27.352963', NULL, 57, 0),
(81, 4, 'completed', 'analyst', '2023-06-13 08:54:01.117363', '2023-06-13 08:54:01.117394', NULL, 60, 1),
(82, 4, 'completed', 'analyst', '2023-06-13 08:54:02.561449', '2023-06-13 08:54:02.561475', NULL, 61, 1),
(83, 15, 'completed', 'analyst', '2023-06-13 08:54:31.530145', '2023-06-13 08:54:31.530170', NULL, 61, 1),
(84, 15, 'completed', 'analyst', '2023-06-13 08:54:31.760813', '2023-06-13 08:54:31.760831', NULL, 60, 1),
(85, 4, 'completed', 'analyst', '2023-06-13 09:54:56.538569', '2023-06-13 09:54:56.538599', NULL, 62, 1),
(86, 19, 'completed', 'analyst', '2023-06-13 09:55:28.755613', '2023-06-13 09:55:28.755631', NULL, 62, 1),
(87, 4, 'completed', 'analyst', '2023-06-13 10:14:07.253172', '2023-06-13 10:14:07.253200', NULL, 63, 1),
(88, 15, 'completed', 'analyst', '2023-06-13 10:14:20.610291', '2023-06-13 10:14:20.610312', NULL, 63, 1),
(89, 4, 'pending', 'analyst', '2023-06-13 10:16:34.177991', '2023-06-13 10:16:34.178011', NULL, 59, 0),
(90, 15, 'pending', 'analyst', '2023-06-13 10:16:49.571731', '2023-06-13 10:16:49.571749', NULL, 59, 0),
(91, 24, 'pending', 'analyst', '2023-06-13 10:17:53.059320', '2023-06-13 10:17:53.059346', NULL, 59, 0),
(92, 19, 'pending', 'analyst', '2023-06-13 10:18:32.478031', '2023-06-13 10:18:32.478050', NULL, 58, 0),
(93, 24, 'pending', 'analyst', '2023-06-13 10:20:13.536756', '2023-06-13 10:20:13.536780', NULL, 57, 0),
(94, 4, 'pending', 'analyst', '2023-06-13 10:22:35.197876', '2023-06-13 10:22:35.197897', NULL, 46, 0),
(95, 4, 'pending', 'analyst', '2023-06-13 10:23:40.490011', '2023-06-13 10:23:40.490036', NULL, 44, 0),
(96, 19, 'pending', 'analyst', '2023-06-13 10:24:09.873189', '2023-06-13 10:24:09.873225', NULL, 44, 0),
(97, 25, 'completed', 'analyst', '2023-06-13 10:29:50.954852', '2023-06-13 10:29:50.954871', NULL, 64, 1),
(98, 25, 'pending', 'analyst', '2023-06-13 10:57:15.073639', '2023-06-13 10:57:15.073662', NULL, 65, 0),
(99, 25, 'completed', 'analyst', '2023-06-13 11:01:16.888726', '2023-06-13 11:01:16.888746', NULL, 66, 1),
(100, 4, 'pending', 'analyst', '2023-06-13 11:05:44.935458', '2023-06-13 11:05:44.935500', NULL, 67, 0),
(101, 25, 'pending', 'analyst', '2023-06-13 11:05:58.928802', '2023-06-13 11:05:58.928817', NULL, 67, 0),
(102, 4, 'completed', 'analyst', '2023-06-13 12:02:56.322252', '2023-06-13 12:02:56.322272', NULL, 69, 1),
(103, 15, 'completed', 'analyst', '2023-06-13 12:03:18.959528', '2023-06-13 12:03:18.959557', NULL, 69, 1),
(104, 25, 'completed', 'analyst', '2023-06-13 12:03:30.057629', '2023-06-13 12:03:30.057644', NULL, 69, 1),
(105, 4, 'pending', 'analyst', '2023-06-13 12:48:55.517435', '2023-06-13 12:48:55.517463', NULL, 70, 0);

-- --------------------------------------------------------

--
-- Table structure for table `management_sampleformhasparameter_parameter`
--

CREATE TABLE `management_sampleformhasparameter_parameter` (
  `id` bigint(20) NOT NULL,
  `sampleformhasparameter_id` bigint(20) NOT NULL,
  `testresult_id` bigint(20) NOT NULL
) ENGINE=InnoDB DEFAULT CHARSET=utf8mb4 COLLATE=utf8mb4_general_ci;

--
-- Dumping data for table `management_sampleformhasparameter_parameter`
--

INSERT INTO `management_sampleformhasparameter_parameter` (`id`, `sampleformhasparameter_id`, `testresult_id`) VALUES
(128, 55, 1),
(129, 55, 2),
(130, 55, 3),
(131, 56, 4),
(132, 56, 5),
(133, 57, 1),
(134, 57, 2),
(135, 57, 3),
(136, 58, 4),
(137, 58, 5),
(138, 59, 65),
(139, 59, 66),
(140, 59, 67),
(141, 59, 68),
(142, 59, 69),
(143, 59, 70),
(144, 60, 1),
(145, 60, 2),
(146, 61, 8),
(147, 61, 9),
(148, 61, 10),
(149, 61, 11),
(150, 62, 12),
(151, 62, 13),
(152, 62, 14),
(153, 62, 15),
(154, 63, 1),
(155, 63, 2),
(156, 63, 3),
(157, 64, 4),
(158, 64, 5),
(159, 65, 2),
(160, 66, 25),
(161, 67, 24),
(162, 68, 26),
(163, 69, 1),
(164, 69, 2),
(165, 70, 3),
(166, 70, 4),
(167, 70, 5),
(168, 71, 11),
(169, 71, 15),
(171, 72, 6),
(172, 72, 7),
(170, 72, 9),
(173, 73, 15),
(174, 74, 1),
(175, 74, 2),
(176, 74, 3),
(177, 74, 4),
(178, 74, 5),
(179, 75, 1),
(180, 75, 2),
(181, 75, 3),
(182, 76, 4),
(183, 76, 5),
(184, 77, 1),
(185, 77, 2),
(186, 77, 3),
(187, 78, 4),
(188, 78, 5),
(189, 79, 24),
(190, 79, 25),
(191, 79, 26),
(192, 80, 27),
(224, 80, 28),
(225, 80, 29),
(193, 81, 1),
(194, 81, 2),
(195, 82, 1),
(196, 83, 2),
(197, 83, 3),
(198, 84, 3),
(199, 84, 5),
(200, 85, 1),
(201, 85, 2),
(202, 85, 3),
(203, 85, 4),
(204, 86, 5),
(205, 87, 1),
(206, 87, 2),
(207, 87, 3),
(208, 88, 4),
(209, 88, 5),
(210, 89, 32),
(211, 90, 33),
(212, 90, 34),
(213, 90, 35),
(214, 90, 36),
(215, 91, 37),
(216, 91, 38),
(217, 92, 32),
(218, 92, 33),
(219, 92, 34),
(220, 92, 35),
(221, 92, 36),
(222, 92, 37),
(223, 92, 38),
(226, 93, 30),
(227, 93, 31),
(228, 94, 8),
(229, 95, 1),
(230, 95, 2),
(231, 95, 3),
(233, 96, 4),
(232, 96, 5),
(234, 97, 3),
(235, 97, 4),
(236, 97, 5),
(237, 98, 68),
(238, 98, 69),
(239, 98, 70),
(240, 99, 24),
(241, 99, 25),
(242, 99, 26),
(243, 99, 27),
(244, 99, 28),
(246, 100, 6),
(247, 100, 7),
(245, 100, 8),
(253, 100, 14),
(254, 100, 15),
(248, 101, 9),
(249, 101, 10),
(250, 101, 11),
(251, 101, 12),
(252, 101, 13),
(255, 102, 24),
(256, 102, 25),
(257, 102, 26),
(258, 103, 27),
(259, 103, 28),
(260, 103, 29),
(261, 104, 30),
(262, 104, 31),
(263, 105, 1),
(264, 105, 2),
(265, 105, 3),
(266, 105, 4),
(267, 105, 5);

-- --------------------------------------------------------

--
-- Table structure for table `management_sampleformparameterformulacalculate`
--

CREATE TABLE `management_sampleformparameterformulacalculate` (
  `id` bigint(20) NOT NULL,
  `result` int(11) DEFAULT NULL,
  `remark` varchar(200) DEFAULT NULL,
  `auto_calculate_result` varchar(200) DEFAULT NULL,
  `commodity_id` bigint(20) DEFAULT NULL,
  `created_date` datetime(6) NOT NULL,
  `input_fields_value` varchar(2000) DEFAULT NULL,
  `parameter_id` bigint(20) DEFAULT NULL,
  `sample_form_id` bigint(20) DEFAULT NULL,
  `updated_date` datetime(6) NOT NULL,
  `is_verified` tinyint(1) NOT NULL,
  `status` varchar(155) NOT NULL
) ENGINE=InnoDB DEFAULT CHARSET=utf8mb4 COLLATE=utf8mb4_general_ci;

--
-- Dumping data for table `management_sampleformparameterformulacalculate`
--

INSERT INTO `management_sampleformparameterformulacalculate` (`id`, `result`, `remark`, `auto_calculate_result`, `commodity_id`, `created_date`, `input_fields_value`, `parameter_id`, `sample_form_id`, `updated_date`, `is_verified`, `status`) VALUES
(89, 23, NULL, NULL, 1, '2023-06-12 05:35:02.154684', '{\"nan\":23}', 1, 40, '2023-06-12 05:35:02.154723', 0, 'completed'),
(90, 989, NULL, NULL, 1, '2023-06-12 05:35:08.550187', '{\"a\":23,\"b\":43}', 2, 40, '2023-06-12 05:35:08.550209', 0, 'completed'),
(91, 13127, NULL, NULL, 1, '2023-06-12 05:35:15.073007', '{\"V\":234,\"M\":234,\"W\":234}', 3, 40, '2023-06-12 05:35:15.073024', 0, 'completed'),
(92, 456, NULL, NULL, 1, '2023-06-12 08:25:09.219234', '{\"nan\":456}', 1, 41, '2023-06-12 08:25:09.219261', 0, 'completed'),
(93, 207936, NULL, NULL, 1, '2023-06-12 08:25:44.079320', '{\"a\":456,\"b\":456}', 2, 41, '2023-06-12 08:25:44.079338', 0, 'completed'),
(94, 25581, NULL, NULL, 1, '2023-06-12 08:25:50.400330', '{\"V\":456,\"M\":456,\"W\":456}', 3, 41, '2023-06-12 08:25:50.400344', 0, 'completed'),
(95, 3453000, NULL, NULL, 1, '2023-06-12 08:26:31.306256', '{\"Titer\":3453,\"M\":345,\"W\":345}', 4, 40, '2023-06-12 08:26:31.306268', 0, 'completed'),
(96, -100, NULL, NULL, 1, '2023-06-12 08:26:38.116047', '{\"B\":345,\"C\":345,\"A\":345}', 5, 40, '2023-06-12 08:26:38.116061', 0, 'completed'),
(97, 10, NULL, NULL, 10, '2023-06-12 09:28:31.393611', '{\"nan\":10}', 65, 47, '2023-06-12 09:28:31.393633', 0, 'completed'),
(98, 252, NULL, NULL, 10, '2023-06-12 09:28:45.889961', '{\"B\":23,\"S\":5,\"W\":2}', 66, 47, '2023-06-12 09:28:45.889979', 0, 'completed'),
(99, 43, NULL, NULL, 10, '2023-06-12 09:29:09.786031', '{\"B\":6,\"S\":3,\"M\":8,\"w\":7}', 67, 47, '2023-06-12 09:29:09.786045', 0, 'completed'),
(100, 1178, NULL, NULL, 10, '2023-06-12 09:29:26.140199', '{\"V\":6,\"M\":7,\"W\":2}', 68, 47, '2023-06-12 09:29:26.140230', 0, 'completed'),
(101, 666, NULL, NULL, 10, '2023-06-12 09:29:38.505179', '{\"Titer\":2,\"M\":1,\"W\":3}', 69, 47, '2023-06-12 09:29:38.505193', 0, 'completed'),
(102, 10, NULL, NULL, 10, '2023-06-12 09:29:54.802499', '{\"nan\":10}', 70, 47, '2023-06-12 09:29:54.802515', 0, 'completed'),
(103, 2, NULL, NULL, 2, '2023-06-12 10:00:44.403087', '{\"nan\":2}', 12, 48, '2023-06-12 10:00:44.403109', 0, 'completed'),
(104, 4, NULL, NULL, 2, '2023-06-12 10:00:58.879228', '{\"nan\":4}', 13, 48, '2023-06-12 10:00:58.879248', 0, 'completed'),
(105, 3, NULL, NULL, 2, '2023-06-12 10:01:11.134599', '{\"nan\":3}', 14, 48, '2023-06-12 10:01:11.134625', 0, 'completed'),
(106, 5, NULL, NULL, 2, '2023-06-12 10:01:27.172474', '{\"nan\":5}', 15, 48, '2023-06-12 10:01:27.172497', 0, 'completed'),
(107, 56, NULL, NULL, 2, '2023-06-12 10:02:05.594014', '{\"B\":5,\"S\":1,\"W\":2}', 8, 48, '2023-06-12 10:02:05.594039', 0, 'completed'),
(108, 50, NULL, NULL, 2, '2023-06-12 10:02:14.790959', '{\"nan\":50}', 9, 48, '2023-06-12 10:02:14.790994', 0, 'completed'),
(109, 561, NULL, NULL, 2, '2023-06-12 10:02:38.272058', '{\"V\":5,\"M\":2,\"W\":1}', 10, 48, '2023-06-12 10:02:38.272079', 0, 'completed'),
(110, 1000, NULL, NULL, 2, '2023-06-12 10:03:13.101318', '{\"Titer\":2,\"M\":1,\"W\":2}', 11, 48, '2023-06-12 10:03:13.101334', 0, 'completed'),
(111, 20, NULL, NULL, 1, '2023-06-12 10:25:57.939718', '{\"nan\":20}', 1, 43, '2023-06-12 10:25:57.939743', 0, 'completed'),
(112, 15, NULL, NULL, 1, '2023-06-12 10:26:08.075909', '{\"a\":3,\"b\":5}', 2, 43, '2023-06-12 10:26:08.075927', 0, 'completed'),
(113, 123, NULL, NULL, 1, '2023-06-12 10:33:16.043177', '{\"nan\":123}', 1, 49, '2023-06-12 10:33:16.043196', 0, 'completed'),
(114, 15129, NULL, NULL, 1, '2023-06-12 10:33:23.664147', '{\"a\":123,\"b\":123}', 2, 49, '2023-06-12 10:33:23.664167', 0, 'completed'),
(115, 6900, NULL, NULL, 1, '2023-06-12 10:33:31.517123', '{\"V\":123,\"M\":123,\"W\":123}', 3, 49, '2023-06-12 10:33:31.517138', 0, 'completed'),
(116, 12089, NULL, NULL, 1, '2023-06-12 10:35:03.791702', '{\"Titer\":23,\"M\":123,\"W\":234}', 4, 49, '2023-06-12 10:35:03.791722', 0, 'completed'),
(117, -2558, NULL, NULL, 1, '2023-06-12 10:35:26.162235', '{\"B\":12,\"C\":43,\"A\":34}', 5, 49, '2023-06-12 10:35:26.162253', 0, 'completed'),
(118, 3510, NULL, NULL, 1, '2023-06-12 11:27:18.796592', '{\"a\":45,\"b\":78}', 2, 50, '2023-06-12 11:27:18.796625', 0, 'completed'),
(119, 1034, NULL, NULL, 4, '2023-06-12 11:31:21.909452', '{\"B\":997,\"S\":89,\"M\":7,\"w\":78}', 25, 42, '2023-06-12 11:31:21.909470', 0, 'completed'),
(120, 400, NULL, NULL, 1, '2023-06-12 11:47:41.785506', '{\"Titer\":1,\"M\":2,\"W\":5}', 4, 41, '2023-06-12 11:47:41.785530', 0, 'completed'),
(121, -179, NULL, NULL, 1, '2023-06-12 11:47:58.673214', '{\"B\":5,\"C\":4,\"A\":6}', 5, 41, '2023-06-12 11:47:58.673232', 0, 'completed'),
(122, 345, NULL, NULL, 1, '2023-06-12 12:30:23.009925', '{\"nan\":345}', 1, 52, '2023-06-12 12:30:23.009944', 0, 'completed'),
(123, 11730, NULL, NULL, 1, '2023-06-12 12:30:29.207782', '{\"a\":345,\"b\":34}', 2, 52, '2023-06-12 12:30:29.207797', 0, 'completed'),
(124, 19354, NULL, NULL, 1, '2023-06-12 12:33:36.070938', '{\"V\":345,\"M\":345,\"W\":345}', 3, 52, '2023-06-12 12:33:36.070956', 0, 'completed'),
(125, 1632, NULL, NULL, 1, '2023-06-12 12:33:43.701389', '{\"Titer\":23,\"M\":23,\"W\":324}', 4, 52, '2023-06-12 12:33:43.701408', 0, 'completed'),
(126, 3057, NULL, NULL, 1, '2023-06-12 12:33:55.754323', '{\"B\":54,\"C\":23,\"A\":23}', 5, 52, '2023-06-12 12:33:55.754342', 0, 'completed'),
(127, 750, NULL, NULL, 2, '2023-06-12 12:45:29.316283', '{\"Titer\":1,\"M\":3,\"W\":4}', 11, 53, '2023-06-12 12:45:29.316299', 0, 'completed'),
(128, 2, NULL, NULL, 2, '2023-06-12 12:45:35.614063', '{\"nan\":2}', 15, 53, '2023-06-12 12:45:35.614077', 0, 'completed'),
(129, 50, NULL, NULL, 2, '2023-06-12 12:48:55.691183', '{\"nan\":50}', 6, 53, '2023-06-12 12:48:55.691199', 0, 'completed'),
(130, 380, NULL, NULL, 2, '2023-06-12 12:49:21.138716', '{\"B\":20,\"S\":10,\"M\":6,\"w\":2}', 7, 53, '2023-06-12 12:49:21.138740', 0, 'completed'),
(131, 50, NULL, NULL, 2, '2023-06-12 12:49:31.674439', '{\"nan\":50}', 9, 53, '2023-06-12 12:49:31.674456', 0, 'completed'),
(132, 3, NULL, NULL, 1, '2023-06-12 13:00:50.483774', '{\"nan\":3}', 1, 54, '2023-06-12 13:00:50.483795', 0, 'completed'),
(133, 529, NULL, NULL, 1, '2023-06-12 13:01:28.971235', '{\"a\":23,\"b\":23}', 2, 54, '2023-06-12 13:01:28.971255', 0, 'completed'),
(134, 85639, NULL, NULL, 1, '2023-06-12 13:01:45.418085', '{\"V\":2323,\"M\":23,\"W\":35}', 3, 54, '2023-06-12 13:01:45.418100', 0, 'completed'),
(135, 2285, NULL, NULL, 1, '2023-06-12 13:02:00.311552', '{\"Titer\":2,\"M\":8,\"W\":7}', 4, 54, '2023-06-12 13:02:00.311568', 0, 'completed'),
(136, 55, NULL, NULL, 1, '2023-06-12 13:02:14.801750', '{\"B\":9,\"C\":4,\"A\":8}', 5, 54, '2023-06-12 13:02:14.801767', 0, 'completed'),
(137, 3, NULL, NULL, 2, '2023-06-12 13:06:58.999161', '{\"nan\":3}', 15, 51, '2023-06-12 13:06:58.999180', 0, 'completed'),
(138, 123, NULL, NULL, 1, '2023-06-12 18:29:19.812608', '{\"nan\":123}', 1, 55, '2023-06-12 18:29:19.812663', 0, 'completed'),
(139, 15129, NULL, NULL, 1, '2023-06-12 18:29:35.568218', '{\"a\":123,\"b\":123}', 2, 55, '2023-06-12 18:29:35.568242', 0, 'completed'),
(140, 84, NULL, NULL, 1, '2023-06-12 18:29:42.768676', '{\"V\":2,\"M\":3,\"W\":4}', 3, 55, '2023-06-12 18:29:42.768696', 0, 'completed'),
(141, 15558, NULL, NULL, 1, '2023-06-12 18:31:12.579568', '{\"Titer\":23,\"M\":23,\"W\":34}', 4, 55, '2023-06-12 18:31:12.579582', 0, 'completed'),
(142, -1135, NULL, NULL, 1, '2023-06-12 18:31:29.395056', '{\"B\":34,\"C\":12,\"A\":45}', 5, 55, '2023-06-12 18:31:29.395070', 0, 'completed'),
(143, 234, NULL, NULL, 1, '2023-06-12 19:01:19.832587', '{\"nan\":234}', 1, 56, '2023-06-12 19:01:19.832604', 0, 'completed'),
(144, 540, NULL, NULL, 1, '2023-06-12 19:01:28.984364', '{\"a\":12,\"b\":45}', 2, 56, '2023-06-12 19:01:28.984380', 0, 'completed'),
(145, 408, NULL, NULL, 1, '2023-06-12 19:01:37.997040', '{\"V\":12,\"M\":34,\"W\":56}', 3, 56, '2023-06-12 19:01:37.997053', 0, 'completed'),
(146, 18482, NULL, NULL, 1, '2023-06-12 19:02:30.852335', '{\"Titer\":23,\"M\":45,\"W\":56}', 4, 56, '2023-06-12 19:02:30.852352', 0, 'completed'),
(147, -1175, NULL, NULL, 1, '2023-06-12 19:02:43.134275', '{\"B\":45,\"C\":34,\"A\":56}', 5, 56, '2023-06-12 19:02:43.134292', 0, 'completed'),
(148, 5, NULL, NULL, 1, '2023-06-13 08:55:34.597237', '{\"nan\":5}', 1, 60, '2023-06-13 08:55:34.597275', 0, 'completed'),
(149, 18, NULL, NULL, 1, '2023-06-13 08:56:05.313434', '{\"a\":3,\"b\":6}', 2, 60, '2023-06-13 08:56:05.313447', 0, 'completed'),
(150, 37, NULL, NULL, 1, '2023-06-13 09:08:32.316375', '{\"V\":1,\"M\":2,\"W\":3}', 3, 60, '2023-06-13 09:08:32.316392', 0, 'completed'),
(151, -175, NULL, NULL, 1, '2023-06-13 09:09:02.990796', '{\"B\":4,\"C\":3,\"A\":5}', 5, 60, '2023-06-13 09:09:02.990815', 0, 'completed'),
(152, 2, NULL, NULL, 1, '2023-06-13 09:16:22.325792', '{\"a\":1,\"b\":2}', 2, 61, '2023-06-13 09:16:22.325810', 0, 'completed'),
(153, 134, NULL, NULL, 1, '2023-06-13 09:17:03.587767', '{\"V\":3,\"M\":4,\"W\":5}', 3, 61, '2023-06-13 09:17:03.587781', 0, 'completed'),
(154, 4, NULL, NULL, 1, '2023-06-13 09:17:49.807159', '{\"nan\":4}', 1, 61, '2023-06-13 09:17:49.807181', 0, 'completed'),
(155, 234, NULL, NULL, 1, '2023-06-13 09:57:46.520787', '{\"nan\":234}', 1, 62, '2023-06-13 09:57:46.520814', 0, 'completed'),
(156, 80730, NULL, NULL, 1, '2023-06-13 09:57:55.911889', '{\"a\":234,\"b\":345}', 2, 62, '2023-06-13 09:57:55.911908', 0, 'completed'),
(157, 49227, NULL, NULL, 1, '2023-06-13 09:58:05.102384', '{\"V\":234,\"M\":45,\"W\":12}', 3, 62, '2023-06-13 09:58:05.102400', 0, 'completed'),
(158, 15923, NULL, NULL, 1, '2023-06-13 09:58:13.786329', '{\"Titer\":23,\"M\":45,\"W\":65}', 4, 62, '2023-06-13 09:58:13.786349', 0, 'completed'),
(159, -4150, NULL, NULL, 1, '2023-06-13 09:59:27.462734', '{\"B\":12,\"C\":234,\"A\":34}', 5, 62, '2023-06-13 09:59:27.462755', 0, 'completed'),
(160, 1, NULL, NULL, 1, '2023-06-13 10:27:33.085512', '{\"nan\":1}', 1, 63, '2023-06-13 10:27:33.085532', 0, 'completed'),
(161, 2, NULL, NULL, 1, '2023-06-13 10:27:56.349855', '{\"a\":1,\"b\":2}', 2, 63, '2023-06-13 10:27:56.349882', 0, 'completed'),
(162, 37, NULL, NULL, 1, '2023-06-13 10:28:07.686577', '{\"V\":1,\"M\":2,\"W\":3}', 3, 63, '2023-06-13 10:28:07.686597', 0, 'completed'),
(163, 11, NULL, NULL, 1, '2023-06-13 10:30:22.983066', '{\"V\":1,\"M\":2,\"W\":10}', 3, 64, '2023-06-13 10:30:22.983082', 0, 'completed'),
(164, 20, NULL, NULL, 1, '2023-06-13 10:30:37.314288', '{\"Titer\":10,\"M\":2,\"W\":1000}', 4, 64, '2023-06-13 10:30:37.314321', 0, 'completed'),
(165, -33, NULL, NULL, 1, '2023-06-13 10:31:46.231003', '{\"B\":3,\"C\":1,\"A\":3}', 5, 64, '2023-06-13 10:31:46.231022', 0, 'completed'),
(166, 2500, NULL, NULL, 1, '2023-06-13 10:38:07.279380', '{\"Titer\":3,\"M\":5,\"W\":6}', 4, 63, '2023-06-13 10:38:07.279407', 0, 'completed'),
(167, 66, NULL, NULL, 1, '2023-06-13 10:38:35.835654', '{\"B\":6,\"C\":8,\"A\":4}', 5, 63, '2023-06-13 10:38:35.835671', 0, 'completed'),
(168, 20, NULL, NULL, 4, '2023-06-13 11:07:50.208150', '{\"nan\":20}', 24, 66, '2023-06-13 11:07:50.208176', 0, 'completed'),
(169, 12, NULL, NULL, 4, '2023-06-13 11:08:09.414286', '{\"B\":5,\"S\":2,\"M\":1,\"w\":3}', 25, 66, '2023-06-13 11:08:09.414304', 0, 'completed'),
(170, 0, NULL, NULL, 4, '2023-06-13 11:09:45.326111', '{\"B\":5,\"S\":5,\"W\":5}', 26, 66, '2023-06-13 11:09:45.326126', 0, 'completed'),
(171, 10, NULL, NULL, 4, '2023-06-13 11:10:23.803083', '{\"nan\":10}', 27, 66, '2023-06-13 11:10:23.803104', 0, 'completed'),
(172, 168, NULL, NULL, 4, '2023-06-13 11:10:36.919093', '{\"V\":3,\"M\":5,\"W\":5}', 28, 66, '2023-06-13 11:10:36.919111', 0, 'completed'),
(173, 20, NULL, NULL, 4, '2023-06-13 12:04:12.160817', '{\"nan\":20}', 30, 69, '2023-06-13 12:04:12.160841', 0, 'completed'),
(174, 50, NULL, NULL, 4, '2023-06-13 12:04:21.352447', '{\"nan\":50}', 31, 69, '2023-06-13 12:04:21.352463', 0, 'completed'),
(175, 1, NULL, NULL, 4, '2023-06-13 12:04:53.213581', '{\"nan\":1.2}', 27, 69, '2023-06-13 12:04:53.213597', 0, 'completed'),
(176, 23, NULL, NULL, 4, '2023-06-13 12:05:02.069122', '{\"nan\":23}', 24, 69, '2023-06-13 12:05:02.069144', 0, 'completed'),
(177, 44, NULL, NULL, 4, '2023-06-13 12:05:13.311428', '{\"V\":1.2,\"M\":2,\"W\":3}', 28, 69, '2023-06-13 12:05:13.311443', 0, 'completed'),
(178, 18, NULL, NULL, 4, '2023-06-13 12:05:23.743704', '{\"B\":78,\"S\":56,\"W\":34}', 26, 69, '2023-06-13 12:05:23.743718', 0, 'completed'),
(179, -47, NULL, NULL, 4, '2023-06-13 12:05:24.041399', '{\"B\":34,\"S\":45,\"M\":23,\"w\":67}', 25, 69, '2023-06-13 12:05:24.041413', 0, 'completed'),
(180, 2000, NULL, NULL, 4, '2023-06-13 12:06:23.742129', '{\"Titer\":3,\"M\":2,\"W\":3}', 29, 69, '2023-06-13 12:06:23.742146', 0, 'completed');

-- --------------------------------------------------------

--
-- Table structure for table `management_sampleformverifier`
--

CREATE TABLE `management_sampleformverifier` (
  `id` bigint(20) NOT NULL,
  `is_verified` tinyint(1) NOT NULL,
  `is_sent` tinyint(1) NOT NULL,
  `sample_form_id` bigint(20) NOT NULL
) ENGINE=InnoDB DEFAULT CHARSET=latin1 COLLATE=latin1_swedish_ci;

--
-- Dumping data for table `management_sampleformverifier`
--

INSERT INTO `management_sampleformverifier` (`id`, `is_verified`, `is_sent`, `sample_form_id`) VALUES
(24, 1, 1, 40),
(25, 1, 1, 47),
(26, 1, 1, 48),
(27, 1, 1, 41),
(28, 1, 1, 43),
(29, 1, 1, 52),
(30, 1, 1, 53),
(31, 1, 1, 54),
(32, 0, 1, 56),
(33, 1, 1, 61),
(34, 1, 1, 62),
(35, 1, 1, 63),
(36, 1, 1, 64),
(37, 1, 1, 66),
(38, 1, 1, 69);

-- --------------------------------------------------------

--
-- Table structure for table `management_sampleform_parameters`
--

CREATE TABLE `management_sampleform_parameters` (
  `id` bigint(20) NOT NULL,
  `sampleform_id` bigint(20) NOT NULL,
  `testresult_id` bigint(20) NOT NULL
) ENGINE=InnoDB DEFAULT CHARSET=utf8mb4 COLLATE=utf8mb4_general_ci;

--
-- Dumping data for table `management_sampleform_parameters`
--

INSERT INTO `management_sampleform_parameters` (`id`, `sampleform_id`, `testresult_id`) VALUES
(210, 40, 1),
(211, 40, 2),
(212, 40, 3),
(213, 40, 4),
(214, 40, 5),
(215, 41, 1),
(216, 41, 2),
(217, 41, 3),
(218, 41, 4),
(219, 41, 5),
(220, 42, 24),
(221, 42, 25),
(222, 42, 26),
(223, 42, 27),
(224, 42, 28),
(225, 42, 29),
(226, 42, 30),
(227, 42, 31),
(228, 43, 1),
(229, 43, 2),
(230, 44, 1),
(231, 44, 2),
(232, 44, 3),
(233, 44, 4),
(234, 44, 5),
(237, 46, 8),
(238, 47, 65),
(239, 47, 66),
(240, 47, 67),
(241, 47, 68),
(242, 47, 69),
(243, 47, 70),
(244, 48, 8),
(245, 48, 9),
(246, 48, 10),
(247, 48, 11),
(248, 48, 12),
(249, 48, 13),
(250, 48, 14),
(251, 48, 15),
(252, 49, 1),
(253, 49, 2),
(254, 49, 3),
(255, 49, 4),
(256, 49, 5),
(257, 50, 2),
(258, 51, 6),
(259, 51, 7),
(260, 51, 8),
(261, 51, 9),
(262, 51, 10),
(263, 51, 11),
(264, 51, 12),
(265, 51, 13),
(266, 51, 14),
(267, 51, 15),
(268, 52, 1),
(269, 52, 2),
(270, 52, 3),
(271, 52, 4),
(272, 52, 5),
(273, 53, 6),
(274, 53, 7),
(275, 53, 9),
(276, 53, 11),
(277, 53, 15),
(278, 54, 1),
(279, 54, 2),
(280, 54, 3),
(281, 54, 4),
(282, 54, 5),
(283, 55, 1),
(284, 55, 2),
(285, 55, 3),
(286, 55, 4),
(287, 55, 5),
(288, 56, 1),
(289, 56, 2),
(290, 56, 3),
(291, 56, 4),
(292, 56, 5),
(293, 57, 24),
(294, 57, 25),
(295, 57, 26),
(296, 57, 27),
(297, 57, 28),
(298, 57, 29),
(299, 57, 30),
(300, 57, 31),
(301, 58, 32),
(302, 58, 33),
(303, 58, 34),
(304, 58, 35),
(305, 58, 36),
(306, 58, 37),
(307, 58, 38),
(308, 59, 32),
(309, 59, 33),
(310, 59, 34),
(311, 59, 35),
(312, 59, 36),
(313, 59, 37),
(314, 59, 38),
(315, 60, 1),
(316, 60, 2),
(317, 60, 3),
(318, 60, 5),
(319, 61, 1),
(320, 61, 2),
(321, 61, 3),
(322, 62, 1),
(323, 62, 2),
(324, 62, 3),
(325, 62, 4),
(326, 62, 5),
(327, 63, 1),
(328, 63, 2),
(329, 63, 3),
(330, 63, 4),
(331, 63, 5),
(332, 64, 3),
(333, 64, 4),
(334, 64, 5),
(335, 65, 68),
(336, 65, 69),
(337, 65, 70),
(338, 66, 24),
(339, 66, 25),
(340, 66, 26),
(341, 66, 27),
(342, 66, 28),
(343, 67, 6),
(344, 67, 7),
(345, 67, 8),
(346, 67, 9),
(347, 67, 10),
(348, 67, 11),
(349, 67, 12),
(350, 67, 13),
(351, 67, 14),
(352, 67, 15),
(353, 68, 6),
(354, 68, 7),
(355, 68, 8),
(356, 68, 9),
(357, 68, 10),
(358, 68, 11),
(359, 68, 12),
(360, 68, 13),
(361, 68, 14),
(362, 68, 15),
(363, 69, 24),
(364, 69, 25),
(365, 69, 26),
(366, 69, 27),
(367, 69, 28),
(368, 69, 29),
(369, 69, 30),
(370, 69, 31),
(371, 70, 1),
(372, 70, 2),
(373, 70, 3),
(374, 70, 4),
(375, 70, 5);

-- --------------------------------------------------------

--
-- Table structure for table `management_testresult`
--

CREATE TABLE `management_testresult` (
  `id` bigint(20) NOT NULL,
  `formula` varchar(255) DEFAULT NULL,
  `formula_notation` longtext DEFAULT NULL,
  `name` varchar(255) NOT NULL,
  `test_type` varchar(255) DEFAULT NULL,
  `ref_test_method` varchar(255) DEFAULT NULL,
  `units` varchar(100) DEFAULT NULL,
  `price` int(11) DEFAULT NULL,
  `results` varchar(100) DEFAULT NULL,
  `mandatory_standard` varchar(100) DEFAULT NULL,
  `remarks` longtext DEFAULT NULL,
  `commodity_id` bigint(20) DEFAULT NULL
) ENGINE=InnoDB DEFAULT CHARSET=utf8mb4 COLLATE=utf8mb4_general_ci;

--
-- Dumping data for table `management_testresult`
--

INSERT INTO `management_testresult` (`id`, `formula`, `formula_notation`, `name`, `test_type`, `ref_test_method`, `units`, `price`, `results`, `mandatory_standard`, `remarks`, `commodity_id`) VALUES
(1, 'nan', NULL, 'Refractive index', NULL, 'AOAC, 21st Edn, 2019, 921.08', 'nan', 0, NULL, '1.4538 to 1.4559', 'nan', 1),
(2, 'a*b', 'a=a, b=b', 'Reichert Meissl value', NULL, 'AOAC, 21st Edn, 2019, 925.41', 'nan', 12000, NULL, 'not less than 28.0', '.', 1),
(3, '(56.1*V*M)/W', NULL, 'Acid Value', NULL, 'AOAC, 21stEdn, 2019, 940.28', 'mg KOH/ g', 0, NULL, 'not more than 6 mg KOH/ g', 'nan', 1),
(4, '(Titer * M * 1000 )/W', NULL, 'Peroxide value', NULL, 'AOAC, 21stEdn, 2019, 940.28', 'meq O2/kg', 0, NULL, 'not more than 10.0 meq O2/kg', 'nan', 1),
(5, '(B-C/B-A) *100', NULL, 'Moisture', NULL, 'nan', '%', 0, NULL, 'not more than 0.5 %', 'nan', 1),
(6, 'nan', NULL, 'Refractive index', NULL, 'AOAC, 21st Edn, 2019, 921.08', 'nan', 0, NULL, '1.4646 to 1.4662', 'at 40 degree centigrade', 2),
(7, '[(B-S)*M*12.69]/w', NULL, 'Iodine Value', NULL, 'AOAC, 21stEdn, 2019, 993.20', 'nan', 0, NULL, '96 to 112', 'Wij\'s Method ', 2),
(8, '[28.05*(B-S)]/W', NULL, 'Saponification Value', NULL, 'AOAC, 21stEdn, 2019, 920.160', 'nan', 0, NULL, '168 to 177', '.', 2),
(9, 'nan', NULL, 'Unsaponifiable matter', NULL, 'nan', 'g/kg', 0, NULL, 'not more than 12 g/ kg', 'nan', 2),
(10, '(56.1*V*M)/W', NULL, 'Acid Value', NULL, 'AOAC, 21stEdn, 2019, 940.28', 'mg KOH/g', 0, NULL, 'not more than 6.0 mg KOH / g', 'nan', 2),
(11, '(Titer * M * 1000 )/W', NULL, 'Peroxide value', NULL, 'AOAC, 21stEdn, 2019, 965.33', 'meq O2/kg', 0, NULL, 'not more than 10.0 meq O2/kg', 'Turbidity temperature', 2),
(12, 'nan', NULL, 'Bellier test ', NULL, 'nan', 'degree centigrade', 0, NULL, 'not more than 27.5 degree centigrade', 'nan', 2),
(13, 'nan', NULL, 'Hexabromide test', NULL, 'nan', 'nan', 0, NULL, 'negative', 'nan', 2),
(14, 'nan', NULL, 'Color', NULL, 'nan', 'nan', 0, NULL, 'negative', 'Synthetic Oil soluble color', 2),
(15, 'nan', NULL, 'Argemone oil', NULL, 'nan', 'nan', 0, NULL, 'Absent ', 'nan', 2),
(16, 'nan', NULL, 'Refractive index', NULL, 'AOAC, 21st Edn, 2019, 921.08', 'nan', 0, NULL, '1.465 to 1.469', 'at 40 degree centigrade', 3),
(17, '[(B-S)*M*12.69]/w', NULL, 'Iodine Value', NULL, 'AOAC, 21stEdn, 2019, 993.20', 'nan', 0, NULL, '94 to 126', 'Wij\'s Method ', 3),
(18, '[28.05*(B-S) ]/ W', NULL, 'Saponification Value', NULL, 'AOAC, 21stEdn, 2019, 920.160', 'nan', 0, NULL, '168 to 193', NULL, 3),
(19, 'nan', NULL, 'Unsaponifiable matter', NULL, 'nan', 'nan', 0, NULL, 'not more than 20 g/ kg', 'nan', 3),
(20, '(56.1*V*M)/W', NULL, 'Acid Value', NULL, 'AOAC, 21stEdn, 2019, 940.28', 'mg KOH/g', 0, NULL, 'not more than 0.5 mg KOH / g', 'nan', 3),
(21, '(Titer * M * 1000 )/W', NULL, 'Peroxide value', NULL, 'AOAC, 21stEdn, 2019, 965.33', 'meq O2/kg', 0, NULL, 'not more than 10.0 meq O2/kg', 'nan', 3),
(22, 'nan', NULL, 'Argemone oil', NULL, 'nan', 'nan', 0, NULL, 'Absent ', 'nan', 3),
(23, 'nan', NULL, 'Hexabromide test', NULL, 'nan', 'nan', 0, NULL, 'negative', 'With in 2 hours', 3),
(24, 'nan', NULL, 'Refractive index', NULL, 'AOAC, 21st Edn, 2019, 921.08', 'nan', 0, NULL, '1.465 to 1.469', 'at 40 degree centigrade', 4),
(25, '[(B-S)*M*12.69]/w', NULL, 'Iodine Value', NULL, 'AOAC, 21stEdn, 2019, 993.20', 'nan', 0, NULL, '94 to 126', 'Wij\'s Method ', 4),
(26, '[28.05*(B-S) ]/ W', NULL, 'Saponification Value', NULL, 'AOAC, 21stEdn, 2019, 920.160', 'nan', 0, NULL, '168 to 193', '.', 4),
(27, 'nan', NULL, 'Unsaponifiable matter', NULL, 'nan', 'nan', 0, NULL, 'not more than 20 g/ kg', 'nan', 4),
(28, '(56.1*V*M)/W', NULL, 'Acid Value', NULL, 'AOAC, 21stEdn, 2019, 940.28', 'mg KOH/g', 0, NULL, 'not more than 6.0 mg KOH / g', '    ', 4),
(29, '(Titer * M * 1000 )/W', NULL, 'Peroxide value', NULL, 'AOAC, 21stEdn, 2019, 965.33', 'meq O2/kg', 0, NULL, 'not more than 10.0 meq O2/kg', 'nan', 4),
(30, 'nan', NULL, 'Hexabromide test', NULL, 'nan', 'nan', 0, NULL, 'negative', 'nan', 4),
(31, 'nan', NULL, 'Argemone oil', NULL, 'nan', 'nan', 0, NULL, 'Absent ', 'nan', 4),
(32, 'nan', NULL, 'Refractive index', NULL, 'AOAC, 21st Edn, 2019, 921.08', 'nan', 0, NULL, '1.4650 to 1.4710', 'nan', 5),
(33, '[28.05*(B-S) ]/ W', NULL, 'Saponification Value', NULL, 'AOAC, 21stEdn, 2019, 920.160', 'nan', 0, NULL, '189 to 195', 'nan', 5),
(34, '[(B-S)*M*12.69]/w', NULL, 'Iodine Value', NULL, 'AOAC, 21stEdn, 2019, 993.20', 'nan', 0, NULL, '120 to 140', 'Wij\'s Method ', 5),
(35, '(56.1*V*M)/W', NULL, 'Acid Value', NULL, 'AOAC, 21stEdn, 2019, 940.28', 'mg KOH/g', 0, NULL, 'not more than 2.5 mg KOH / g', 'nan', 5),
(36, '(Titer * M * 1000 )/W', NULL, 'Peroxide value', NULL, 'AOAC, 21stEdn, 2019, 965.33', 'meq O2/kg', 0, NULL, 'not more than 0.5 meq O2/kg', 'nan', 5),
(37, 'nan', NULL, 'Unsaponifiable matter', NULL, 'nan', 'nan', 0, NULL, 'not more than 15 g/ kg', 'nan', 5),
(38, 'nan', NULL, 'Phosphorus content', NULL, 'nan', '%', 0, NULL, 'not moe than 0.02 %', 'nan', 5),
(39, 'nan', NULL, 'Refractive index', NULL, 'AOAC, 21st Edn, 2019, 921.08', 'nan', 0, NULL, '1.4491 to 1.4552', 'nan', 6),
(40, '[28.05*(B-S) ]/ W', NULL, 'Saponification Value', NULL, 'nan', 'nan', 0, NULL, '195 to 205', 'nan', 6),
(41, '[(B-S)*M*12.69]/w', NULL, 'Iodine Value', NULL, 'nan', 'nan', 0, NULL, '45 to 56', 'Wij\'s Method ', 6),
(42, '(56.1*V*M)/W', NULL, 'Acid Value', NULL, 'AOAC, 21stEdn, 2019, 940.28', 'mg KOH/g', 0, NULL, 'not more than 0.5mg KOH / g', 'nan', 6),
(43, '(Titer * M * 1000 )/W', NULL, 'Peroxide value', NULL, 'AOAC, 21stEdn, 2019, 965.33', 'meq O2/kg', 0, NULL, 'not more than 10.0 Meq O2/kg', 'nan', 6),
(44, 'nan', NULL, 'Unsaponifiable matter', NULL, 'nan', 'nan', 0, NULL, 'not moe than 12 g/kg', 'nan', 6),
(45, 'nan', NULL, 'Melting point', NULL, 'nan', 'nan', 0, NULL, 'not more than 37 degree centigrade', 'nan', 6),
(46, 'nan', NULL, 'Refractive index', NULL, 'AOAC, 21st Edn, 2019, 921.08', 'nan', 0, NULL, '1.4490 to 1.4520', 'nan', 7),
(47, '[28.05*(B-S) ]/ W', NULL, 'Saponification Value', NULL, 'AOAC, 21stEdn, 2019, 920.160', 'nan', 0, NULL, '237 to 255', 'nan', 7),
(48, '[(B-S)*M*12.69]/w', NULL, 'Iodine Value', NULL, 'AOAC, 21stEdn, 2019, 993.20', 'nan', 0, NULL, '10 to 23', 'Wij\'s Method ', 7),
(49, '(56.1*V*M)/W', NULL, 'Acid Value', NULL, 'AOAC, 21stEdn, 2019, 940.28', 'mg KOH/g', 0, NULL, 'not more than 6.0 mg KOH / g', 'nan', 7),
(50, '(Titer * M * 1000 )/W', NULL, 'Peroxide value', NULL, 'AOAC, 21stEdn, 2019, 965.33', 'meq O2/kg', 0, NULL, 'not more than 10.0 meq O2/kg', 'nan', 7),
(51, 'nan', NULL, 'Unsaponifiable matter', NULL, 'nan', 'nan', 0, NULL, 'not moe than 12 g/kg', 'nan', 7),
(52, 'nan', NULL, 'Refractive index', NULL, 'AOAC, 21st Edn, 2019, 921.08', 'nan', 0, NULL, '1.4550 to 1.4610', 'nan', 8),
(53, '[28.05*(B-S) ]/ W', NULL, 'Saponification Value', NULL, 'AOAC, 21stEdn, 2019, 920.160', 'nan', 0, NULL, '195 to 205', 'nan', 8),
(54, '[(B-S)*M*12.69]/w', NULL, 'Iodine Value', NULL, 'AOAC, 21stEdn, 2019, 993.20', 'nan', 0, NULL, '54 to 62', 'Wij\'s Method ', 8),
(55, '(56.1*V*M)/W', NULL, 'Acid Value', NULL, 'AOAC, 21stEdn, 2019, 940.28', 'mg KOH/g', 0, NULL, 'not more than 6.0 mg KOH / g', 'nan', 8),
(56, '(Titer * M * 1000 )/W', NULL, 'Peroxide value', NULL, 'AOAC, 21stEdn, 2019, 965.33', 'meq O2/kg', 0, NULL, 'not more than 10.0 meq O2/kg', 'nan', 8),
(57, 'nan', NULL, 'Unsaponifiable matter', NULL, 'nan', 'nan', 0, NULL, 'not moe than 12 g/kg', 'nan', 8),
(58, 'nan', NULL, 'Refractive index', NULL, 'AOAC, 21st Edn, 2019, 921.08', 'nan', 0, NULL, '1.4620 to 1.4640', 'nan', 9),
(59, '[28.05*(B-S)]/ W', NULL, 'Saponification Value', NULL, 'AOAC, 21stEdn, 2019, 920.160', 'nan', 0, NULL, '188 to 196', '.', 9),
(60, '[(B-S)*M*12.69]/w', NULL, 'Iodine Value', NULL, 'AOAC, 21stEdn, 2019, 993.20', 'nan', 0, NULL, '85 to 99', 'Wij\'s Method ', 9),
(61, '(56.1*V*M)/W', NULL, 'Acid Value', NULL, 'AOAC, 21stEdn, 2019, 940.28', 'mg KOH/g', 0, NULL, 'not more than 4.0 mg KOH / g', 'nan', 9),
(62, '(Titer * M * 1000 )/W', NULL, 'Peroxide value', NULL, 'AOAC, 21stEdn, 2019, 965.33', 'meq O2/kg', 0, NULL, 'not more than 10.0 meq O2/kg', 'nan', 9),
(63, 'nan', NULL, 'Unsaponifiable matter', NULL, 'nan', 'nan', 0, NULL, 'not moe than 10 g/kg', 'nan', 9),
(64, 'nan', NULL, 'Bellier test ', NULL, 'nan', 'nan', 0, NULL, '39 to 41', 'Turbidity temperature, Acetic acid method', 9),
(65, 'nan', NULL, 'Refractive index', NULL, 'AOAC, 21st Edn, 2019, 921.08', 'nan', 0, NULL, '1.4480 to 1.4500', 'nan', 10),
(66, '[28.05*(B-S) ]/ W', NULL, 'Saponification Value', NULL, 'AOAC, 21stEdn, 2019, 920.160', 'nan', 0, NULL, '148 to 265', 'nan', 10),
(67, '[(B-S)*M*12.69]/w', NULL, 'Iodine Value', NULL, 'AOAC, 21stEdn, 2019, 993.20', 'nan', 0, NULL, '6 to 11', 'Wij\'s Method ', 10),
(68, '(56.1*V*M)/W', NULL, 'Acid Value', NULL, 'AOAC, 21stEdn, 2019, 940.28', 'mg KOH/g', 0, NULL, 'not more than 6.0 mg KOH / g', 'nan', 10),
(69, '(Titer * M * 1000 )/W', NULL, 'Peroxide value', NULL, 'AOAC, 21stEdn, 2019, 965.33', 'meq O2/kg', 0, NULL, 'not more than 10.0 meq O2/kg', 'nan', 10),
(70, 'nan', NULL, 'Unsaponifiable matter', NULL, 'nan', 'nan', 0, NULL, 'not moe than 10 g/kg', 'nan', 10),
(71, 'nan', NULL, 'Refractive index', NULL, 'AOAC, 21st Edn, 2019, 921.08', 'nan', 0, NULL, '1.4650 to 1.4690', 'nan', 11),
(72, '[28.05*(B-S) ]/ W', NULL, 'Saponification Value', NULL, 'AOAC, 21stEdn, 2019, 920.160', 'nan', 0, NULL, '187 to 195', 'nan', 11),
(73, '[(B-S)*M*12.69]/w', NULL, 'Iodine Value', NULL, 'AOAC, 21stEdn, 2019, 993.20', 'nan', 0, NULL, '104 to 120', 'Wij\'s Method ', 11),
(74, '(56.1*V*M)/W', NULL, 'Acid Value', NULL, 'AOAC, 21stEdn, 2019, 940.28', 'mg KOH/g', 0, NULL, 'not more than 6.0 mg KOH / g', 'nan', 11),
(75, '(Titer * M * 1000 )/W', NULL, 'Peroxide value', NULL, 'AOAC, 21stEdn, 2019, 965.33', 'meq O2/kg', 0, NULL, 'not more than 10.0 meq O2/kg', 'nan', 11),
(76, 'nan', NULL, 'Unsaponifiable matter', NULL, 'nan', 'nan', 0, NULL, 'Mandatory Standard', 'nan', 11),
(77, 'nan', NULL, 'Baudouin test ', NULL, 'nan', 'nan', 0, NULL, 'Positive', 'nan', 11),
(78, 'nan', NULL, 'Refractive index', NULL, 'AOAC, 21st Edn, 2019, 921.08', 'nan', 0, NULL, '1.4650 to 1.4680', 'nan', 12),
(79, '[28.05*(B-S) ]/ W', NULL, 'Saponification Value', NULL, 'AOAC, 21stEdn, 2019, 920.160', 'nan', 0, NULL, '187 to 195', 'nan', 12),
(80, '[(B-S)*M*12.69]/w', NULL, 'Iodine Value', NULL, 'AOAC, 21stEdn, 2019, 993.20', 'nan', 0, NULL, '103 to 128', 'Wij\'s Method ', 12),
(81, '(56.1*V*M)/W', NULL, 'Acid Value', NULL, 'AOAC, 21stEdn, 2019, 940.28', 'mg KOH/g', 0, NULL, 'not more than 0.5 mg KOH / g', 'nan', 12),
(82, '(Titer * M * 1000 )/W', NULL, 'Peroxide value', NULL, 'AOAC, 21stEdn, 2019, 965.33', 'meq O2/kg', 0, NULL, 'not more than 10.0 meq O2/kg', 'nan', 12),
(83, 'nan', NULL, 'Unsaponifiable matter', NULL, 'nan', 'nan', 0, NULL, 'not moe than 20 g/kg', 'nan', 12),
(84, 'nan', NULL, 'Refractive index', NULL, 'AOAC, 21st Edn, 2019, 921.08', 'nan', 0, NULL, '1.4660 to 1.4690', 'nan', 13),
(85, '[28.05(B-S) ]/ W', NULL, 'Saponification Value', NULL, 'AOAC, 21stEdn, 2019, 920.160', 'nan', 0, NULL, '188 to 194', 'nan', 13),
(86, '[(B-S)*M*12.69]/w', NULL, 'Iodine Value', NULL, 'AOAC, 21stEdn, 2019, 993.20', 'nan', 0, NULL, '110 to 143', 'Wij\'s Method ', 13),
(87, 'nan', NULL, 'Acid Value', NULL, 'AOAC, 21stEdn, 2019, 940.28', 'mg KOH/g', 0, NULL, 'not more than 4 mg KOH / g', 'nan', 13),
(88, '(Titer * M * 1000 )/W', NULL, 'Peroxide value', NULL, 'AOAC, 21stEdn, 2019, 965.33', 'meq O2/kg', 0, NULL, 'not more than 10.0 meq O2/kg', 'nan', 13),
(89, 'nan', NULL, 'Unsaponifiable matter', NULL, 'nan', 'nan', 0, NULL, 'not moe than 15 g/kg', 'nan', 13),
(90, 'nan', NULL, 'Refractive index', NULL, 'AOAC, 21st Edn, 2019, 921.08', 'nan', 0, NULL, '1.4601 to 1.4630', 'nan', 14),
(91, '[28.05(B-S) ]/ W', NULL, 'Saponification Value', NULL, 'AOAC, 21stEdn, 2019, 920.160', 'nan', 0, NULL, '184 to 196', 'nan', 14),
(92, '[(B-S)*M*12.69]/w', NULL, 'Iodine Value', NULL, 'AOAC, 21stEdn, 2019, 993.20', 'nan', 0, NULL, '75 to 94', 'Wij\'s Method ', 14),
(93, '(56.1*V*M)/W', NULL, 'Acid Value', NULL, 'AOAC, 21stEdn, 2019, 940.28', 'mg KOH/g', 0, NULL, 'not more than 6.0 mg KOH / g', 'nan', 14),
(94, '(Titer * M * 1000 )/W', NULL, 'Peroxide value', NULL, 'AOAC, 21stEdn, 2019, 965.33', 'meq O2/kg', 0, NULL, 'not more than 20.0 meq O2/kg', 'nan', 14),
(95, 'nan', NULL, 'Unsaponifiable matter', NULL, 'nan', 'nan', 0, NULL, 'not moe than 10 g/kg', 'nan', 14),
(96, 'nan', NULL, 'Refractive index', NULL, 'AOAC, 21st Edn, 2019, 921.08', 'nan', 0, NULL, '1.467 to 1.470', 'nan', 15),
(97, '[28.05(B-S) ]/ W', NULL, 'Saponification Value', NULL, 'AOAC, 21stEdn, 2019, 920.160', 'nan', 0, NULL, '186 to 198', 'nan', 15),
(98, '[(B-S)*M*12.69]/w', NULL, 'Iodine Value', NULL, 'AOAC, 21stEdn, 2019, 993.20', 'nan', 0, NULL, '135 to 150', 'Wij\'s Method ', 15),
(99, '(56.1*V*M)/W', NULL, 'Acid Value', NULL, 'AOAC, 21stEdn, 2019, 940.28', 'mg KOH/g', 0, NULL, 'not more than 0.6 mg KOH / g', 'nan', 15),
(100, '(Titer * M * 1000 )/W', NULL, 'Peroxide value', NULL, 'AOAC, 21stEdn, 2019, 965.33', 'meq O2/kg', 0, NULL, 'not more than 10.0 meq O2/kg', 'nan', 15),
(101, 'nan', NULL, 'Unsaponifiable matter', NULL, 'nan', 'nan', 0, NULL, 'not moe than 15 g/kg', 'nan', 15),
(102, '(56.1*V*M)/W', NULL, 'Acid Value', NULL, 'AOAC, 21stEdn, 2019, 940.28', 'mg KOH/g', 0, NULL, 'not more than 0.5 mg KOH / g', '            ', 16),
(103, 'nan', NULL, 'Peroxide value', NULL, 'AOAC, 21stEdn, 2019, 965.33', 'meq O2/kg', 0, NULL, 'not more than 10.0 meq O2/kg', 'nan', 16),
(104, '(B-C/B-A) *100', NULL, 'Moisture ', NULL, 'nan', 'nan', 0, NULL, 'not more than 0.1 %', 'nan', 16),
(105, 'nan', NULL, 'Flash point ', NULL, 'nan', 'nan', 0, NULL, 'not less than 250 degee centigrade', 'nan', 16),
(106, 'nan', NULL, 'Refractive index', NULL, 'AOAC, 21st Edn, 2019, 921.08', 'nan', 0, NULL, 'not less than 1.4580', 'nan', 17),
(107, 'nan', NULL, 'Unsaponifiable matter', NULL, 'nan', 'nan', 0, NULL, 'not more than 1.25%', 'nan', 17),
(108, '(56.1*V*M)/W', NULL, 'Acid Value', NULL, 'AOAC, 21stEdn, 2019, 940.28', 'mg KOH/g', 0, NULL, 'not more than 0.5 mg KOH / g', 'nan', 17),
(109, '(Titer * M * 1000 )/W', NULL, 'Peroxide value', NULL, 'AOAC, 21stEdn, 2019, 965.33', 'meq O2/kg', 0, NULL, 'not more than 10.0 meq O2/kg', 'nan', 17),
(110, '(B-C/B-A) *100', NULL, 'Moisture', NULL, 'nan', 'nan', 0, NULL, 'not more than 0.25 %', 'nan', 17),
(111, 'nan', NULL, 'Color', NULL, 'nan', 'nan', 0, NULL, 'not less than 2.0 red unit ', 'Color derived from Baudouin test, 1 cm cell of Lovibnd scale', 17),
(112, 'nan', NULL, 'Vitamin A', NULL, 'nan', 'nan', 0, NULL, 'not less than 25 IU /g', 'nan', 17),
(113, 'nan', NULL, 'Anitoxidant ', NULL, 'nan', 'nan', 0, NULL, 'Absent ', 'nan', 17),
(114, 'nan', NULL, 'Synergist ', NULL, 'nan', 'nan', 0, NULL, 'Absent ', 'nan', 17),
(115, 'nan', NULL, 'Emulisfier', NULL, 'nan', 'nan', 0, NULL, 'Absent ', 'nan', 17),
(116, 'nan', NULL, 'Nickel', NULL, 'nan', 'mg / kg', 0, NULL, 'Not more than 1.5 mg / kg', 'nan', 17),
(117, 'nan', NULL, 'Melting point', NULL, 'nan', 'degree centigrade', 0, NULL, '31 to 41 degree centigrade', 'Capillary slip method', 17),
(118, 'nan', NULL, 'Refractive index', NULL, 'AOAC, 21st Edn, 2019, 921.08', 'nan', 0, NULL, 'not less than 1.4580', 'nan', 18),
(119, 'nan', NULL, 'Unsaponifiable matter', NULL, 'nan', 'nan', 0, NULL, 'not more than 1.25%', 'nan', 18),
(120, '(56.1*V*M)/W', NULL, 'Acid Value', NULL, 'AOAC, 21stEdn, 2019, 940.28', 'mg KOH/g', 0, NULL, 'not more than 0.5 mg KOH / g', 'nan', 18),
(121, '(Titer * M * 1000 )/W', NULL, 'Peroxide value', NULL, 'AOAC, 21stEdn, 2019, 965.33', 'meq O2/kg', 0, NULL, 'not more than 10.0 meq O2/kg', 'nan', 18),
(122, '(B-C/B-A) *100', NULL, 'Moisture', NULL, 'nan', '%', 0, NULL, 'not more than 0.25 %', 'nan', 18),
(123, 'nan', NULL, 'Color', NULL, 'nan', 'nan', 0, NULL, 'not less than 2.0 red unit ', 'Color derived from Baudouin test, 1 cm cell of Lovibnd scale', 18),
(124, 'nan', NULL, 'Vitamin A', NULL, 'nan', 'IU /g', 0, NULL, 'not less than 25 IU /g', 'nan', 18),
(125, 'nan', NULL, 'Anitoxidant ', NULL, 'nan', 'nan', 0, NULL, 'Absent ', 'nan', 18),
(126, 'nan', NULL, 'Synergist ', NULL, 'nan', 'nan', 0, NULL, 'Absent ', 'nan', 18),
(127, 'nan', NULL, 'Nickel', NULL, 'nan', 'mg / kg', 0, NULL, 'Not more than 1.5 mg / kg', 'nan', 18),
(128, 'nan', NULL, 'Melting point', NULL, 'nan', 'degree centigrade', 0, NULL, 'not more than 41 degree centigrade', 'Capillary slip method', 18),
(129, 'nan', NULL, 'Inert gas ', NULL, 'nan', 'nan', 0, NULL, 'not more the 12% (v/v)', 'nan', 18);

-- --------------------------------------------------------

--
-- Table structure for table `websocket_notification`
--

CREATE TABLE `websocket_notification` (
  `id` bigint(20) NOT NULL,
  `model_name` varchar(200) DEFAULT NULL,
  `from_notification` varchar(200) DEFAULT NULL,
  `is_read` tinyint(1) NOT NULL,
  `group_notification` varchar(1000) DEFAULT NULL,
  `notification_message` varchar(200) DEFAULT NULL,
  `path` varchar(1000) DEFAULT NULL
) ENGINE=InnoDB DEFAULT CHARSET=utf8mb4 COLLATE=utf8mb4_general_ci;

-- --------------------------------------------------------

--
-- Table structure for table `websocket_notification_to_notification`
--

CREATE TABLE `websocket_notification_to_notification` (
  `id` bigint(20) NOT NULL,
  `notification_id` bigint(20) NOT NULL,
  `customuser_id` bigint(20) NOT NULL
) ENGINE=InnoDB DEFAULT CHARSET=utf8mb4 COLLATE=utf8mb4_general_ci;

--
-- Indexes for dumped tables
--

--
-- Indexes for table `account_customuser`
--
ALTER TABLE `account_customuser`
  ADD PRIMARY KEY (`id`),
  ADD UNIQUE KEY `email` (`email`),
  ADD UNIQUE KEY `account_customuser_username_724ae020_uniq` (`username`),
  ADD KEY `account_customuser_client_category_id_1d0ed652_fk_managemen` (`client_category_id`),
  ADD KEY `account_customuser_approved_by_id_b559a2b9` (`approved_by_id`);

--
-- Indexes for table `account_customuser_groups`
--
ALTER TABLE `account_customuser_groups`
  ADD PRIMARY KEY (`id`),
  ADD UNIQUE KEY `account_customuser_groups_customuser_id_group_id_7e51db7b_uniq` (`customuser_id`,`group_id`),
  ADD KEY `account_customuser_groups_group_id_2be9f6d7_fk_auth_group_id` (`group_id`);

--
-- Indexes for table `account_customuser_user_permissions`
--
ALTER TABLE `account_customuser_user_permissions`
  ADD PRIMARY KEY (`id`),
  ADD UNIQUE KEY `account_customuser_user__customuser_id_permission_650e378f_uniq` (`customuser_id`,`permission_id`),
  ADD KEY `account_customuser_u_permission_id_f4aec423_fk_auth_perm` (`permission_id`);

--
-- Indexes for table `auth_group`
--
ALTER TABLE `auth_group`
  ADD PRIMARY KEY (`id`),
  ADD UNIQUE KEY `name` (`name`);

--
-- Indexes for table `auth_group_permissions`
--
ALTER TABLE `auth_group_permissions`
  ADD PRIMARY KEY (`id`),
  ADD UNIQUE KEY `auth_group_permissions_group_id_permission_id_0cd325b0_uniq` (`group_id`,`permission_id`),
  ADD KEY `auth_group_permissio_permission_id_84c5c92e_fk_auth_perm` (`permission_id`);

--
-- Indexes for table `auth_permission`
--
ALTER TABLE `auth_permission`
  ADD PRIMARY KEY (`id`),
  ADD UNIQUE KEY `auth_permission_content_type_id_codename_01ab375a_uniq` (`content_type_id`,`codename`);

--
-- Indexes for table `django_admin_log`
--
ALTER TABLE `django_admin_log`
  ADD PRIMARY KEY (`id`),
  ADD KEY `django_admin_log_content_type_id_c4bce8eb_fk_django_co` (`content_type_id`),
  ADD KEY `django_admin_log_user_id_c564eba6_fk_account_customuser_id` (`user_id`);

--
-- Indexes for table `django_content_type`
--
ALTER TABLE `django_content_type`
  ADD PRIMARY KEY (`id`),
  ADD UNIQUE KEY `django_content_type_app_label_model_76bd3d3b_uniq` (`app_label`,`model`);

--
-- Indexes for table `django_migrations`
--
ALTER TABLE `django_migrations`
  ADD PRIMARY KEY (`id`);

--
-- Indexes for table `django_session`
--
ALTER TABLE `django_session`
  ADD PRIMARY KEY (`session_key`),
  ADD KEY `django_session_expire_date_a5c62663` (`expire_date`);

--
-- Indexes for table `management_clientcategory`
--
ALTER TABLE `management_clientcategory`
  ADD PRIMARY KEY (`id`),
  ADD UNIQUE KEY `name` (`name`);

--
-- Indexes for table `management_commodity`
--
ALTER TABLE `management_commodity`
  ADD PRIMARY KEY (`id`),
  ADD UNIQUE KEY `name` (`name`),
  ADD KEY `management_commodity_category_id_d54203f2_fk_managemen` (`category_id`);

--
-- Indexes for table `management_commoditycategory`
--
ALTER TABLE `management_commoditycategory`
  ADD PRIMARY KEY (`id`),
  ADD UNIQUE KEY `name` (`name`);

--
-- Indexes for table `management_payment`
--
ALTER TABLE `management_payment`
  ADD PRIMARY KEY (`id`),
  ADD UNIQUE KEY `sample_form_id` (`sample_form_id`);

--
-- Indexes for table `management_sampleform`
--
ALTER TABLE `management_sampleform`
  ADD PRIMARY KEY (`id`),
  ADD KEY `management_samplefor_supervisor_user_id_28b91a5b_fk_account_c` (`supervisor_user_id`),
  ADD KEY `management_samplefor_commodity_id_id_3ba72bdb_fk_managemen` (`commodity_id`),
  ADD KEY `management_samplefor_approved_by_id_c50ca544_fk_account_c` (`approved_by_id`);

--
-- Indexes for table `management_sampleformhasparameter`
--
ALTER TABLE `management_sampleformhasparameter`
  ADD PRIMARY KEY (`id`),
  ADD KEY `management_samplefor_commodity_id_e9f2a1f0_fk_managemen` (`commodity_id`),
  ADD KEY `management_samplefor_sample_form_id_77482bab_fk_managemen` (`sample_form_id`),
  ADD KEY `management_sampleformhasparameter_analyst_user_id_b3876298` (`analyst_user_id`);

--
-- Indexes for table `management_sampleformhasparameter_parameter`
--
ALTER TABLE `management_sampleformhasparameter_parameter`
  ADD PRIMARY KEY (`id`),
  ADD UNIQUE KEY `management_sampleformhas_sampleformhasparameter_i_5e4387c0_uniq` (`sampleformhasparameter_id`,`testresult_id`),
  ADD KEY `management_samplefor_testresult_id_2d39a352_fk_managemen` (`testresult_id`);

--
-- Indexes for table `management_sampleformparameterformulacalculate`
--
ALTER TABLE `management_sampleformparameterformulacalculate`
  ADD PRIMARY KEY (`id`),
  ADD KEY `management_samplefor_commodity_id_50538d0b_fk_managemen` (`commodity_id`),
  ADD KEY `management_samplefor_sample_form_id_faa9f6c8_fk_managemen` (`sample_form_id`),
  ADD KEY `management_sampleformparame_parameter_id_1c937562` (`parameter_id`);

--
-- Indexes for table `management_sampleformverifier`
--
ALTER TABLE `management_sampleformverifier`
  ADD PRIMARY KEY (`id`),
  ADD UNIQUE KEY `management_sampleformverifier_sample_form_id_1659cc2f_uniq` (`sample_form_id`);

--
-- Indexes for table `management_sampleform_parameters`
--
ALTER TABLE `management_sampleform_parameters`
  ADD PRIMARY KEY (`id`),
  ADD UNIQUE KEY `management_sampleform_pa_sampleform_id_testresult_fa6e1b22_uniq` (`sampleform_id`,`testresult_id`),
  ADD KEY `management_samplefor_testresult_id_3dd0e9f4_fk_managemen` (`testresult_id`);

--
-- Indexes for table `management_testresult`
--
ALTER TABLE `management_testresult`
  ADD PRIMARY KEY (`id`),
  ADD KEY `management_testresul_commodity_id_34904075_fk_managemen` (`commodity_id`);

--
-- Indexes for table `websocket_notification`
--
ALTER TABLE `websocket_notification`
  ADD PRIMARY KEY (`id`);

--
-- Indexes for table `websocket_notification_to_notification`
--
ALTER TABLE `websocket_notification_to_notification`
  ADD PRIMARY KEY (`id`),
  ADD UNIQUE KEY `websocket_notification_t_notification_id_customus_ec0b8448_uniq` (`notification_id`,`customuser_id`),
  ADD KEY `websocket_notificati_customuser_id_caaf6c8f_fk_account_c` (`customuser_id`);

--
-- AUTO_INCREMENT for dumped tables
--

--
-- AUTO_INCREMENT for table `account_customuser`
--
ALTER TABLE `account_customuser`
  MODIFY `id` bigint(20) NOT NULL AUTO_INCREMENT, AUTO_INCREMENT=45;

--
-- AUTO_INCREMENT for table `account_customuser_groups`
--
ALTER TABLE `account_customuser_groups`
  MODIFY `id` bigint(20) NOT NULL AUTO_INCREMENT;

--
-- AUTO_INCREMENT for table `account_customuser_user_permissions`
--
ALTER TABLE `account_customuser_user_permissions`
  MODIFY `id` bigint(20) NOT NULL AUTO_INCREMENT;

--
-- AUTO_INCREMENT for table `auth_group`
--
ALTER TABLE `auth_group`
  MODIFY `id` int(11) NOT NULL AUTO_INCREMENT, AUTO_INCREMENT=7;

--
-- AUTO_INCREMENT for table `auth_group_permissions`
--
ALTER TABLE `auth_group_permissions`
  MODIFY `id` bigint(20) NOT NULL AUTO_INCREMENT, AUTO_INCREMENT=2;

--
-- AUTO_INCREMENT for table `auth_permission`
--
ALTER TABLE `auth_permission`
  MODIFY `id` int(11) NOT NULL AUTO_INCREMENT, AUTO_INCREMENT=65;

--
-- AUTO_INCREMENT for table `django_admin_log`
--
ALTER TABLE `django_admin_log`
  MODIFY `id` int(11) NOT NULL AUTO_INCREMENT;

--
-- AUTO_INCREMENT for table `django_content_type`
--
ALTER TABLE `django_content_type`
  MODIFY `id` int(11) NOT NULL AUTO_INCREMENT, AUTO_INCREMENT=17;

--
-- AUTO_INCREMENT for table `django_migrations`
--
ALTER TABLE `django_migrations`
  MODIFY `id` bigint(20) NOT NULL AUTO_INCREMENT, AUTO_INCREMENT=75;

--
-- AUTO_INCREMENT for table `management_clientcategory`
--
ALTER TABLE `management_clientcategory`
  MODIFY `id` bigint(20) NOT NULL AUTO_INCREMENT, AUTO_INCREMENT=9;

--
-- AUTO_INCREMENT for table `management_commodity`
--
ALTER TABLE `management_commodity`
  MODIFY `id` bigint(20) NOT NULL AUTO_INCREMENT, AUTO_INCREMENT=20;

--
-- AUTO_INCREMENT for table `management_commoditycategory`
--
ALTER TABLE `management_commoditycategory`
  MODIFY `id` bigint(20) NOT NULL AUTO_INCREMENT, AUTO_INCREMENT=136;

--
-- AUTO_INCREMENT for table `management_payment`
--
ALTER TABLE `management_payment`
  MODIFY `id` bigint(20) NOT NULL AUTO_INCREMENT, AUTO_INCREMENT=19;

--
-- AUTO_INCREMENT for table `management_sampleform`
--
ALTER TABLE `management_sampleform`
  MODIFY `id` bigint(20) NOT NULL AUTO_INCREMENT, AUTO_INCREMENT=71;

--
-- AUTO_INCREMENT for table `management_sampleformhasparameter`
--
ALTER TABLE `management_sampleformhasparameter`
  MODIFY `id` bigint(20) NOT NULL AUTO_INCREMENT, AUTO_INCREMENT=106;

--
-- AUTO_INCREMENT for table `management_sampleformhasparameter_parameter`
--
ALTER TABLE `management_sampleformhasparameter_parameter`
  MODIFY `id` bigint(20) NOT NULL AUTO_INCREMENT, AUTO_INCREMENT=268;

--
-- AUTO_INCREMENT for table `management_sampleformparameterformulacalculate`
--
ALTER TABLE `management_sampleformparameterformulacalculate`
  MODIFY `id` bigint(20) NOT NULL AUTO_INCREMENT, AUTO_INCREMENT=181;

--
-- AUTO_INCREMENT for table `management_sampleformverifier`
--
ALTER TABLE `management_sampleformverifier`
  MODIFY `id` bigint(20) NOT NULL AUTO_INCREMENT, AUTO_INCREMENT=39;

--
-- AUTO_INCREMENT for table `management_sampleform_parameters`
--
ALTER TABLE `management_sampleform_parameters`
  MODIFY `id` bigint(20) NOT NULL AUTO_INCREMENT, AUTO_INCREMENT=376;

--
-- AUTO_INCREMENT for table `management_testresult`
--
ALTER TABLE `management_testresult`
  MODIFY `id` bigint(20) NOT NULL AUTO_INCREMENT, AUTO_INCREMENT=130;

--
-- AUTO_INCREMENT for table `websocket_notification`
--
ALTER TABLE `websocket_notification`
  MODIFY `id` bigint(20) NOT NULL AUTO_INCREMENT;

--
-- AUTO_INCREMENT for table `websocket_notification_to_notification`
--
ALTER TABLE `websocket_notification_to_notification`
  MODIFY `id` bigint(20) NOT NULL AUTO_INCREMENT;

--
-- Constraints for dumped tables
--

--
-- Constraints for table `account_customuser`
--
ALTER TABLE `account_customuser`
  ADD CONSTRAINT `account_customuser_approved_by_id_b559a2b9_fk_account_c` FOREIGN KEY (`approved_by_id`) REFERENCES `account_customuser` (`id`),
  ADD CONSTRAINT `account_customuser_client_category_id_1d0ed652_fk_managemen` FOREIGN KEY (`client_category_id`) REFERENCES `management_clientcategory` (`id`);

--
-- Constraints for table `account_customuser_groups`
--
ALTER TABLE `account_customuser_groups`
  ADD CONSTRAINT `account_customuser_g_customuser_id_b6c60904_fk_account_c` FOREIGN KEY (`customuser_id`) REFERENCES `account_customuser` (`id`),
  ADD CONSTRAINT `account_customuser_groups_group_id_2be9f6d7_fk_auth_group_id` FOREIGN KEY (`group_id`) REFERENCES `auth_group` (`id`);

--
-- Constraints for table `account_customuser_user_permissions`
--
ALTER TABLE `account_customuser_user_permissions`
  ADD CONSTRAINT `account_customuser_u_customuser_id_03bcc114_fk_account_c` FOREIGN KEY (`customuser_id`) REFERENCES `account_customuser` (`id`),
  ADD CONSTRAINT `account_customuser_u_permission_id_f4aec423_fk_auth_perm` FOREIGN KEY (`permission_id`) REFERENCES `auth_permission` (`id`);

--
-- Constraints for table `auth_group_permissions`
--
ALTER TABLE `auth_group_permissions`
  ADD CONSTRAINT `auth_group_permissio_permission_id_84c5c92e_fk_auth_perm` FOREIGN KEY (`permission_id`) REFERENCES `auth_permission` (`id`),
  ADD CONSTRAINT `auth_group_permissions_group_id_b120cbf9_fk_auth_group_id` FOREIGN KEY (`group_id`) REFERENCES `auth_group` (`id`);

--
-- Constraints for table `auth_permission`
--
ALTER TABLE `auth_permission`
  ADD CONSTRAINT `auth_permission_content_type_id_2f476e4b_fk_django_co` FOREIGN KEY (`content_type_id`) REFERENCES `django_content_type` (`id`);

--
-- Constraints for table `django_admin_log`
--
ALTER TABLE `django_admin_log`
  ADD CONSTRAINT `django_admin_log_content_type_id_c4bce8eb_fk_django_co` FOREIGN KEY (`content_type_id`) REFERENCES `django_content_type` (`id`),
  ADD CONSTRAINT `django_admin_log_user_id_c564eba6_fk_account_customuser_id` FOREIGN KEY (`user_id`) REFERENCES `account_customuser` (`id`);

--
-- Constraints for table `management_commodity`
--
ALTER TABLE `management_commodity`
  ADD CONSTRAINT `management_commodity_category_id_d54203f2_fk_managemen` FOREIGN KEY (`category_id`) REFERENCES `management_commoditycategory` (`id`);

--
-- Constraints for table `management_payment`
--
ALTER TABLE `management_payment`
  ADD CONSTRAINT `management_payment_sample_form_id_16d71eb9_fk_managemen` FOREIGN KEY (`sample_form_id`) REFERENCES `management_sampleform` (`id`);

--
-- Constraints for table `management_sampleform`
--
ALTER TABLE `management_sampleform`
  ADD CONSTRAINT `management_samplefor_approved_by_id_c50ca544_fk_account_c` FOREIGN KEY (`approved_by_id`) REFERENCES `account_customuser` (`id`),
  ADD CONSTRAINT `management_samplefor_commodity_id_b75d7de2_fk_managemen` FOREIGN KEY (`commodity_id`) REFERENCES `management_commodity` (`id`),
  ADD CONSTRAINT `management_samplefor_supervisor_user_id_28b91a5b_fk_account_c` FOREIGN KEY (`supervisor_user_id`) REFERENCES `account_customuser` (`id`);

--
-- Constraints for table `management_sampleformhasparameter`
--
ALTER TABLE `management_sampleformhasparameter`
  ADD CONSTRAINT `management_samplefor_analyst_user_id_b3876298_fk_account_c` FOREIGN KEY (`analyst_user_id`) REFERENCES `account_customuser` (`id`),
  ADD CONSTRAINT `management_samplefor_commodity_id_e9f2a1f0_fk_managemen` FOREIGN KEY (`commodity_id`) REFERENCES `management_commodity` (`id`),
  ADD CONSTRAINT `management_samplefor_sample_form_id_77482bab_fk_managemen` FOREIGN KEY (`sample_form_id`) REFERENCES `management_sampleform` (`id`);

--
-- Constraints for table `management_sampleformhasparameter_parameter`
--
ALTER TABLE `management_sampleformhasparameter_parameter`
  ADD CONSTRAINT `management_samplefor_sampleformhasparamet_ef1aed87_fk_managemen` FOREIGN KEY (`sampleformhasparameter_id`) REFERENCES `management_sampleformhasparameter` (`id`),
  ADD CONSTRAINT `management_samplefor_testresult_id_2d39a352_fk_managemen` FOREIGN KEY (`testresult_id`) REFERENCES `management_testresult` (`id`);

--
-- Constraints for table `management_sampleformparameterformulacalculate`
--
ALTER TABLE `management_sampleformparameterformulacalculate`
  ADD CONSTRAINT `management_samplefor_commodity_id_50538d0b_fk_managemen` FOREIGN KEY (`commodity_id`) REFERENCES `management_commodity` (`id`),
  ADD CONSTRAINT `management_samplefor_parameter_id_1c937562_fk_managemen` FOREIGN KEY (`parameter_id`) REFERENCES `management_testresult` (`id`),
  ADD CONSTRAINT `management_samplefor_sample_form_id_faa9f6c8_fk_managemen` FOREIGN KEY (`sample_form_id`) REFERENCES `management_sampleform` (`id`);

--
-- Constraints for table `management_sampleformverifier`
--
ALTER TABLE `management_sampleformverifier`
  ADD CONSTRAINT `management_samplefor_sample_form_id_1659cc2f_fk_managemen` FOREIGN KEY (`sample_form_id`) REFERENCES `management_sampleform` (`id`);

--
-- Constraints for table `management_sampleform_parameters`
--
ALTER TABLE `management_sampleform_parameters`
  ADD CONSTRAINT `management_samplefor_sampleform_id_0244dd7d_fk_managemen` FOREIGN KEY (`sampleform_id`) REFERENCES `management_sampleform` (`id`),
  ADD CONSTRAINT `management_samplefor_testresult_id_3dd0e9f4_fk_managemen` FOREIGN KEY (`testresult_id`) REFERENCES `management_testresult` (`id`);

--
-- Constraints for table `management_testresult`
--
ALTER TABLE `management_testresult`
  ADD CONSTRAINT `management_testresul_commodity_id_34904075_fk_managemen` FOREIGN KEY (`commodity_id`) REFERENCES `management_commodity` (`id`);

--
-- Constraints for table `websocket_notification_to_notification`
--
ALTER TABLE `websocket_notification_to_notification`
  ADD CONSTRAINT `websocket_notificati_customuser_id_caaf6c8f_fk_account_c` FOREIGN KEY (`customuser_id`) REFERENCES `account_customuser` (`id`),
  ADD CONSTRAINT `websocket_notificati_notification_id_65884e2f_fk_websocket` FOREIGN KEY (`notification_id`) REFERENCES `websocket_notification` (`id`);
COMMIT;

/*!40101 SET CHARACTER_SET_CLIENT=@OLD_CHARACTER_SET_CLIENT */;
/*!40101 SET CHARACTER_SET_RESULTS=@OLD_CHARACTER_SET_RESULTS */;
/*!40101 SET COLLATION_CONNECTION=@OLD_COLLATION_CONNECTION */;
