-- phpMyAdmin SQL Dump
-- version 5.2.0
-- https://www.phpmyadmin.net/
--
-- Host: 127.0.0.1
-- Generation Time: Jun 08, 2023 at 11:16 AM
-- Server version: 10.4.24-MariaDB
-- PHP Version: 7.4.29

SET SQL_MODE = "NO_AUTO_VALUE_ON_ZERO";
START TRANSACTION;
SET time_zone = "+00:00";


/*!40101 SET @OLD_CHARACTER_SET_CLIENT=@@CHARACTER_SET_CLIENT */;
/*!40101 SET @OLD_CHARACTER_SET_RESULTS=@@CHARACTER_SET_RESULTS */;
/*!40101 SET @OLD_COLLATION_CONNECTION=@@COLLATION_CONNECTION */;
/*!40101 SET NAMES utf8mb4 */;

--
-- Database: `lims`
--

-- --------------------------------------------------------

--
-- Table structure for table `account_customuser`
--

CREATE TABLE `account_customuser` (
  `id` bigint(20) NOT NULL,
  `password` varchar(128) NOT NULL,
  `last_login` datetime(6) DEFAULT NULL,
  `is_superuser` tinyint(1) NOT NULL,
  `first_name` varchar(150) NOT NULL,
  `last_name` varchar(150) NOT NULL,
  `is_staff` tinyint(1) NOT NULL,
  `is_active` tinyint(1) NOT NULL,
  `date_joined` datetime(6) NOT NULL,
  `phone` varchar(15) DEFAULT NULL,
  `email` varchar(255) NOT NULL,
  `username` varchar(255) NOT NULL,
  `registration_document` varchar(100) DEFAULT NULL,
  `is_verified` int(11) NOT NULL,
  `role` smallint(5) UNSIGNED DEFAULT NULL CHECK (`role` >= 0),
  `client_category_id` bigint(20) DEFAULT NULL,
  `department_address` varchar(255) DEFAULT NULL,
  `department_name` varchar(255) DEFAULT NULL,
  `registration_number` varchar(255) DEFAULT NULL,
  `renew_document` varchar(100) DEFAULT NULL
) ENGINE=InnoDB DEFAULT CHARSET=utf8mb4;

--
-- Dumping data for table `account_customuser`
--

INSERT INTO `account_customuser` (`id`, `password`, `last_login`, `is_superuser`, `first_name`, `last_name`, `is_staff`, `is_active`, `date_joined`, `phone`, `email`, `username`, `registration_document`, `is_verified`, `role`, `client_category_id`, `department_address`, `department_name`, `registration_number`, `renew_document`) VALUES
(1, 'pbkdf2_sha256$390000$bGlSmlTu2EeNdN2tOlTW0e$yoEnQqHTg6KfoNXLKBT1RpGOEyG8ku81ZvdHEs8c93E=', '2023-06-07 11:53:42.953078', 0, 'Admin', 'Admin', 0, 1, '2023-05-15 06:33:02.961646', '9818780677', 'admin@gmail.com', 'admin', 'media/user/registration/da.png', 1, 1, 1, 'Test', 'Test', '456789', 'media/user/renew_doument/da.png'),
(2, 'pbkdf2_sha256$390000$SJUujXnqhcbnqdLNNZqju1$1Xd4v42OxvwG7/OSLuAIKsgoh8+JCWyDKiIvqyLMO74=', '2023-06-07 11:57:31.856293', 0, 'Supervisor', 'Supervisor', 0, 1, '2023-05-15 06:42:17.922386', '9818780677', 'supervisor@gmail.com', 'supervisor', '', 1, 3, NULL, NULL, NULL, NULL, ''),
(3, 'pbkdf2_sha256$390000$H9IpglQ5AHAyVIIcVPNpiL$XLOTRNNELStKMblGD+kHILDZ5V+SXxJR6nlqIpLTygU=', NULL, 0, 'Smu', 'Officer', 0, 1, '2023-05-15 06:42:51.053508', '9818780677', 'sum@gmail.com', 'smu1', '', 1, 2, NULL, NULL, NULL, NULL, ''),
(4, 'pbkdf2_sha256$390000$VcuymPD4tCT8QzThah6wll$6tWRRI9mBH9mfQsLWm06PhcBpMlLyZaBnHqbQsFtNkE=', '2023-06-07 11:55:04.946449', 0, 'Analyst', 'Analyst', 0, 1, '2023-05-15 06:43:32.814565', '9818780677', 'analyst@gmail.com', 'analyst', '', 1, 4, 1, 'null', 'null', 'null', ''),
(5, 'pbkdf2_sha256$390000$Zsk6iwikMIpENRqZkVQQ6I$ZdQ4yKR6H/qKwJ7FptLwkJS2kKqEuRAIJyOYCCq9pg0=', '2023-05-24 10:16:32.728204', 0, 'Umesh', 'Thapa', 0, 1, '2023-05-15 06:44:26.742562', '9818780677', 'umeshthapa539@gmail.com', 'ewumesh', '', 1, 5, 1, NULL, NULL, NULL, ''),
(6, 'pbkdf2_sha256$390000$GHepAHnRSoB176aJAtaqiQ$oTb5VWta62TWLNjSEqww6OALRUUd4ssWCHRRIJoVoNc=', '2023-06-07 11:58:05.509246', 0, 'Umesh', 'Thapa', 0, 1, '2023-05-18 11:01:52.851691', '9818780677', 'user@gmail.com', 'user', 'media/user/registration/Screenshot_2023-05-22_133739.png', 1, 5, 1, 'test', 'test', '123453453', 'media/user/renew_doument/Screenshot_2023-04-29_091959.png'),
(7, 'pbkdf2_sha256$390000$OlscWMO1QXHFu9q1A3L5lU$DuO83ngM0wHrhICEPJkDg144gJMCCbDujR84AkoNKYg=', NULL, 0, 'Umesh', 'Thapa', 0, 1, '2023-05-18 11:03:03.171818', '9818780677', 'smu@gmail.com', 'smu', '', 1, 2, NULL, NULL, NULL, NULL, ''),
(8, 'pbkdf2_sha256$390000$KJvixm4JkV5jWVn7ICnF08$YVT7B4DfHt6JGDVBKFzcqTXcCvhb6jl/WLlOQapbazw=', NULL, 0, 'Test User', 'asdasd', 0, 1, '2023-05-22 05:56:03.598056', '9818780677', 'asd@gmail.com', 'test', '', 1, 5, 1, NULL, NULL, NULL, ''),
(9, 'pbkdf2_sha256$390000$yWyK6gnRqmEokDWaoRDDiO$OaUXxsAKIM4gfOWcOskmGklqgsAVnNPDb/O+G0nGtWc=', NULL, 0, 'Umesh', 'Thapa', 0, 1, '2023-05-22 07:08:54.930387', '98765456789', 'umesh@gmail.com', 'umesh', 'media/user/registration/Screenshot_2023-05-22_115901.png', 1, 5, 1, NULL, NULL, NULL, ''),
(13, 'pbkdf2_sha256$390000$tYzNGiFUwJgTOUTD3zeXFz$MdQpMFk6jorZ3WGWwm9Xl0iA8aQpfmglevfhb0pjgN0=', '2023-06-01 05:47:59.713832', 0, 'test user subarna', 'Sharma', 0, 1, '2023-05-22 11:13:50.410263', '9844740360', 'sagarsharma48647@gmail.com', 'testuser', '', 1, 5, 1, NULL, NULL, NULL, ''),
(14, 'pbkdf2_sha256$390000$CC4BXvQLegFctKVUKBm660$ryVjU1P5m0Ve5eeg13KfT3gnlVmlabVCTMFWSGN+asg=', '2023-05-24 07:35:22.480811', 0, 'Umesh', 'Thapa', 0, 1, '2023-05-22 11:33:02.549824', '9876543456', 'yy@gmail.com', 'yy', 'media/user/registration/Screenshot_2023-05-22_115901_mXcoEpJ.png', 1, 5, 1, 'wdf', 'sdf', '234567', 'media/user/renew_doument/Screenshot_2023-05-22_115901.png'),
(15, 'pbkdf2_sha256$390000$58SA2JjIO9L8fe43vVD4mI$3KL7OYvISAY8sHfja4Ggbbc7zzpCfPH4j1T75JgHe10=', '2023-06-04 10:21:48.681439', 0, 'Umesh', 'Thapa', 0, 1, '2023-05-25 12:07:48.630193', '8723564879', 'uu@gmail.com', 'umeshoo', '', 1, 4, 1, 'null', 'null', 'null', ''),
(16, 'pbkdf2_sha256$390000$OV0WKvibtTr16mBFpywghx$T9H2h46zVyaHqEZJA7zAbxTBO+J7DdKCVyfSpqTQLWA=', '2023-05-29 09:57:53.797653', 0, 'Aayusha', 'Ghimire', 0, 1, '2023-05-28 10:38:52.665872', '9867178418', 'aayushaghimire56@gmail.com', 'aayusha', 'media/user/registration/IMG_3834_2.JPG', 1, 5, 1, 'Triveni, nawalparasi', 'sustamasala', '2', 'media/user/renew_doument/IMG_3832.JPG'),
(17, 'pbkdf2_sha256$390000$grsMDJ87v7yjt7w5vFiSmt$YWmfG3fjew+SmA4REWaGJ1js2Shv5T9F2kufJLyTuR4=', '2023-06-07 11:57:27.254717', 0, 'verifier', 'verifier', 0, 1, '2023-05-29 06:27:34.821631', '9818787977', 'verifier@gmail.com', 'verifier', '', 1, 6, 1, 'null', 'null', 'null', ''),
(18, 'pbkdf2_sha256$390000$m9W3ejKTw8xt6tGTAM4QqM$949jXdPtZT+eTgub7arTMpfx2vmBY6Au8bFIq5zCUrE=', '2023-05-29 14:41:23.895107', 0, 'Manish', 'Basnet', 0, 1, '2023-05-29 10:31:52.414397', '9876543245', 'manish@gmail.com', 'manish', '', 1, 4, 1, 'null', 'null', 'null', ''),
(19, 'pbkdf2_sha256$390000$CLjZG4QjSvIsrT7kA2t9gs$jrWQIgiw5txU/c2vywKndY/5z+xmyp2sZ0Md/gWPBRo=', '2023-06-07 11:56:15.925933', 0, 'Manoj', 'Das', 0, 1, '2023-05-29 10:32:43.769313', '456789765', 'manoj@gmail.com', 'manoj', '', 1, 4, 1, 'null', 'null', 'null', ''),
(20, 'pbkdf2_sha256$390000$TZQGhUdQidYdHeVzsmrEuH$UdqU7z6CR7qKmPiE5526HQ9CxHcIUY8CJzyjsM1oeKA=', '2023-05-29 11:02:53.542365', 0, 'Subarna', 'Bhandari', 0, 1, '2023-05-29 10:59:44.388508', '9844740360', 'subarnabhd@gmail.com', 'subarnabhd1', 'media/user/registration/Screenshot_2023-04-29_094246.png', 1, 5, 1, 'Baneshwor', 'Abc Depart', '132434234-352', 'media/user/renew_doument/Screenshot_2023-04-30_074135.png'),
(21, 'pbkdf2_sha256$390000$hKOWE3eu9HX8NB6ggD8KE5$wc5oQBwbh1i1sFkOokUcXM7Q8H8ypN9wruTS+9i5p7U=', '2023-05-30 06:33:36.236330', 0, 'Ramesh', 'Regmi', 0, 1, '2023-05-30 06:32:35.606193', '4356789987', 'r@gmail.com', 'r', '', 1, 3, NULL, 'null', 'null', NULL, ''),
(22, 'pbkdf2_sha256$390000$ZQF8b24rJWYmyNNEDHlbz3$wT7Pf3qa5njh1ckOpRt3I6hCNHG68chTViLIFmtC5PM=', '2023-06-04 09:06:50.054121', 0, 'KP', 'OLI', 0, 1, '2023-06-04 08:03:09.444549', '1234567898', 'kpoli@gmail.com', 'kpoli', 'media/user/registration/Screenshot_2023-06-03_104604.png', 1, 5, 1, 'JHAPA', 'OLI', '4356789', 'media/user/renew_doument/Screenshot_2023-06-04_090154.png'),
(23, 'pbkdf2_sha256$390000$yavm7gbHNZMBWEiQ2SXVsJ$TIILaCXRfhzllTYtsb6SyFfPG/n8bRQX574r5QBJTbw=', '2023-06-06 07:09:09.230796', 0, 'Subarna', 'Bhandari', 0, 1, '2023-06-06 06:43:03.955919', '9867390245', 'subarnab@gmail.com', 'subarnabhd', '', 1, 3, 1, 'null', 'null', 'null', ''),
(24, 'pbkdf2_sha256$390000$pNA2ShNBWdFL3oX6lb6caq$VNOqKpLn51hwz7IhVBYkUUHFEW4WKx77gK+iXlnqzNM=', '2023-06-06 08:50:27.377209', 0, 'Subarna', 'Bhandari', 0, 1, '2023-06-06 06:57:36.240731', '9867390245', 'subarnabhd@gmail.comm', 'asubarna', '', 0, 4, 1, 'null', 'null', NULL, ''),
(25, 'pbkdf2_sha256$390000$bfMQTd9dWi0ziNn0uU8Ev2$lqhM6ufCUbLml3A0Tiu3AlkxRttGSnW6BXVGbMyBpK0=', '2023-06-07 03:15:56.239456', 0, 'Pradeep', 'Marasini', 0, 1, '2023-06-06 08:17:48.060350', '9869469665', 'pradeepmarasini2000@gmail.com', 'pradeep', '', 0, 4, 1, 'null', 'null', NULL, ''),
(26, 'pbkdf2_sha256$390000$XJ9WNaTldgfQYL2EMEqgti$2p89SI5W0j2v+VqoR+iooDnzEj/Vj5eSwv7PJ8MzmBY=', '2023-06-06 12:03:01.916797', 0, 'ram', 'sharrma', 0, 1, '2023-06-06 08:18:24.452421', '9802340360', 'ramsharma@gmail.com', 'ram', 'media/user/registration/box_copy.png', 1, 5, 1, 'Shankamul', 'ABC Depart', '123456-78', 'media/user/renew_doument/parcel.png'),
(27, 'pbkdf2_sha256$390000$yJkIuTQbgv4j8tkAX5JiHT$Jj0L9iy88ibqZOOPpnpsITDSvGYxtkihxA0LoaMxGvE=', '2023-06-06 12:53:20.352136', 0, 'Manish', 'Banset', 0, 1, '2023-06-06 08:31:35.991395', '123456789', 'manish123@gmail.com', 'manish123', '', 0, 3, 1, 'null', 'null', NULL, ''),
(28, 'pbkdf2_sha256$390000$BgHGpsSmNQz2buLv8X7LdN$21tX48VhlgsjH7PPHfgIiByi04bbWh3V3kqvSoEOswA=', '2023-06-07 03:11:29.150447', 0, 'Hari', 'Bahadur', 0, 1, '2023-06-07 03:02:55.474519', '986999999', 'hari@gmail.com', 'hari', '', 1, 5, 1, 'null', 'null', NULL, ''),
(29, 'pbkdf2_sha256$390000$gPCTHZCIrLJNbqCew5uD7D$xU11spfsvhQF6KWfe8ghGTMyQpbo2pgaTY+AlsxMBDg=', '2023-06-07 03:13:32.092257', 0, 'Super', 'Visor', 0, 1, '2023-06-07 03:08:20.542239', '9888888888', 'super@gmail.com', 'super', '', 0, 3, 1, 'null', 'null', NULL, '');

-- --------------------------------------------------------

--
-- Table structure for table `account_customuser_groups`
--

CREATE TABLE `account_customuser_groups` (
  `id` bigint(20) NOT NULL,
  `customuser_id` bigint(20) NOT NULL,
  `group_id` int(11) NOT NULL
) ENGINE=InnoDB DEFAULT CHARSET=utf8mb4;

-- --------------------------------------------------------

--
-- Table structure for table `account_customuser_user_permissions`
--

CREATE TABLE `account_customuser_user_permissions` (
  `id` bigint(20) NOT NULL,
  `customuser_id` bigint(20) NOT NULL,
  `permission_id` int(11) NOT NULL
) ENGINE=InnoDB DEFAULT CHARSET=utf8mb4;

-- --------------------------------------------------------

--
-- Table structure for table `auth_group`
--

CREATE TABLE `auth_group` (
  `id` int(11) NOT NULL,
  `name` varchar(150) NOT NULL
) ENGINE=InnoDB DEFAULT CHARSET=utf8mb4;

--
-- Dumping data for table `auth_group`
--

INSERT INTO `auth_group` (`id`, `name`) VALUES
(2, 'askdjasd'),
(6, 'fdghjk'),
(3, 'te'),
(1, 'Test'),
(4, 'testa'),
(5, 'top');

-- --------------------------------------------------------

--
-- Table structure for table `auth_group_permissions`
--

CREATE TABLE `auth_group_permissions` (
  `id` bigint(20) NOT NULL,
  `group_id` int(11) NOT NULL,
  `permission_id` int(11) NOT NULL
) ENGINE=InnoDB DEFAULT CHARSET=utf8mb4;

--
-- Dumping data for table `auth_group_permissions`
--

INSERT INTO `auth_group_permissions` (`id`, `group_id`, `permission_id`) VALUES
(1, 1, 21);

-- --------------------------------------------------------

--
-- Table structure for table `auth_permission`
--

CREATE TABLE `auth_permission` (
  `id` int(11) NOT NULL,
  `name` varchar(255) NOT NULL,
  `content_type_id` int(11) NOT NULL,
  `codename` varchar(100) NOT NULL
) ENGINE=InnoDB DEFAULT CHARSET=utf8mb4;

--
-- Dumping data for table `auth_permission`
--

INSERT INTO `auth_permission` (`id`, `name`, `content_type_id`, `codename`) VALUES
(1, 'Can add log entry', 1, 'add_logentry'),
(2, 'Can change log entry', 1, 'change_logentry'),
(3, 'Can delete log entry', 1, 'delete_logentry'),
(4, 'Can view log entry', 1, 'view_logentry'),
(5, 'Can add permission', 2, 'add_permission'),
(6, 'Can change permission', 2, 'change_permission'),
(7, 'Can delete permission', 2, 'delete_permission'),
(8, 'Can view permission', 2, 'view_permission'),
(9, 'Can add group', 3, 'add_group'),
(10, 'Can change group', 3, 'change_group'),
(11, 'Can delete group', 3, 'delete_group'),
(12, 'Can view group', 3, 'view_group'),
(13, 'Can add content type', 4, 'add_contenttype'),
(14, 'Can change content type', 4, 'change_contenttype'),
(15, 'Can delete content type', 4, 'delete_contenttype'),
(16, 'Can view content type', 4, 'view_contenttype'),
(17, 'Can add session', 5, 'add_session'),
(18, 'Can change session', 5, 'change_session'),
(19, 'Can delete session', 5, 'delete_session'),
(20, 'Can view session', 5, 'view_session'),
(21, 'Can add user', 6, 'add_customuser'),
(22, 'Can change user', 6, 'change_customuser'),
(23, 'Can delete user', 6, 'delete_customuser'),
(24, 'Can view user', 6, 'view_customuser'),
(25, 'Can add client category', 7, 'add_clientcategory'),
(26, 'Can change client category', 7, 'change_clientcategory'),
(27, 'Can delete client category', 7, 'delete_clientcategory'),
(28, 'Can view client category', 7, 'view_clientcategory'),
(29, 'Can add commodity', 8, 'add_commodity'),
(30, 'Can change commodity', 8, 'change_commodity'),
(31, 'Can delete commodity', 8, 'delete_commodity'),
(32, 'Can view commodity', 8, 'view_commodity'),
(33, 'Can add commodity category', 9, 'add_commoditycategory'),
(34, 'Can change commodity category', 9, 'change_commoditycategory'),
(35, 'Can delete commodity category', 9, 'delete_commoditycategory'),
(36, 'Can view commodity category', 9, 'view_commoditycategory'),
(37, 'Can add sample form', 10, 'add_sampleform'),
(38, 'Can change sample form', 10, 'change_sampleform'),
(39, 'Can delete sample form', 10, 'delete_sampleform'),
(40, 'Can view sample form', 10, 'view_sampleform'),
(41, 'Can add sample form parameter formula calculate', 11, 'add_sampleformparameterformulacalculate'),
(42, 'Can change sample form parameter formula calculate', 11, 'change_sampleformparameterformulacalculate'),
(43, 'Can delete sample form parameter formula calculate', 11, 'delete_sampleformparameterformulacalculate'),
(44, 'Can view sample form parameter formula calculate', 11, 'view_sampleformparameterformulacalculate'),
(45, 'Can add test result', 12, 'add_testresult'),
(46, 'Can change test result', 12, 'change_testresult'),
(47, 'Can delete test result', 12, 'delete_testresult'),
(48, 'Can view test result', 12, 'view_testresult'),
(49, 'Can add sample form has parameter', 13, 'add_sampleformhasparameter'),
(50, 'Can change sample form has parameter', 13, 'change_sampleformhasparameter'),
(51, 'Can delete sample form has parameter', 13, 'delete_sampleformhasparameter'),
(52, 'Can view sample form has parameter', 13, 'view_sampleformhasparameter'),
(53, 'Can add payment', 14, 'add_payment'),
(54, 'Can change payment', 14, 'change_payment'),
(55, 'Can delete payment', 14, 'delete_payment'),
(56, 'Can view payment', 14, 'view_payment'),
(57, 'Can add notification', 15, 'add_notification'),
(58, 'Can change notification', 15, 'change_notification'),
(59, 'Can delete notification', 15, 'delete_notification'),
(60, 'Can view notification', 15, 'view_notification'),
(61, 'Can add sample form verifier', 16, 'add_sampleformverifier'),
(62, 'Can change sample form verifier', 16, 'change_sampleformverifier'),
(63, 'Can delete sample form verifier', 16, 'delete_sampleformverifier'),
(64, 'Can view sample form verifier', 16, 'view_sampleformverifier');

-- --------------------------------------------------------

--
-- Table structure for table `django_admin_log`
--

CREATE TABLE `django_admin_log` (
  `id` int(11) NOT NULL,
  `action_time` datetime(6) NOT NULL,
  `object_id` longtext DEFAULT NULL,
  `object_repr` varchar(200) NOT NULL,
  `action_flag` smallint(5) UNSIGNED NOT NULL CHECK (`action_flag` >= 0),
  `change_message` longtext NOT NULL,
  `content_type_id` int(11) DEFAULT NULL,
  `user_id` bigint(20) NOT NULL
) ENGINE=InnoDB DEFAULT CHARSET=utf8mb4;

-- --------------------------------------------------------

--
-- Table structure for table `django_content_type`
--

CREATE TABLE `django_content_type` (
  `id` int(11) NOT NULL,
  `app_label` varchar(100) NOT NULL,
  `model` varchar(100) NOT NULL
) ENGINE=InnoDB DEFAULT CHARSET=utf8mb4;

--
-- Dumping data for table `django_content_type`
--

INSERT INTO `django_content_type` (`id`, `app_label`, `model`) VALUES
(6, 'account', 'customuser'),
(1, 'admin', 'logentry'),
(3, 'auth', 'group'),
(2, 'auth', 'permission'),
(4, 'contenttypes', 'contenttype'),
(7, 'management', 'clientcategory'),
(8, 'management', 'commodity'),
(9, 'management', 'commoditycategory'),
(14, 'management', 'payment'),
(10, 'management', 'sampleform'),
(13, 'management', 'sampleformhasparameter'),
(11, 'management', 'sampleformparameterformulacalculate'),
(16, 'management', 'sampleformverifier'),
(12, 'management', 'testresult'),
(5, 'sessions', 'session'),
(15, 'websocket', 'notification');

-- --------------------------------------------------------

--
-- Table structure for table `django_migrations`
--

CREATE TABLE `django_migrations` (
  `id` bigint(20) NOT NULL,
  `app` varchar(255) NOT NULL,
  `name` varchar(255) NOT NULL,
  `applied` datetime(6) NOT NULL
) ENGINE=InnoDB DEFAULT CHARSET=utf8mb4;

--
-- Dumping data for table `django_migrations`
--

INSERT INTO `django_migrations` (`id`, `app`, `name`, `applied`) VALUES
(1, 'management', '0001_initial', '2023-05-29 08:36:37.381227'),
(2, 'contenttypes', '0001_initial', '2023-05-29 08:36:37.988553'),
(3, 'contenttypes', '0002_remove_content_type_name', '2023-05-29 08:36:39.257916'),
(4, 'auth', '0001_initial', '2023-05-29 08:36:47.736365'),
(5, 'auth', '0002_alter_permission_name_max_length', '2023-05-29 08:36:49.917966'),
(6, 'auth', '0003_alter_user_email_max_length', '2023-05-29 08:36:49.954722'),
(7, 'auth', '0004_alter_user_username_opts', '2023-05-29 08:36:50.005979'),
(8, 'auth', '0005_alter_user_last_login_null', '2023-05-29 08:36:50.041667'),
(9, 'auth', '0006_require_contenttypes_0002', '2023-05-29 08:36:50.076517'),
(10, 'auth', '0007_alter_validators_add_error_messages', '2023-05-29 08:36:50.123417'),
(11, 'auth', '0008_alter_user_username_max_length', '2023-05-29 08:36:50.158914'),
(12, 'auth', '0009_alter_user_last_name_max_length', '2023-05-29 08:36:50.198846'),
(13, 'auth', '0010_alter_group_name_max_length', '2023-05-29 08:36:50.312669'),
(14, 'auth', '0011_update_proxy_permissions', '2023-05-29 08:36:50.372484'),
(15, 'auth', '0012_alter_user_first_name_max_length', '2023-05-29 08:36:50.519004'),
(16, 'account', '0001_initial', '2023-05-29 08:37:04.604591'),
(17, 'account', '0002_remove_customuser_image_and_more', '2023-05-29 08:37:05.494334'),
(18, 'account', '0003_alter_customuser_role', '2023-05-29 08:37:05.579657'),
(19, 'admin', '0001_initial', '2023-05-29 08:37:08.910140'),
(20, 'admin', '0002_logentry_remove_auto_add', '2023-05-29 08:37:08.971089'),
(21, 'admin', '0003_logentry_add_action_flag_choices', '2023-05-29 08:37:09.050123'),
(22, 'management', '0002_sampleformparameterformulacalculate_remark', '2023-05-29 08:37:09.282977'),
(23, 'management', '0003_sampleform_supervisor_user_and_more', '2023-05-29 08:37:22.817756'),
(24, 'management', '0004_remove_sampleform_supervisor_user_and_more', '2023-05-29 08:37:25.203082'),
(25, 'management', '0005_alter_sampleformhasparameter_analyst_user', '2023-05-29 08:37:31.173218'),
(26, 'management', '0006_alter_sampleform_supervisor_user', '2023-05-29 08:37:37.649326'),
(27, 'management', '0007_remove_sampleform_supervisor_user', '2023-05-29 08:37:38.753953'),
(28, 'management', '0008_sampleform_supervisor_user', '2023-05-29 08:37:41.024325'),
(29, 'management', '0009_alter_sampleformhasparameter_analyst_user', '2023-05-29 08:37:48.242585'),
(30, 'management', '0010_alter_sampleformhasparameter_analyst_user', '2023-05-29 08:37:52.795799'),
(31, 'management', '0011_remove_sampleform_commodity_id_sampleform_commodity', '2023-05-29 08:37:54.772706'),
(32, 'management', '0012_alter_sampleform_commodity', '2023-05-29 08:37:54.870569'),
(33, 'management', '0013_remove_sampleform_commodity', '2023-05-29 08:37:57.561820'),
(34, 'management', '0014_sampleform_commodity', '2023-05-29 08:37:59.028152'),
(35, 'management', '0015_alter_sampleform_commodity', '2023-05-29 08:38:03.767275'),
(36, 'management', '0016_remove_sampleform_commodity', '2023-05-29 08:38:04.834628'),
(37, 'management', '0017_sampleform_commodity_id', '2023-05-29 08:38:05.412679'),
(38, 'management', '0018_alter_sampleform_commodity_id', '2023-05-29 08:38:16.213180'),
(39, 'management', '0019_remove_sampleform_commodity_id', '2023-05-29 08:38:16.976467'),
(40, 'management', '0020_sampleform_commodity_id', '2023-05-29 08:38:18.356085'),
(41, 'sessions', '0001_initial', '2023-05-29 08:38:20.287275'),
(42, 'websocket', '0001_initial', '2023-05-29 08:38:27.982941'),
(43, 'websocket', '0002_rename_notification_name_notification_model_name_and_more', '2023-05-29 08:38:28.936218'),
(44, 'management', '0021_rename_commodity_id_sampleform_commodity', '2023-05-29 09:38:38.331322'),
(45, 'management', '0022_sampleformparameterformulacalculate_is_verified', '2023-05-30 09:37:03.262730'),
(46, 'management', '0023_alter_sampleformhasparameter_status_and_more', '2023-05-31 10:06:52.270537'),
(47, 'management', '0024_sampleform_is_commodity_select', '2023-05-31 10:06:52.336753'),
(48, 'management', '0025_alter_sampleform_parameters', '2023-05-31 10:06:52.374396'),
(49, 'management', '0025_alter_sampleform_parameters_sampleformverifier', '2023-06-01 06:25:32.692885'),
(50, 'management', '0026_merge_20230601_0625', '2023-06-01 06:25:32.697644'),
(51, 'management', '0026_alter_sampleformverifier_sample_form', '2023-06-01 09:02:19.873352'),
(52, 'management', '0027_merge_20230601_0901', '2023-06-01 09:02:19.879813'),
(53, 'account', '0004_alter_customuser_is_active', '2023-06-02 05:54:10.325068'),
(54, 'account', '0005_alter_customuser_username', '2023-06-06 06:58:25.515499'),
(55, 'management', '0027_alter_sampleform_status', '2023-06-06 06:58:25.538825'),
(56, 'management', '0028_merge_20230606_0658', '2023-06-06 06:58:25.541918'),
(57, 'management', '0028_alter_sampleformverifier_sample_form', '2023-06-06 12:25:49.730922'),
(58, 'management', '0029_merge_20230606_1225', '2023-06-06 12:25:49.736317'),
(59, 'management', '0029_sampleformhasparameter_is_tested_and_more', '2023-06-07 09:30:19.864612'),
(60, 'management', '0030_rename_is_tested_sampleformhasparameter_is_supervisor_sent', '2023-06-07 09:41:17.081030'),
(61, 'management', '0031_sampleform_is_analyst_test', '2023-06-07 09:56:51.723533'),
(62, 'management', '0032_sampleformparameterformulacalculate_status', '2023-06-07 11:07:22.280803'),
(63, 'management', '0033_alter_sampleformparameterformulacalculate_status', '2023-06-07 11:08:38.811147'),
(64, 'management', '0034_alter_sampleformparameterformulacalculate_status', '2023-06-07 11:09:33.057451');

-- --------------------------------------------------------

--
-- Table structure for table `django_session`
--

CREATE TABLE `django_session` (
  `session_key` varchar(40) NOT NULL,
  `session_data` longtext NOT NULL,
  `expire_date` datetime(6) NOT NULL
) ENGINE=InnoDB DEFAULT CHARSET=utf8mb4;

--
-- Dumping data for table `django_session`
--

INSERT INTO `django_session` (`session_key`, `session_data`, `expire_date`) VALUES
('07o1w0l3ll4grctwg2cydeh4jtbi4ikc', '.eJxVi70KwjAQgN8ls5S7tJc0joKP4BwulxwpagXbTOK7W6GDrt_Py0Rua41tKc84ZXM0aA6_LLFcy_wVLPJo89rtpDvfebpdtua0J39f5aVuU0H1MvpMmogdiSjo2IMNrEiKGUKgPPRWlaAAWl-gHxwwJnDEJOb9AcYbNGA:1q3YnJ:AN7juwTzyJobzfveA7-iE7GnRRH1vXtZYFMtdqksmIo', '2023-06-12 09:04:01.756767'),
('09b0r6t0wteutv32q8imncru0wfibr1c', '.eJxVi0sKwjAQQO-StZTmMzFxKXgE12FmMiFFrdA2K_HuRuhCt-_zUgnbVlNbZUlTVifl1eGXEfJN5q9A5mebt2Enw-WB0_3am_Oe_H0V19onCESQvXUQrBESU9BkEMaAdmTWpEVG4xhQwNnoegzReDrqyEUXr94fzqI0-Q:1q3aMs:13pBrfZbwFX7rDKQ50VpJ4cHN29NRF_cLOQocefJ9vQ', '2023-06-12 10:44:50.834425'),
('0dfbepkhpcumr4sr2qfck48vycqvfins', '.eJxVi0sKwjAQQO-StZROJs3HpeARXIfpZEKKWsE2K-ndG6EL3b7PR0Wqa4l1kXeckjorrU6_bCS-y_wVxPyq89odpLs-aXrcWnM5kr-v0FLaBJqcNw6yMRRYCA0mzDha471GAQspOAkZ3UC-sT7zYG1GDQGZoFfbDpnwM48:1q4E52:T4BpsIpfthfqmfL8Lneef1gHlRARQoFtevkqf-RMWUU', '2023-06-14 05:09:04.162952'),
('0ietuweipv5lt0iomwe698ct9admvkro', '.eJxVi0sKwjAQQO-StZROJs3HpeARXIfpZEKKWsE2K-ndG6EL3b7PR0Wqa4l1kXeckjorrU6_bCS-y_wVxPyq89odpLs-aXrcWnM5kr-v0FLaBJqcNw6yMRRYCA0mzDha471GAQspOAkZ3UC-sT7zYG1GDQGZoFfbDpnwM48:1q3svx:h4tPChS3zOaLI26esyDBmiWC4IC9Uuc4JIilCpXhAuY', '2023-06-13 06:34:17.675177'),
('0kk4k4weeo4etr9pgszer9mol0q5vbo9', '.eJxVi70KwjAQgN8ls5S7tJc0joKP4BwulxwpagXbTOK7W6GDrt_Py0Rua41tKc84ZXM0aA6_LLFcy_wVLPJo89rtpDvfebpdtua0J39f5aVuU0H1MvpMmogdiSjo2IMNrEiKGUKgPPRWlaAAWl-gHxwwJnDEJOb9AcYbNGA:1q6Pfb:1WtlUR0vhMad4DzNm2H7iQrOlyqRw6iqSHRJ96CyzY0', '2023-06-20 05:55:51.753779'),
('0l12ylwgw5od66f8nlla1okthw558een', '.eJxVjDEOwjAMRe-SGVUusaOUEYkjdI4c21UqoEi0mRB3h0od2vX99_7HJa5LSXW2dxrVXVxwpz3LLHeb1oFFXnVamo00tyePj_7vXDfl0BWey_rmMWbtiEigJUBlr0DEEXLwkAc6IzFKDkPLJgGgsyiIaqpkoOC-P6JnNIg:1q4xP6:tkvLaCnkkUHWufPsuJYOAZMd4ZVZd4tgewbq1XEpwhQ', '2023-06-16 05:32:48.926170'),
('0leert5nhjm7lqwozu07dmxztnmjsz8m', '.eJxViz0OwjAMRu_iGVUmTkrMiMQRmCPXcZUKKBJtJsTdCVIH2L6f916QpK4l1cWeacpwBA-7320Qvdr8PUT1Uee125bufJfpdmnMaUP-vCJLaZJjUmEOXvYaW3CBI7G2rnlkjJSDY2_BsmCPB2QyswHJ9y7qiAjvD6KaM_M:1q4mb7:HclMNd_g_leWRm93zoFF3VRm6CeDB3WRqPnShZYfPgg', '2023-06-15 18:00:29.571700'),
('0lomesp0iur0vr9h6a97p7pvv1lsbnrx', '.eJxVi70KwjAQgN8ls5TcpTlyjoKP4ByuyYUUtYJtJvHdjdBB1-_nZaK0rca26jPO2RwNenP4hZOkqy5fIyk92rINOxnOd5lvl96c9uTvq7LWPtGkpIWZbUgcAChDKjlIQVVHXjOQG4msx2IDI6L1MHZYPATK1pn3B9XLM8Y:1q6Vzz:oUd85-tTqzUBfViDD94xg15Aupb2-5HTE6VfpLb8XpU', '2023-06-20 12:41:19.489659'),
('0mnaxypomkyihlrk6oeiadiscpvzh2wp', '.eJxVi0sKwjAQQO8yaylO_nEpeATXYTKTkKJWaJuVeHcrdKHb93lBor621Jcyp1HgBBjh8Asz8a1MX0PMzz6tw06Gy4PG-3Vrznvy9zVa2jZZIW8z-hKMZg7CupairBOvxCEGpWKkesRQ0ZB3JmbUujrMpMiJFXh_AOCeNKk:1q6qIk:YZeNSMPn7D_XB7ahXTf35nkrMhG7KllNbmRmoNXV-rU', '2023-06-21 10:22:02.151389'),
('0s3coga2go90qsodctehl9t3tz5mqjti', '.eJxVi70KwjAQgN8ls5S7tJc0joKP4BwulxwpagXbTOK7W6GDrt_Py0Rua41tKc84ZXM0aA6_LLFcy_wVLPJo89rtpDvfebpdtua0J39f5aVuU0H1MvpMmogdiSjo2IMNrEiKGUKgPPRWlaAAWl-gHxwwJnDEJOb9AcYbNGA:1q6U3y:tYivOjIMGp0o_3OFpZpqs7r2-lNxBmgJmpIvw3wIptE', '2023-06-20 10:37:18.334902'),
('0s6ez6cqmhfqqisdy20q53erfhdpbbha', '.eJxVi70OwiAQgN-F2TQHB1dxNPERnMlxQGjUmrRlMr5726SDrt_PRwVuSw1tzlMYkroo3avTL4wsjzzuhkXebVy6g3S3Fw_P-9Zcj-TvqzzXbcrIaBCiYW2ppAQOwHkDDILalrMHgB58iZGMsT5pDeIskSNCZBL1XQGunzMp:1q63GA:iauTU4uBIRWEJLYETktQQXYX_1S3XhihBPk67u6ziDA', '2023-06-19 06:00:06.516764'),
('0tavdyxzxdgnjwidzbpgl1f7swv3ee2z', '.eJxVi80KwjAMgN-lZxkr2drEo-AjeC5pk9ChTnDrSXx3J-yg1-_n5RK3taa26DNN4o5ucIdflrlcdf4KLuXR5rXbSXe-83S7bM1pT_6-ykvdJvQgvRgjBEHJijJYAFP1vrBRBAwDZQ5jVjIAQymgPSHGkTUSufcH2uU1NQ:1q6Eir:cWdOpKF2qGXSl-3C4OawAjHH7yPJY4gPSfQB_-cngUs', '2023-06-19 18:14:29.704116'),
('0xnv1e0py6069rxkdv11atvuhpzpf8en', '.eJxVi70KwjAQgN8ls5TcpTlyjoKP4ByuyYUUtYJtJvHdjdBB1-_nZaK0rca26jPO2RwNenP4hZOkqy5fIyk92rINOxnOd5lvl96c9uTvq7LWPtGkpIWZbUgcAChDKjlIQVVHXjOQG4msx2IDI6L1MHZYPATK1pn3B9XLM8Y:1q6Rwf:zqI3LwGzNxTyEI1Ockf9UVBOIXMcp-enLIosUnefqQw', '2023-06-20 08:21:37.584814'),
('11qghi8q8my9jcylcbf7kchcbsps35yy', '.eJxVi70OwiAQgN-F2TQHB1dxNPERnMlxQGjUmrRlMr5726SDrt_PRwVuSw1tzlMYkroo3avTL4wsjzzuhkXebVy6g3S3Fw_P-9Zcj-TvqzzXbcrIaBCiYW2ppAQOwHkDDILalrMHgB58iZGMsT5pDeIskSNCZBL1XQGunzMp:1q6VGl:BiqnNZv51uZqhcc0g0UnjIQdC6hSTeJZaXxBtYxZmjs', '2023-06-20 11:54:35.122831'),
('158ecngt2vn92dl54l84xf1alb0cajms', '.eJxVi0sKwjAQQO-StZTmMzFxKXgE12FmMiFFrdA2K_HuRuhCt-_zUgnbVlNbZUlTVifl1eGXEfJN5q9A5mebt2Enw-WB0_3am_Oe_H0V19onCESQvXUQrBESU9BkEMaAdmTWpEVG4xhQwNnoegzReDrqyEUXr94fzqI0-Q:1q4FZc:7i_kGI2MMr4bJ2Qe-JcpHv7isWD6oeXrFK1yGiRIiBg', '2023-06-14 06:44:44.980244'),
('16tfqcj4seyc08g4pv45mc9x52hlw481', '.eJxVi70KwjAQgN8ls5S7tJc0joKP4BwulxwpagXbTOK7W6GDrt_Py0Rua41tKc84ZXM0aA6_LLFcy_wVLPJo89rtpDvfebpdtua0J39f5aVuU0H1MvpMmogdiSjo2IMNrEiKGUKgPPRWlaAAWl-gHxwwJnDEJOb9AcYbNGA:1q6S7O:lldUDHgE3nhPD45e4YhPpvKbdM2SbOmTKCHk1oiSz4U', '2023-06-20 08:32:42.685892'),
('1c920fcw7fh69j5osmle0ifuicg54j1o', '.eJxVi8sKwjAQRf8laymTyROXgp_gOkwmU1LUCrZZSf-9EbrQ5T33nI9K1Naa2iLvNBV1VqjV6Rdm4rvM34eYX21eh4MM1ydNj1t3Lofy11Vaao8cZM-RnQgEQItZ-wLWgAlgsRgpMY-CPAIWAWb23msdYh9Rk0NW2w7LDDR-:1q3sua:rYSigpvAa6pgd-exQq_dDFz34tQVpcWkcZBZNm-bi2Q', '2023-06-13 06:32:52.408068'),
('1dga3xk5q5wcdcdpckkugiyyf02x9xdb', '.eJxVi70KwjAQgN8ls5S7tJc0joKP4BwulxwpagXbTOK7W6GDrt_Py0Rua41tKc84ZXM0aA6_LLFcy_wVLPJo89rtpDvfebpdtua0J39f5aVuU0H1MvpMmogdiSjo2IMNrEiKGUKgPPRWlaAAWl-gHxwwJnDEJOb9AcYbNGA:1q63qe:55usy5km2H8k8LJvLgWTTgcDntHhUGmol-FIFQIZmaI', '2023-06-19 06:37:48.884614'),
('1fewgs8zu4txripebysuv56tpxybvyx0', '.eJxVi80KwjAMgN-lZxkr2drEo-AjeC5pk9ChTnDrSXx3J-yg1-_n5RK3taa26DNN4o5ucIdflrlcdf4KLuXR5rXbSXe-83S7bM1pT_6-ykvdJvQgvRgjBEHJijJYAFP1vrBRBAwDZQ5jVjIAQymgPSHGkTUSufcH2uU1NQ:1q6oi0:Hpki7QP6vYRvbxAdPgfBQwbwyeB5P7aHLJbp-L-iAb8', '2023-06-21 08:40:00.810629'),
('1ovqhqa8k4fejvjan8fna7y3oxl7qiz8', '.eJxVi0sKwjAQQO-StZROJs3HpeARXIfpZEKKWsE2K-ndG6EL3b7PR0Wqa4l1kXeckjorrU6_bCS-y_wVxPyq89odpLs-aXrcWnM5kr-v0FLaBJqcNw6yMRRYCA0mzDha471GAQspOAkZ3UC-sT7zYG1GDQGZoFfbDpnwM48:1q6rjw:KN7xmMykEBtfx-6jCo6AmbudlL-yNZJzwU1H1wh1WkE', '2023-06-21 11:54:12.239926'),
('1rm98d9te63j198ptbr1902lp8rhvzot', '.eJxVi80KwjAMgN-lZxkr2drEo-AjeC5pk9ChTnDrSXx3J-yg1-_n5RK3taa26DNN4o5ucIdflrlcdf4KLuXR5rXbSXe-83S7bM1pT_6-ykvdJvQgvRgjBEHJijJYAFP1vrBRBAwDZQ5jVjIAQymgPSHGkTUSufcH2uU1NQ:1q6ngt:uknViWPKuhLso-HVfe4Y-qEUAFSMhGQVj-LR_OnOzeE', '2023-06-21 07:34:47.931252'),
('1v12feeeyg2jr3a374l0hi3ir1h4u403', '.eJxVi80KwjAMgN-lZxkr2drEo-AjeC5pk9ChTnDrSXx3J-yg1-_n5RK3taa26DNN4o5ucIdflrlcdf4KLuXR5rXbSXe-83S7bM1pT_6-ykvdJvQgvRgjBEHJijJYAFP1vrBRBAwDZQ5jVjIAQymgPSHGkTUSufcH2uU1NQ:1q6ErG:sIejviNfniLSjB5l8zVmLICQN22ZKdWTXVtsvy2QvSo', '2023-06-19 18:23:10.944978'),
('21yqj5ygsruw9yaydxzllz31t7xga3l1', '.eJxVi0sKwjAQQO-StZROJs3HpeARXIfpZEKKWsE2K-ndG6EL3b7PR0Wqa4l1kXeckjorrU6_bCS-y_wVxPyq89odpLs-aXrcWnM5kr-v0FLaBJqcNw6yMRRYCA0mzDha471GAQspOAkZ3UC-sT7zYG1GDQGZoFfbDpnwM48:1q6q8G:II2lBQ9Q84eJ4JqFh0JRwUKnp8l9-H0ESv8A4t0z_X4', '2023-06-21 10:11:12.312209'),
('26jb7t9ns7pbtdzypj30smhnd0jw839f', '.eJxVi80KwjAMgN-lZxkr2drEo-AjeC5pk9ChTnDrSXx3J-yg1-_n5RK3taa26DNN4o5ucIdflrlcdf4KLuXR5rXbSXe-83S7bM1pT_6-ykvdJvQgvRgjBEHJijJYAFP1vrBRBAwDZQ5jVjIAQymgPSHGkTUSufcH2uU1NQ:1q6qla:c-qhY-yT2aiEmGdy-T68EOEuKvM4h-7b_VpT3vFJVGM', '2023-06-21 10:51:50.997928'),
('26sekt1zui3xeno6wq5w9qdond67bq0q', '.eJxVi70OwiAQgN-F2TQHB1dxNPERnMlxQGjUmrRlMr5726SDrt_PRwVuSw1tzlMYkroo3avTL4wsjzzuhkXebVy6g3S3Fw_P-9Zcj-TvqzzXbcrIaBCiYW2ppAQOwHkDDILalrMHgB58iZGMsT5pDeIskSNCZBL1XQGunzMp:1q6V3i:-a3Ats7bOxpJShBE16IzEv0crhjwYRWhL1D8urIovco', '2023-06-20 11:41:06.163408'),
('27z06l1rn06bt8k7dn7jzb5z3i3164u0', '.eJxVi70KwjAQgN8ls5S7tJc0joKP4BwulxwpagXbTOK7W6GDrt_Py0Rua41tKc84ZXM0aA6_LLFcy_wVLPJo89rtpDvfebpdtua0J39f5aVuU0H1MvpMmogdiSjo2IMNrEiKGUKgPPRWlaAAWl-gHxwwJnDEJOb9AcYbNGA:1q3YyF:64wNvRxmj-FHtWsk2AXXCdERL21PKHafkWzWsR0Bkpo', '2023-06-12 09:15:19.380558'),
('2cd0q72vudcczb698szu5ucivcmi3yvz', '.eJxVi0sKwjAQQO-StZTmMzFxKXgE12FmMiFFrdA2K_HuRuhCt-_zUgnbVlNbZUlTVifl1eGXEfJN5q9A5mebt2Enw-WB0_3am_Oe_H0V19onCESQvXUQrBESU9BkEMaAdmTWpEVG4xhQwNnoegzReDrqyEUXr94fzqI0-Q:1q3Yqu:ipVNcC8Wh07rHhIbtMm_jTfS78EIaPPWorrUFR0homA', '2023-06-12 09:07:44.190729'),
('2cldy06gudmzedec8ozlnyqqvw21uqpu', '.eJxVi70OwiAQgN-F2TQHB1dxNPERnMlxQGjUmrRlMr5726SDrt_PRwVuSw1tzlMYkroo3avTL4wsjzzuhkXebVy6g3S3Fw_P-9Zcj-TvqzzXbcrIaBCiYW2ppAQOwHkDDILalrMHgB58iZGMsT5pDeIskSNCZBL1XQGunzMp:1q6PV2:pCgtrJb0UURlgmAQB7tP0WgKX5yY2ctNndhWqE-cfsA', '2023-06-20 05:44:56.841824'),
('2kzn553wnx9jlu3d3tw3c8q0k12dp3vj', '.eJxVi0sKwjAQQO-StZROJs3HpeARXIfpZEKKWsE2K-ndG6EL3b7PR0Wqa4l1kXeckjorrU6_bCS-y_wVxPyq89odpLs-aXrcWnM5kr-v0FLaBJqcNw6yMRRYCA0mzDha471GAQspOAkZ3UC-sT7zYG1GDQGZoFfbDpnwM48:1q6n4v:-CPab19U2gcKi7g_b3v6WWgl4DgpyMx0InUMjbuMsQA', '2023-06-21 06:55:33.255534'),
('2lor11h1oj6tznzqlfos1aoh1tm1q8zp', '.eJxVjDEOwjAMRe-SGVUusaOUEYkjdI4c21UqoEi0mRB3h0od2vX99_7HJa5LSXW2dxrVXVxwpz3LLHeb1oFFXnVamo00tyePj_7vXDfl0BWey_rmMWbtiEigJUBlr0DEEXLwkAc6IzFKDkPLJgGgsyiIaqpkoOC-P6JnNIg:1q6VXE:01ZwZnmOdgHWUpYJO-lx6te0ZKZsBsm5bLwcTvgeC90', '2023-06-20 12:11:36.283904'),
('2o6h5gybalzpzq21b0epaf89d3mc2mnz', '.eJxVi70KwjAQgN8ls5S7tJc0joKP4BwulxwpagXbTOK7W6GDrt_Py0Rua41tKc84ZXM0aA6_LLFcy_wVLPJo89rtpDvfebpdtua0J39f5aVuU0H1MvpMmogdiSjo2IMNrEiKGUKgPPRWlaAAWl-gHxwwJnDEJOb9AcYbNGA:1q6EcU:OEm87dOWWkEiudUm65OtcxuZoNs3fSK2ZvGmZ7SplWs', '2023-06-19 18:07:54.237087'),
('2obbakuds0wo49y73iv06nyq8drzynnb', '.eJxVi70KwjAQgN8ls5S7tJc0joKP4BwulxwpagXbTOK7W6GDrt_Py0Rua41tKc84ZXM0aA6_LLFcy_wVLPJo89rtpDvfebpdtua0J39f5aVuU0H1MvpMmogdiSjo2IMNrEiKGUKgPPRWlaAAWl-gHxwwJnDEJOb9AcYbNGA:1q64E1:vy0wrjAyCn3idHo3pEtqnGeNsxQbNUm0llbVKr7T5u0', '2023-06-19 07:01:57.081346'),
('2pjh26tv7g3b06vdz7tbzj2u6usi9n8j', '.eJxVi0sKwjAQQO-StZROJs3HpeARXIfpZEKKWsE2K-ndG6EL3b7PR0Wqa4l1kXeckjorrU6_bCS-y_wVxPyq89odpLs-aXrcWnM5kr-v0FLaBJqcNw6yMRRYCA0mzDha471GAQspOAkZ3UC-sT7zYG1GDQGZoFfbDpnwM48:1q4amh:fu_JDfg1CKB1KXui4PZA8J-4FbvWxfhMAivYCrkd33k', '2023-06-15 05:23:39.656371'),
('2pvuzu1wdh570orj9kji1tlkqac41a9f', '.eJxVi0sKwjAQQO-StZROJs3HpeARXIfpZEKKWsE2K-ndG6EL3b7PR0Wqa4l1kXeckjorrU6_bCS-y_wVxPyq89odpLs-aXrcWnM5kr-v0FLaBJqcNw6yMRRYCA0mzDha471GAQspOAkZ3UC-sT7zYG1GDQGZoFfbDpnwM48:1q6Sw8:UoYQ1nLClz9qfrUpSCYNw-1AczO8HkDCFRvdo2l_bZY', '2023-06-20 09:25:08.289095'),
('2vok1pjqa2q8cu921cfjnq9vo9gqtulx', '.eJxVi8sKwjAQRf8layl5Ncm4FPwE12EmmZCiVrDNSvrvjdCFri6ce85HRGxrjW3hd5yyOAvtxekXEqY7z98HU3q1eR0OMlyfOD1u3bkcyl9Xcak9IgbI6ElJW6wqiSzovnLUxFyCM1DyaACM4pxRe-28cSGAL4ZYBhbbDuoQNMY:1q6Swj:v4ltKPMLuVE75MylXdw2bGHPoKZ74Z3IkC7xgZV6fFs', '2023-06-20 09:25:45.440351'),
('34mkz1xamz207uvxij2c718siopqz3f8', '.eJxVi70KwjAQgN8ls5QzCZeco-AjdA6X3IUUtYJtJvHdrdBB1-_nZRL3taW-6DNNYk7Gojn8wszlqvPXcCmPPq_DTobLnafbuDXnPfn7Gi9tm5RiDJ4yQhXvINZjUCF0DJrReqoC4sCRuohVRTEHJLUFJFjR4s37A9W6NPc:1q6Rtj:N6RrozOhKDBX56evquCVzmF9FOiliczCUdNs-Re5Ikk', '2023-06-20 08:18:35.900681'),
('36184t56x7wl149fxgrlbjajihdj4obj', '.eJxVi70KwjAQgN8ls5S7tJc0joKP4BwulxwpagXbTOK7W6GDrt_Py0Rua41tKc84ZXM0aA6_LLFcy_wVLPJo89rtpDvfebpdtua0J39f5aVuU0H1MvpMmogdiSjo2IMNrEiKGUKgPPRWlaAAWl-gHxwwJnDEJOb9AcYbNGA:1q6Ovu:65QpkCHjseOfTtrQScqKzAZaTFiC-6biKxvOeiRNxr4', '2023-06-20 05:08:38.535618'),
('388gma96kcnhp35zk13k920ul7yswy5b', '.eJxVi70KwjAQgN8ls5S7tJc0joKP4BwulxwpagXbTOK7W6GDrt_Py0Rua41tKc84ZXM0aA6_LLFcy_wVLPJo89rtpDvfebpdtua0J39f5aVuU0H1MvpMmogdiSjo2IMNrEiKGUKgPPRWlaAAWl-gHxwwJnDEJOb9AcYbNGA:1q5j6g:4jYj7IwKTUZMng9lZlDVaeQTXv3ZdxjtxlMfykM0ceg', '2023-06-18 08:28:58.379453'),
('3e6ao9gxkpj56lm5w4iyx0ggxgxyj5qv', '.eJxVi70KwjAQgN8ls5S7tJc0joKP4BwulxwpagXbTOK7W6GDrt_Py0Rua41tKc84ZXM0aA6_LLFcy_wVLPJo89rtpDvfebpdtua0J39f5aVuU0H1MvpMmogdiSjo2IMNrEiKGUKgPPRWlaAAWl-gHxwwJnDEJOb9AcYbNGA:1q6U18:pjv_83EqgXi63iVSVYLTYHQLkhnlt2fTfHobme7z5I8', '2023-06-20 10:34:22.007839'),
('3gjzndjdi9kx9r8h26c0h5qs8clwxij9', '.eJxVi0sKwjAQQO-StZROJs3HpeARXIfpZEKKWsE2K-ndG6EL3b7PR0Wqa4l1kXeckjorrU6_bCS-y_wVxPyq89odpLs-aXrcWnM5kr-v0FLaBJqcNw6yMRRYCA0mzDha471GAQspOAkZ3UC-sT7zYG1GDQGZoFfbDpnwM48:1q4Kzi:-XA8nwIDrDeUsRYilhRVpjTuFWGoOboTQvNizxlhIV0', '2023-06-14 12:32:02.494867'),
('3i8ykqqtrvicq0gsblfvvurqrvjkh1n9', '.eJxVjDEOwjAMRe-SGVUusaOUEYkjdI4c21UqoEi0mRB3h0od2vX99_7HJa5LSXW2dxrVXVxwpz3LLHeb1oFFXnVamo00tyePj_7vXDfl0BWey_rmMWbtiEigJUBlr0DEEXLwkAc6IzFKDkPLJgGgsyiIaqpkoOC-P6JnNIg:1q4eQJ:-DKKvJJ-HSvonk8CSoSnskRMylw5RT4jUKKclFeMOLI', '2023-06-15 09:16:47.296748'),
('3jnf145welmpeougdm6qyd2lhc8ehj3e', '.eJxVjDEOwjAMRe-SGVUusaOUEYkjdI4c21UqoEi0mRB3h0od2vX99_7HJa5LSXW2dxrVXVxwpz3LLHeb1oFFXnVamo00tyePj_7vXDfl0BWey_rmMWbtiEigJUBlr0DEEXLwkAc6IzFKDkPLJgGgsyiIaqpkoOC-P6JnNIg:1q4bBi:0t_nzweBWalxa8WStUDHSzGg-_ruziVzVeC9yGkxq2Q', '2023-06-15 05:49:30.160579'),
('3kr7h9c202gh4cg4py5na26tgxwey1ju', '.eJxVi70KwjAQgN8ls5S7tJc0joKP4BwulxwpagXbTOK7W6GDrt_Py0Rua41tKc84ZXM0aA6_LLFcy_wVLPJo89rtpDvfebpdtua0J39f5aVuU0H1MvpMmogdiSjo2IMNrEiKGUKgPPRWlaAAWl-gHxwwJnDEJOb9AcYbNGA:1q6P2E:_G1jQW3RmFVCOdXMqtxPHSsXmv1VCvSUW25L9TqeWw8', '2023-06-20 05:15:10.574097'),
('3lz4cd0aic0jgehcg4ru0vcakwxqxefl', '.eJxVi70OwiAQgN-F2TQHB1dxNPERnMlxQGjUmrRlMr5726SDrt_PRwVuSw1tzlMYkroo3avTL4wsjzzuhkXebVy6g3S3Fw_P-9Zcj-TvqzzXbcrIaBCiYW2ppAQOwHkDDILalrMHgB58iZGMsT5pDeIskSNCZBL1XQGunzMp:1q6SWf:iiHZgCzryt9Cj-Bmg4HV_cf6DwVDPhcwz6SGZfc8UIw', '2023-06-20 08:58:49.939631'),
('3qp9qkmz7q20ye2efa9u31cx0wryhsl6', '.eJxVi0sKwjAQQO-StZROJs3HpeARXIfpZEKKWsE2K-ndG6EL3b7PR0Wqa4l1kXeckjorrU6_bCS-y_wVxPyq89odpLs-aXrcWnM5kr-v0FLaBJqcNw6yMRRYCA0mzDha471GAQspOAkZ3UC-sT7zYG1GDQGZoFfbDpnwM48:1q6Efh:iCxZZFYsQ8bXx1mWIZ5pHe83cG_0YUfOUz8SZ9Lx6Ys', '2023-06-19 18:11:13.846119'),
('3yied3kfkmdud3jw36hgyo3ts5fbeuxq', '.eJxVi0sKwjAQQO-StZROJs3HpeARXIfpZEKKWsE2K-ndG6EL3b7PR0Wqa4l1kXeckjorrU6_bCS-y_wVxPyq89odpLs-aXrcWnM5kr-v0FLaBJqcNw6yMRRYCA0mzDha471GAQspOAkZ3UC-sT7zYG1GDQGZoFfbDpnwM48:1q6Vcp:lE-EaoqO9ONcv90cGx0mOKmgNruCqvYwL65FC9ilG7Q', '2023-06-20 12:17:23.502866'),
('41zdx75uxk7dobcn7qpflpy3vahbyh9i', '.eJxVi70OwiAQgN-F2TQIRwFHkz5CZ3LcHaFRa9KWyfju1qSDrt_PSyVsW01tlSVNrC4K1OmXZaSbzF-BRM82b91BuuGB033cm-uR_H0V17pPAb0VKDoKkslitGX2juUsnkRn6RFMz8zgMMSigy0ZXPG5CBBE0er9AeVgNcg:1q3YkM:OtvcTHORFNI1Lnm5VBw9nLruHHZ2tp5EIDAnsiKf-aI', '2023-06-12 09:00:58.655766'),
('4419sewlohapofixxqy92jvokyyogtim', '.eJxVi0sKwjAQQO-StZROJs3HpeARXIfpZEKKWsE2K-ndG6EL3b7PR0Wqa4l1kXeckjorrU6_bCS-y_wVxPyq89odpLs-aXrcWnM5kr-v0FLaBJqcNw6yMRRYCA0mzDha471GAQspOAkZ3UC-sT7zYG1GDQGZoFfbDpnwM48:1q62js:1gCkTPfaSSBo6NZLJQm1cqfirvv4h5_8g_NDsC02mB8', '2023-06-19 05:26:44.325299'),
('46xlqljzjpukffmnl11qiymqsseramg2', '.eJxVi0sKwjAQQO-StZTJ5Ne4FDyC6zBJJqSoFWyzkt69EbrQ7ft8RKC21tAWfocpi7Ow4vTLIqU7z19BKb3avA4HGa5Pmh633lyO5O-rtNQ-oQF2jBZVjIpVlk46spE9FAaTNPikHCjKCKNGD6PRujjZ85I9ei22HZ5GM3k:1q4Ffq:9HsRLB1kOGT2cCNkJfMeSGOvm1EIcBCqVUCUz13QWQk', '2023-06-14 06:51:10.014949'),
('47i2tgesjp7ae75for3rk625p4i1qwel', '.eJxVi0sKwjAQQO-StZROJs3HpeARXIfpZEKKWsE2K-ndG6EL3b7PR0Wqa4l1kXeckjorrU6_bCS-y_wVxPyq89odpLs-aXrcWnM5kr-v0FLaBJqcNw6yMRRYCA0mzDha471GAQspOAkZ3UC-sT7zYG1GDQGZoFfbDpnwM48:1q6qAF:b5tQxcnbRsFPJ7hQGItGlIdTK9Rd6-cvy4ub0n7vv3g', '2023-06-21 10:13:15.798006'),
('4a9gzkmj8mjpsqlpivr28kwncnty5g4i', '.eJxVjDEOwjAMRe-SGVUusaOUEYkjdI4c21UqoEi0mRB3h0od2vX99_7HJa5LSXW2dxrVXVxwpz3LLHeb1oFFXnVamo00tyePj_7vXDfl0BWey_rmMWbtiEigJUBlr0DEEXLwkAc6IzFKDkPLJgGgsyiIaqpkoOC-P6JnNIg:1q4aK9:NdcZug1toNu3k-ThWRSqzTzzvKZFP-xBVbSBw02ut_w', '2023-06-15 04:54:09.622503'),
('4brcs104pmic56rt1mfpiw96muyajvwy', '.eJxVizsOwjAMQO_iGVX54KRhROIIzJHtuEoFFKltJsTdKVIHWN_nBZnaWnNbdM5jgRM4hMMvZJKbTl9DIs82rd1OusuDxvt1a8578vdVWuo2qZcQg43RMIbh6JP4gSkI9UWQvVpFjD2rDc4ZKTYaI2ITO-akRhHeH9-aNPg:1q6Ruc:O7s12jHxJZ0A7zsBTJRa_xkm2XmdEjAy3bOiFbru0x0', '2023-06-20 08:19:30.604285'),
('4epi26wlry0g8ostvtvv891o2s5xl122', '.eJxVi0sKwjAQQO8yaylO_nEpeATXYTKTkKJWaJuVeHcrdKHb93lBor621Jcyp1HgBBjh8Asz8a1MX0PMzz6tw06Gy4PG-3Vrznvy9zVa2jZZIW8z-hKMZg7CupairBOvxCEGpWKkesRQ0ZB3JmbUujrMpMiJFXh_AOCeNKk:1q6ojg:yoz0-uL4su7XbTEjqTEh4c4CQOMVCCKisbSq8ToVGso', '2023-06-21 08:41:44.781357'),
('4ezs0p5rr6g6l25541sff495lt72pln6', '.eJxVi70KwjAQgN8ls5S7tJc0joKP4BwulxwpagXbTOK7W6GDrt_Py0Rua41tKc84ZXM0aA6_LLFcy_wVLPJo89rtpDvfebpdtua0J39f5aVuU0H1MvpMmogdiSjo2IMNrEiKGUKgPPRWlaAAWl-gHxwwJnDEJOb9AcYbNGA:1q3YfG:Df4K7slQNhsHv-umxUPT7fzbY6u77xyO9zdWheQVmTY', '2023-06-12 08:55:42.401986'),
('4fehtwoixz9pzjt6rm7qg7p5pi84nhi7', '.eJxVi80KwjAMgN-lZxkr2drEo-AjeC5pk9ChTnDrSXx3J-yg1-_n5RK3taa26DNN4o5ucIdflrlcdf4KLuXR5rXbSXe-83S7bM1pT_6-ykvdJvQgvRgjBEHJijJYAFP1vrBRBAwDZQ5jVjIAQymgPSHGkTUSufcH2uU1NQ:1q6nbn:RpJcgssNKZTq_MTx_yUoUu-Bztp-26kLjLafFU5VMRI', '2023-06-21 07:29:31.392812'),
('4qpigiempfshwowunngylaxmulux1a4t', '.eJxVi0sKwjAQQO8yaylO_nEpeATXYTKTkKJWaJuVeHcrdKHb93lBor621Jcyp1HgBBjh8Asz8a1MX0PMzz6tw06Gy4PG-3Vrznvy9zVa2jZZIW8z-hKMZg7CupairBOvxCEGpWKkesRQ0ZB3JmbUujrMpMiJFXh_AOCeNKk:1q6pD0:jFG5M4YrzfpwErDH_tqj47mt5w1TDrfUb1fthO06BmE', '2023-06-21 09:12:02.146744'),
('4r3u5zs9znqo8bnfrti5whbdyxo41bh6', '.eJxVjDEOwjAMRe-SGVUusaOUEYkjdI4c21UqoEi0mRB3h0od2vX99_7HJa5LSXW2dxrVXVxwpz3LLHeb1oFFXnVamo00tyePj_7vXDfl0BWey_rmMWbtiEigJUBlr0DEEXLwkAc6IzFKDkPLJgGgsyiIaqpkoOC-P6JnNIg:1q6rnh:ENX1-iUFpaNmwxxYZyf93UzhNuN211RGpGEtH7MpB8w', '2023-06-21 11:58:05.634404'),
('4spygz3gc2fhw2mvg8g5lbu9eizxz8q9', '.eJxVi0sKwjAQQO-StZROJs3HpeARXIfpZEKKWsE2K-ndG6EL3b7PR0Wqa4l1kXeckjorrU6_bCS-y_wVxPyq89odpLs-aXrcWnM5kr-v0FLaBJqcNw6yMRRYCA0mzDha471GAQspOAkZ3UC-sT7zYG1GDQGZoFfbDpnwM48:1q6rm7:HHkK6wukjWYFa2LwEuJTk4aCXpu71qNDYBkQelC4Uys', '2023-06-21 11:56:27.780437'),
('4vak9o3npo9peboj2i6iotxsebdnxv0n', '.eJxVi0sKwjAQQO-StZROJs3HpeARXIfpZEKKWsE2K-ndG6EL3b7PR0Wqa4l1kXeckjorrU6_bCS-y_wVxPyq89odpLs-aXrcWnM5kr-v0FLaBJqcNw6yMRRYCA0mzDha471GAQspOAkZ3UC-sT7zYG1GDQGZoFfbDpnwM48:1q6Txr:f-_rjSJIFp45qPMgD4uKWtc1bt9v2D6PwXvmEm3hkKw', '2023-06-20 10:30:59.275743'),
('4xsxoev3wpetusvumio92b8mksel1bom', '.eJxVi0sKwjAQQO-StZROJs3HpeARXIfpZEKKWsE2K-ndG6EL3b7PR0Wqa4l1kXeckjorrU6_bCS-y_wVxPyq89odpLs-aXrcWnM5kr-v0FLaBJqcNw6yMRRYCA0mzDha471GAQspOAkZ3UC-sT7zYG1GDQGZoFfbDpnwM48:1q6pn9:23_WyqIDNxJlh4EC5SwmEv1zxIemdVt0v19TBK3nE6A', '2023-06-21 09:49:23.380427'),
('4ybt58n7vz21h4jj5mx02wy1xwqgia9k', '.eJxVi70KwjAQgN8ls5S7tJc0joKP4BwulxwpagXbTOK7W6GDrt_Py0Rua41tKc84ZXM0aA6_LLFcy_wVLPJo89rtpDvfebpdtua0J39f5aVuU0H1MvpMmogdiSjo2IMNrEiKGUKgPPRWlaAAWl-gHxwwJnDEJOb9AcYbNGA:1q6QSt:CcCFQjv2PnSllwPqthDzqRiGgewfGgwUXYA0YFVmMS8', '2023-06-20 06:46:47.129594'),
('4yrgt2katq9ykmljlbu1s17ri2v3ymgj', '.eJxVi0sKwjAQQO8yaylO_nEpeATXYTKTkKJWaJuVeHcrdKHb93lBor621Jcyp1HgBBjh8Asz8a1MX0PMzz6tw06Gy4PG-3Vrznvy9zVa2jZZIW8z-hKMZg7CupairBOvxCEGpWKkesRQ0ZB3JmbUujrMpMiJFXh_AOCeNKk:1q6nf4:TY8bBxu4Q38Bpd2KtY5O2wBvtwZoN7bH_NxvT6x5l1A', '2023-06-21 07:32:54.969697'),
('4z5u92nfw4v4tsm0vet1n3zax1pen43e', '.eJxVi0sKwjAQQO-StZROJs3HpeARXIfpZEKKWsE2K-ndG6EL3b7PR0Wqa4l1kXeckjorrU6_bCS-y_wVxPyq89odpLs-aXrcWnM5kr-v0FLaBJqcNw6yMRRYCA0mzDha471GAQspOAkZ3UC-sT7zYG1GDQGZoFfbDpnwM48:1q4xJ0:Ut6e0kJzoIlSZz22geoaqhH85HPXG_Jt5OI7yLxtQV8', '2023-06-16 05:26:30.320739'),
('51fotwgjzk73lop0zjsmvdbw8qzdyelh', '.eJxVi70KwjAQgN8ls5S7tJc0joKP4BwulxwpagXbTOK7W6GDrt_Py0Rua41tKc84ZXM0aA6_LLFcy_wVLPJo89rtpDvfebpdtua0J39f5aVuU0H1MvpMmogdiSjo2IMNrEiKGUKgPPRWlaAAWl-gHxwwJnDEJOb9AcYbNGA:1q6T2I:xvNJBr-erU2kZNoWsNgBx3RcTI2QelBjoKDKGba4tes', '2023-06-20 09:31:30.770294'),
('55h35x7eqm48jn45hag6aojqftirfxbu', '.eJxVi70KwjAQgN8ls5S7tJc0joKP4BwulxwpagXbTOK7W6GDrt_Py0Rua41tKc84ZXM0aA6_LLFcy_wVLPJo89rtpDvfebpdtua0J39f5aVuU0H1MvpMmogdiSjo2IMNrEiKGUKgPPRWlaAAWl-gHxwwJnDEJOb9AcYbNGA:1q3e0Q:_jC7y4Hy4TIzaWIl5AXfLRF6Yd72ni1MmQJJSlCCs0o', '2023-06-12 14:37:54.526834'),
('59hm9vuadfgzv64eb5l0yc90cw4cahss', '.eJxViz0OwjAMRu_iGVUmTkrMiMQRmCPXcZUKKBJtJsTdCVIH2L6f916QpK4l1cWeacpwBA-7320Qvdr8PUT1Uee125bufJfpdmnMaUP-vCJLaZJjUmEOXvYaW3CBI7G2rnlkjJSDY2_BsmCPB2QyswHJ9y7qiAjvD6KaM_M:1q4mQR:NVzorm1rJ_6XE7TIvcTD_QrvTN1_VhZf6Oz3dOeQf-s', '2023-06-15 17:49:27.552415'),
('59puerq8zs1qj0a4x9yjvtzhosaa2urq', '.eJxVizkOwjAUBe_iGkV2vHybEokjUFt_ceQICFISV4i7E1AKeOW8mafK2Naa21LmPIo6KgPq8AsJ-Vqmz4PMjzat3U668x3H22VzTrvy11Vc6jfSUQq6KOSSLUmEgo9QLAlg6K0hBOLeuuC3JcCBB5fYExqwRmv1egP9VTUE:1q3ZE4:CT2wIsG84hSdA5stUnXhxjW1a00WHxT4ClA-qRvAxOI', '2023-06-12 09:31:40.706732'),
('5adieblj1f0jnp8wjcjb2e4miw10l3o8', '.eJxVi0sKwjAQQO-StZROJs3HpeARXIfpZEKKWsE2K-ndG6EL3b7PR0Wqa4l1kXeckjorrU6_bCS-y_wVxPyq89odpLs-aXrcWnM5kr-v0FLaBJqcNw6yMRRYCA0mzDha471GAQspOAkZ3UC-sT7zYG1GDQGZoFfbDpnwM48:1q6cYd:dF3M8fs4LewMaYg7VBcOGKofHYEQzHHOn1sQR8c9LxM', '2023-06-20 19:41:31.563727'),
('5b7jlv646ldqlr6ql00qe7q74u4fkuug', '.eJxVi0sKwjAQQO-StZROJs3HpeARXIfpZEKKWsE2K-ndG6EL3b7PR0Wqa4l1kXeckjorrU6_bCS-y_wVxPyq89odpLs-aXrcWnM5kr-v0FLaBJqcNw6yMRRYCA0mzDha471GAQspOAkZ3UC-sT7zYG1GDQGZoFfbDpnwM48:1q6q8Z:FNruBObbHUsNLEbiHAKGdMrlHvyZ4cFUJAVGvthVo9U', '2023-06-21 10:11:31.479074'),
('5dvlg5omlgdf04oz7irwylpqb5hmirkf', '.eJxVjDEOwjAMRe-SGVUusaOUEYkjdI4c21UqoEi0mRB3h0od2vX99_7HJa5LSXW2dxrVXVxwpz3LLHeb1oFFXnVamo00tyePj_7vXDfl0BWey_rmMWbtiEigJUBlr0DEEXLwkAc6IzFKDkPLJgGgsyiIaqpkoOC-P6JnNIg:1q6VxY:LzqoamMPs88_hqqTfXdgZ7uTUs2n5BMivSdPjXvfPAo', '2023-06-20 12:38:48.023404'),
('5h9jbf7wdqr0nk3tkg4lu7if46cd9bci', '.eJxVi70KwjAQgN8ls5S7tJc0joKP4BwulxwpagXbTOK7W6GDrt_Py0Rua41tKc84ZXM0aA6_LLFcy_wVLPJo89rtpDvfebpdtua0J39f5aVuU0H1MvpMmogdiSjo2IMNrEiKGUKgPPRWlaAAWl-gHxwwJnDEJOb9AcYbNGA:1q6VGa:EWYZMpRuAL4Iy5-1mzTaHWa2KviJayxxqU4ISfQTV9Q', '2023-06-20 11:54:24.201868'),
('5lka55oecbax2bdxlt8qv5fs8dwxl7o4', '.eJxVi0sKwjAQQO-StZROJs3HpeARXIfpZEKKWsE2K-ndG6EL3b7PR0Wqa4l1kXeckjorrU6_bCS-y_wVxPyq89odpLs-aXrcWnM5kr-v0FLaBJqcNw6yMRRYCA0mzDha471GAQspOAkZ3UC-sT7zYG1GDQGZoFfbDpnwM48:1q6qdb:-gq7mhOJg8xPO50IoiedV1I5n7YlzA5feLRQ_VAZfMY', '2023-06-21 10:43:35.431515'),
('5m31iv05e14szc8nu9n4unsk2a1l36mj', '.eJxVi70KwjAQgN8ls5S7tJc0joKP4BwulxwpagXbTOK7W6GDrt_Py0Rua41tKc84ZXM0aA6_LLFcy_wVLPJo89rtpDvfebpdtua0J39f5aVuU0H1MvpMmogdiSjo2IMNrEiKGUKgPPRWlaAAWl-gHxwwJnDEJOb9AcYbNGA:1q6S0n:saCSL3Nl7MFfaJ06VJFVNgXIfoqQUnkQTlJORJEMKdc', '2023-06-20 08:25:53.869897'),
('5miotbo8m0h1de63crjjryih53tapqgo', '.eJxVi0sKwjAQQO-StZROJs3HpeARXIfpZEKKWsE2K-ndG6EL3b7PR0Wqa4l1kXeckjorrU6_bCS-y_wVxPyq89odpLs-aXrcWnM5kr-v0FLaBJqcNw6yMRRYCA0mzDha471GAQspOAkZ3UC-sT7zYG1GDQGZoFfbDpnwM48:1q6otZ:WLi3T-tf2GoG6XJnjxr4AooX2xBqZqJvyaKqrxei2kg', '2023-06-21 08:51:57.453078'),
('5t38ur5mb0zs2qfmeceupp7s9vv67sol', '.eJxVi70KwjAQgN8ls5S7tJc0joKP4BwulxwpagXbTOK7W6GDrt_Py0Rua41tKc84ZXM0aA6_LLFcy_wVLPJo89rtpDvfebpdtua0J39f5aVuU0H1MvpMmogdiSjo2IMNrEiKGUKgPPRWlaAAWl-gHxwwJnDEJOb9AcYbNGA:1q4Eaz:UT4hxi0zI2ayanAN2sWOi33p82b3VolHdfLgPjVysKM', '2023-06-14 05:42:05.294780'),
('5w2zpg3n706q0qhq47kvtjw1d7auukaj', '.eJxVjDEOwjAMRe-SGVUusaOUEYkjdI4c21UqoEi0mRB3h0od2vX99_7HJa5LSXW2dxrVXVxwpz3LLHeb1oFFXnVamo00tyePj_7vXDfl0BWey_rmMWbtiEigJUBlr0DEEXLwkAc6IzFKDkPLJgGgsyiIaqpkoOC-P6JnNIg:1q6qa9:tKGoNsUjLYM8Um1yxaILYCG5vt3Cn9sFGQUM0zh8kz8', '2023-06-21 10:40:01.487921'),
('5xet3p8ackctfq95zgmbgiy81s2vct2g', '.eJxVi70KwjAQgN8ls5T0cklzjoKP4BzuLikpagXbTOK7W6GDrt_PyyRua01tKc80ZXM04MzhFwrrtcxfw6qPNq_dTrrznafbZWtOe_L3VV7qNqFG8YNID-h5YIwWlUckAIo2aFYmzp6KdxqiuABIGUnG4PoYBax5fwDUmzRN:1q6QZ3:wUyuolQmuyCs0hnfRp5sz2oDmcA-k9B2tB_nbOYhUE0', '2023-06-20 06:53:09.261063'),
('611l8jyhikvbcqcn53dn5x8y50l4g1hf', '.eJxVi70KwjAQgN8ls5S7tJc0joKP4BwulxwpagXbTOK7W6GDrt_Py0Rua41tKc84ZXM0aA6_LLFcy_wVLPJo89rtpDvfebpdtua0J39f5aVuU0H1MvpMmogdiSjo2IMNrEiKGUKgPPRWlaAAWl-gHxwwJnDEJOb9AcYbNGA:1q6cWo:5IsFhnmGH9noZj9hA84Msnh9RbPfSVXZcezFl7zbc-0', '2023-06-20 19:39:38.378422'),
('64hn8bohpkfadtt3gd8u1l6x545plwyn', '.eJxVi0sKwjAQQO-StZROJs3HpeARXIfpZEKKWsE2K-ndG6EL3b7PR0Wqa4l1kXeckjorrU6_bCS-y_wVxPyq89odpLs-aXrcWnM5kr-v0FLaBJqcNw6yMRRYCA0mzDha471GAQspOAkZ3UC-sT7zYG1GDQGZoFfbDpnwM48:1q6n72:VlIUvRD4UmMv0EicqPAzcuvup0YAMnj4xR0yhqIHrJE', '2023-06-21 06:57:44.568432'),
('65hj248gqe6ag0nzkj6hfm0ubn121485', '.eJxVi80KwjAMgN-lZxkr2drEo-AjeC5pk9ChTnDrSXx3J-yg1-_n5RK3taa26DNN4o5ucIdflrlcdf4KLuXR5rXbSXe-83S7bM1pT_6-ykvdJvQgvRgjBEHJijJYAFP1vrBRBAwDZQ5jVjIAQymgPSHGkTUSufcH2uU1NQ:1q6qMB:1fo9KnKG78LEyovox_uFmSL_0FEyCocDdGC6Jr0vHoU', '2023-06-21 10:25:35.855450'),
('6614we4c7sgtbak9zmh6wi74b8wpwpz2', '.eJxVi0sKwjAQQO-StZROJs3HpeARXIfpZEKKWsE2K-ndG6EL3b7PR0Wqa4l1kXeckjorrU6_bCS-y_wVxPyq89odpLs-aXrcWnM5kr-v0FLaBJqcNw6yMRRYCA0mzDha471GAQspOAkZ3UC-sT7zYG1GDQGZoFfbDpnwM48:1q3ZIz:AI5JJIHaemtFeQrg6pJmVQSd_LetAOEClaN1_Gunz_Q', '2023-06-12 09:36:45.862076'),
('69imohiazssbeluel8wq68jdfwglok6c', '.eJxVi70KwjAQgN8ls5S7tJc0joKP4BwulxwpagXbTOK7W6GDrt_Py0Rua41tKc84ZXM0aA6_LLFcy_wVLPJo89rtpDvfebpdtua0J39f5aVuU0H1MvpMmogdiSjo2IMNrEiKGUKgPPRWlaAAWl-gHxwwJnDEJOb9AcYbNGA:1q62Ho:FrapM398X4LoF2w8SaFOMRLUI7kHX6-8cDV_BGNZ53M', '2023-06-19 04:57:44.836372'),
('6f8wz4zv1yq4pplkdfl87nvh7otqohfd', '.eJxVi70OwiAQgN-F2TQHB1dxNPERnMlxQGjUmrRlMr5726SDrt_PRwVuSw1tzlMYkroo3avTL4wsjzzuhkXebVy6g3S3Fw_P-9Zcj-TvqzzXbcrIaBCiYW2ppAQOwHkDDILalrMHgB58iZGMsT5pDeIskSNCZBL1XQGunzMp:1q6OuU:auINBBtRzbU3LZ9f_XTLEvBVdrEZlxD-LvVeTzD3kMw', '2023-06-20 05:07:10.912657'),
('6fjba5l68t5ggztjmdoajgf6co0qoh9w', '.eJxVi8sKwjAQRf8layl5Ncm4FPwE12EmmZCiVrDNSvrvjdCFri6ce85HRGxrjW3hd5yyOAvtxekXEqY7z98HU3q1eR0OMlyfOD1u3bkcyl9Xcak9IgbI6ElJW6wqiSzovnLUxFyCM1DyaACM4pxRe-28cSGAL4ZYBhbbDuoQNMY:1q6TUh:9ay6Lw3bDOWBd1vcHIqyMyNhm9wLSCBhuS17Un5PHSI', '2023-06-20 10:00:51.102443'),
('6i6l5lzndxblbrakbyh2msv2nfytk9th', '.eJxVi80KwjAMgN-lZxkr2drEo-AjeC5pk9ChTnDrSXx3J-yg1-_n5RK3taa26DNN4o5ucIdflrlcdf4KLuXR5rXbSXe-83S7bM1pT_6-ykvdJvQgvRgjBEHJijJYAFP1vrBRBAwDZQ5jVjIAQymgPSHGkTUSufcH2uU1NQ:1q6qKE:lqJbsNd7t7NIuBAx3Vp68S1OBDgt0nOcrr4-DnuIjes', '2023-06-21 10:23:34.634571'),
('6jodqndb901pxboetj016whz7kopqzhf', '.eJxVjDEOwjAMRe-SGVUusaOUEYkjdI4c21UqoEi0mRB3h0od2vX99_7HJa5LSXW2dxrVXVxwpz3LLHeb1oFFXnVamo00tyePj_7vXDfl0BWey_rmMWbtiEigJUBlr0DEEXLwkAc6IzFKDkPLJgGgsyiIaqpkoOC-P6JnNIg:1q6QQd:33Rt5Er_CvryAKzCaaHbrE0BDtyf4Osy8FNS_uUtM5I', '2023-06-20 06:44:27.787368'),
('6lcnlltuoiak3mwnbsmazlvjdtu04xjp', '.eJxVi0sKwjAQQO8yaylO_nEpeATXYTKTkKJWaJuVeHcrdKHb93lBor621Jcyp1HgBBjh8Asz8a1MX0PMzz6tw06Gy4PG-3Vrznvy9zVa2jZZIW8z-hKMZg7CupairBOvxCEGpWKkesRQ0ZB3JmbUujrMpMiJFXh_AOCeNKk:1q6okE:jEaO9Wd7hU72kNsg8Be_h-DypFdy40PrGi7zWmwSif0', '2023-06-21 08:42:18.388843'),
('6slnynvwr7y05slfgjf47r1878iqdcso', '.eJxVi0sKwjAQQO-StZROJs3HpeARXIfpZEKKWsE2K-ndG6EL3b7PR0Wqa4l1kXeckjorrU6_bCS-y_wVxPyq89odpLs-aXrcWnM5kr-v0FLaBJqcNw6yMRRYCA0mzDha471GAQspOAkZ3UC-sT7zYG1GDQGZoFfbDpnwM48:1q3vZx:sPTTU48RRjmp6LJL_rEr0Rt4mvkKRTJJE9GLS_2fvzg', '2023-06-13 09:23:45.811014'),
('6xtowj539fb566n92chvrmeii4eiaknp', '.eJxVi0sKwjAQQO-StZROJs3HpeARXIfpZEKKWsE2K-ndG6EL3b7PR0Wqa4l1kXeckjorrU6_bCS-y_wVxPyq89odpLs-aXrcWnM5kr-v0FLaBJqcNw6yMRRYCA0mzDha471GAQspOAkZ3UC-sT7zYG1GDQGZoFfbDpnwM48:1q6pGZ:g3LCzeWeXhyIMaxuIs4Ist-acdbjMpGNoNbwglltFn4', '2023-06-21 09:15:43.270317'),
('6z1qkv2g6dthn7sr0p9nr4uqe3wz7oxd', '.eJxVi80KwjAMgN-lZxkr2drEo-AjeC5pk9ChTnDrSXx3J-yg1-_n5RK3taa26DNN4o5ucIdflrlcdf4KLuXR5rXbSXe-83S7bM1pT_6-ykvdJvQgvRgjBEHJijJYAFP1vrBRBAwDZQ5jVjIAQymgPSHGkTUSufcH2uU1NQ:1q6qbo:paOC9ZRjxJS2rbPrijdQylSsrzIuHtdPsb_aSq4CM0Q', '2023-06-21 10:41:44.432170'),
('726e0q1konorxf6h299hf7fqkaoxt7wi', '.eJxVi70KwjAQgN8ls5S7tJc0joKP4BwulxwpagXbTOK7W6GDrt_Py0Rua41tKc84ZXM0aA6_LLFcy_wVLPJo89rtpDvfebpdtua0J39f5aVuU0H1MvpMmogdiSjo2IMNrEiKGUKgPPRWlaAAWl-gHxwwJnDEJOb9AcYbNGA:1q6SP7:ey-d9d9ZmWcB3zraaPp8svco6-jHcIqgkyiWBk9tc10', '2023-06-20 08:51:01.206083'),
('76hr1d3gdklh5g5d45rqgcfe9t020yj4', '.eJxVjDsOwjAQBe_iGkW2d-MPJRJHoLZ2vbYcAUEicYW4O0RKAe28mfdSifraUl_KM02ijsoEdfiFTPla5m2hnB99XoedDOc7TbfL1zntyl_XaGnbna-ZmFCMzjFADVZG9mDRIHNk6zmCi9o41BhtYBmhsrADdMUEEPX-ANbgNEM:1q3e3n:ZDx00ITi98YNf-4mDVl4fZ8RWNGMJy8XJnqwxknB0kA', '2023-06-12 14:41:23.908983'),
('7dkoqchvajayem31d1ijtla7p58ff5uw', '.eJxVi0sKwjAQQO-StZROJs3HpeARXIfpZEKKWsE2K-ndG6EL3b7PR0Wqa4l1kXeckjorrU6_bCS-y_wVxPyq89odpLs-aXrcWnM5kr-v0FLaBJqcNw6yMRRYCA0mzDha471GAQspOAkZ3UC-sT7zYG1GDQGZoFfbDpnwM48:1q6cbf:0AIzR6CEb5NFSiLPyrhTNoG36lf116ZAQI-3AAaF1MQ', '2023-06-20 19:44:39.189631'),
('7in1a3z9chuzf6lc1vigtrwfzes1e0ce', '.eJxVi0sKwjAQQO-StZROJs3HpeARXIfpZEKKWsE2K-ndG6EL3b7PR0Wqa4l1kXeckjorrU6_bCS-y_wVxPyq89odpLs-aXrcWnM5kr-v0FLaBJqcNw6yMRRYCA0mzDha471GAQspOAkZ3UC-sT7zYG1GDQGZoFfbDpnwM48:1q6osH:BRqJiMAZLMSUFn6cTNqMPi2KxUoUh_feNeVh2WvJAzs', '2023-06-21 08:50:37.270196'),
('7n4j8fg1y7m48ceimi81p20bkwk99sy1', '.eJxVi0sKwjAQQO-StZROJs3HpeARXIfpZEKKWsE2K-ndG6EL3b7PR0Wqa4l1kXeckjorrU6_bCS-y_wVxPyq89odpLs-aXrcWnM5kr-v0FLaBJqcNw6yMRRYCA0mzDha471GAQspOAkZ3UC-sT7zYG1GDQGZoFfbDpnwM48:1q5kB6:87DElBWt5L7rcX0ohuYGPNa5QNxl-muA748Z-FOENQw', '2023-06-18 09:37:36.846950'),
('7r93poen034u4s6bhskxi7628hldsx0e', '.eJxVi0sKwjAQQO-StZROJs3HpeARXIfpZEKKWsE2K-ndG6EL3b7PR0Wqa4l1kXeckjorrU6_bCS-y_wVxPyq89odpLs-aXrcWnM5kr-v0FLaBJqcNw6yMRRYCA0mzDha471GAQspOAkZ3UC-sT7zYG1GDQGZoFfbDpnwM48:1q4xBL:GZb-rhVYiobc-ifj2WRxjpmfLIhapozbeXaLlHJrGZI', '2023-06-16 05:18:35.866705'),
('7sxzjn149auurcpijtuq3jrymi23sirw', '.eJxVi80KwjAMgN-lZxkr2drEo-AjeC5pk9ChTnDrSXx3J-yg1-_n5RK3taa26DNN4o5ucIdflrlcdf4KLuXR5rXbSXe-83S7bM1pT_6-ykvdJvQgvRgjBEHJijJYAFP1vrBRBAwDZQ5jVjIAQymgPSHGkTUSufcH2uU1NQ:1q6nhc:Uuk1dXvGr4PxxvvP4xQFXgFLm1hndmGbifhZrX_NwVs', '2023-06-21 07:35:32.206566'),
('7u4rkbofy05ophgj7cpwo0dhj6nulnrr', '.eJxVi0sKwjAQQO-StZROJs3HpeARXIfpZEKKWsE2K-ndG6EL3b7PR0Wqa4l1kXeckjorrU6_bCS-y_wVxPyq89odpLs-aXrcWnM5kr-v0FLaBJqcNw6yMRRYCA0mzDha471GAQspOAkZ3UC-sT7zYG1GDQGZoFfbDpnwM48:1q5iAk:PvqfKw70oYMbyKtTG87ZgMg7bi2vL8yOg8UoM3n-xUY', '2023-06-18 07:29:06.285172'),
('81z02sox23e6gqjcyvx7j4vtmh06qlem', '.eJxVi0sKwjAQQO-StZROJs3HpeARXIfpZEKKWsE2K-ndG6EL3b7PR0Wqa4l1kXeckjorrU6_bCS-y_wVxPyq89odpLs-aXrcWnM5kr-v0FLaBJqcNw6yMRRYCA0mzDha471GAQspOAkZ3UC-sT7zYG1GDQGZoFfbDpnwM48:1q6omH:DdpOViT89l8GhnH5Ibu_L5ZYSDXLYwvqOX5LFQbpLQs', '2023-06-21 08:44:25.601773'),
('82h62rjab1x21mcsdp27vxforqgvct98', '.eJxVi70KwjAQgN8ls5S7tJc0joKP4BwulxwpagXbTOK7W6GDrt_Py0Rua41tKc84ZXM0aA6_LLFcy_wVLPJo89rtpDvfebpdtua0J39f5aVuU0H1MvpMmogdiSjo2IMNrEiKGUKgPPRWlaAAWl-gHxwwJnDEJOb9AcYbNGA:1q6S2a:ELfCYX2Grq841dYJLLy9ax4a1-kqqJJMAjYS6iVBJnc', '2023-06-20 08:27:44.183304'),
('83p8526jqjd5t4jclglqpbs6xpx3ylku', '.eJxVi70KwjAQgN8ls5S7tJc0joKP4BwulxwpagXbTOK7W6GDrt_Py0Rua41tKc84ZXM0aA6_LLFcy_wVLPJo89rtpDvfebpdtua0J39f5aVuU0H1MvpMmogdiSjo2IMNrEiKGUKgPPRWlaAAWl-gHxwwJnDEJOb9AcYbNGA:1q3alO:idoXsDvwDml14YzWvOidhMRhyRvDeuDCbsXUvLGrA2s', '2023-06-12 11:10:10.283800'),
('861sf61qjk280gz0t1t72ealtkczo2k8', '.eJxVi70OwiAQgN-F2TQHB1dxNPERnMlxQGjUmrRlMr5726SDrt_PRwVuSw1tzlMYkroo3avTL4wsjzzuhkXebVy6g3S3Fw_P-9Zcj-TvqzzXbcrIaBCiYW2ppAQOwHkDDILalrMHgB58iZGMsT5pDeIskSNCZBL1XQGunzMp:1q6rn5:mmbuuFQXs8ndeL607TzFBEJzEVtLlxSi4QMPFUU0XQc', '2023-06-21 11:57:27.330564'),
('86naoerqb44tqbotkqg320qpevz3t2lx', '.eJxVi70OwiAQgN-F2TQHB1dxNPERnMlxQGjUmrRlMr5726SDrt_PRwVuSw1tzlMYkroo3avTL4wsjzzuhkXebVy6g3S3Fw_P-9Zcj-TvqzzXbcrIaBCiYW2ppAQOwHkDDILalrMHgB58iZGMsT5pDeIskSNCZBL1XQGunzMp:1q6oAH:tdMhhSlySXeEzMHrE_kJHnDNqp2-JOiq0UGgBDMeyKc', '2023-06-21 08:05:09.150719'),
('88b5vqykswxkdq5ac8qqkhb26c0cdaoo', '.eJxVi0sKwjAQQO-StZTmMzFxKXgE12FmMiFFrdA2K_HuRuhCt-_zUgnbVlNbZUlTVifl1eGXEfJN5q9A5mebt2Enw-WB0_3am_Oe_H0V19onCESQvXUQrBESU9BkEMaAdmTWpEVG4xhQwNnoegzReDrqyEUXr94fzqI0-Q:1q4FZd:lR6xIsv9Bok1ew22D16gfL7h9wA2CnkqsBJMnv_ABbc', '2023-06-14 06:44:45.766742'),
('88zs3cfixl5ris5f9l2mwps4frkjtgib', '.eJxVi80KwjAMgN-lZxkr2drEo-AjeC5pk9ChTnDrSXx3J-yg1-_n5RK3taa26DNN4o5ucIdflrlcdf4KLuXR5rXbSXe-83S7bM1pT_6-ykvdJvQgvRgjBEHJijJYAFP1vrBRBAwDZQ5jVjIAQymgPSHGkTUSufcH2uU1NQ:1q6njG:OgIYUB374Cnqy5f0lYq4Pg6UvAMsnHzgLKGm_GSSBf4', '2023-06-21 07:37:14.883231'),
('8d1lrfafoqbj2xrbhtjkvgj37y82kaml', '.eJxVi0sKwjAQQO-StZROJs3HpeARXIfpZEKKWsE2K-ndG6EL3b7PR0Wqa4l1kXeckjorrU6_bCS-y_wVxPyq89odpLs-aXrcWnM5kr-v0FLaBJqcNw6yMRRYCA0mzDha471GAQspOAkZ3UC-sT7zYG1GDQGZoFfbDpnwM48:1q4KzW:_WBSGGCfql2fcKHz4guuqRR_dQBgYfAX1aEQTK4EfZ0', '2023-06-14 12:31:50.435977'),
('8eeynltuxuhddw4z6h0oug1qgqloeuyy', '.eJxVi0sKwjAQQO-StZROJs3HpeARXIfpZEKKWsE2K-ndG6EL3b7PR0Wqa4l1kXeckjorrU6_bCS-y_wVxPyq89odpLs-aXrcWnM5kr-v0FLaBJqcNw6yMRRYCA0mzDha471GAQspOAkZ3UC-sT7zYG1GDQGZoFfbDpnwM48:1q4dCw:AyIw4ttCGg-ap80-BLGYyKD0I79Npdxg_GkMPJbv8oc', '2023-06-15 07:58:54.421248'),
('8fsopg2uiazdh1362hl7hynkkg51t4ic', '.eJxVi70KwjAQgN8ls5S7tJc0joKP4BwulxwpagXbTOK7W6GDrt_Py0Rua41tKc84ZXM0aA6_LLFcy_wVLPJo89rtpDvfebpdtua0J39f5aVuU0H1MvpMmogdiSjo2IMNrEiKGUKgPPRWlaAAWl-gHxwwJnDEJOb9AcYbNGA:1q3blE:wrSIEhBmQ7xMMCqGIQIh8V3jWQ0YNR7hyVrzoXIiwXo', '2023-06-12 12:14:04.634633'),
('8gbuanjw8vkkssdzmcj71m82vsnlsiv6', '.eJxVi0sKwjAQQO-StZROJs3HpeARXIfpZEKKWsE2K-ndG6EL3b7PR0Wqa4l1kXeckjorrU6_bCS-y_wVxPyq89odpLs-aXrcWnM5kr-v0FLaBJqcNw6yMRRYCA0mzDha471GAQspOAkZ3UC-sT7zYG1GDQGZoFfbDpnwM48:1q4mec:QBXQaCZYPMHfhRED8FdRTCQGtxGTa6uC-nMpYKzqExA', '2023-06-15 18:04:06.054032'),
('8i4k5bor1w11zbnywmr5x9tqcs3t4ugh', '.eJxVi70KwjAQgN8ls5S7tJc0joKP4BwulxwpagXbTOK7W6GDrt_Py0Rua41tKc84ZXM0aA6_LLFcy_wVLPJo89rtpDvfebpdtua0J39f5aVuU0H1MvpMmogdiSjo2IMNrEiKGUKgPPRWlaAAWl-gHxwwJnDEJOb9AcYbNGA:1q6Rq3:lPR_db0jrpba1UcpdpVmBDFqOEkf3Wz3f2ahsPnr1MM', '2023-06-20 08:14:47.930933'),
('8lc1ruzudxtz4pkn9fjazp4beg5879aa', '.eJxVi70KwjAQgN8ls5S7tJc0joKP4BwulxwpagXbTOK7W6GDrt_Py0Rua41tKc84ZXM0aA6_LLFcy_wVLPJo89rtpDvfebpdtua0J39f5aVuU0H1MvpMmogdiSjo2IMNrEiKGUKgPPRWlaAAWl-gHxwwJnDEJOb9AcYbNGA:1q6q6P:bN6XemMsDNCurUIJXFjduVNj0UKyzBifxLmjOZs2zhE', '2023-06-21 10:09:17.008302'),
('8m89w12q8wrscsrnbpskxtnc9bb6nw51', '.eJxVjDEOwjAMRe-SGVUusaOUEYkjdI4c21UqoEi0mRB3h0od2vX99_7HJa5LSXW2dxrVXVxwpz3LLHeb1oFFXnVamo00tyePj_7vXDfl0BWey_rmMWbtiEigJUBlr0DEEXLwkAc6IzFKDkPLJgGgsyiIaqpkoOC-P6JnNIg:1q656G:2gcTi6-5McDvDAABuYfuPZijB-6WYOTUUtzw54zsMxY', '2023-06-19 07:58:00.944604'),
('8mpoe43bhtzq7m2ftuqbq9jlzx72fzff', '.eJxVi0sKwjAQQO-StZROJs3HpeARXIfpZEKKWsE2K-ndG6EL3b7PR0Wqa4l1kXeckjorrU6_bCS-y_wVxPyq89odpLs-aXrcWnM5kr-v0FLaBJqcNw6yMRRYCA0mzDha471GAQspOAkZ3UC-sT7zYG1GDQGZoFfbDpnwM48:1q53pq:37Et7I6Kg3aJHDXRy5YZLB9eNQy_feAHp8XISvbmDJI', '2023-06-16 12:24:50.846373'),
('8pe9quugvlfw8e2300ktjo9ut5ovmthd', '.eJxVi0sKwjAQQO-StZROJs3HpeARXIfpZEKKWsE2K-ndG6EL3b7PR0Wqa4l1kXeckjorrU6_bCS-y_wVxPyq89odpLs-aXrcWnM5kr-v0FLaBJqcNw6yMRRYCA0mzDha471GAQspOAkZ3UC-sT7zYG1GDQGZoFfbDpnwM48:1q6pHp:pN7sS4YkMx31s_xM2TLVN_i0y5pK41oVGWInouYP7KE', '2023-06-21 09:17:01.208177'),
('8r6qz6sgpuzawsyhkz3r6zu35wrmnrvc', '.eJxVi0sKwjAQQO-StZTmMzFxKXgE12FmMiFFrdA2K_HuRuhCt-_zUgnbVlNbZUlTVifl1eGXEfJN5q9A5mebt2Enw-WB0_3am_Oe_H0V19onCESQvXUQrBESU9BkEMaAdmTWpEVG4xhQwNnoegzReDrqyEUXr94fzqI0-Q:1q3ZOB:nSUEqG0inm6HI7OdK8AH4aT8kTVXVAmgcg8BA-wtC8c', '2023-06-12 09:42:07.283269'),
('8rcb0qci8owkxf11ataexj5c1si9w72a', '.eJxVi0sKwjAQQO-StZROJs3HpeARXIfpZEKKWsE2K-ndG6EL3b7PR0Wqa4l1kXeckjorrU6_bCS-y_wVxPyq89odpLs-aXrcWnM5kr-v0FLaBJqcNw6yMRRYCA0mzDha471GAQspOAkZ3UC-sT7zYG1GDQGZoFfbDpnwM48:1q6OvI:P8tTyy_DbEKrjBBB-ROA4CucNs5m9xW754i1DZ4HkNk', '2023-06-20 05:08:00.919104'),
('8tr09ilf7kxost69nrxe3qlbrghan3qv', '.eJxViz0OwjAMRu_iGVUmTkrMiMQRmCPXcZUKKBJtJsTdCVIH2L6f916QpK4l1cWeacpwBA-7320Qvdr8PUT1Uee125bufJfpdmnMaUP-vCJLaZJjUmEOXvYaW3CBI7G2rnlkjJSDY2_BsmCPB2QyswHJ9y7qiAjvD6KaM_M:1q4lsW:_5Py1lW1wxriiYiQ8q2Q8HwV_Yv25EWiVnXbIQg9f8s', '2023-06-15 17:14:24.947873'),
('8uyz6hxr3jb0y9r6hjs6rwnxdgqhwuob', '.eJxVi8sKwjAQRf8laymZyUgmLgU_oesweZGiVrDNSvz3ptCF7i7nnvNRXtpafVvy209JXRSSOv3CIPGe5_2RGF9tXoeDDLenTI-xO9dD-euqLLVHgBzJpoRImvXZFcMmoGOxAsYRoLYZSoHkBIpmIWHpO0IhShiC-m6zJjRl:1q6Qec:ocLF1M2AXH0XcRJX1dinRPnUVC4Vfp9KKBUyu8Bx_ms', '2023-06-20 06:58:54.393997'),
('8vezr6t8xizkw8yiom621hgpqr2o6nr1', '.eJxVi70OwiAQgN-F2TQHB1dxNPERnMlxQGjUmrRlMr5726SDrt_PRwVuSw1tzlMYkroo3avTL4wsjzzuhkXebVy6g3S3Fw_P-9Zcj-TvqzzXbcrIaBCiYW2ppAQOwHkDDILalrMHgB58iZGMsT5pDeIskSNCZBL1XQGunzMp:1q6EiE:sQ7n3EW_zQTzmMMZG9Jfq7D_W_sCA81F2avOxxP3o6M', '2023-06-19 18:13:50.240443'),
('8vr8maoa86eq5rvydjs682v2tgzrj8tr', '.eJxVi70KwjAQgN8ls5S7tJc0joKP4BwulxwpagXbTOK7W6GDrt_Py0Rua41tKc84ZXM0aA6_LLFcy_wVLPJo89rtpDvfebpdtua0J39f5aVuU0H1MvpMmogdiSjo2IMNrEiKGUKgPPRWlaAAWl-gHxwwJnDEJOb9AcYbNGA:1q6VOn:B3smFtpTWjFTGgwznGJNVPbIME_HS3aSL05LfTL2nc0', '2023-06-20 12:02:53.877420'),
('8y3ob3t2afel7sd22o97cx11b17ctfhr', '.eJxVi70OwiAQgN-F2TQHB1dxNPERnMlxQGjUmrRlMr5726SDrt_PRwVuSw1tzlMYkroo3avTL4wsjzzuhkXebVy6g3S3Fw_P-9Zcj-TvqzzXbcrIaBCiYW2ppAQOwHkDDILalrMHgB58iZGMsT5pDeIskSNCZBL1XQGunzMp:1q6Ekj:dz3_atZt19OMcMDlJzqJ4Q8-gCbP-u-cy9_o1pGhUAg', '2023-06-19 18:16:25.870694'),
('93fnyg326nmzob5qn8gh13caa9gy305p', '.eJxVjDEOwjAMRe-SGVUusaOUEYkjdI4c21UqoEi0mRB3h0od2vX99_7HJa5LSXW2dxrVXVxwpz3LLHeb1oFFXnVamo00tyePj_7vXDfl0BWey_rmMWbtiEigJUBlr0DEEXLwkAc6IzFKDkPLJgGgsyiIaqpkoOC-P6JnNIg:1q6QJO:PHTfqFGmU3TMs3GmcSb-ef4z6pEg6OzCB6b4k7u87BM', '2023-06-20 06:36:58.719066'),
('964385n3ej408f20p80detgx1qf4m04a', '.eJxVjDEOwjAMRe-SGVUusaOUEYkjdI4c21UqoEi0mRB3h0od2vX99_7HJa5LSXW2dxrVXVxwpz3LLHeb1oFFXnVamo00tyePj_7vXDfl0BWey_rmMWbtiEigJUBlr0DEEXLwkAc6IzFKDkPLJgGgsyiIaqpkoOC-P6JnNIg:1q4FnR:qtL3tzb9wwunInNI-PNNVEBM6Mml1pAOUnaV4rq73Wc', '2023-06-14 06:59:01.850388'),
('9975p3s5gf2q2hoy8pdpmm0eivgw3qoa', '.eJxVi70KwjAQgN8ls5S7tJc0joKP4BwulxwpagXbTOK7W6GDrt_Py0Rua41tKc84ZXM0aA6_LLFcy_wVLPJo89rtpDvfebpdtua0J39f5aVuU0H1MvpMmogdiSjo2IMNrEiKGUKgPPRWlaAAWl-gHxwwJnDEJOb9AcYbNGA:1q6qaf:ikr__L1sO5uOrhoRdvVSJ41ALdjJx8OOj3XdgACdwoA', '2023-06-21 10:40:33.280798'),
('9ay9ycbm525k72lzetyf57emllrki8tq', '.eJxVi70OwiAQgN-F2TQHB1dxNPERnMlxQGjUmrRlMr5726SDrt_PRwVuSw1tzlMYkroo3avTL4wsjzzuhkXebVy6g3S3Fw_P-9Zcj-TvqzzXbcrIaBCiYW2ppAQOwHkDDILalrMHgB58iZGMsT5pDeIskSNCZBL1XQGunzMp:1q6ouE:RQZoOlxd3K8IQIfrPIlVI-1gP0ApdHpnESVW4_St2fY', '2023-06-21 08:52:38.524609'),
('9bfceogrjuz3q66zo1hq1vavpsqgc9q2', '.eJxVi0sOgjAQhu_StSF9URiXJh7BdfN3mKZExQToynh3MGGh2-_xVhF1LbEuMsdxUGdlenX6hQl8l-lrwPyq09ocpLk-MT5ue3M5kr-vYCn7lKEz28w6WbjE4nNwnQ4CQrDwNmiNTmhwgYSkNQznjLckvSfK8OqzAf6SNQI:1q3aze:GzDPj08NY_MRVIoTBLYZ8dO94JDb1WdAWRqXpyvrxU4', '2023-06-12 11:24:54.963198'),
('9dev88sjqnt3qickjhlp2x2n1yvlmp36', '.eJxVi0sKwjAQQO-StZROJs3HpeARXIfpZEKKWsE2K-ndG6EL3b7PR0Wqa4l1kXeckjorrU6_bCS-y_wVxPyq89odpLs-aXrcWnM5kr-v0FLaBJqcNw6yMRRYCA0mzDha471GAQspOAkZ3UC-sT7zYG1GDQGZoFfbDpnwM48:1q6ppC:CZtVp-d59KXbJHPkcpOENzfJ2bJjbupfwzPWeUKyfN0', '2023-06-21 09:51:30.175917'),
('9dkjsb3oi7q30cdwzyw1jho5u40f6r4g', '.eJxVi0sKwjAQQO8yaylO_nEpeATXYTKTkKJWaJuVeHcrdKHb93lBor621Jcyp1HgBBjh8Asz8a1MX0PMzz6tw06Gy4PG-3Vrznvy9zVa2jZZIW8z-hKMZg7CupairBOvxCEGpWKkesRQ0ZB3JmbUujrMpMiJFXh_AOCeNKk:1q6qOk:BvkWfTYEFTDwD_M0pWpXDobJsebhrDREnS3xtAKTJLs', '2023-06-21 10:28:14.773658'),
('9fokfmcrebyn4530p91lmmk9x7euxfc8', '.eJxVi70KwjAQgN8ls5S7tJc0joKP4BwulxwpagXbTOK7W6GDrt_Py0Rua41tKc84ZXM0aA6_LLFcy_wVLPJo89rtpDvfebpdtua0J39f5aVuU0H1MvpMmogdiSjo2IMNrEiKGUKgPPRWlaAAWl-gHxwwJnDEJOb9AcYbNGA:1q3vsU:2QNkkvFoWtYH-F8Iztu-4rP5pocgKK_xTtMq8MedgLg', '2023-06-13 09:42:54.153953'),
('9j0u7dxxebbjnywm9wub0mjnq9odbjau', '.eJxVi70KwjAQgN8ls5S7tJc0joKP4BwulxwpagXbTOK7W6GDrt_Py0Rua41tKc84ZXM0aA6_LLFcy_wVLPJo89rtpDvfebpdtua0J39f5aVuU0H1MvpMmogdiSjo2IMNrEiKGUKgPPRWlaAAWl-gHxwwJnDEJOb9AcYbNGA:1q5iVT:1kc5sXEmUU0XyiVflEhZ57FwP9F5DtPqiCQ37MC5XiU', '2023-06-18 07:50:31.554360'),
('9ojt6cvlwjwziwffvfi0panc6c7zf7a3', '.eJxVi8sKwjAQRf8laymTVzN1KfgJXYd0MkOKWsE2q-K_G6EL3V3OPWdXMdWtxLryK85ZnZUBdfqFU6IbL98nET3rsnUH6a6PNN_H5lwO5a8raS0tygYYyJKAgAYMlskJtoE-EA5CoYfM7IQ5k_NZJmQ7oHXGa-pJq_cH5QI1EQ:1q3aba:7lY-Kw1LYFm9KsuAYrZQdTlH_Xvxte7BBIwrYJ7TOJw', '2023-06-12 11:00:02.862801'),
('9w4reqv76xqnrwn0163gcxi8qzfuh6cf', '.eJxVi80KwjAMgN-lZxkr2drEo-AjeC5pk9ChTnDrSXx3J-yg1-_n5RK3taa26DNN4o5ucIdflrlcdf4KLuXR5rXbSXe-83S7bM1pT_6-ykvdJvQgvRgjBEHJijJYAFP1vrBRBAwDZQ5jVjIAQymgPSHGkTUSufcH2uU1NQ:1q6q9d:i2aXplbfY0aKs_AozSB1dMKYLcNq3tqVobkbIZDOgcc', '2023-06-21 10:12:37.663796'),
('a0pn01becqp4t62ola1emteapudrt7sp', '.eJxVi70KwjAQgN8ls5S7tJc0joKP4BwulxwpagXbTOK7W6GDrt_Py0Rua41tKc84ZXM0aA6_LLFcy_wVLPJo89rtpDvfebpdtua0J39f5aVuU0H1MvpMmogdiSjo2IMNrEiKGUKgPPRWlaAAWl-gHxwwJnDEJOb9AcYbNGA:1q6lX6:b-i7Hkfy6YiaoKBNQ7qZYiFCgk6GpIgiRTpBZh1fkdY', '2023-06-21 05:16:32.479618'),
('a5mgd20dxsdnrrgwxxfxkpcvbqn73fiq', '.eJxVi0sKwjAQQO-StZROJs3HpeARXIfpZEKKWsE2K-ndG6EL3b7PR0Wqa4l1kXeckjorrU6_bCS-y_wVxPyq89odpLs-aXrcWnM5kr-v0FLaBJqcNw6yMRRYCA0mzDha471GAQspOAkZ3UC-sT7zYG1GDQGZoFfbDpnwM48:1q3uew:-xWJd7N3vdDBhMnPNEINleeR8d9N-LhoTibkGNweUUU', '2023-06-13 08:24:50.891542'),
('aae8hz6fb0xgibcgs8z5nhlgth89ywx9', '.eJxVi70KwjAQgN8ls5S7tJc0joKP4BwulxwpagXbTOK7W6GDrt_Py0Rua41tKc84ZXM0aA6_LLFcy_wVLPJo89rtpDvfebpdtua0J39f5aVuU0H1MvpMmogdiSjo2IMNrEiKGUKgPPRWlaAAWl-gHxwwJnDEJOb9AcYbNGA:1q6n1S:4k1bYyEnFZStMS3JLQtWEH3FieXFdQ3q1tbIeU84goQ', '2023-06-21 06:51:58.226639'),
('ad2bqp003mp263b4eygaa9ikvixwbx7c', '.eJxVi0kKwjAUQO_y11J-zKhLwSO4Dn9ISFEr2GYl3t0KXej2DS_I1JeW-1yeeVQ4goPdL2OSa5m-gkQefVqGjQznO423y9qctuTvazS3dUIiqTZF8cZrrSayHIJwSdGhR437ZCiosEoK1Suj2GBR0YhjViZ4fwDaPzWp:1q3vv2:W2LZjxg3_zkrWLf7UreyK8EE84NdgqH1WxaEu8f8fY8', '2023-06-13 09:45:32.997277'),
('adgix3shibjhj8lxi7ea3nye93ule77e', '.eJxVjMEKwyAYg9_F8yi_WqvdcbBH2Fmiv2LZ1kFbT2PvPgs9bARyyJfkLTzqVnxd0-InFmchtTj9hgHxnuadIMZXnbfuSLrrE9Pj1jqXo_K3K1jLfpdt6G1kZOI8yOYjmgaoRA46NWQBRZl1IDuaXjrFjghstLHRiM8XAPg1Jw:1q4bAF:Q1jP5jE3-tFY_j8t_Hgjz0gbECNoRMun5x1If7q_L7c', '2023-06-15 05:47:59.731835'),
('aeooqqe9nz3flmvb5z8dnq519dt5i3a4', '.eJxVi70KwjAQgN8ls5S7tJc0joKP4BwulxwpagXbTOK7W6GDrt_Py0Rua41tKc84ZXM0aA6_LLFcy_wVLPJo89rtpDvfebpdtua0J39f5aVuU0H1MvpMmogdiSjo2IMNrEiKGUKgPPRWlaAAWl-gHxwwJnDEJOb9AcYbNGA:1q3vtc:CLuU_MW_ilozvVTFYlHJnNkTfbB4mPmh5nDZw0uYZRI', '2023-06-13 09:44:04.356592'),
('aruarcmj03nthm4rri5c4dhlfqzxs143', '.eJxVi70KwjAQgN8ls5S7tJc0joKP4BwulxwpagXbTOK7W6GDrt_Py0Rua41tKc84ZXM0aA6_LLFcy_wVLPJo89rtpDvfebpdtua0J39f5aVuU0H1MvpMmogdiSjo2IMNrEiKGUKgPPRWlaAAWl-gHxwwJnDEJOb9AcYbNGA:1q4F9G:KpVwaXVi-gqxNZDgkZQyCKJQCbwnjr3LdE9hIiMYb8o', '2023-06-14 06:17:30.990001'),
('asla48u63iigpaot0158cl5mqef20qk5', '.eJxVi0sKwjAQQO-StZROJs3HpeARXIfpZEKKWsE2K-ndG6EL3b7PR0Wqa4l1kXeckjorrU6_bCS-y_wVxPyq89odpLs-aXrcWnM5kr-v0FLaBJqcNw6yMRRYCA0mzDha471GAQspOAkZ3UC-sT7zYG1GDQGZoFfbDpnwM48:1q6rn9:y3cK5aL8Qc0DpW-5GelT1x8u7jkvwPvV0WW6h4qvr10', '2023-06-21 11:57:31.919723'),
('asmsvwax3fhfhmds3o4j0c9nqj73p66p', '.eJxVi0sKwjAQQO-StZTmMzFxKXgE12FmMiFFrdA2K_HuRuhCt-_zUgnbVlNbZUlTVifl1eGXEfJN5q9A5mebt2Enw-WB0_3am_Oe_H0V19onCESQvXUQrBESU9BkEMaAdmTWpEVG4xhQwNnoegzReDrqyEUXr94fzqI0-Q:1q3YyT:XjRlzwV794OrUzVXBVSAOG_AXrfEDHNupPfkZZJakIM', '2023-06-12 09:15:33.915470'),
('atra0asa82f5fxav0gnt6dvtc6m0uenm', '.eJxVi70KwjAQgN8ls5S7tJc0joKP4BwulxwpagXbTOK7W6GDrt_Py0Rua41tKc84ZXM0aA6_LLFcy_wVLPJo89rtpDvfebpdtua0J39f5aVuU0H1MvpMmogdiSjo2IMNrEiKGUKgPPRWlaAAWl-gHxwwJnDEJOb9AcYbNGA:1q6VES:s87Nld3jicjpPyhQ0zNuQ-U7GvMxVbZBsyOe23s477Q', '2023-06-20 11:52:12.402593'),
('auatyjboui6un07z4f5r207hnjc3egq6', '.eJxVi0sKwjAQQO-StZROJs3HpeARXIfpZEKKWsE2K-ndG6EL3b7PR0Wqa4l1kXeckjorrU6_bCS-y_wVxPyq89odpLs-aXrcWnM5kr-v0FLaBJqcNw6yMRRYCA0mzDha471GAQspOAkZ3UC-sT7zYG1GDQGZoFfbDpnwM48:1q6Vn0:NwkvY2WUC3rXTIOXDo63csISQgHEvP6kuMADSI_Y3AM', '2023-06-20 12:27:54.536552'),
('axte62n69yury3v8bto2oehkahlf6q99', '.eJxViz0OwjAMRu_iGVUmTkrMiMQRmCPXcZUKKBJtJsTdCVIH2L6f916QpK4l1cWeacpwBA-7320Qvdr8PUT1Uee125bufJfpdmnMaUP-vCJLaZJjUmEOXvYaW3CBI7G2rnlkjJSDY2_BsmCPB2QyswHJ9y7qiAjvD6KaM_M:1q4Ksv:BW5RDdn2PgnStJk0E5HEBF9qZKyDpNoGzyc9sR56dT8', '2023-06-14 12:25:01.582655'),
('azpgzmnw0ej1ndiui2cezf8glbdevk1w', '.eJxVi8sKwjAQRf8layl5Ncm4FPwE12EmmZCiVrDNSvrvjdCFri6ce85HRGxrjW3hd5yyOAvtxekXEqY7z98HU3q1eR0OMlyfOD1u3bkcyl9Xcak9IgbI6ElJW6wqiSzovnLUxFyCM1DyaACM4pxRe-28cSGAL4ZYBhbbDuoQNMY:1q6T3r:WBuoQ8VAeR33J-LO8Btt-1hJ-T3oai35arnVfStdQJE', '2023-06-20 09:33:07.047710'),
('b0bb440r00s6a4gtl6soscyolrwcv676', '.eJxVi8sKwjAQRf8laymZyUgmLgU_oesweZGiVrDNSvz3ptCF7i7nnvNRXtpafVvy209JXRSSOv3CIPGe5_2RGF9tXoeDDLenTI-xO9dD-euqLLVHgBzJpoRImvXZFcMmoGOxAsYRoLYZSoHkBIpmIWHpO0IhShiC-m6zJjRl:1q6Qix:wR0B51YMU8xXfyvNxLLrdk6C1a1pwrkUrsrkYEOo1ws', '2023-06-20 07:03:23.120074'),
('b4je3wihe30uvid4a540yvl7wv0p9ppq', '.eJxVi70KwjAQgN8ls5S7tJc0joKP4BwulxwpagXbTOK7W6GDrt_Py0Rua41tKc84ZXM0aA6_LLFcy_wVLPJo89rtpDvfebpdtua0J39f5aVuU0H1MvpMmogdiSjo2IMNrEiKGUKgPPRWlaAAWl-gHxwwJnDEJOb9AcYbNGA:1q62ZO:XSwHeU0_LJJz7cyBfwh8dTZ1tIvpLqA8wecTJPiPrTk', '2023-06-19 05:15:54.059398'),
('b9tjnd9g07mv7nt169njucx5fp8f6j3a', '.eJxVi0sKwjAQQO-StZROJs3HpeARXIfpZEKKWsE2K-ndG6EL3b7PR0Wqa4l1kXeckjorrU6_bCS-y_wVxPyq89odpLs-aXrcWnM5kr-v0FLaBJqcNw6yMRRYCA0mzDha471GAQspOAkZ3UC-sT7zYG1GDQGZoFfbDpnwM48:1q6PIG:V9Hria2iKxMEIqMRH5-VgtyhANyK7ff9cDWwY0sifx4', '2023-06-20 05:31:44.883578'),
('bas489yg0ducy5gtixdjhuk6v7d12mk9', '.eJxVi0sKwjAQQO-StZROJs3HpeARXIfpZEKKWsE2K-ndG6EL3b7PR0Wqa4l1kXeckjorrU6_bCS-y_wVxPyq89odpLs-aXrcWnM5kr-v0FLaBJqcNw6yMRRYCA0mzDha471GAQspOAkZ3UC-sT7zYG1GDQGZoFfbDpnwM48:1q5jc0:TZS6tP-INptPfxhsj6KoklPh9NkMRyWiWM_PfQVWkKs', '2023-06-18 09:01:20.325328'),
('bek411s6c6sbcr39yp6rah5oul3jfawg', '.eJxVi0sKwjAQQO-StZROJs3HpeARXIfpZEKKWsE2K-ndG6EL3b7PR0Wqa4l1kXeckjorrU6_bCS-y_wVxPyq89odpLs-aXrcWnM5kr-v0FLaBJqcNw6yMRRYCA0mzDha471GAQspOAkZ3UC-sT7zYG1GDQGZoFfbDpnwM48:1q6dQI:E0lJuXNooNpAB5XL_JiWiRO4Q80MY25vFUExpjRgpfs', '2023-06-20 20:36:58.128343'),
('bg13tkdy05g4cahf87sf254fd8r935qh', '.eJxVi70OwiAQgN-F2TQHB1dxNPERnMlxQGjUmrRlMr5726SDrt_PRwVuSw1tzlMYkroo3avTL4wsjzzuhkXebVy6g3S3Fw_P-9Zcj-TvqzzXbcrIaBCiYW2ppAQOwHkDDILalrMHgB58iZGMsT5pDeIskSNCZBL1XQGunzMp:1q6lWR:2w4Riej72c2PBjlnoRrx46G2OUEu0mZiiCjQBbixc7A', '2023-06-21 05:15:51.726960'),
('brkkwhxj5rf08eje4mr2qfqlkdnrebu2', '.eJxVi0sKwjAQQO8yaylO_nEpeATXYTKTkKJWaJuVeHcrdKHb93lBor621Jcyp1HgBBjh8Asz8a1MX0PMzz6tw06Gy4PG-3Vrznvy9zVa2jZZIW8z-hKMZg7CupairBOvxCEGpWKkesRQ0ZB3JmbUujrMpMiJFXh_AOCeNKk:1q6pGB:njgJKcFrk7ePCv63duF0z4XDb1KUB8Z_kbQJtwxglM0', '2023-06-21 09:15:19.078784'),
('bryoy3p1op09d41n4m9ow56jrq7zcuo5', '.eJxVizkOwjAUBe_iGkV2vHybEokjUFt_ceQICFISV4i7E1AKeOW8mafK2Naa21LmPIo6KgPq8AsJ-Vqmz4PMjzat3U668x3H22VzTrvy11Vc6jfSUQq6KOSSLUmEgo9QLAlg6K0hBOLeuuC3JcCBB5fYExqwRmv1egP9VTUE:1q3w4K:SJTpPWDvHiYX6UhrO_TGDaObaheWrt6jxk7Rf2Ouklk', '2023-06-13 09:55:08.794599'),
('brz47ft3attma43i4pcpmi5jlv32ba2c', '.eJxVi70KwjAQgN8ls5TcpTlyjoKP4ByuyYUUtYJtJvHdjdBB1-_nZaK0rca26jPO2RwNenP4hZOkqy5fIyk92rINOxnOd5lvl96c9uTvq7LWPtGkpIWZbUgcAChDKjlIQVVHXjOQG4msx2IDI6L1MHZYPATK1pn3B9XLM8Y:1q6Ste:7Q6Hacw6MPx4sKBSGh4v7Ts5k3tI0ra55ceaOaafqdY', '2023-06-20 09:22:34.356357'),
('btak4h7fheweskcuscj987dhelj4j7uz', '.eJxViz0OwjAMRu_iGVUmTkrMiMQRmCPXcZUKKBJtJsTdCVIH2L6f916QpK4l1cWeacpwBA-7320Qvdr8PUT1Uee125bufJfpdmnMaUP-vCJLaZJjUmEOXvYaW3CBI7G2rnlkjJSDY2_BsmCPB2QyswHJ9y7qiAjvD6KaM_M:1q4dmL:mqA0UWG8PUfSy90G4im056H-_obval-R3UC5PqtzkXA', '2023-06-15 08:35:29.374572'),
('bu4ifztja25h1itxr66weef9ootr4tk2', '.eJxVi0sKwjAQQO-StZROJs3HpeARXIfpZEKKWsE2K-ndG6EL3b7PR0Wqa4l1kXeckjorrU6_bCS-y_wVxPyq89odpLs-aXrcWnM5kr-v0FLaBJqcNw6yMRRYCA0mzDha471GAQspOAkZ3UC-sT7zYG1GDQGZoFfbDpnwM48:1q695J:dxGDX_8c9q6oO7UyxcdcVnBw0egcai59mblvN4wkboA', '2023-06-19 12:13:17.506188'),
('bwogtw43mgq6i7wzal1adz27swpbtgil', '.eJxVi70KwjAQgN8ls5S7tJc0joKP4BwulxwpagXbTOK7W6GDrt_Py0Rua41tKc84ZXM0aA6_LLFcy_wVLPJo89rtpDvfebpdtua0J39f5aVuU0H1MvpMmogdiSjo2IMNrEiKGUKgPPRWlaAAWl-gHxwwJnDEJOb9AcYbNGA:1q62r6:w373J-6Wn2FGQpHyG-JWZvcxLtQ72pm8Zg-fCFz-b9s', '2023-06-19 05:34:12.531565'),
('byckubwpf3xqp6ca33bfke7it4u7xovv', '.eJxViz0OwjAMRu_iGVUmTkrMiMQRmCPXcZUKKBJtJsTdCVIH2L6f916QpK4l1cWeacpwBA-7320Qvdr8PUT1Uee125bufJfpdmnMaUP-vCJLaZJjUmEOXvYaW3CBI7G2rnlkjJSDY2_BsmCPB2QyswHJ9y7qiAjvD6KaM_M:1q4eWc:0cDg-6Sn_UytLYdxpd3DaOd-guyHPEbXIseQrAYhPEs', '2023-06-15 09:23:18.031025'),
('c0766ye78bw40oech84qv4yfnepqsw6z', '.eJxVi70KwjAQgN8ls5S7tJc0joKP4BwulxwpagXbTOK7W6GDrt_Py0Rua41tKc84ZXM0aA6_LLFcy_wVLPJo89rtpDvfebpdtua0J39f5aVuU0H1MvpMmogdiSjo2IMNrEiKGUKgPPRWlaAAWl-gHxwwJnDEJOb9AcYbNGA:1q3ZyU:aJb6MzKzdpgsgOiJ-1bUas7WJDLytGbF5yi7znj7Vyc', '2023-06-12 10:19:38.963688'),
('c14s77h0g3sbqugwmex5927a0ar3u55w', '.eJxVi0sKwjAQQO-StZROJs3HpeARXIfpZEKKWsE2K-ndG6EL3b7PR0Wqa4l1kXeckjorrU6_bCS-y_wVxPyq89odpLs-aXrcWnM5kr-v0FLaBJqcNw6yMRRYCA0mzDha471GAQspOAkZ3UC-sT7zYG1GDQGZoFfbDpnwM48:1q6dA7:vXqU5vcruPQuHsvRSfp18TCdPDEutueviABXKvzqEkY', '2023-06-20 20:20:15.967664'),
('cd6ieei8591dteuft43vdiwhxkn0ua82', '.eJxVi0sKwjAQQO-StZTmMzFxKXgE12FmMiFFrdA2K_HuRuhCt-_zUgnbVlNbZUlTVifl1eGXEfJN5q9A5mebt2Enw-WB0_3am_Oe_H0V19onCESQvXUQrBESU9BkEMaAdmTWpEVG4xhQwNnoegzReDrqyEUXr94fzqI0-Q:1q4EG8:09Pg-6iaGGc8dTfU_gp_KIZtatG4bN7XqYjW6WoII9k', '2023-06-14 05:20:32.664418'),
('cdq17o4kdiileynwlibykfjagyq50yd1', '.eJxVi0sKwjAQQO-StZROJs3HpeARXIfpZEKKWsE2K-ndG6EL3b7PR0Wqa4l1kXeckjorrU6_bCS-y_wVxPyq89odpLs-aXrcWnM5kr-v0FLaBJqcNw6yMRRYCA0mzDha471GAQspOAkZ3UC-sT7zYG1GDQGZoFfbDpnwM48:1q6ojZ:OZzn-CdRqfBSgUC1JxlKmPkyg-D_839sokMw_dW7KBQ', '2023-06-21 08:41:37.631427'),
('cf8xdnrfgqtrmrobohlhtimgrzw1sfg5', '.eJxVi0sKwjAQQO-StZROJs3HpeARXIfpZEKKWsE2K-ndG6EL3b7PR0Wqa4l1kXeckjorrU6_bCS-y_wVxPyq89odpLs-aXrcWnM5kr-v0FLaBJqcNw6yMRRYCA0mzDha471GAQspOAkZ3UC-sT7zYG1GDQGZoFfbDpnwM48:1q4FAs:t0RZ8oM9nir2I3LzXK4XGidHDwaDhHb8xmJ2kdI6YmA', '2023-06-14 06:19:10.644194'),
('ch5drhae4bjlq4bwe1c2vqia95cvkkme', '.eJxVi0sKwjAQQO-StZROJs3HpeARXIfpZEKKWsE2K-ndG6EL3b7PR0Wqa4l1kXeckjorrU6_bCS-y_wVxPyq89odpLs-aXrcWnM5kr-v0FLaBJqcNw6yMRRYCA0mzDha471GAQspOAkZ3UC-sT7zYG1GDQGZoFfbDpnwM48:1q6nhA:_bW9UeOisNr2RzTIRPkbhhCJvRdvqIct66f4ekummcQ', '2023-06-21 07:35:04.738846'),
('cmu3s06xi32bmc5ze3h48e8kez8id3aq', '.eJxVi7sOwiAUht-F2TScciuOJj6CM_k5QGjUmtgyGd9dTDro-l1eIqBtNbQ1P8OcxFGQFYdfGMHXvHwNmB9t2YadDOc75tulN6c9-fsq1tonTiNingyMddqzy4k8WVkYo1KFSEtTdImEKBnZ2V7aqWhFHgrZaPH-AO2ENPg:1q3ZHP:f1zvJE51gPaCXvb1qGKP06IpNATE-MFn7L0Q07eULY8', '2023-06-12 09:35:07.127941'),
('cxu1hsr7rhx1755yb4mo3vnnmhz77n5h', '.eJxVi8sKwjAQRf8layl5Ncm4FPwE12EmmZCiVrDNSvrvjdCFri6ce85HRGxrjW3hd5yyOAvtxekXEqY7z98HU3q1eR0OMlyfOD1u3bkcyl9Xcak9IgbI6ElJW6wqiSzovnLUxFyCM1DyaACM4pxRe-28cSGAL4ZYBhbbDuoQNMY:1q6WBc:q2T9daCPoPI5GCcmjeRmuIBXzBnwnoQuzvzVdmRontk', '2023-06-20 12:53:20.371387'),
('cyh7sju0ta2fdhkbrxq73se4u3m39qq2', '.eJxVi0sKwjAQQO-StZROJs3HpeARXIfpZEKKWsE2K-ndG6EL3b7PR0Wqa4l1kXeckjorrU6_bCS-y_wVxPyq89odpLs-aXrcWnM5kr-v0FLaBJqcNw6yMRRYCA0mzDha471GAQspOAkZ3UC-sT7zYG1GDQGZoFfbDpnwM48:1q6mrd:3yVoYO0jOneXlBT_ASOrY7P-R5X_rMuSt2dIarPFJs0', '2023-06-21 06:41:49.371490'),
('d3efjad2cqxumeea5fklt7rqo7dtj13h', '.eJxVi80KwjAMgN-lZxkr2drEo-AjeC5pk9ChTnDrSXx3J-yg1-_n5RK3taa26DNN4o5ucIdflrlcdf4KLuXR5rXbSXe-83S7bM1pT_6-ykvdJvQgvRgjBEHJijJYAFP1vrBRBAwDZQ5jVjIAQymgPSHGkTUSufcH2uU1NQ:1q6qBU:zCSEt-NFxGGNzBFAIe9BD_rQOHsM3aLav2GwSnV7S04', '2023-06-21 10:14:32.699477'),
('d51jn79k1l12tkh730k23lwxb262e2z4', '.eJxVi0EOwiAQRe_C2jQdmAHq0sQjuCbDAKFRa2LLynh3MelCN3_x_nsvFbhtNbQ1P8Oc1FEBqcMvjCzXvHwfFnm0ZRt2MpzvPN8u3Tntyl9Xea090mbKwqg1at-HxINlcuCyjNYYjOgmLJAIorHFFectlCw0oscUxar3B6hnM7o:1q4Kau:AgrIE8O_Njn-4U3hvTdss0usCBKPLywluknNYFWgCsQ', '2023-06-14 12:06:24.832053'),
('d6ujsqqek30pjkiynu7ewhg6304xzizd', '.eJxVi70KwjAQgN8ls5S7tJc0joKP4BwulxwpagXbTOK7W6GDrt_Py0Rua41tKc84ZXM0aA6_LLFcy_wVLPJo89rtpDvfebpdtua0J39f5aVuU0H1MvpMmogdiSjo2IMNrEiKGUKgPPRWlaAAWl-gHxwwJnDEJOb9AcYbNGA:1q6jPg:9W_zLF-qBmUHdH8PIbs0LhkYkAvPin6MV9liMEiQmdE', '2023-06-21 03:00:44.525703'),
('ddv8smy33nbrgxibo3l6x8l6wgjeu1ik', '.eJxVi0sKwjAQQO8yaylO_nEpeATXYTKTkKJWaJuVeHcrdKHb93lBor621Jcyp1HgBBjh8Asz8a1MX0PMzz6tw06Gy4PG-3Vrznvy9zVa2jZZIW8z-hKMZg7CupairBOvxCEGpWKkesRQ0ZB3JmbUujrMpMiJFXh_AOCeNKk:1q6qAa:dVT87X3ckiNzH1QWfb2-V3TX8jyGgLcWNMWOKwGjtQk', '2023-06-21 10:13:36.072183'),
('dgmwios265thf5iec99yldtu6368plhr', '.eJxVi0sKwjAQQO-StZROJs3HpeARXIfpZEKKWsE2K-ndG6EL3b7PR0Wqa4l1kXeckjorrU6_bCS-y_wVxPyq89odpLs-aXrcWnM5kr-v0FLaBJqcNw6yMRRYCA0mzDha471GAQspOAkZ3UC-sT7zYG1GDQGZoFfbDpnwM48:1q4KG7:UXS9C8QUw5ZVTQwc-9fiHnZiFU7XzLqg2AESnSNLkwY', '2023-06-14 11:44:55.071379');
INSERT INTO `django_session` (`session_key`, `session_data`, `expire_date`) VALUES
('dhrnxnmajuumrxvlo1pugsbycqrsngcx', '.eJxVi70KwjAQgN8ls5S7tJc0joKP4BwulxwpagXbTOK7W6GDrt_Py0Rua41tKc84ZXM0aA6_LLFcy_wVLPJo89rtpDvfebpdtua0J39f5aVuU0H1MvpMmogdiSjo2IMNrEiKGUKgPPRWlaAAWl-gHxwwJnDEJOb9AcYbNGA:1q6Ryb:8URvT49M4gQyzAmK2rGe4ZWEHkbx-jaoB2Hrg0Nsq0c', '2023-06-20 08:23:37.080381'),
('dkkeay4fsnx5qa0ltm93d1cyw3zixzfz', '.eJxVi0EOwiAQRe_C2jRQKMO4NPEIrskwDKFRa2LLynh3MelCl__9914qUttqbKs845zVUY2oDr8wEV9l-T7E_GjLNuxkON9pvl26c9qVv67SWnuUJ-s0ueCT0wBIKCkICHBf1he2drJJyHFxhgG0wUIew4iM2Rcx6v0B0Ik0lw:1q6jXe:1MunP5kziIrGVSE4ltsXWs6SXmmUQL2Thf0_Z_26lFs', '2023-06-21 03:08:58.310791'),
('dn8tpn58rw9kwamd2sjyd5ol55blwmls', '.eJxVi70KwjAQgN8ls5S7tJc0joKP4BwulxwpagXbTOK7W6GDrt_Py0Rua41tKc84ZXM0aA6_LLFcy_wVLPJo89rtpDvfebpdtua0J39f5aVuU0H1MvpMmogdiSjo2IMNrEiKGUKgPPRWlaAAWl-gHxwwJnDEJOb9AcYbNGA:1q6QVG:p__oSYKcu4DRoL72ctiyMEyf4oKj5GYqUqvAgHyGRmE', '2023-06-20 06:49:14.410195'),
('dnnzx2ddlucl00je44vz2fs8zu2xvrvl', '.eJxVi8sKwjAQRf8laylpOnm5FPwE12FmkiFFrWCblfjvRuhC4a7OPeelEratpraWZ5qzOioT1OEXEvK1LN8HmR9t2YadDOc7zrdLd0678tdVXGuPKFqGkidBEyenIZggQRO57EocXQEkziLg0UfbF8ZMmixa0Cg2evX-AOpGNPA:1q6jT1:uVBckvX8tXxZrudcV3eLizRCDdAXGYflEJtz9PALBuo', '2023-06-21 03:04:11.060031'),
('dr3pqpvq3q2y6y4fdgy30zd745hazgrn', '.eJxVi80KwjAMgN-lZxkr2drEo-AjeC5pk9ChTnDrSXx3J-yg1-_n5RK3taa26DNN4o5ucIdflrlcdf4KLuXR5rXbSXe-83S7bM1pT_6-ykvdJvQgvRgjBEHJijJYAFP1vrBRBAwDZQ5jVjIAQymgPSHGkTUSufcH2uU1NQ:1q6peq:5jqGBK3a-MBV9GtRYS9_YaGt669vuU4SPcAGGU3KsWs', '2023-06-21 09:40:48.720330'),
('drgxngwfde031sdazh1bizbxst2at3m4', '.eJxVi0sKwjAQQO-StZROJs3HpeARXIfpZEKKWsE2K-ndG6EL3b7PR0Wqa4l1kXeckjorrU6_bCS-y_wVxPyq89odpLs-aXrcWnM5kr-v0FLaBJqcNw6yMRRYCA0mzDha471GAQspOAkZ3UC-sT7zYG1GDQGZoFfbDpnwM48:1q6TvG:v7Kiy6FCUsGbPK8NmcxNZdz6Kf907XccBa5vQ7Fax08', '2023-06-20 10:28:18.496116'),
('dszq7frfwp83qs3nmama3zb6mk6ga9xf', '.eJxVi0sKwjAQQO-StZROJs3HpeARXIfpZEKKWsE2K-ndG6EL3b7PR0Wqa4l1kXeckjorrU6_bCS-y_wVxPyq89odpLs-aXrcWnM5kr-v0FLaBJqcNw6yMRRYCA0mzDha471GAQspOAkZ3UC-sT7zYG1GDQGZoFfbDpnwM48:1q6mts:NKDHDazU39Zi3PuJ_hxpyVBKkdEi-R94MBZAIppqMzg', '2023-06-21 06:44:08.187841'),
('dvvkl2ui6t3mwdvs3rgu6ynnae2ufczs', '.eJxVi0sKwjAQQO-StZROJs3HpeARXIfpZEKKWsE2K-ndG6EL3b7PR0Wqa4l1kXeckjorrU6_bCS-y_wVxPyq89odpLs-aXrcWnM5kr-v0FLaBJqcNw6yMRRYCA0mzDha471GAQspOAkZ3UC-sT7zYG1GDQGZoFfbDpnwM48:1q6rhW:Qn0zTZ_E_o111vXroyidSFn5xymureZ41KqGS9QkEcc', '2023-06-21 11:51:42.211524'),
('dw2273wc8dwvs7sffbt5byq8nunqrvmu', '.eJxVi0sKwjAQQO-StZROJs3HpeARXIfpZEKKWsE2K-ndG6EL3b7PR0Wqa4l1kXeckjorrU6_bCS-y_wVxPyq89odpLs-aXrcWnM5kr-v0FLaBJqcNw6yMRRYCA0mzDha471GAQspOAkZ3UC-sT7zYG1GDQGZoFfbDpnwM48:1q6qFO:e_yVEHyUqA2CFJjN2TIsGYAnpwyE8ZAZVRH-TDCpI6U', '2023-06-21 10:18:34.170824'),
('dx5f5jywe0jkce9ctp2e5xbq0x1iwtvm', '.eJxVi70KwjAQgN8ls5S7tJc0joKP4BwulxwpagXbTOK7W6GDrt_Py0Rua41tKc84ZXM0aA6_LLFcy_wVLPJo89rtpDvfebpdtua0J39f5aVuU0H1MvpMmogdiSjo2IMNrEiKGUKgPPRWlaAAWl-gHxwwJnDEJOb9AcYbNGA:1q3ov8:y9cArpgqMs_l8JGpMATlw-naPHVIrxm6bkacOYbTn3k', '2023-06-13 02:17:10.342105'),
('dx6gcdsme5s91qoq7aj8ywxhzyrkfomt', '.eJxVi80KwjAMgN-lZxkr2drEo-AjeC5pk9ChTnDrSXx3J-yg1-_n5RK3taa26DNN4o5ucIdflrlcdf4KLuXR5rXbSXe-83S7bM1pT_6-ykvdJvQgvRgjBEHJijJYAFP1vrBRBAwDZQ5jVjIAQymgPSHGkTUSufcH2uU1NQ:1q6r7c:HUPKLQp3vrmy_e__cc4P-WZQoj1S_lO4EOfyzxq5YEc', '2023-06-21 11:14:36.105280'),
('dz4r7og0m84yl9ze5qeywaofz0w551z9', '.eJxVi0sKwjAQQO-StZROJs3HpeARXIfpZEKKWsE2K-ndG6EL3b7PR0Wqa4l1kXeckjorrU6_bCS-y_wVxPyq89odpLs-aXrcWnM5kr-v0FLaBJqcNw6yMRRYCA0mzDha471GAQspOAkZ3UC-sT7zYG1GDQGZoFfbDpnwM48:1q6qBE:Ch3qETUPZVGHRtA-EpV2salgG_yuJeHKuNgm9Ek4DzE', '2023-06-21 10:14:16.753531'),
('e37px457uwy774efr0qqja5dvw7sya67', '.eJxVi0sKwjAQQO8yaylO_nEpeATXYTKTkKJWaJuVeHcrdKHb93lBor621Jcyp1HgBBjh8Asz8a1MX0PMzz6tw06Gy4PG-3Vrznvy9zVa2jZZIW8z-hKMZg7CupairBOvxCEGpWKkesRQ0ZB3JmbUujrMpMiJFXh_AOCeNKk:1q6qMO:b-oVd9ewo2-Wl6gjulpTD3RiS2vOoGR-gpC__I0UN4g', '2023-06-21 10:25:48.499633'),
('e7xu6wqni4uadfom6z2sz13vewtht8bk', '.eJxVi0sKwjAQhu-StZQ8pjVxKXgE12Em-UOKWqFtVuLdrdCFbr_HS0Vua41twRzHrE6K1OGXCacbpq_glJ5tWruddJcHj_fr1pz35O-rvNRtyvBERvdmKOQMC4AeJYTC1kMSiLO1WsoR7B0gWtOgIZSSdU4C1PsD3K01sg:1q3vGT:Su0dhhn5S4Cy4Z0UQEE7sYWZBGkvOwL3S0-jeZUjXck', '2023-06-13 09:03:37.377337'),
('e87dhszrola0wrc8yniwdqhwragcfiop', '.eJxVi0sKwjAQQO-StZROJs3HpeARXIfpZEKKWsE2K-ndG6EL3b7PR0Wqa4l1kXeckjorrU6_bCS-y_wVxPyq89odpLs-aXrcWnM5kr-v0FLaBJqcNw6yMRRYCA0mzDha471GAQspOAkZ3UC-sT7zYG1GDQGZoFfbDpnwM48:1q6Ejn:j2VeJmaxmo-dd9w3_RT4BX0SpKO6V2HpWZiNoNg8Kss', '2023-06-19 18:15:27.860996'),
('e9hmecln83bwgjds7r35fn4zy1ea3jmh', '.eJxVi0kKwjAUQO-StZT6883gUvAIrsMfElLUCrZZiXc3Qhe6fcPLJGprTW3JzzSpORoAs_uFTHLN89eQyKPN67CR4Xyn6XbpzWlL_r5KS-3T6EVyGbGUHCyiPTAyqYpjzi46BfbAWUPBvY_ERXyAYmPsg5IimPcHEHM2NA:1q5jaG:ds1wPVTaxmpSE_VLatXdH2R51VVsiH9xKcDsqq833Q4', '2023-06-18 08:59:32.401513'),
('efpob5tav5uwwx3orbqlv141bbvcjwt0', '.eJxVi70OwiAQgN-F2TQHB1dxNPERnMlxQGjUmrRlMr5726SDrt_PRwVuSw1tzlMYkroo3avTL4wsjzzuhkXebVy6g3S3Fw_P-9Zcj-TvqzzXbcrIaBCiYW2ppAQOwHkDDILalrMHgB58iZGMsT5pDeIskSNCZBL1XQGunzMp:1q6SWq:n99h3VWuhSl25aCOmYkLp2V6GDWOXfzPQd9CC1OX--o', '2023-06-20 08:59:00.465365'),
('eg1j0kvbld3inuwgvngeqx0i3fvhv0rl', '.eJxVi0sKwjAQQO-StZROJs3HpeARXIfpZEKKWsE2K-ndG6EL3b7PR0Wqa4l1kXeckjorrU6_bCS-y_wVxPyq89odpLs-aXrcWnM5kr-v0FLaBJqcNw6yMRRYCA0mzDha471GAQspOAkZ3UC-sT7zYG1GDQGZoFfbDpnwM48:1q6EwH:DIdt9kkEBVbG4OEFSBVkLoMziCD08pBOBSg619XC87A', '2023-06-19 18:28:21.464376'),
('ej9f4i0lghkdxkrqyts5t6aslxxfto0s', '.eJxVi70KwjAQgN8ls5S7tJc0joKP4BwulxwpagXbTOK7W6GDrt_Py0Rua41tKc84ZXM0aA6_LLFcy_wVLPJo89rtpDvfebpdtua0J39f5aVuU0H1MvpMmogdiSjo2IMNrEiKGUKgPPRWlaAAWl-gHxwwJnDEJOb9AcYbNGA:1q4FqD:J3Ll1rgdiJAuASsufMQv-V6-cSL3iOXGRyoYCV8mxl0', '2023-06-14 07:01:53.376970'),
('emoujsr8yuu86fthiutk4zovs5vo64k4', '.eJxVi0sKwjAQQO-StZROJs3HpeARXIfpZEKKWsE2K-ndG6EL3b7PR0Wqa4l1kXeckjorrU6_bCS-y_wVxPyq89odpLs-aXrcWnM5kr-v0FLaBJqcNw6yMRRYCA0mzDha471GAQspOAkZ3UC-sT7zYG1GDQGZoFfbDpnwM48:1q6ouc:Z3uD-W1RtuTovd8w9t--BAXdJ3w1LdrzAYP1BIqlx5Y', '2023-06-21 08:53:02.628294'),
('enl9t2uk6o4zvuou1lg0j5pei4yxyf8d', '.eJxVi70KwjAQgN8ls5S7tJc0joKP4BwulxwpagXbTOK7W6GDrt_Py0Rua41tKc84ZXM0aA6_LLFcy_wVLPJo89rtpDvfebpdtua0J39f5aVuU0H1MvpMmogdiSjo2IMNrEiKGUKgPPRWlaAAWl-gHxwwJnDEJOb9AcYbNGA:1q6TBC:FtH9G106rgdi9_GXfhy8boPrLiFJNSxCEdmiat_DthE', '2023-06-20 09:40:42.257741'),
('erayxb2thtf8j93jfu0yevg12pa6ohhg', '.eJxVi70OwiAQgN-F2TQHB1dxNPERnMlxQGjUmrRlMr5726SDrt_PRwVuSw1tzlMYkroo3avTL4wsjzzuhkXebVy6g3S3Fw_P-9Zcj-TvqzzXbcrIaBCiYW2ppAQOwHkDDILalrMHgB58iZGMsT5pDeIskSNCZBL1XQGunzMp:1q6Stz:vtLMWGG_V8UVC8FWdw9qqYXQVmsJnwy4sMDfy33cFsE', '2023-06-20 09:22:55.089566'),
('esmwiziosmdtpl7i90ciglrhefibbe1u', '.eJxVi70KwjAQgN8ls5S7tJc0joKP4BwulxwpagXbTOK7W6GDrt_Py0Rua41tKc84ZXM0aA6_LLFcy_wVLPJo89rtpDvfebpdtua0J39f5aVuU0H1MvpMmogdiSjo2IMNrEiKGUKgPPRWlaAAWl-gHxwwJnDEJOb9AcYbNGA:1q3Ye6:VlBJ2w9EcebuG4jCN77BbSgG5YHOpvw_ZJJNnRVa44I', '2023-06-12 08:54:30.217468'),
('etybekzxv26v8enbxcesali7ppf3cyxx', '.eJxVi70KwjAQgN8ls5S7tJc0joKP4BwulxwpagXbTOK7W6GDrt_Py0Rua41tKc84ZXM0aA6_LLFcy_wVLPJo89rtpDvfebpdtua0J39f5aVuU0H1MvpMmogdiSjo2IMNrEiKGUKgPPRWlaAAWl-gHxwwJnDEJOb9AcYbNGA:1q4JRl:iy03KnGGqun2Y7ivYXC-KkaT2p4cDsFLRMndt1a3rio', '2023-06-14 10:52:53.685327'),
('ezaw3m5lnq5zwijmxkwz6zfyh5x1nfyr', '.eJxVi0sKwjAQQO-StZROJs3HpeARXIfpZEKKWsE2K-ndG6EL3b7PR0Wqa4l1kXeckjorrU6_bCS-y_wVxPyq89odpLs-aXrcWnM5kr-v0FLaBJqcNw6yMRRYCA0mzDha471GAQspOAkZ3UC-sT7zYG1GDQGZoFfbDpnwM48:1q6dRA:dFiD-yGBMuO78kE5xJWS5-6zpYEBAbYXkJVDJNM7JOs', '2023-06-20 20:37:52.350113'),
('f205aggpqml4c3v803ff448lmjpve1by', '.eJxVi0sKwjAQQO8yaylO_nEpeATXYTKTkKJWaJuVeHcrdKHb93lBor621Jcyp1HgBBjh8Asz8a1MX0PMzz6tw06Gy4PG-3Vrznvy9zVa2jZZIW8z-hKMZg7CupairBOvxCEGpWKkesRQ0ZB3JmbUujrMpMiJFXh_AOCeNKk:1q6rhH:9usjOAR-ev9H1sLOcPhX5KWJhVVSLSTdODyaMsr5Blw', '2023-06-21 11:51:27.373173'),
('f23p25wbz6tlw5ftpcsv8ijp7xznb06w', '.eJxVi8sKwjAQRf8layl5Ncm4FPwE12EmmZCiVrDNSvrvjdCFri6ce85HRGxrjW3hd5yyOAvtxekXEqY7z98HU3q1eR0OMlyfOD1u3bkcyl9Xcak9IgbI6ElJW6wqiSzovnLUxFyCM1DyaACM4pxRe-28cSGAL4ZYBhbbDuoQNMY:1q6StE:-kSCoNWXrTvAVDPNpZO4WKCmDICstUk8IWuWYxd_CXw', '2023-06-20 09:22:08.727069'),
('f38qu3rvwlb915up75mjphxetnu2e1kj', '.eJxVi0sKwjAQQO-StZROJs3HpeARXIfpZEKKWsE2K-ndG6EL3b7PR0Wqa4l1kXeckjorrU6_bCS-y_wVxPyq89odpLs-aXrcWnM5kr-v0FLaBJqcNw6yMRRYCA0mzDha471GAQspOAkZ3UC-sT7zYG1GDQGZoFfbDpnwM48:1q4ggv:6VyuEzqQhpZqYj09SLaXqaGb4a_UJsjYwBGkfIXEI1U', '2023-06-15 11:42:05.429650'),
('f4f4f5n3iblx28jnt1rmrd9i6mmqy6rv', '.eJxVjDEOwjAMRe-SGVUusaOUEYkjdI4c21UqoEi0mRB3h0od2vX99_7HJa5LSXW2dxrVXVxwpz3LLHeb1oFFXnVamo00tyePj_7vXDfl0BWey_rmMWbtiEigJUBlr0DEEXLwkAc6IzFKDkPLJgGgsyiIaqpkoOC-P6JnNIg:1q6rim:kNNvRWqsc2hFKeDkaW4Ds9ti-tF-AJ3fNR9se7PH7dM', '2023-06-21 11:53:00.140926'),
('f8gew30l3owm90sjy7s6fj8gp22j64eb', '.eJxVi0sKwjAQQO-StZTmMzFxKXgE12FmMiFFrdA2K_HuRuhCt-_zUgnbVlNbZUlTVifl1eGXEfJN5q9A5mebt2Enw-WB0_3am_Oe_H0V19onCESQvXUQrBESU9BkEMaAdmTWpEVG4xhQwNnoegzReDrqyEUXr94fzqI0-Q:1q4EJG:EUuKSv4STVoZHfpJiHNCmubzT8hu4_T61HK1X2NTlUk', '2023-06-14 05:23:46.813373'),
('falpf0ypmr3vbz8hpd2dolzyzqv15gek', '.eJxVi70KwjAQgN8ls5S7tJc0joKP4BwulxwpagXbTOK7W6GDrt_Py0Rua41tKc84ZXM0aA6_LLFcy_wVLPJo89rtpDvfebpdtua0J39f5aVuU0H1MvpMmogdiSjo2IMNrEiKGUKgPPRWlaAAWl-gHxwwJnDEJOb9AcYbNGA:1q5jnh:gdg1U8OkIvBfcu0aPZ1Izh7ipfC1C__NKkoANpWk6s8', '2023-06-18 09:13:25.156568'),
('fdex3xjp8s54lmwkr94y24ndw8chx3jm', '.eJxVi0sKwjAQQO-StZROJs3HpeARXIfpZEKKWsE2K-ndG6EL3b7PR0Wqa4l1kXeckjorrU6_bCS-y_wVxPyq89odpLs-aXrcWnM5kr-v0FLaBJqcNw6yMRRYCA0mzDha471GAQspOAkZ3UC-sT7zYG1GDQGZoFfbDpnwM48:1q6cef:KiroT7IS8ko8UsTjtOns5vRrmdv_LwxCTpUWd8eoOPY', '2023-06-20 19:47:45.477484'),
('ffjwylaztw59y2a07mxe18i5ah90zrqo', '.eJxVi0sKwjAQQO-StZROJs3HpeARXIfpZEKKWsE2K-ndG6EL3b7PR0Wqa4l1kXeckjorrU6_bCS-y_wVxPyq89odpLs-aXrcWnM5kr-v0FLaBJqcNw6yMRRYCA0mzDha471GAQspOAkZ3UC-sT7zYG1GDQGZoFfbDpnwM48:1q3YiS:iOg5uVVbWQVA97qnkluhJ631Ic0bFcVanu8VSw-67T8', '2023-06-12 08:59:00.407298'),
('fpa2uxqeplkdwc2cpikelgrm8qpijz9h', '.eJxVi80KwjAMgN-lZxkr2drEo-AjeC5pk9ChTnDrSXx3J-yg1-_n5RK3taa26DNN4o5ucIdflrlcdf4KLuXR5rXbSXe-83S7bM1pT_6-ykvdJvQgvRgjBEHJijJYAFP1vrBRBAwDZQ5jVjIAQymgPSHGkTUSufcH2uU1NQ:1q6mxk:ao0Vkuao-OD9aIQAB7egW3hk1QGIYBuy37dC_oPP2TU', '2023-06-21 06:48:08.987634'),
('frc6kr306hw4xl1xgxjfwiweepsot6gv', '.eJxVi0sKwjAQQO-StZTmMzFxKXgE12FmMiFFrdA2K_HuRuhCt-_zUgnbVlNbZUlTVifl1eGXEfJN5q9A5mebt2Enw-WB0_3am_Oe_H0V19onCESQvXUQrBESU9BkEMaAdmTWpEVG4xhQwNnoegzReDrqyEUXr94fzqI0-Q:1q3Yln:mXy6CQeZFnBB8T1uMW9Q7-kwNDRcscwAdjijPLJzFDA', '2023-06-12 09:02:27.213159'),
('frmxd4fjxz9iljro8fzdhsibe0ulhrni', '.eJxVi0sKwjAQQO-StZROJs3HpeARXIfpZEKKWsE2K-ndG6EL3b7PR0Wqa4l1kXeckjorrU6_bCS-y_wVxPyq89odpLs-aXrcWnM5kr-v0FLaBJqcNw6yMRRYCA0mzDha471GAQspOAkZ3UC-sT7zYG1GDQGZoFfbDpnwM48:1q6qoN:iVlZfmbHQq5ZmfR6ISwVGuwIo-PwIoK4Ijeefkko_2A', '2023-06-21 10:54:43.541325'),
('frvsnga6lh47m9ddgrnd8f8x00ej9zvv', '.eJxVi0sKwjAQQO-StZROJs3HpeARXIfpZEKKWsE2K-ndG6EL3b7PR0Wqa4l1kXeckjorrU6_bCS-y_wVxPyq89odpLs-aXrcWnM5kr-v0FLaBJqcNw6yMRRYCA0mzDha471GAQspOAkZ3UC-sT7zYG1GDQGZoFfbDpnwM48:1q6ozF:BLWSNlVZtiQBWSaZff9kJLUIAfiy04R3-fjJwPcpLxg', '2023-06-21 08:57:49.252767'),
('g42iogyq5c1z54yl6c48x808kjnlphj9', '.eJxVi70KwjAQgN8ls5S7tJc0joKP4BwulxwpagXbTOK7W6GDrt_Py0Rua41tKc84ZXM0aA6_LLFcy_wVLPJo89rtpDvfebpdtua0J39f5aVuU0H1MvpMmogdiSjo2IMNrEiKGUKgPPRWlaAAWl-gHxwwJnDEJOb9AcYbNGA:1q6SxS:hCJ_eP-ejSlXIFFWprVVcv-pBbNvpvqG24HgAdueepg', '2023-06-20 09:26:30.731011'),
('g5jow6inqenpijwue0dye9qpimb86oax', '.eJxVi0sKwjAQQO-StZROJs3HpeARXIfpZEKKWsE2K-ndG6EL3b7PR0Wqa4l1kXeckjorrU6_bCS-y_wVxPyq89odpLs-aXrcWnM5kr-v0FLaBJqcNw6yMRRYCA0mzDha471GAQspOAkZ3UC-sT7zYG1GDQGZoFfbDpnwM48:1q6qBj:S3cnOqs2TLYuKUEvdcud5Fl1KlwkBWyxArlYixDwzN4', '2023-06-21 10:14:47.951919'),
('g9c4zw61gb95jjfukuejpamkqo2sziv0', '.eJxVi70KwjAQgN8ls5S7tJc0joKP4BwulxwpagXbTOK7W6GDrt_Py0Rua41tKc84ZXM0aA6_LLFcy_wVLPJo89rtpDvfebpdtua0J39f5aVuU0H1MvpMmogdiSjo2IMNrEiKGUKgPPRWlaAAWl-gHxwwJnDEJOb9AcYbNGA:1q3stX:pUVFfEKF261-kFnnN20ejjxCW7b5JGDO0FA3ChGQVzE', '2023-06-13 06:31:47.735060'),
('g9jxnuwuvviv6ig8ri1kg5eepxe86nu7', '.eJxVi70OwiAQgN-F2TQHB1dxNPERnMlxQGjUmrRlMr5726SDrt_PRwVuSw1tzlMYkroo3avTL4wsjzzuhkXebVy6g3S3Fw_P-9Zcj-TvqzzXbcrIaBCiYW2ppAQOwHkDDILalrMHgB58iZGMsT5pDeIskSNCZBL1XQGunzMp:1q6EjC:zBDuBgmM3xwUh7T_Or826uxwGZINTI0ceS0HxC1B_dM', '2023-06-19 18:14:50.828227'),
('gbiz4r11sv2gi0tly927nq7ep0g3vmrq', '.eJxVi70KwjAQgN8ls5S7tJc0joKP4BwulxwpagXbTOK7W6GDrt_Py0Rua41tKc84ZXM0aA6_LLFcy_wVLPJo89rtpDvfebpdtua0J39f5aVuU0H1MvpMmogdiSjo2IMNrEiKGUKgPPRWlaAAWl-gHxwwJnDEJOb9AcYbNGA:1q5kBp:dCwsU1GbLUy7FjDzyRbiC0sJyBsyVxYXhF6f93LooAY', '2023-06-18 09:38:21.581640'),
('gi1r8hg9l33vyvamnqy7kou84t40k6t4', '.eJxVi0sKwjAQQO-StZROJs3HpeARXIfpZEKKWsE2K-ndG6EL3b7PR0Wqa4l1kXeckjorrU6_bCS-y_wVxPyq89odpLs-aXrcWnM5kr-v0FLaBJqcNw6yMRRYCA0mzDha471GAQspOAkZ3UC-sT7zYG1GDQGZoFfbDpnwM48:1q6ni7:ASn2LCY71bN5N6p1RMDgj947vsONvh_egOxFPNuG77g', '2023-06-21 07:36:03.887956'),
('giqhfp38ae6gg54ay565ue7rstdveth0', '.eJxVjDEOwjAMRe-SGVUusaOUEYkjdI4c21UqoEi0mRB3h0od2vX99_7HJa5LSXW2dxrVXVxwpz3LLHeb1oFFXnVamo00tyePj_7vXDfl0BWey_rmMWbtiEigJUBlr0DEEXLwkAc6IzFKDkPLJgGgsyiIaqpkoOC-P6JnNIg:1q6oei:UFat-qOXvJ4HvM0KIeBzbkrM1hw5htKAH40rc-NddiA', '2023-06-21 08:36:36.821278'),
('gm6o6vz2tgraywg1fzwnvfgzoryq69s4', '.eJxVi70KwjAQgN8ls5S7tJc0joKP4BwulxwpagXbTOK7W6GDrt_Py0Rua41tKc84ZXM0aA6_LLFcy_wVLPJo89rtpDvfebpdtua0J39f5aVuU0H1MvpMmogdiSjo2IMNrEiKGUKgPPRWlaAAWl-gHxwwJnDEJOb9AcYbNGA:1q4ckq:RX5sZeBOqBAdoLueSny0v0h1Owwd5qJqtGvFywISE8g', '2023-06-15 07:29:52.541099'),
('gn0b46t6tp94979ybx53imnhcuo7l02d', '.eJxVi80KwjAMgN-lZxkr2drEo-AjeC5pk9ChTnDrSXx3J-yg1-_n5RK3taa26DNN4o5ucIdflrlcdf4KLuXR5rXbSXe-83S7bM1pT_6-ykvdJvQgvRgjBEHJijJYAFP1vrBRBAwDZQ5jVjIAQymgPSHGkTUSufcH2uU1NQ:1q6rE5:AUYNTiw4xC2i-nIpP4pz5kKnW2TKVYREgs3j3JjuTik', '2023-06-21 11:21:17.988199'),
('h31ott46jemqs4xmy3gwkwx15s1u6u3c', '.eJxVi70OwiAQgN-F2TQHB1dxNPERnMlxQGjUmrRlMr5726SDrt_PRwVuSw1tzlMYkroo3avTL4wsjzzuhkXebVy6g3S3Fw_P-9Zcj-TvqzzXbcrIaBCiYW2ppAQOwHkDDILalrMHgB58iZGMsT5pDeIskSNCZBL1XQGunzMp:1q6ouA:TERd0XHQz3QX9gLlST9SNS2Obee_NN0odvrfC_Y-Lm4', '2023-06-21 08:52:34.973134'),
('h33ddcnay2xo0umwq557caaiczdvwwa2', '.eJxVi70KwjAQgN8ls5S7tJc0joKP4BwulxwpagXbTOK7W6GDrt_Py0Rua41tKc84ZXM0aA6_LLFcy_wVLPJo89rtpDvfebpdtua0J39f5aVuU0H1MvpMmogdiSjo2IMNrEiKGUKgPPRWlaAAWl-gHxwwJnDEJOb9AcYbNGA:1q6QMM:KKqE-CFIx65nIjqVuNbGSdS47qQ8d4h7opnkjMpVFHc', '2023-06-20 06:40:02.845131'),
('h5ldg3ha320ns7gk05j5zuiwr8gelkbt', '.eJxVi0sKwjAQQO-StZROJs3HpeARXIfpZEKKWsE2K-ndG6EL3b7PR0Wqa4l1kXeckjorrU6_bCS-y_wVxPyq89odpLs-aXrcWnM5kr-v0FLaBJqcNw6yMRRYCA0mzDha471GAQspOAkZ3UC-sT7zYG1GDQGZoFfbDpnwM48:1q65D8:K0AOGVTD9OHNh3EN5tCPYO1Im95rGxVY_vl3j0Eb4JY', '2023-06-19 08:05:06.626535'),
('h6rh79oapjuzn0wqhthaz2d5spaisfaa', '.eJxVi0sKwjAQQO8yaylO_nEpeATXYTKTkKJWaJuVeHcrdKHb93lBor621Jcyp1HgBBjh8Asz8a1MX0PMzz6tw06Gy4PG-3Vrznvy9zVa2jZZIW8z-hKMZg7CupairBOvxCEGpWKkesRQ0ZB3JmbUujrMpMiJFXh_AOCeNKk:1q6orp:WPCmgGbni5_B9qsREpcioehSGIPdm72ZnnpGFfHPsaM', '2023-06-21 08:50:09.850523'),
('he30ur7vu2sxs9czswgzoqo19afsrsjh', '.eJxVi0sKwjAQQO-StZROJs3HpeARXIfpZEKKWsE2K-ndG6EL3b7PR0Wqa4l1kXeckjorrU6_bCS-y_wVxPyq89odpLs-aXrcWnM5kr-v0FLaBJqcNw6yMRRYCA0mzDha471GAQspOAkZ3UC-sT7zYG1GDQGZoFfbDpnwM48:1q4lse:sdpe1Rx9cGE3dAPBok_zO_htRbI21OYoqYVkh17v2EA', '2023-06-15 17:14:32.532941'),
('he66zev3w3q6087y6yqkhykx8x2tl2d9', '.eJxVi70OwiAQgN-F2TQHB1dxNPERnMlxQGjUmrRlMr5726SDrt_PRwVuSw1tzlMYkroo3avTL4wsjzzuhkXebVy6g3S3Fw_P-9Zcj-TvqzzXbcrIaBCiYW2ppAQOwHkDDILalrMHgB58iZGMsT5pDeIskSNCZBL1XQGunzMp:1q6jkd:DXIqYuvrWRt7SD6fWA_AR-KVL21Rpa2esseZ9nHiNfg', '2023-06-21 03:22:23.337597'),
('hhm64jbkvuj41whymt1d2sqtlmttwoi9', '.eJxVi0sKwjAQQO-StZROJs3HpeARXIfpZEKKWsE2K-ndG6EL3b7PR0Wqa4l1kXeckjorrU6_bCS-y_wVxPyq89odpLs-aXrcWnM5kr-v0FLaBJqcNw6yMRRYCA0mzDha471GAQspOAkZ3UC-sT7zYG1GDQGZoFfbDpnwM48:1q4KhB:11qoevmpWLA38a561YPBBwRRJbwunFUW81azL3TcU_c', '2023-06-14 12:12:53.090624'),
('hj8ym2mdsixwjlkbvmeefemw17753z0c', '.eJxVi0sKwjAQQO-StZROJs3HpeARXIfpZEKKWsE2K-ndG6EL3b7PR0Wqa4l1kXeckjorrU6_bCS-y_wVxPyq89odpLs-aXrcWnM5kr-v0FLaBJqcNw6yMRRYCA0mzDha471GAQspOAkZ3UC-sT7zYG1GDQGZoFfbDpnwM48:1q6qcC:3r3uV6dvMypNK-2Z-9x7wFvmmlYjfENpgZaNrfb-huU', '2023-06-21 10:42:08.931096'),
('hlb59xjkkoiyuhw1xhd0tioivf9gn9pa', '.eJxVi0sKwjAQQO-StZROJs3HpeARXIfpZEKKWsE2K-ndG6EL3b7PR0Wqa4l1kXeckjorrU6_bCS-y_wVxPyq89odpLs-aXrcWnM5kr-v0FLaBJqcNw6yMRRYCA0mzDha471GAQspOAkZ3UC-sT7zYG1GDQGZoFfbDpnwM48:1q6rJP:eEhGhrGrRWM5g0M0i1rRw_kB4NhPXAbU6xp19q4CpPc', '2023-06-21 11:26:47.831924'),
('hmwxk0ifs4isve04pz2d8i9kn6px1gvm', '.eJxVi70OwiAQgN-F2TQHB1dxNPERnMlxQGjUmrRlMr5726SDrt_PRwVuSw1tzlMYkroo3avTL4wsjzzuhkXebVy6g3S3Fw_P-9Zcj-TvqzzXbcrIaBCiYW2ppAQOwHkDDILalrMHgB58iZGMsT5pDeIskSNCZBL1XQGunzMp:1q6PIh:juU7yJpbKsjdxlFtNZHBuWf7Joa9RMuGQdQE_1T8RgQ', '2023-06-20 05:32:11.524281'),
('hnw6to2hcp2v7me8zfzrozaef4nfxa9c', '.eJxVi0sKwjAQQO-StZROJs3HpeARXIfpZEKKWsE2K-ndG6EL3b7PR0Wqa4l1kXeckjorrU6_bCS-y_wVxPyq89odpLs-aXrcWnM5kr-v0FLaBJqcNw6yMRRYCA0mzDha471GAQspOAkZ3UC-sT7zYG1GDQGZoFfbDpnwM48:1q6ojt:YFgM2vUzjvPckSt1ya-iZ3MBnTwQUMtD6H8ufE9Owcg', '2023-06-21 08:41:57.573678'),
('hoevn7j1f1xlu1zoixmcv8x8zlw0c8si', '.eJxVi0sKwjAQQO-StZROJs3HpeARXIfpZEKKWsE2K-ndG6EL3b7PR0Wqa4l1kXeckjorrU6_bCS-y_wVxPyq89odpLs-aXrcWnM5kr-v0FLaBJqcNw6yMRRYCA0mzDha471GAQspOAkZ3UC-sT7zYG1GDQGZoFfbDpnwM48:1q6ohh:ic6hCfibMeP5H_26kKk76LBFEiCn_70-nK3rSmUlK-Y', '2023-06-21 08:39:41.745137'),
('hpd77dei82qh03sp2o4rlyx8go7izo0n', '.eJxVjDEOwjAMRe-SGVUusaOUEYkjdI4c21UqoEi0mRB3h0od2vX99_7HJa5LSXW2dxrVXVxwpz3LLHeb1oFFXnVamo00tyePj_7vXDfl0BWey_rmMWbtiEigJUBlr0DEEXLwkAc6IzFKDkPLJgGgsyiIaqpkoOC-P6JnNIg:1q4xOV:iCP5iusk8hzwgEWEpJWysmwXAPrvJ31aqufe6X41OOM', '2023-06-16 05:32:11.135731'),
('hrlx8ywx3vqdtfmppp6k63nyantxf4zt', '.eJxVi0sKwjAQQO-StZROJs3HpeARXIfpZEKKWsE2K-ndG6EL3b7PR0Wqa4l1kXeckjorrU6_bCS-y_wVxPyq89odpLs-aXrcWnM5kr-v0FLaBJqcNw6yMRRYCA0mzDha471GAQspOAkZ3UC-sT7zYG1GDQGZoFfbDpnwM48:1q4aVA:N-yLShUkIq0tSG1Eq0HTNlESOjjHEXHJHQmqHLjjRoE', '2023-06-15 05:05:32.268907'),
('hszxntzxygm09mwjlii7klt3ya0tfxmo', '.eJxVi0sKwjAQQO8yaylO_nEpeATXYTKTkKJWaJuVeHcrdKHb93lBor621Jcyp1HgBBjh8Asz8a1MX0PMzz6tw06Gy4PG-3Vrznvy9zVa2jZZIW8z-hKMZg7CupairBOvxCEGpWKkesRQ0ZB3JmbUujrMpMiJFXh_AOCeNKk:1q6pBQ:LW1m6rsjANcWRkaYwQnRytZzmvs3tObZM7cqdHl83Lk', '2023-06-21 09:10:24.005312'),
('hx94jb6uxj2fs4kb87sgc6qtisuvjanp', '.eJxVi70KwjAQgN8ls5S7tJc0joKP4BwulxwpagXbTOK7W6GDrt_Py0Rua41tKc84ZXM0aA6_LLFcy_wVLPJo89rtpDvfebpdtua0J39f5aVuU0H1MvpMmogdiSjo2IMNrEiKGUKgPPRWlaAAWl-gHxwwJnDEJOb9AcYbNGA:1q6jSO:JDHY1r44hOFyEfxJp6cuzpkIzNCRRtrYB4YA2IOuCiM', '2023-06-21 03:03:32.558685'),
('hzasbacbemszip2wl6l7k01ureo487zi', '.eJxVi80KwjAMgN-lZxkr2drEo-AjeC5pk9ChTnDrSXx3J-yg1-_n5RK3taa26DNN4o5ucIdflrlcdf4KLuXR5rXbSXe-83S7bM1pT_6-ykvdJvQgvRgjBEHJijJYAFP1vrBRBAwDZQ5jVjIAQymgPSHGkTUSufcH2uU1NQ:1q6pH8:d3LecRHM9NiAHdMbAi4IGXelurpewKMfwvH19AvO-xQ', '2023-06-21 09:16:18.224163'),
('hzex4j20u30lr861e9lv2ek2lddfykjo', '.eJxVi70KwjAQgN8ls5S7tJc0joKP4BwulxwpagXbTOK7W6GDrt_Py0Rua41tKc84ZXM0aA6_LLFcy_wVLPJo89rtpDvfebpdtua0J39f5aVuU0H1MvpMmogdiSjo2IMNrEiKGUKgPPRWlaAAWl-gHxwwJnDEJOb9AcYbNGA:1q3aXC:_LTinfSR6_UsqzbcwV9BLJoTGWyOLCuH9ioZZWlVEEY', '2023-06-12 10:55:30.137976'),
('hzrnslsat4tyfod94ll1uohgo0fbxpk4', '.eJxVi70KwjAQgN8ls5S7tJc0joKP4BwulxwpagXbTOK7W6GDrt_Py0Rua41tKc84ZXM0aA6_LLFcy_wVLPJo89rtpDvfebpdtua0J39f5aVuU0H1MvpMmogdiSjo2IMNrEiKGUKgPPRWlaAAWl-gHxwwJnDEJOb9AcYbNGA:1q4aYQ:12AZ4PqjAQR-6asEDWmykweJuGw78Uch0u6qi-3Dask', '2023-06-15 05:08:54.162770'),
('i3rbew1k6hgi10x2sc1xwvebbqspvlhh', '.eJxVi0sKwjAQQO-StZROJs3HpeARXIfpZEKKWsE2K-ndG6EL3b7PR0Wqa4l1kXeckjorrU6_bCS-y_wVxPyq89odpLs-aXrcWnM5kr-v0FLaBJqcNw6yMRRYCA0mzDha471GAQspOAkZ3UC-sT7zYG1GDQGZoFfbDpnwM48:1q4xJP:GKh7Fc2rFcyAjwMynQmkh_XSnTsv_c3_PVZSKOcOcFk', '2023-06-16 05:26:55.064585'),
('i51calcc5z3py2j54i6tnyiqoskh4jsj', '.eJxViz0OwjAMRu_iGVUmTkrMiMQRmCPXcZUKKBJtJsTdCVIH2L6f916QpK4l1cWeacpwBA-7320Qvdr8PUT1Uee125bufJfpdmnMaUP-vCJLaZJjUmEOXvYaW3CBI7G2rnlkjJSDY2_BsmCPB2QyswHJ9y7qiAjvD6KaM_M:1q4L0b:F4F23Js5dsxbjQ5hml9EUwWwjVq6EaBetDIXdJyJbj4', '2023-06-14 12:32:57.028249'),
('iarggu54zphip7h5utjbz6csorbg8tub', '.eJxVi0kKwjAUQO-StZT6883gUvAIrsMfElLUCrZZiXc3Qhe6fcPLJGprTW3JzzSpORoAs_uFTHLN89eQyKPN67CR4Xyn6XbpzWlL_r5KS-3T6EVyGbGUHCyiPTAyqYpjzi46BfbAWUPBvY_ERXyAYmPsg5IimPcHEHM2NA:1q5j66:j8zQrGIvxdInSB1iZUr1QU_ybiZteq8zaXpGPCCE2DU', '2023-06-18 08:28:22.546620'),
('iav2wnjhy84bqmvjohvbzkbkltxgz3ws', '.eJxVi80KwjAMgN-lZxkr2drEo-AjeC5pk9ChTnDrSXx3J-yg1-_n5RK3taa26DNN4o5ucIdflrlcdf4KLuXR5rXbSXe-83S7bM1pT_6-ykvdJvQgvRgjBEHJijJYAFP1vrBRBAwDZQ5jVjIAQymgPSHGkTUSufcH2uU1NQ:1q6rkn:8qwwNwmYQLGGVue3_MsFdx-EEBR4u92TsYJ4ws__ceY', '2023-06-21 11:55:05.018211'),
('ib15x9nyydlk15u6s6oy4rqnnohl78z7', '.eJxVi8sKwjAUBf8layn2JmkSl4Kf4DrcV0hRK_SxEv_dCF3o6sCcmZfJuK01b4vOeRRzMs4cfhkh33T6Hsj83Ka120l3eeB4vzbnvCt_XcWltqiQOjtI8egY1MvRFscpUOoBfNGo0SWK1IYH8CwBbFLmHoJYigLm_QHVazUW:1q3tcQ:Uhx0fNASAKRq0Mew4EwvceTPPmM9gJjnlvESjD60pDc', '2023-06-13 07:18:10.117743'),
('ibutwjwsq6cjtq8tao1ot5z1806htcwi', '.eJxVi0sKwjAQQO-StZROJs3HpeARXIfpZEKKWsE2K-ndG6EL3b7PR0Wqa4l1kXeckjorrU6_bCS-y_wVxPyq89odpLs-aXrcWnM5kr-v0FLaBJqcNw6yMRRYCA0mzDha471GAQspOAkZ3UC-sT7zYG1GDQGZoFfbDpnwM48:1q6njp:Vjjj8X0gFtcl7X46aeA7YEKRd7lTfCrlg4IArxcHyj0', '2023-06-21 07:37:49.839273'),
('icfsk4f6kg19oz3iib8obbj4wyy8nnqg', '.eJxVi70KwjAQgN8ls5QzCZeco-AjdA6X3IUUtYJtJvHdrdBB1-_nZRL3taW-6DNNYk7Gojn8wszlqvPXcCmPPq_DTobLnafbuDXnPfn7Gi9tm5RiDJ4yQhXvINZjUCF0DJrReqoC4sCRuohVRTEHJLUFJFjR4s37A9W6NPc:1q6RvN:SEq48Cu0TOj-caSP3WK4233DTfq9Pu5Vqy2VNGy8src', '2023-06-20 08:20:17.776000'),
('ifevn4zx59yedzxs3mrdqkz1xta8p2kg', '.eJxVi0sKwjAQQO-StZROJs3HpeARXIfpZEKKWsE2K-ndG6EL3b7PR0Wqa4l1kXeckjorrU6_bCS-y_wVxPyq89odpLs-aXrcWnM5kr-v0FLaBJqcNw6yMRRYCA0mzDha471GAQspOAkZ3UC-sT7zYG1GDQGZoFfbDpnwM48:1q4EJb:4UxcWijT9uDKZNNDneGx8PIasklrlsQMqMviczUZT4c', '2023-06-14 05:24:07.313267'),
('iiqv1e0p6sol29xf9y8qltakfbrkoa2n', '.eJxVi70OwiAQgN-F2TQHB1dxNPERnMlxQGjUmrRlMr5726SDrt_PRwVuSw1tzlMYkroo3avTL4wsjzzuhkXebVy6g3S3Fw_P-9Zcj-TvqzzXbcrIaBCiYW2ppAQOwHkDDILalrMHgB58iZGMsT5pDeIskSNCZBL1XQGunzMp:1q6VsJ:KvIEHhAvZQAKSqLZXxcTua6oUGi3bvqdWTjZvhdhOJs', '2023-06-20 12:33:23.973988'),
('ilkhihvvo3jtrzokhm8itkiomv40z4l3', '.eJxVi70KwjAQgN8ls5S7tJc0joKP4BwulxwpagXbTOK7W6GDrt_Py0Rua41tKc84ZXM0aA6_LLFcy_wVLPJo89rtpDvfebpdtua0J39f5aVuU0H1MvpMmogdiSjo2IMNrEiKGUKgPPRWlaAAWl-gHxwwJnDEJOb9AcYbNGA:1q4dvK:48IkfiRFcSuNyUD_IdL6vtflBdrGkiMEOteNcteBr80', '2023-06-15 08:44:46.333412'),
('io9v3iuqisiyftcxs3af7713jfwsnt8b', '.eJxVi0sKwjAQQO-StZROJs3HpeARXIfpZEKKWsE2K-ndG6EL3b7PR0Wqa4l1kXeckjorrU6_bCS-y_wVxPyq89odpLs-aXrcWnM5kr-v0FLaBJqcNw6yMRRYCA0mzDha471GAQspOAkZ3UC-sT7zYG1GDQGZoFfbDpnwM48:1q6P22:wKbXzAF65KOtUBvg_1A9xU4g8BPXBGLixOD_A7fl3Pg', '2023-06-20 05:14:58.408654'),
('iqlqpjd0pkjh4z6a8p5838lwjdffhdx0', '.eJxVi70KwjAQgN8ls5QzCZeco-AjdA6X3IUUtYJtJvHdrdBB1-_nZRL3taW-6DNNYk7Gojn8wszlqvPXcCmPPq_DTobLnafbuDXnPfn7Gi9tm5RiDJ4yQhXvINZjUCF0DJrReqoC4sCRuohVRTEHJLUFJFjR4s37A9W6NPc:1q6VOv:Vs1Z7NmYMEvfExRfPoLwgLLg8qs4JPAFyTCNW5q88xo', '2023-06-20 12:03:01.930579'),
('is8rlmg3iiog5vzea471r3o4v2lxuybg', '.eJxVi70OwiAQgN-F2TQHB1dxNPERnMlxQGjUmrRlMr5726SDrt_PRwVuSw1tzlMYkroo3avTL4wsjzzuhkXebVy6g3S3Fw_P-9Zcj-TvqzzXbcrIaBCiYW2ppAQOwHkDDILalrMHgB58iZGMsT5pDeIskSNCZBL1XQGunzMp:1q6rht:Tgq5RvLFUhx5j13XmBid4MaABX6DP5d9mYyX4sdZ424', '2023-06-21 11:52:05.837962'),
('ishfmkbdi4i44sfaouzp7kmn63ovey65', '.eJxVi0sKwjAQQO-StZROJs3HpeARXIfpZEKKWsE2K-ndG6EL3b7PR0Wqa4l1kXeckjorrU6_bCS-y_wVxPyq89odpLs-aXrcWnM5kr-v0FLaBJqcNw6yMRRYCA0mzDha471GAQspOAkZ3UC-sT7zYG1GDQGZoFfbDpnwM48:1q6coR:bOY4bRaAg1eGi_-Gk-DGM-GJ54M5iRyTOl8LzJbxDVI', '2023-06-20 19:57:51.254024'),
('ixs2mgl8mu6mxlcl2zc2qnyi74t5zz6x', '.eJxVi0sKwjAQQO-StZROJs3HpeARXIfpZEKKWsE2K-ndG6EL3b7PR0Wqa4l1kXeckjorrU6_bCS-y_wVxPyq89odpLs-aXrcWnM5kr-v0FLaBJqcNw6yMRRYCA0mzDha471GAQspOAkZ3UC-sT7zYG1GDQGZoFfbDpnwM48:1q4L1W:DUd2Y9e0nhYVGMLDK8GEWuVERG5kn2MjB8Ob6uhJ9xs', '2023-06-14 12:33:54.561514'),
('j0g9ly80kg2f3njowdxtbht88h9ru657', '.eJxVi0sKwjAQQO-StZROJs3HpeARXIfpZEKKWsE2K-ndG6EL3b7PR0Wqa4l1kXeckjorrU6_bCS-y_wVxPyq89odpLs-aXrcWnM5kr-v0FLaBJqcNw6yMRRYCA0mzDha471GAQspOAkZ3UC-sT7zYG1GDQGZoFfbDpnwM48:1q6r8G:9j8ZAaHu1H3hVrjzg5Na6zkzF-dpQaLlACNAz8tBiwI', '2023-06-21 11:15:16.459751'),
('j0mdon2hfd3u0e0hwhbqym2pz1ndoiqz', '.eJxViz0OwjAMRu_iGVUmTkrMiMQRmCPXcZUKKBJtJsTdCVIH2L6f916QpK4l1cWeacpwBA-7320Qvdr8PUT1Uee125bufJfpdmnMaUP-vCJLaZJjUmEOXvYaW3CBI7G2rnlkjJSDY2_BsmCPB2QyswHJ9y7qiAjvD6KaM_M:1q4Kyt:W9k51vcZ8dh9PAAst7EXoFosNJEIUhU65H6cHcQU5Lo', '2023-06-14 12:31:11.126478'),
('jkb1xcbgn1aibk2abizhvkhpbfrvf6ih', '.eJxVi0sKwjAQQO-StZROJs3HpeARXIfpZEKKWsE2K-ndG6EL3b7PR0Wqa4l1kXeckjorrU6_bCS-y_wVxPyq89odpLs-aXrcWnM5kr-v0FLaBJqcNw6yMRRYCA0mzDha471GAQspOAkZ3UC-sT7zYG1GDQGZoFfbDpnwM48:1q3ZT1:TXA11FA2VM2EBy9o6KF4I32W3mDpmvvS7b4fvnSr0XU', '2023-06-12 09:47:07.431995'),
('jo240hg525ffz7ewsn8rjhuue83r43h4', '.eJxVi80KwjAMgN-lZxlN2JrFo-AjeC5pmtKhTnDrSXx3J-yg1-_n5aK0tca22DNO2R1d7w6_LIlebf4KUX20ee120p3vMt0uW3Pak7-vylK3CYdgGYFYPCYOPdlYFHvMpoSMYQymjAA8QPZkYJ4KlcRiAgQK7v0Bn_w0Gw:1q65EA:v5oXAWtnHmFrA0TvaYJWyCKAuS7aH1qv2C6PXhZK9js', '2023-06-19 08:06:10.951719'),
('jozec9o0tx8v1b79mu9vwq352vsljocr', '.eJxVi70KwjAQgN8ls5S7tJc0joKP4BwulxwpagXbTOK7W6GDrt_Py0Rua41tKc84ZXM0aA6_LLFcy_wVLPJo89rtpDvfebpdtua0J39f5aVuU0H1MvpMmogdiSjo2IMNrEiKGUKgPPRWlaAAWl-gHxwwJnDEJOb9AcYbNGA:1q6PI1:kO0uVz6imTLfNCktj6C2G626NczW_sEdg29BdBhj_Lk', '2023-06-20 05:31:29.096524'),
('jwho17v632hi75jm1g4n5k2n9jec3gt8', '.eJxVi70OwiAQgN-F2TQHB1dxNPERnMlxQGjUmrRlMr5726SDrt_PRwVuSw1tzlMYkroo3avTL4wsjzzuhkXebVy6g3S3Fw_P-9Zcj-TvqzzXbcrIaBCiYW2ppAQOwHkDDILalrMHgB58iZGMsT5pDeIskSNCZBL1XQGunzMp:1q6T5O:GAq74NAMZOCruWCAJaW1JbJN9piL0XSzHmzka7klvzQ', '2023-06-20 09:34:42.530484'),
('jypxgjfu0n3mkbk1kw7yedlgpaoomhos', '.eJxVi70KwjAQgN8ls5S7tJc0joKP4BwulxwpagXbTOK7W6GDrt_Py0Rua41tKc84ZXM0aA6_LLFcy_wVLPJo89rtpDvfebpdtua0J39f5aVuU0H1MvpMmogdiSjo2IMNrEiKGUKgPPRWlaAAWl-gHxwwJnDEJOb9AcYbNGA:1q4KO4:VjazkDWNHXklfFgSqUvlpZ2a-sQI16cDm3uPMTSxLx4', '2023-06-14 11:53:08.171740'),
('k3kdj85k8m4ig17m2b0fkztbf70iq9iv', '.eJxVi80KwjAMgN-lZxkr2drEo-AjeC5pk9ChTnDrSXx3J-yg1-_n5RK3taa26DNN4o5ucIdflrlcdf4KLuXR5rXbSXe-83S7bM1pT_6-ykvdJvQgvRgjBEHJijJYAFP1vrBRBAwDZQ5jVjIAQymgPSHGkTUSufcH2uU1NQ:1q6n8k:809JssqyOPqpuKL739Ykww07xDKPKACpoxXuFpt4Fq4', '2023-06-21 06:59:30.284490'),
('k4n9ea2wudcxqqbpoi2layq8wxo6nx31', '.eJxVi80KwjAMgN-lZxkr2drEo-AjeC5pk9ChTnDrSXx3J-yg1-_n5RK3taa26DNN4o5ucIdflrlcdf4KLuXR5rXbSXe-83S7bM1pT_6-ykvdJvQgvRgjBEHJijJYAFP1vrBRBAwDZQ5jVjIAQymgPSHGkTUSufcH2uU1NQ:1q6Ee3:rI33QELmv3jeARyJgJiBG7dFSH2fJ2RHbJpYGPSoHVY', '2023-06-19 18:09:31.413354'),
('k9th22obqa6kvin9dsxcaxtsprim1o5j', '.eJxVi0sKwjAQQO8yaylO_nEpeATXYTKTkKJWaJuVeHcrdKHb93lBor621Jcyp1HgBBjh8Asz8a1MX0PMzz6tw06Gy4PG-3Vrznvy9zVa2jZZIW8z-hKMZg7CupairBOvxCEGpWKkesRQ0ZB3JmbUujrMpMiJFXh_AOCeNKk:1q6W1c:O1XahZ2yVgE0LacKIthb66ac5P1IYHcLCtqp8994ACU', '2023-06-20 12:43:00.505139'),
('ke20lnc293s8jmq4m39uyrvbwxwk8ssj', '.eJxVi70KwjAQgN8ls5S7tJc0joKP4BwulxwpagXbTOK7W6GDrt_Py0Rua41tKc84ZXM0aA6_LLFcy_wVLPJo89rtpDvfebpdtua0J39f5aVuU0H1MvpMmogdiSjo2IMNrEiKGUKgPPRWlaAAWl-gHxwwJnDEJOb9AcYbNGA:1q4KYe:ffWKm0hFMHf5SrU0SV43hpBbwmk6GZb5baOQThixn3A', '2023-06-14 12:04:04.602112'),
('kexknldh4aap4ezr1cai059cf8qnvj2x', '.eJxVi8sKwjAQRf8laymZyUgmLgU_oesweZGiVrDNSvz3ptCF7i7nnvNRXtpafVvy209JXRSSOv3CIPGe5_2RGF9tXoeDDLenTI-xO9dD-euqLLVHgBzJpoRImvXZFcMmoGOxAsYRoLYZSoHkBIpmIWHpO0IhShiC-m6zJjRl:1q6SOZ:CVFJ8mwl4C_jOPoINseBk-l4uc-D_F4IwvE5U_aSyK0', '2023-06-20 08:50:27.447509'),
('kh1mgdjnbvi7svfckste5v2zq3vmbzwm', '.eJxVi70KwjAQgN8ls5S7tJc0joKP4BwulxwpagXbTOK7W6GDrt_Py0Rua41tKc84ZXM0aA6_LLFcy_wVLPJo89rtpDvfebpdtua0J39f5aVuU0H1MvpMmogdiSjo2IMNrEiKGUKgPPRWlaAAWl-gHxwwJnDEJOb9AcYbNGA:1q6dRJ:o47jlFin_fhbxiH03RbAEWdwTdYesWPuthX3TXcXaNc', '2023-06-20 20:38:01.845884'),
('kipy2r8vutsik1t69pw7topptvmub45t', '.eJxVi70OwiAQgN-F2TQHB1dxNPERnMlxQGjUmrRlMr5726SDrt_PRwVuSw1tzlMYkroo3avTL4wsjzzuhkXebVy6g3S3Fw_P-9Zcj-TvqzzXbcrIaBCiYW2ppAQOwHkDDILalrMHgB58iZGMsT5pDeIskSNCZBL1XQGunzMp:1q6T7d:NFWaWKgn21IAg4VQtiiHQWF4y0Rti8o90smKVoTb2XE', '2023-06-20 09:37:01.315393'),
('koynycjukxakihzwlwjgt73zclhpjryc', '.eJxViz0OwjAMRu_iGVUmTkrMiMQRmCPXcZUKKBJtJsTdCVIH2L6f916QpK4l1cWeacpwBA-7320Qvdr8PUT1Uee125bufJfpdmnMaUP-vCJLaZJjUmEOXvYaW3CBI7G2rnlkjJSDY2_BsmCPB2QyswHJ9y7qiAjvD6KaM_M:1q4KQG:f8PVgzAhzj9izxw6trN3yUPQ3PhywaHJGLipkU7v16Q', '2023-06-14 11:55:24.014819'),
('kqjgxwhp7fzhp3cy0ag9ixdurw3qp9fy', '.eJxVi0sKwjAQQO-StZROJs3HpeARXIfpZEKKWsE2K-ndG6EL3b7PR0Wqa4l1kXeckjorrU6_bCS-y_wVxPyq89odpLs-aXrcWnM5kr-v0FLaBJqcNw6yMRRYCA0mzDha471GAQspOAkZ3UC-sT7zYG1GDQGZoFfbDpnwM48:1q3YiD:fKEId60u97vyLDHIO3h8UOW2HY4lKfMOyFB5Lisntrs', '2023-06-12 08:58:45.638334'),
('krs18g29umsx74y7koyh1yp49qdec1ns', '.eJxVi70KwjAQgN8ls5S7tJc0joKP4BwulxwpagXbTOK7W6GDrt_Py0Rua41tKc84ZXM0aA6_LLFcy_wVLPJo89rtpDvfebpdtua0J39f5aVuU0H1MvpMmogdiSjo2IMNrEiKGUKgPPRWlaAAWl-gHxwwJnDEJOb9AcYbNGA:1q6Qfz:KK-xv1geiC0v5nICFHY6yS-ywcapnLltBJwVCV6aLUE', '2023-06-20 07:00:19.350490'),
('ktdsq3rkthg505o3jjysvpva7vws8j6h', '.eJxVi0sKwjAQQO-StZROJs3HpeARXIfpZEKKWsE2K-ndG6EL3b7PR0Wqa4l1kXeckjorrU6_bCS-y_wVxPyq89odpLs-aXrcWnM5kr-v0FLaBJqcNw6yMRRYCA0mzDha471GAQspOAkZ3UC-sT7zYG1GDQGZoFfbDpnwM48:1q6qb6:IcTPPkaOXcGKTrnMPnaqR3f_qRBIwuLq2MxnDaHLv0w', '2023-06-21 10:41:00.301493'),
('ktg1ueoq4hoj9fw4y02j3ybp19xqwhe6', '.eJxVi0sKwjAQQO-StZROJs3HpeARXIfpZEKKWsE2K-ndG6EL3b7PR0Wqa4l1kXeckjorrU6_bCS-y_wVxPyq89odpLs-aXrcWnM5kr-v0FLaBJqcNw6yMRRYCA0mzDha471GAQspOAkZ3UC-sT7zYG1GDQGZoFfbDpnwM48:1q6p1d:tURdBEGXifd7m9OMrMEdZXvSpCkE8oFjFpsu8OfiyrM', '2023-06-21 09:00:17.873231'),
('ku0n5zenvna2wcn70u4voh8e3rmglicr', '.eJxVi0sKwjAQQO-StZROJs3HpeARXIfpZEKKWsE2K-ndG6EL3b7PR0Wqa4l1kXeckjorrU6_bCS-y_wVxPyq89odpLs-aXrcWnM5kr-v0FLaBJqcNw6yMRRYCA0mzDha471GAQspOAkZ3UC-sT7zYG1GDQGZoFfbDpnwM48:1q6qLS:TowaxURY6s8gzzV2si5ZvMnfNFy8SXrgcO3LNxXEG2A', '2023-06-21 10:24:50.025738'),
('kuhmifqki4rxhg2ms0x97cxbj6bgqrc3', '.eJxVi80KwjAMgN-lZxkr2drEo-AjeC5pk9ChTnDrSXx3J-yg1-_n5RK3taa26DNN4o5ucIdflrlcdf4KLuXR5rXbSXe-83S7bM1pT_6-ykvdJvQgvRgjBEHJijJYAFP1vrBRBAwDZQ5jVjIAQymgPSHGkTUSufcH2uU1NQ:1q6Etw:tlbTKcHJjb8OhQipoTXJuaP4l1yP9bYQmqpgX3YbdP8', '2023-06-19 18:25:56.727295'),
('kuk985ss1l1xfne03lt6e4z3wf5ul4ww', '.eJxVi70KwjAQgN8ls5T0cklzjoKP4BzuLikpagXbTOK7W6GDrt_PyyRua01tKc80ZXM04MzhFwrrtcxfw6qPNq_dTrrznafbZWtOe_L3VV7qNqFG8YNID-h5YIwWlUckAIo2aFYmzp6KdxqiuABIGUnG4PoYBax5fwDUmzRN:1q6QYC:tj3okg0rmaq5ghXFL3bBF1_TC9EAXS7BiylIa-Koq_M', '2023-06-20 06:52:16.327850'),
('l23dcfgzdx3nrwxb8kcsga72u1fk7egf', '.eJxVi70KwjAQgN8ls5S7tJc0joKP4BwulxwpagXbTOK7W6GDrt_Py0Rua41tKc84ZXM0aA6_LLFcy_wVLPJo89rtpDvfebpdtua0J39f5aVuU0H1MvpMmogdiSjo2IMNrEiKGUKgPPRWlaAAWl-gHxwwJnDEJOb9AcYbNGA:1q6dQQ:1-V-EGgWFE0-jIpk-qUKM74LcHo3reujhzX9qG627lc', '2023-06-20 20:37:06.026882'),
('l9oa9llffxfcc8bhmjkbgtcimof8kot4', '.eJxVi70KwjAQgN8ls5S7tJc0joKP4BwulxwpagXbTOK7W6GDrt_Py0Rua41tKc84ZXM0aA6_LLFcy_wVLPJo89rtpDvfebpdtua0J39f5aVuU0H1MvpMmogdiSjo2IMNrEiKGUKgPPRWlaAAWl-gHxwwJnDEJOb9AcYbNGA:1q3vFf:eMF_GQ2eBG4B7PO1OfOgzhwnamvMB0sTY8iA4XVWEpI', '2023-06-13 09:02:47.651340'),
('la29ly785j3iud66uaw33zop6dcg9r02', '.eJxVi70KwjAQgN8ls5S7tJc0joKP4BwulxwpagXbTOK7W6GDrt_Py0Rua41tKc84ZXM0aA6_LLFcy_wVLPJo89rtpDvfebpdtua0J39f5aVuU0H1MvpMmogdiSjo2IMNrEiKGUKgPPRWlaAAWl-gHxwwJnDEJOb9AcYbNGA:1q4Kc4:SirrRCwyo7IAGbcpY4QTTmOrkfX32mDKf_sqK3qayWI', '2023-06-14 12:07:36.729727'),
('lasxj5i6nzjk0q3lispmtxc3vpqf0x5g', '.eJxVi70KwjAQgN8ls5TcpTlyjoKP4ByuyYUUtYJtJvHdjdBB1-_nZaK0rca26jPO2RwNenP4hZOkqy5fIyk92rINOxnOd5lvl96c9uTvq7LWPtGkpIWZbUgcAChDKjlIQVVHXjOQG4msx2IDI6L1MHZYPATK1pn3B9XLM8Y:1q6jeO:UEsPkvnCSbluOoFhrsyIh9I83Raq6eqaEzgE5reu-pw', '2023-06-21 03:15:56.261611'),
('lcyzqt57i0zrrglda3wmpmkkvohm17op', '.eJxVi70KwjAQgN8ls5S7tJc0joKP4BwulxwpagXbTOK7W6GDrt_Py0Rua41tKc84ZXM0aA6_LLFcy_wVLPJo89rtpDvfebpdtua0J39f5aVuU0H1MvpMmogdiSjo2IMNrEiKGUKgPPRWlaAAWl-gHxwwJnDEJOb9AcYbNGA:1q3awJ:1K1JpCLIPg-TAzSOxxmh2X_Kn0xLq6BWGu9L9nBruQo', '2023-06-12 11:21:27.661725'),
('le5oztnzw4iyv57kk10twd0uu4zirdzt', '.eJxVi80KwjAMgN-lZxlN2JrFo-AjeC5pmtKhTnDrSXx3J-yg1-_n5aK0tca22DNO2R1d7w6_LIlebf4KUX20ee120p3vMt0uW3Pak7-vylK3CYdgGYFYPCYOPdlYFHvMpoSMYQymjAA8QPZkYJ4KlcRiAgQK7v0Bn_w0Gw:1q5jmi:Jbqvn9uH3Y8gUGcCS5MWJWm0lAi4FRSQ1ZNRnokGc5E', '2023-06-18 09:12:24.860823'),
('le95dtzadsijq75jlqtg73g1m7akdv0u', '.eJxVi0sKwjAQQO-StZROJs3HpeARXIfpZEKKWsE2K-ndG6EL3b7PR0Wqa4l1kXeckjorrU6_bCS-y_wVxPyq89odpLs-aXrcWnM5kr-v0FLaBJqcNw6yMRRYCA0mzDha471GAQspOAkZ3UC-sT7zYG1GDQGZoFfbDpnwM48:1q6qJD:l-yGOJfdTk7vq11heRniHFfAGKJKgWYB2rX7GJwFvLk', '2023-06-21 10:22:31.255767'),
('ljnozge675uzd2yxuy0i6xhbb4166r7v', '.eJxVi0sKwjAQQO8yaylO_nEpeATXYTKTkKJWaJuVeHcrdKHb93lBor621Jcyp1HgBBjh8Asz8a1MX0PMzz6tw06Gy4PG-3Vrznvy9zVa2jZZIW8z-hKMZg7CupairBOvxCEGpWKkesRQ0ZB3JmbUujrMpMiJFXh_AOCeNKk:1q6Ven:X4wIScEEXxym-_WRdgxG1WcVQq635ymYwOfDEsCBlkA', '2023-06-20 12:19:25.838535'),
('lry3eqoycyi9z4bqym9mo86s6hzf6dif', '.eJxVi80KwjAMgN-lZxkr2drEo-AjeC5pk9ChTnDrSXx3J-yg1-_n5RK3taa26DNN4o5ucIdflrlcdf4KLuXR5rXbSXe-83S7bM1pT_6-ykvdJvQgvRgjBEHJijJYAFP1vrBRBAwDZQ5jVjIAQymgPSHGkTUSufcH2uU1NQ:1q6ohQ:i9cbo2bbdJZKPvd8gsk5ZEkLJGOR-OG59djuFSFB6AM', '2023-06-21 08:39:24.516067'),
('lwikfa6jrv4gjpzq9ll5ovqt21tt9x1l', '.eJxVi0sKwjAQQO-StZROJs3HpeARXIfpZEKKWsE2K-ndG6EL3b7PR0Wqa4l1kXeckjorrU6_bCS-y_wVxPyq89odpLs-aXrcWnM5kr-v0FLaBJqcNw6yMRRYCA0mzDha471GAQspOAkZ3UC-sT7zYG1GDQGZoFfbDpnwM48:1q6myu:Faat5zzf7Fnu9GAt4ks3Ai_jvgeDUlHxNES8_l08BoY', '2023-06-21 06:49:20.492861'),
('m042i1istv2mdlwydgzpjxal7e1npslc', '.eJxVi0kKwjAUQO-StZT6883gUvAIrsMfElLUCrZZiXc3Qhe6fcPLJGprTW3JzzSpORoAs_uFTHLN89eQyKPN67CR4Xyn6XbpzWlL_r5KS-3T6EVyGbGUHCyiPTAyqYpjzi46BfbAWUPBvY_ERXyAYmPsg5IimPcHEHM2NA:1q5iiz:TigYrZpp-Bs3L0Q83CTuyIAhEyRI8Z47nLDIPPbr98U', '2023-06-18 08:04:29.226788'),
('m3h1ko77h9w3wgqzsi5xtdxtalelqdd4', '.eJxVi0sKwjAQQO8yaylO_nEpeATXYTKTkKJWaJuVeHcrdKHb93lBor621Jcyp1HgBBjh8Asz8a1MX0PMzz6tw06Gy4PG-3Vrznvy9zVa2jZZIW8z-hKMZg7CupairBOvxCEGpWKkesRQ0ZB3JmbUujrMpMiJFXh_AOCeNKk:1q6rfg:Qp4cJhwog50V_XOS8xlv_hZtLYDYhB6A85-WTkST1tk', '2023-06-21 11:49:48.068209'),
('m533kg6nh9cgofaw4z7s94ftq8nlu786', '.eJxVjMEKwyAYg9_F8yi_WqvdcbBH2Fmiv2LZ1kFbT2PvPgs9bARyyJfkLTzqVnxd0-InFmchtTj9hgHxnuadIMZXnbfuSLrrE9Pj1jqXo_K3K1jLfpdt6G1kZOI8yOYjmgaoRA46NWQBRZl1IDuaXjrFjghstLHRiM8XAPg1Jw:1q4FYm:GbZCb4mxxMFHO0TBdiKFXUqG7eqIEjxCaTZXEzUcRrE', '2023-06-14 06:43:52.632865'),
('m6hntisnxkm11mexrrz1ovfqsxvf8q7f', '.eJxVi0sKwjAQQO-StZROJs3HpeARXIfpZEKKWsE2K-ndG6EL3b7PR0Wqa4l1kXeckjorrU6_bCS-y_wVxPyq89odpLs-aXrcWnM5kr-v0FLaBJqcNw6yMRRYCA0mzDha471GAQspOAkZ3UC-sT7zYG1GDQGZoFfbDpnwM48:1q4Kzb:FQNRbhtlAcMogigW4dqsvfv9g4zW80ynkSdPugKTlOo', '2023-06-14 12:31:55.406204'),
('m6u58hhvrfd7nakivu73skgc2vfuyd3c', '.eJxVi70KwjAQgN8ls5T0cklzjoKP4BzuLikpagXbTOK7W6GDrt_PyyRua01tKc80ZXM04MzhFwrrtcxfw6qPNq_dTrrznafbZWtOe_L3VV7qNqFG8YNID-h5YIwWlUckAIo2aFYmzp6KdxqiuABIGUnG4PoYBax5fwDUmzRN:1q6QWn:QBqc8cMBzsrh_FJXBz8Tsoe157_uCvLtkvq8mGeUsnc', '2023-06-20 06:50:49.775524'),
('m8hmog1gx6t0c2t3i5c5j0wi31ya7hho', '.eJxVi0sKwjAQQO-StZROJs3HpeARXIfpZEKKWsE2K-ndG6EL3b7PR0Wqa4l1kXeckjorrU6_bCS-y_wVxPyq89odpLs-aXrcWnM5kr-v0FLaBJqcNw6yMRRYCA0mzDha471GAQspOAkZ3UC-sT7zYG1GDQGZoFfbDpnwM48:1q6qrp:RdA2bPvQlZQsjvU7qxvLCP_jxMg4_EDb513B1STT_18', '2023-06-21 10:58:17.857001'),
('mc670yly54h36nqeevppc7cymx536mg7', '.eJxVi70KwjAQgN8ls5S7tJc0joKP4BwulxwpagXbTOK7W6GDrt_Py0Rua41tKc84ZXM0aA6_LLFcy_wVLPJo89rtpDvfebpdtua0J39f5aVuU0H1MvpMmogdiSjo2IMNrEiKGUKgPPRWlaAAWl-gHxwwJnDEJOb9AcYbNGA:1q5isx:U4zDZys94YRyarqXAslz_caatN4BNG8aGxRfHbaPpP8', '2023-06-18 08:14:47.123910'),
('mez7a2facv7b41a2fhbiitik1huivt7n', '.eJxVi70KwjAQgN8ls5S7tJc0joKP4BwulxwpagXbTOK7W6GDrt_Py0Rua41tKc84ZXM0aA6_LLFcy_wVLPJo89rtpDvfebpdtua0J39f5aVuU0H1MvpMmogdiSjo2IMNrEiKGUKgPPRWlaAAWl-gHxwwJnDEJOb9AcYbNGA:1q4gbA:dj0JHbTgB63Y8lXqhypg6nUmNQk06Wz_ge3bt1hYn0U', '2023-06-15 11:36:08.586673'),
('mh58rqkxhad80w2hs2syidku1650kkjs', '.eJxVi0sKwjAQQO-StZROJs3HpeARXIfpZEKKWsE2K-ndG6EL3b7PR0Wqa4l1kXeckjorrU6_bCS-y_wVxPyq89odpLs-aXrcWnM5kr-v0FLaBJqcNw6yMRRYCA0mzDha471GAQspOAkZ3UC-sT7zYG1GDQGZoFfbDpnwM48:1q3aqo:wVlZC7modHRo0Rz8A3S9fOkOGEwhb13_2xNdqhN8Rg8', '2023-06-12 11:15:46.908621'),
('mmfgntr9160gd4qdejj3043ha0z3hgep', '.eJxVi0sKwjAQQO8yaylO_nEpeATXYTKTkKJWaJuVeHcrdKHb93lBor621Jcyp1HgBBjh8Asz8a1MX0PMzz6tw06Gy4PG-3Vrznvy9zVa2jZZIW8z-hKMZg7CupairBOvxCEGpWKkesRQ0ZB3JmbUujrMpMiJFXh_AOCeNKk:1q6qCG:48loOvQV-6d2uJbZ9_1aUDoris9HrdtfEjVMMs7QnAM', '2023-06-21 10:15:20.888927'),
('mo6d5v799hquqzfjt7xezbm75ka4nfdw', '.eJxVi0sKwjAQQO-StZROJs3HpeARXIfpZEKKWsE2K-ndG6EL3b7PR0Wqa4l1kXeckjorrU6_bCS-y_wVxPyq89odpLs-aXrcWnM5kr-v0FLaBJqcNw6yMRRYCA0mzDha471GAQspOAkZ3UC-sT7zYG1GDQGZoFfbDpnwM48:1q5iZf:dm7TZ0GFbqPSVDyBl3vWt_inxXjLED2c5yJqmy8HH80', '2023-06-18 07:54:51.551833'),
('mp5j9kvcweh4nhxtno349f1anpoz3ajo', '.eJxVizsOwjAQBe_iGkWbzfqzlEgcgdrarI0cAUFK4gpxd4yUAppXzJt5mSh1K7GueYlTMkeDYA6_cBS95fn7iOqzzlu3k-78kOl-ac5pV_66ImtpEalmZIErY-_T4Kwf0AdmsG0DOKLGA7ET7DGooMs5JRoZKHkma94fnqgzEw:1q3aeL:XKIUh1iDiB4vecWpPHzmy-HpOKPPeQaKnFk88MKvbG0', '2023-06-12 11:02:53.588937'),
('mr124g6pif1shkoe5asxjgexxllbojsc', '.eJxVi80KwjAMgN-lZxkr2drEo-AjeC5pk9ChTnDrSXx3J-yg1-_n5RK3taa26DNN4o5ucIdflrlcdf4KLuXR5rXbSXe-83S7bM1pT_6-ykvdJvQgvRgjBEHJijJYAFP1vrBRBAwDZQ5jVjIAQymgPSHGkTUSufcH2uU1NQ:1q6ppO:O9K682drRruB9GrRFKiPVBp_KPIjOvv1iQTttmsBb_Q', '2023-06-21 09:51:42.924639'),
('mxpi571snuv1i2xzt64ftkiyzlt71u55', '.eJxVi0sKwjAQQO-StZROJs3HpeARXIfpZEKKWsE2K-ndG6EL3b7PR0Wqa4l1kXeckjorrU6_bCS-y_wVxPyq89odpLs-aXrcWnM5kr-v0FLaBJqcNw6yMRRYCA0mzDha471GAQspOAkZ3UC-sT7zYG1GDQGZoFfbDpnwM48:1q6ogW:c5XB-StCAHu-S636D0W8tbYv9vXprMgbocbminSTR_Q', '2023-06-21 08:38:28.002507'),
('n53hwzt46d4zkcy9upwiu8e55y7cwjo0', '.eJxVi70OwiAQgN-F2TQHB1dxNPERnMlxQGjUmrRlMr5726SDrt_PRwVuSw1tzlMYkroo3avTL4wsjzzuhkXebVy6g3S3Fw_P-9Zcj-TvqzzXbcrIaBCiYW2ppAQOwHkDDILalrMHgB58iZGMsT5pDeIskSNCZBL1XQGunzMp:1q6WEk:DEXPQZdZjbl44xpklFYmFnJJuR3FcxgbOVS2IbpQORk', '2023-06-20 12:56:34.608901'),
('n5wuhss5ykgcoztwg2dhi08mn1pfrklw', '.eJxVi70KwjAQgN8ls5S7tJc0joKP4BwulxwpagXbTOK7W6GDrt_Py0Rua41tKc84ZXM0aA6_LLFcy_wVLPJo89rtpDvfebpdtua0J39f5aVuU0H1MvpMmogdiSjo2IMNrEiKGUKgPPRWlaAAWl-gHxwwJnDEJOb9AcYbNGA:1q6cZE:3J62ABqNm69MZMnfZXQ7QoOHmhVlpbWBoCbYL9UhGmI', '2023-06-20 19:42:08.734255'),
('navz5gu9itmj6w3vbjb6sa6nht89gv28', '.eJxVi80KwjAMgN-lZxkr2drEo-AjeC5pk9ChTnDrSXx3J-yg1-_n5RK3taa26DNN4o5ucIdflrlcdf4KLuXR5rXbSXe-83S7bM1pT_6-ykvdJvQgvRgjBEHJijJYAFP1vrBRBAwDZQ5jVjIAQymgPSHGkTUSufcH2uU1NQ:1q6nfq:TZyNwlwI9NyZRchwTs3liIny6nlHudf2hK_mPSz8c6Q', '2023-06-21 07:33:42.882911'),
('nbxx70ys962lpnhtzcua17v3ftki8dlc', '.eJxVi0sKwjAQQO-StZROJs3HpeARXIfpZEKKWsE2K-ndG6EL3b7PR0Wqa4l1kXeckjorrU6_bCS-y_wVxPyq89odpLs-aXrcWnM5kr-v0FLaBJqcNw6yMRRYCA0mzDha471GAQspOAkZ3UC-sT7zYG1GDQGZoFfbDpnwM48:1q6rA4:DzIcJFfzcyJSVEhW8qusgv1wKdZyvcydymWnGPSQOKY', '2023-06-21 11:17:08.584102'),
('nelhgafipccdh83s0xi4c342xi8s346h', '.eJxVi70KwjAQgN8ls5S7tJc0joKP4BwulxwpagXbTOK7W6GDrt_Py0Rua41tKc84ZXM0aA6_LLFcy_wVLPJo89rtpDvfebpdtua0J39f5aVuU0H1MvpMmogdiSjo2IMNrEiKGUKgPPRWlaAAWl-gHxwwJnDEJOb9AcYbNGA:1q4Fhj:9R765g0pkVXpuBntXgPUJ1KVREH5NivRKPIVhSlvksE', '2023-06-14 06:53:07.677557'),
('nem082p8ixasxzft7aottbwnzvppmcav', '.eJxVi80KwjAMgN-lZxlN2JrFo-AjeC5pmtKhTnDrSXx3J-yg1-_n5aK0tca22DNO2R1d7w6_LIlebf4KUX20ee120p3vMt0uW3Pak7-vylK3CYdgGYFYPCYOPdlYFHvMpoSMYQymjAA8QPZkYJ4KlcRiAgQK7v0Bn_w0Gw:1q63B0:SSg_3h2I87JR0buSFNA71cfm0pBsPC8x8p9jO0l7XQA', '2023-06-19 05:54:46.241014'),
('nesseuzlez9iu444enlwmrmy0egliwgc', '.eJxVi0sKwjAQQO8yaylO_nEpeATXYTKTkKJWaJuVeHcrdKHb93lBor621Jcyp1HgBBjh8Asz8a1MX0PMzz6tw06Gy4PG-3Vrznvy9zVa2jZZIW8z-hKMZg7CupairBOvxCEGpWKkesRQ0ZB3JmbUujrMpMiJFXh_AOCeNKk:1q6rlv:u35ZszPUaEmnnH4WUUa1xgj8nb0BY77IImc5k6eIk1I', '2023-06-21 11:56:15.975345'),
('nhh179dsiziqky3wn5c34tvx1lv390z3', '.eJxVi0EOwiAQRe_C2jRQKMO4NPEIrskwDKFRa2LLynh3MelCl__9914qUttqbKs845zVUY2oDr8wEV9l-T7E_GjLNuxkON9pvl26c9qVv67SWnuUJ-s0ueCT0wBIKCkICHBf1he2drJJyHFxhgG0wUIew4iM2Rcx6v0B0Ik0lw:1q6jc4:H8Cz3DkLIYZuF1zk1QCndqLcaR-t7vVTqGgGXoDWGl8', '2023-06-21 03:13:32.105509'),
('nhqqvvem71gmzn2rhe1fip47sle18amu', '.eJxVi70KwjAQgN8ls5S7tJc0joKP4BwulxwpagXbTOK7W6GDrt_Py0Rua41tKc84ZXM0aA6_LLFcy_wVLPJo89rtpDvfebpdtua0J39f5aVuU0H1MvpMmogdiSjo2IMNrEiKGUKgPPRWlaAAWl-gHxwwJnDEJOb9AcYbNGA:1q6QcJ:JyGhfQrKfgI2cmTRgJloKYommAsqAz3tCcyvBjw_Shs', '2023-06-20 06:56:31.422811'),
('nhtvv98dz33hxw6xf62rhgcmlya0k8lh', '.eJxVi0sKwjAQQO-StZROJs3HpeARXIfpZEKKWsE2K-ndG6EL3b7PR0Wqa4l1kXeckjorrU6_bCS-y_wVxPyq89odpLs-aXrcWnM5kr-v0FLaBJqcNw6yMRRYCA0mzDha471GAQspOAkZ3UC-sT7zYG1GDQGZoFfbDpnwM48:1q3skq:MGfq1Z5Wl9LQgyVvhuR7OYVlp-Evd5tYrsFCpyA_E6c', '2023-06-13 06:22:48.378309'),
('nlzv3ucg0ewbms1tfzgb64ayomw90ix7', '.eJxVi70KwjAQgN8ls5S7tJc0joKP4BwulxwpagXbTOK7W6GDrt_Py0Rua41tKc84ZXM0aA6_LLFcy_wVLPJo89rtpDvfebpdtua0J39f5aVuU0H1MvpMmogdiSjo2IMNrEiKGUKgPPRWlaAAWl-gHxwwJnDEJOb9AcYbNGA:1q6END:ilDWotXbCzNkeXZo18QaiIBT7pb2ZMU9TtsMFeXveCI', '2023-06-19 17:52:07.305736'),
('nn6i07n1sw6meii0pyympydebwzr8dg2', '.eJxVi80KwjAMgN-lZxkr2drEo-AjeC5pk9ChTnDrSXx3J-yg1-_n5RK3taa26DNN4o5ucIdflrlcdf4KLuXR5rXbSXe-83S7bM1pT_6-ykvdJvQgvRgjBEHJijJYAFP1vrBRBAwDZQ5jVjIAQymgPSHGkTUSufcH2uU1NQ:1q6qtz:TmXdpejcpb8PoFUiXxB9dFWSoKg-EstZ1IdHQfkbL6Y', '2023-06-21 11:00:31.927737'),
('np5ko31mxdwlxly0ayafh1t8uz54m9d9', '.eJxVi80KwjAMgN-lZxlN2JrFo-AjeC5pmtKhTnDrSXx3J-yg1-_n5aK0tca22DNO2R1d7w6_LIlebf4KUX20ee120p3vMt0uW3Pak7-vylK3CYdgGYFYPCYOPdlYFHvMpoSMYQymjAA8QPZkYJ4KlcRiAgQK7v0Bn_w0Gw:1q5jlw:D08Ot9g7aYYDhjAvYpaseeUOllfrE7JyNaPeaZmUaTc', '2023-06-18 09:11:36.922326'),
('o0kvx9ymjnagw04yp61h29p56o13btwe', '.eJxVi0EOwiAQRe_C2jQdmAHq0sQjuCbDAKFRa2LLynh3MelCN3_x_nsvFbhtNbQ1P8Oc1FEBqcMvjCzXvHwfFnm0ZRt2MpzvPN8u3Tntyl9Xea090mbKwqg1at-HxINlcuCyjNYYjOgmLJAIorHFFectlCw0oscUxar3B6hnM7o:1q4KdU:c1kcwC0WoLUAelaFbx01VCpiOZ4ZBfjd804fCdg-CoY', '2023-06-14 12:09:04.024051'),
('o14pzyebhoe0y9nl9bu62e9enppujo9z', '.eJxVi0sKwjAQQO-StZTmMzFxKXgE12FmMiFFrdA2K_HuRuhCt-_zUgnbVlNbZUlTVifl1eGXEfJN5q9A5mebt2Enw-WB0_3am_Oe_H0V19onCESQvXUQrBESU9BkEMaAdmTWpEVG4xhQwNnoegzReDrqyEUXr94fzqI0-Q:1q3owM:IailaMNxP2JMy9Sdh4idLZGPJej0pe1FQK50Y2KQiTc', '2023-06-13 02:18:26.075542'),
('o4inukqmf7jfko94oau9gvgnubpmic3j', '.eJxVi70OwiAQgN-F2TQIRwFHkz5CZ3LcHaFRa9KWyfju1qSDrt_PSyVsW01tlSVNrC4K1OmXZaSbzF-BRM82b91BuuGB033cm-uR_H0V17pPAb0VKDoKkslitGX2juUsnkRn6RFMz8zgMMSigy0ZXPG5CBBE0er9AeVgNcg:1q3Yjp:u6p80QL8B5H0UoB8B9Hy2gKfWMipScoLnv9gvacaZFc', '2023-06-12 09:00:25.594228'),
('o85aci63sgzgevbm2zgm0zzxfsp7dor2', '.eJxVi70KwjAQgN8ls5S7tJc0joKP4BwulxwpagXbTOK7W6GDrt_Py0Rua41tKc84ZXM0aA6_LLFcy_wVLPJo89rtpDvfebpdtua0J39f5aVuU0H1MvpMmogdiSjo2IMNrEiKGUKgPPRWlaAAWl-gHxwwJnDEJOb9AcYbNGA:1q679i:WCUUJGpu8IHgAPtmrX07gsgd8Yd5jywKakax0JV4YHE', '2023-06-19 10:09:42.988795'),
('o8sxsfceoh2hpkg8d3oc1cjkc16zapsx', '.eJxVi0sKwjAQQO-StZROJs3HpeARXIfpZEKKWsE2K-ndG6EL3b7PR0Wqa4l1kXeckjorrU6_bCS-y_wVxPyq89odpLs-aXrcWnM5kr-v0FLaBJqcNw6yMRRYCA0mzDha471GAQspOAkZ3UC-sT7zYG1GDQGZoFfbDpnwM48:1q6lWc:7HCwCS129ofRRW1JtKMHVesEDhREQ6FMYufmjQ-6tMU', '2023-06-21 05:16:02.795253'),
('odpo0zr03fnerjy52jt2iftclfq93l92', '.eJxVi0sKwjAQQO-StZROJs3HpeARXIfpZEKKWsE2K-ndG6EL3b7PR0Wqa4l1kXeckjorrU6_bCS-y_wVxPyq89odpLs-aXrcWnM5kr-v0FLaBJqcNw6yMRRYCA0mzDha471GAQspOAkZ3UC-sT7zYG1GDQGZoFfbDpnwM48:1q6qP6:MTuSKMwLUgPfcnVtWbpn8VMozAnhSJX0aj3IVxFYF9k', '2023-06-21 10:28:36.468208'),
('oh4m62xulzlbjg6audqrmstnjd4ufm9t', '.eJxVizkOwjAUBe_iGkV2vHybEokjUFt_ceQICFISV4i7E1AKeOW8mafK2Naa21LmPIo6KgPq8AsJ-Vqmz4PMjzat3U668x3H22VzTrvy11Vc6jfSUQq6KOSSLUmEgo9QLAlg6K0hBOLeuuC3JcCBB5fYExqwRmv1egP9VTUE:1q3uiP:_oDPn3hPVebxX39gOnN-k6pNjikymcuEsR86dyIGgxc', '2023-06-13 08:28:25.723092'),
('ohoelaaewqgj13afemtwjbtilk1tkpi8', '.eJxVi0sKwjAQQO-StZTmMzFxKXgE12FmMiFFrdA2K_HuRuhCt-_zUgnbVlNbZUlTVifl1eGXEfJN5q9A5mebt2Enw-WB0_3am_Oe_H0V19onCESQvXUQrBESU9BkEMaAdmTWpEVG4xhQwNnoegzReDrqyEUXr94fzqI0-Q:1q3aKU:FeKwCfGBXJsD9WT17t-oBElkSkg75cZG6dfEQ7xrGTA', '2023-06-12 10:42:22.384559'),
('okdhmoh5u2hh1sbokpg61x59psa9s3pj', '.eJxVi0sKwjAQQO-StZROJs3HpeARXIfpZEKKWsE2K-ndG6EL3b7PR0Wqa4l1kXeckjorrU6_bCS-y_wVxPyq89odpLs-aXrcWnM5kr-v0FLaBJqcNw6yMRRYCA0mzDha471GAQspOAkZ3UC-sT7zYG1GDQGZoFfbDpnwM48:1q6VYN:iL8cDgnYTfus1_uf1rHgYSbqD4rZgEhR8AmAWakuVKo', '2023-06-20 12:12:47.697118'),
('olhazwziltawr798j6igsmntrcbnnop1', '.eJxVi0sKwjAQQO-StZROJs3HpeARXIfpZEKKWsE2K-ndG6EL3b7PR0Wqa4l1kXeckjorrU6_bCS-y_wVxPyq89odpLs-aXrcWnM5kr-v0FLaBJqcNw6yMRRYCA0mzDha471GAQspOAkZ3UC-sT7zYG1GDQGZoFfbDpnwM48:1q3Yiz:FsHZzuy6hz8uKr7Lzo1REWFC-6rPjnma3NrUnA9Hczw', '2023-06-12 08:59:33.227327'),
('oq5ws84b8xqos3wtbkrvo9nem9wxqhkb', '.eJxVi0EOwiAQRe_C2jQdmAHq0sQjuCbDAKFRa2LLynh3MelCN3_x_nsvFbhtNbQ1P8Oc1FEBqcMvjCzXvHwfFnm0ZRt2MpzvPN8u3Tntyl9Xea090mbKwqg1at-HxINlcuCyjNYYjOgmLJAIorHFFectlCw0oscUxar3B6hnM7o:1q4KgS:DKfIXsjuAKidFoWEEKesUVLR6NNhsmW4lAajHfiNFck', '2023-06-14 12:12:08.122278'),
('or0ffz306lyomrr70b4gb37f3d7cithm', '.eJxVi70KwjAQgN8ls5S7tJc0joKP4BwulxwpagXbTOK7W6GDrt_Py0Rua41tKc84ZXM0aA6_LLFcy_wVLPJo89rtpDvfebpdtua0J39f5aVuU0H1MvpMmogdiSjo2IMNrEiKGUKgPPRWlaAAWl-gHxwwJnDEJOb9AcYbNGA:1q63Bk:XoEQBMzgsGWbGaDoGwwNpAo8TqEcNTKU4dAKpiqH7LQ', '2023-06-19 05:55:32.240556'),
('oyame58ijr5iqopdq7tau6ir4gc4kk5e', '.eJxVi80KwjAMgN-lZxkr2drEo-AjeC5pk9ChTnDrSXx3J-yg1-_n5RK3taa26DNN4o5ucIdflrlcdf4KLuXR5rXbSXe-83S7bM1pT_6-ykvdJvQgvRgjBEHJijJYAFP1vrBRBAwDZQ5jVjIAQymgPSHGkTUSufcH2uU1NQ:1q6pLh:P5A7NM-FgE_INwL0QBkdkdN_Da0k3d4X0cR1zN2wRzk', '2023-06-21 09:21:01.813944'),
('p0z4rlx8zukmp6zb7hohk5utrla7vxqz', '.eJxVi0sKwjAQQO-StZROJs3HpeARXIfpZEKKWsE2K-ndG6EL3b7PR0Wqa4l1kXeckjorrU6_bCS-y_wVxPyq89odpLs-aXrcWnM5kr-v0FLaBJqcNw6yMRRYCA0mzDha471GAQspOAkZ3UC-sT7zYG1GDQGZoFfbDpnwM48:1q3eDx:MDkgTClGQMg0FDEq7ifIjf6UQZ8hyo7ExqlhySOqL7s', '2023-06-12 14:51:53.149616'),
('p1q2tfem43c34tdpp03k1ju6yr3rmflr', '.eJxVi0sKwjAQQO8yaylO_nEpeATXYTKTkKJWaJuVeHcrdKHb93lBor621Jcyp1HgBBjh8Asz8a1MX0PMzz6tw06Gy4PG-3Vrznvy9zVa2jZZIW8z-hKMZg7CupairBOvxCEGpWKkesRQ0ZB3JmbUujrMpMiJFXh_AOCeNKk:1q6qLD:Ghw13INVyLqYC4ijSORVahUNuiqt_YKd7IdkAKjOeUc', '2023-06-21 10:24:35.150559'),
('p45a6vravg9gmeji1suxdh9ybxtr1kis', '.eJxVi70KwjAQgN8ls5S7tJc0joKP4BwulxwpagXbTOK7W6GDrt_Py0Rua41tKc84ZXM0aA6_LLFcy_wVLPJo89rtpDvfebpdtua0J39f5aVuU0H1MvpMmogdiSjo2IMNrEiKGUKgPPRWlaAAWl-gHxwwJnDEJOb9AcYbNGA:1q4Kco:htnwuJmK4kn139ekapiAMduX6emaCwyRvmRWAU0r7qw', '2023-06-14 12:08:22.151098'),
('pcijnagy4oi6ft5tgahxb20rnlk9avhx', '.eJxVi80KwjAMgN-lZxkr2drEo-AjeC5pk9ChTnDrSXx3J-yg1-_n5RK3taa26DNN4o5ucIdflrlcdf4KLuXR5rXbSXe-83S7bM1pT_6-ykvdJvQgvRgjBEHJijJYAFP1vrBRBAwDZQ5jVjIAQymgPSHGkTUSufcH2uU1NQ:1q6VaK:vlHPmYH3MJ-RROd0HWg4gwdABLDSxEtT5orJ391sB48', '2023-06-20 12:14:48.357042'),
('pdspiwki17cug3mnzgkaemdqg1efxl6o', '.eJxVi7sOwiAUht-F2TScciuOJj6CM_k5QGjUmtgyGd9dTDro-l1eIqBtNbQ1P8OcxFGQFYdfGMHXvHwNmB9t2YadDOc75tulN6c9-fsq1tonTiNingyMddqzy4k8WVkYo1KFSEtTdImEKBnZ2V7aqWhFHgrZaPH-AO2ENPg:1q3ZdR:ArxWTfqMIzhVtdbVBQJ5fyT3VdqFpH_iPkAUE-G41SU', '2023-06-12 09:57:53.811339'),
('poo6k1utwd9taxxnjec5ewxc9fxvw1pr', '.eJxVi70OwiAQgN-F2TQHB1dxNPERnMlxQGjUmrRlMr5726SDrt_PRwVuSw1tzlMYkroo3avTL4wsjzzuhkXebVy6g3S3Fw_P-9Zcj-TvqzzXbcrIaBCiYW2ppAQOwHkDDILalrMHgB58iZGMsT5pDeIskSNCZBL1XQGunzMp:1q6pGq:yUSG3Jlubpn0XD69_wm1zJz0CHKtugpWTNjgyGADPf4', '2023-06-21 09:16:00.672944'),
('prhwfcyp8ypfcb2a8e7yxlx16aue2on2', '.eJxVi8sKwjAQRf8laymTyROXgp_gOkwmU1LUCrZZSf-9EbrQ5T33nI9K1Naa2iLvNBV1VqjV6Rdm4rvM34eYX21eh4MM1ydNj1t3Lofy11Vaao8cZM-RnQgEQItZ-wLWgAlgsRgpMY-CPAIWAWb23msdYh9Rk0NW2w7LDDR-:1q3svI:EpdwMIQi931vb7xBk25_ORsUo0mk0a6VO6u0nVBYNdA', '2023-06-13 06:33:36.250487'),
('pu2za9ca2ih4fjxwe9ek3jeuexfuiqlj', '.eJxVi70KwjAQgN8ls5S7tJc0joKP4BwulxwpagXbTOK7W6GDrt_Py0Rua41tKc84ZXM0aA6_LLFcy_wVLPJo89rtpDvfebpdtua0J39f5aVuU0H1MvpMmogdiSjo2IMNrEiKGUKgPPRWlaAAWl-gHxwwJnDEJOb9AcYbNGA:1q6QTV:-vc8r-3TVa17Zp0X2rvsPo_9fP-_2ywCe4CiHJhS1eg', '2023-06-20 06:47:25.653296'),
('pxrfy2l45cgu3sae4k1ti7kjkyaj6t3c', '.eJxVi70KwjAQgN8ls5S7tJc0joKP4BwulxwpagXbTOK7W6GDrt_Py0Rua41tKc84ZXM0aA6_LLFcy_wVLPJo89rtpDvfebpdtua0J39f5aVuU0H1MvpMmogdiSjo2IMNrEiKGUKgPPRWlaAAWl-gHxwwJnDEJOb9AcYbNGA:1q3b8Z:u9KJuk67J7Jo8t2BcXOKRWhBzKLO-SuINexDEPYd9bM', '2023-06-12 11:34:07.471742'),
('pxx2brdxkzfng7hsj1g3jev016t672ll', '.eJxVjDEOwjAMRe-SGVUusaOUEYkjdI4c21UqoEi0mRB3h0od2vX99_7HJa5LSXW2dxrVXVxwpz3LLHeb1oFFXnVamo00tyePj_7vXDfl0BWey_rmMWbtiEigJUBlr0DEEXLwkAc6IzFKDkPLJgGgsyiIaqpkoOC-P6JnNIg:1q655M:-6o6NlqNYZlmYL02YUUkVjZajNT1TK8XLZ9Qd6_UlDk', '2023-06-19 07:57:04.165393'),
('py1dcqt2g2ht2r05k6xn2qyi9edj50m2', '.eJxVi70KwjAQgN8ls5S7tJc0joKP4BwulxwpagXbTOK7W6GDrt_Py0Rua41tKc84ZXM0aA6_LLFcy_wVLPJo89rtpDvfebpdtua0J39f5aVuU0H1MvpMmogdiSjo2IMNrEiKGUKgPPRWlaAAWl-gHxwwJnDEJOb9AcYbNGA:1q5kt1:hxpT5_o7yANLQKPbU9Ca1L6xfYDYC1vk7aio-7Me2wc', '2023-06-18 10:22:59.083664'),
('q1c7428sd04z1las4b652wnah6h08m1h', '.eJxVi70KwjAQgN8ls5S7tJc0joKP4BwulxwpagXbTOK7W6GDrt_Py0Rua41tKc84ZXM0aA6_LLFcy_wVLPJo89rtpDvfebpdtua0J39f5aVuU0H1MvpMmogdiSjo2IMNrEiKGUKgPPRWlaAAWl-gHxwwJnDEJOb9AcYbNGA:1q6mq0:hrcU0pm30JRZMQd76X8ueoDH4HIL082jitx0JKyS3Oo', '2023-06-21 06:40:08.305891'),
('q1r6krk4onbfq6wfciytdzqdrk183f2f', '.eJxVi0sKwjAQQO-StZROJs3HpeARXIfpZEKKWsE2K-ndG6EL3b7PR0Wqa4l1kXeckjorrU6_bCS-y_wVxPyq89odpLs-aXrcWnM5kr-v0FLaBJqcNw6yMRRYCA0mzDha471GAQspOAkZ3UC-sT7zYG1GDQGZoFfbDpnwM48:1q4eHJ:Q0Frav_svdl2BjS5tbOyuwo4IKnH2PU9hAqlGJnqfok', '2023-06-15 09:07:29.159339'),
('q6tr1ppqn5orhjehy84w52tvbryw3744', '.eJxVi80KwjAMgN-lZxkr2drEo-AjeC5pk9ChTnDrSXx3J-yg1-_n5RK3taa26DNN4o5ucIdflrlcdf4KLuXR5rXbSXe-83S7bM1pT_6-ykvdJvQgvRgjBEHJijJYAFP1vrBRBAwDZQ5jVjIAQymgPSHGkTUSufcH2uU1NQ:1q6pHb:H9ROhIE_zxECb3saj-IfUyuTHlOhjiQKmI1dghpJOD8', '2023-06-21 09:16:47.904005'),
('qghz6aehwch9s3lth23erfsfl1bgswvu', '.eJxVi70KwjAQgN8ls5S7tJc0joKP4BwulxwpagXbTOK7W6GDrt_Py0Rua41tKc84ZXM0aA6_LLFcy_wVLPJo89rtpDvfebpdtua0J39f5aVuU0H1MvpMmogdiSjo2IMNrEiKGUKgPPRWlaAAWl-gHxwwJnDEJOb9AcYbNGA:1q6ckk:1de0FBJwv9ZxAT_LnijwmWHL1MvaysCeUKcNLKSn8YU', '2023-06-20 19:54:02.919423'),
('qmp7jsvqiq5cs5e863ag01tlqoidspan', '.eJxVi70KwjAQgN8ls5S7tJc0joKP4BwulxwpagXbTOK7W6GDrt_Py0Rua41tKc84ZXM0aA6_LLFcy_wVLPJo89rtpDvfebpdtua0J39f5aVuU0H1MvpMmogdiSjo2IMNrEiKGUKgPPRWlaAAWl-gHxwwJnDEJOb9AcYbNGA:1q6VdS:tWIcACSh5r6NRnaBGfRt_aetbqWwCS2N3NM6HFISFrs', '2023-06-20 12:18:02.047101'),
('qql2xqwzot9pkozi6wmflhzbcgkuic80', '.eJxVi0EOwiAQRe_C2jQdmAHq0sQjuCbDAKFRa2LLynh3MelCN3_x_nsvFbhtNbQ1P8Oc1FEBqcMvjCzXvHwfFnm0ZRt2MpzvPN8u3Tntyl9Xea090mbKwqg1at-HxINlcuCyjNYYjOgmLJAIorHFFectlCw0oscUxar3B6hnM7o:1q5krs:gAFi8Hj9B7ga_vBQXpeGu_4M3jQtiKr5qP7EZi_UrjM', '2023-06-18 10:21:48.753626'),
('qqucjc0qv1yc92xvsjbvq5citbe92771', '.eJxVjDEOwjAMRe-SGVUusaOUEYkjdI4c21UqoEi0mRB3h0od2vX99_7HJa5LSXW2dxrVXVxwpz3LLHeb1oFFXnVamo00tyePj_7vXDfl0BWey_rmMWbtiEigJUBlr0DEEXLwkAc6IzFKDkPLJgGgsyiIaqpkoOC-P6JnNIg:1q6QTE:xxDq_XnJcKQoDovAyfpDf14VqSx-LqlpYF9Llgx2eoE', '2023-06-20 06:47:08.223392'),
('qwmios0mm8r1btirttaex3k845a4qf3z', '.eJxVi70OwiAQgN-F2TQHB1dxNPERnMlxQGjUmrRlMr5726SDrt_PRwVuSw1tzlMYkroo3avTL4wsjzzuhkXebVy6g3S3Fw_P-9Zcj-TvqzzXbcrIaBCiYW2ppAQOwHkDDILalrMHgB58iZGMsT5pDeIskSNCZBL1XQGunzMp:1q6oEW:wHO0Rykk6KyHkWnOH7FR0ndPhyxvdW5-SUoAKinXSr0', '2023-06-21 08:09:32.127550'),
('r6zcxlpoccvynore5d7p3zevq8xg5pg3', '.eJxVi8sKwjAQRf8layl5Ncm4FPwE12EmmZCiVrDNSvrvjdCFri6ce85HRGxrjW3hd5yyOAvtxekXEqY7z98HU3q1eR0OMlyfOD1u3bkcyl9Xcak9IgbI6ElJW6wqiSzovnLUxFyCM1DyaACM4pxRe-28cSGAL4ZYBhbbDuoQNMY:1q6W0Q:xhaExaG50QB7XYG_y_4NuCOLofG3ml_Nj6G7M3sKsck', '2023-06-20 12:41:46.295340');
INSERT INTO `django_session` (`session_key`, `session_data`, `expire_date`) VALUES
('r74g7bcr75bqwdkixcs60e0vj91p61ce', '.eJxVi0sOgjAQhu_StSGUDm3HpYlHcN1Mf8aUqJgAXRnvLiYsdPs9XiZJXUuqi85pHMzRkDn8siy46fQVAjzrtDY7ac4PGe-XrTntyd9XZCnb1PWuDYONGphChGWhXhWOI3mKQuy1xbWzgPfiPEFdhGbOANtAbN4fmq40Mw:1q3vsy:NBlQ_5wNKQiEZAK4LxQ8m9QT9mqu3xuAwA7_JbtyfvU', '2023-06-13 09:43:24.443862'),
('r9nxyuo6pjyb6tfin06k8rhgv0ubu35u', '.eJxVi0sKwjAQQO-StZROJs3HpeARXIfpZEKKWsE2K-ndG6EL3b7PR0Wqa4l1kXeckjorrU6_bCS-y_wVxPyq89odpLs-aXrcWnM5kr-v0FLaBJqcNw6yMRRYCA0mzDha471GAQspOAkZ3UC-sT7zYG1GDQGZoFfbDpnwM48:1q4y9O:x5ojiv6vH6v07W-vd7Bix1ShQSN6TRAizZokL5ouIck', '2023-06-16 06:20:38.724879'),
('rrqr999kx6tx4fy7x1b0812appbggmps', '.eJxVi70KwjAQgN8ls5S7tJc0joKP4BwulxwpagXbTOK7W6GDrt_Py0Rua41tKc84ZXM0aA6_LLFcy_wVLPJo89rtpDvfebpdtua0J39f5aVuU0H1MvpMmogdiSjo2IMNrEiKGUKgPPRWlaAAWl-gHxwwJnDEJOb9AcYbNGA:1q6n6m:R447r60IY55lj63q37BsZ5aB2d6lRYChAuciDr_GSAU', '2023-06-21 06:57:28.191941'),
('rzf4u6wju9d7lqcuccilbjzaxkyzstcb', '.eJxVi70KwjAQgN8ls5S7tJc0joKP4BwulxwpagXbTOK7W6GDrt_Py0Rua41tKc84ZXM0aA6_LLFcy_wVLPJo89rtpDvfebpdtua0J39f5aVuU0H1MvpMmogdiSjo2IMNrEiKGUKgPPRWlaAAWl-gHxwwJnDEJOb9AcYbNGA:1q4yA1:bfz2uKIxDscAsWcm0QT_BLesERQQwGG2ECobLdO8Fhs', '2023-06-16 06:21:17.371157'),
('s0eirqa0ckayoyaap4gupznn5v8voe7q', '.eJxVi8sKwjAUBf8layn2JmkSl4Kf4DrcV0hRK_SxEv_dCF3o6sCcmZfJuK01b4vOeRRzMs4cfhkh33T6Hsj83Ka120l3eeB4vzbnvCt_XcWltqiQOjtI8egY1MvRFscpUOoBfNGo0SWK1IYH8CwBbFLmHoJYigLm_QHVazUW:1q3teU:mDajuIhjnLXXFGEn2thMXykSjY9Y9nsvFweT74WEQxc', '2023-06-13 07:20:18.331979'),
('s0vzi3z0n2hfxyuzxfv0haz3755h70a4', '.eJxVi70KwjAQgN8ls5S7tJc0joKP4BwulxwpagXbTOK7W6GDrt_Py0Rua41tKc84ZXM0aA6_LLFcy_wVLPJo89rtpDvfebpdtua0J39f5aVuU0H1MvpMmogdiSjo2IMNrEiKGUKgPPRWlaAAWl-gHxwwJnDEJOb9AcYbNGA:1q6rjT:jMHvNn5_3FI0j7B7zpEI5livMI2RoLFQUU50S4QT8c8', '2023-06-21 11:53:43.008850'),
('s0xdrmuq4lisesdmt0j9mmm406dcwyxm', '.eJxVi0sKwjAQQO-StZROJs3HpeARXIfpZEKKWsE2K-ndG6EL3b7PR0Wqa4l1kXeckjorrU6_bCS-y_wVxPyq89odpLs-aXrcWnM5kr-v0FLaBJqcNw6yMRRYCA0mzDha471GAQspOAkZ3UC-sT7zYG1GDQGZoFfbDpnwM48:1q6riD:3kLXF7_nKKckHsvKMWzvwYv-zp4TbBqsviya4q5OyfY', '2023-06-21 11:52:25.641973'),
('s1hqhirvqer7xjo81vnevkn96hew7hcm', '.eJxVi70KwjAQgN8ls5S7tJc0joKP4BwulxwpagXbTOK7W6GDrt_Py0Rua41tKc84ZXM0aA6_LLFcy_wVLPJo89rtpDvfebpdtua0J39f5aVuU0H1MvpMmogdiSjo2IMNrEiKGUKgPPRWlaAAWl-gHxwwJnDEJOb9AcYbNGA:1q6dRq:mneo_2D6kEfvwXFPXPDZdbhxs8aYfEb8XOdVH88qRfo', '2023-06-20 20:38:34.936452'),
('s8lrslj1v3ufsdwcn2s55sa200q3zyy1', '.eJxViz0OwjAMRu_iGVUmTkrMiMQRmCPXcZUKKBJtJsTdCVIH2L6f916QpK4l1cWeacpwBA-7320Qvdr8PUT1Uee125bufJfpdmnMaUP-vCJLaZJjUmEOXvYaW3CBI7G2rnlkjJSDY2_BsmCPB2QyswHJ9y7qiAjvD6KaM_M:1q4akW:SFf77mqpwx57sm7Z3aYoM32qHSYzA_6MFlv4tqTsglY', '2023-06-15 05:21:24.667291'),
('s93wxjy93x4sm9c1qt6e6vt78a39nj3f', '.eJxVi70OwiAQgN-F2TQHB1dxNPERnMlxQGjUmrRlMr5726SDrt_PRwVuSw1tzlMYkroo3avTL4wsjzzuhkXebVy6g3S3Fw_P-9Zcj-TvqzzXbcrIaBCiYW2ppAQOwHkDDILalrMHgB58iZGMsT5pDeIskSNCZBL1XQGunzMp:1q65F5:Hdj9rMBIfqq0k0l61pcqaw4hq7G8h6s1BvOUrs3CVIE', '2023-06-19 08:07:07.488655'),
('sab9jf5e3v09hs18f503hzyt324pc9ek', '.eJxVi80KwjAMgN-lZxkr2drEo-AjeC5pk9ChTnDrSXx3J-yg1-_n5RK3taa26DNN4o5ucIdflrlcdf4KLuXR5rXbSXe-83S7bM1pT_6-ykvdJvQgvRgjBEHJijJYAFP1vrBRBAwDZQ5jVjIAQymgPSHGkTUSufcH2uU1NQ:1q6rK5:oKrAiInVU5WTlTB1DSdBiiTAQgnX7Wt6jUfkNjUR8dw', '2023-06-21 11:27:29.869133'),
('sakh3p1h4gx1opyjxhu4x32maj9txb3g', '.eJxVi70OwiAQgN-F2TQIRwFHkz5CZ3LcHaFRa9KWyfju1qSDrt_PSyVsW01tlSVNrC4K1OmXZaSbzF-BRM82b91BuuGB033cm-uR_H0V17pPAb0VKDoKkslitGX2juUsnkRn6RFMz8zgMMSigy0ZXPG5CBBE0er9AeVgNcg:1q3aOr:F7RLHQqrehmBHkSYV9wvOM-dFa_5fErQA-2fIkxXkZg', '2023-06-12 10:46:53.551270'),
('sfpbkmjp0zx2r340v134eimm97wqksu4', '.eJxVi70KwjAQgN8ls5S7tJc0joKP4BwulxwpagXbTOK7W6GDrt_Py0Rua41tKc84ZXM0aA6_LLFcy_wVLPJo89rtpDvfebpdtua0J39f5aVuU0H1MvpMmogdiSjo2IMNrEiKGUKgPPRWlaAAWl-gHxwwJnDEJOb9AcYbNGA:1q6TuD:wXgOE022KjmdQVRLmJvbbHcqS4wlEqibJQPn8apPtXw', '2023-06-20 10:27:13.068614'),
('sgcnwi6cbwdhgoimsh6lcdriufnh9305', '.eJxVi0sKwjAQQO8yaylO_nEpeATXYTKTkKJWaJuVeHcrdKHb93lBor621Jcyp1HgBBjh8Asz8a1MX0PMzz6tw06Gy4PG-3Vrznvy9zVa2jZZIW8z-hKMZg7CupairBOvxCEGpWKkesRQ0ZB3JmbUujrMpMiJFXh_AOCeNKk:1q6ngC:HC8phL_lHupcNHFANnHdH_R2FYo28izKKbXsfYwp4aI', '2023-06-21 07:34:04.201948'),
('sj5wgokym62kaickpwema48hju6z0r7m', '.eJxVi70KwjAQgN8ls5S7tJc0joKP4BwulxwpagXbTOK7W6GDrt_Py0Rua41tKc84ZXM0aA6_LLFcy_wVLPJo89rtpDvfebpdtua0J39f5aVuU0H1MvpMmogdiSjo2IMNrEiKGUKgPPRWlaAAWl-gHxwwJnDEJOb9AcYbNGA:1q655t:D6KNT2tHJ_7hMmY9m4aow2gboSyEJqXU-N-htf7DzgY', '2023-06-19 07:57:37.563946'),
('smcvi99u9dc1o57iho4k9x7b9pfuycnz', '.eJxVi0sKwjAQQO-StZROJs3HpeARXIfpZEKKWsE2K-ndG6EL3b7PR0Wqa4l1kXeckjorrU6_bCS-y_wVxPyq89odpLs-aXrcWnM5kr-v0FLaBJqcNw6yMRRYCA0mzDha471GAQspOAkZ3UC-sT7zYG1GDQGZoFfbDpnwM48:1q6q7l:FnV73P4OxWO-mP_eN5EZ8G6KM26dK4NhgGcq_qgW3Zg', '2023-06-21 10:10:41.113647'),
('sq16ddsj7t505hk4qmom22mkwa6dkdwi', '.eJxVi0sKwjAQQO8yaylO_nEpeATXYTKTkKJWaJuVeHcrdKHb93lBor621Jcyp1HgBBjh8Asz8a1MX0PMzz6tw06Gy4PG-3Vrznvy9zVa2jZZIW8z-hKMZg7CupairBOvxCEGpWKkesRQ0ZB3JmbUujrMpMiJFXh_AOCeNKk:1q6qM0:4b3VBzfk6UWLTY2s6ucWk4AK8WAPgoCZpjggaS9HaV4', '2023-06-21 10:25:24.856576'),
('ssjmm156axa30ppogvznj07wpqdq7oh3', '.eJxVi70OwiAQgN-F2TQHB1dxNPERnMlxQGjUmrRlMr5726SDrt_PRwVuSw1tzlMYkroo3avTL4wsjzzuhkXebVy6g3S3Fw_P-9Zcj-TvqzzXbcrIaBCiYW2ppAQOwHkDDILalrMHgB58iZGMsT5pDeIskSNCZBL1XQGunzMp:1q6ny3:CcuhXiq4V50DlXO-ZUmHoWeKq2wX12QDgXU3s6QxuSk', '2023-06-21 07:52:31.686364'),
('t4bhp4une53ozzamei0issnpgvutvwd0', '.eJxVi0sKwjAQQO-StZROJs3HpeARXIfpZEKKWsE2K-ndG6EL3b7PR0Wqa4l1kXeckjorrU6_bCS-y_wVxPyq89odpLs-aXrcWnM5kr-v0FLaBJqcNw6yMRRYCA0mzDha471GAQspOAkZ3UC-sT7zYG1GDQGZoFfbDpnwM48:1q647B:1xwPOvIEFXQDqxvER_7B_CGsPduXCwieQ3EDOtC20X8', '2023-06-19 06:54:53.532813'),
('tbayxhcf4k8tblikmn3e4om5zarwm2iz', '.eJxVi0sKwjAQQO-StZROJs3HpeARXIfpZEKKWsE2K-ndG6EL3b7PR0Wqa4l1kXeckjorrU6_bCS-y_wVxPyq89odpLs-aXrcWnM5kr-v0FLaBJqcNw6yMRRYCA0mzDha471GAQspOAkZ3UC-sT7zYG1GDQGZoFfbDpnwM48:1q6Q5J:cprbANhuxehMTdrzwuzhJP-Dd1d4JgSaEuJIevhN6tA', '2023-06-20 06:22:25.420996'),
('td4ny37ckqqt4asyoic8g4v3456wefsm', '.eJxVi70KwjAQgN8ls5S7tJc0joKP4BwulxwpagXbTOK7W6GDrt_Py0Rua41tKc84ZXM0aA6_LLFcy_wVLPJo89rtpDvfebpdtua0J39f5aVuU0H1MvpMmogdiSjo2IMNrEiKGUKgPPRWlaAAWl-gHxwwJnDEJOb9AcYbNGA:1q6S2e:cnNOjtwEtRT0ZjAgoYiPtFpoYCFqN-nCQt7ODD-ocFM', '2023-06-20 08:27:48.793574'),
('tiqokfo3qu0qr4l22zio3odzxb2tez7c', '.eJxVi80KwjAMgN-lZxkr2drEo-AjeC5pk9ChTnDrSXx3J-yg1-_n5RK3taa26DNN4o5ucIdflrlcdf4KLuXR5rXbSXe-83S7bM1pT_6-ykvdJvQgvRgjBEHJijJYAFP1vrBRBAwDZQ5jVjIAQymgPSHGkTUSufcH2uU1NQ:1q6P37:FJpEgyu2Z0xBTf3YPpQhvpk5ZUSzBN74FSJRz4tx1Xk', '2023-06-20 05:16:05.180893'),
('tpe9t60o90iy129ldw2o1c6tm1wvattk', '.eJxVi0sKwjAQQO-StZROJs3HpeARXIfpZEKKWsE2K-ndG6EL3b7PR0Wqa4l1kXeckjorrU6_bCS-y_wVxPyq89odpLs-aXrcWnM5kr-v0FLaBJqcNw6yMRRYCA0mzDha471GAQspOAkZ3UC-sT7zYG1GDQGZoFfbDpnwM48:1q63lU:WyqrX7bCqRWbPR7ZO11wBDTAXzBPH1KfnO1Jiz5Jfyg', '2023-06-19 06:32:28.524015'),
('tq7r7er55afgmoknvr18r7hiq7jo2sxv', '.eJxVi70KwjAQgN8ls5S7tJc0joKP4BwulxwpagXbTOK7W6GDrt_Py0Rua41tKc84ZXM0aA6_LLFcy_wVLPJo89rtpDvfebpdtua0J39f5aVuU0H1MvpMmogdiSjo2IMNrEiKGUKgPPRWlaAAWl-gHxwwJnDEJOb9AcYbNGA:1q6d7q:K2LISeNRf1_pvMASiUSbDl-J8a1KYtt3iv_f4fYj7lY', '2023-06-20 20:17:54.355799'),
('txpe2rxzwabsu4gpkydfugasls9hrmoy', '.eJxVi8sKwjAQRf8laylpOnm5FPwE12FmkiFFrWCblfjvRuhC4a7OPeelEratpraWZ5qzOioT1OEXEvK1LN8HmR9t2YadDOc7zrdLd0678tdVXGuPKFqGkidBEyenIZggQRO57EocXQEkziLg0UfbF8ZMmixa0Cg2evX-AOpGNPA:1q6jTS:MCSpdQ7CZcCvz98f6gtFpdqnJYSRVVpmWyMvrrzFF2k', '2023-06-21 03:04:38.653339'),
('txxps32flcemrxtjuys9vsu59t7rcx95', '.eJxVi0sKwjAQQO-StZROJs3HpeARXIfpZEKKWsE2K-ndG6EL3b7PR0Wqa4l1kXeckjorrU6_bCS-y_wVxPyq89odpLs-aXrcWnM5kr-v0FLaBJqcNw6yMRRYCA0mzDha471GAQspOAkZ3UC-sT7zYG1GDQGZoFfbDpnwM48:1q6EYe:Glf65MBFloTzKUft6fGxmlR86gB9YeqONE9h4Rxi8xY', '2023-06-19 18:03:56.196239'),
('u2jhddf4kprjktzrorm6807sbzfh0bnh', '.eJxVi0sKwjAQQO-StZROJs3HpeARXIfpZEKKWsE2K-ndG6EL3b7PR0Wqa4l1kXeckjorrU6_bCS-y_wVxPyq89odpLs-aXrcWnM5kr-v0FLaBJqcNw6yMRRYCA0mzDha471GAQspOAkZ3UC-sT7zYG1GDQGZoFfbDpnwM48:1q6mu8:D_NE5ufqVnR8-e8i0CvFibFW1ZUg8lVd-NUPPXC0RTk', '2023-06-21 06:44:24.492108'),
('u54m9zy8o8yyw6k7hilltqrxgvm48o0d', '.eJxVi0EOwiAURO_C2jS0wAdcmngE12T4_IRGrYktK-PdxaQLXc6b914qoW01tVWeaS7qqKw6_LIMvsryPcD8aMs27GQ43zHfLt057cpfV7HWHpXALhAkknU5Cgc_askRoVgCsevDYjRkMshm6ClOIoUYGuxhvHp_AMqpNSs:1q4JSR:mMa70NM7TWblQfMmAVrltULSFzdK71ZjfZP2VUDagiM', '2023-06-14 10:53:35.912681'),
('u7tvrg87rcj2prtgmvjyw5susudw5sq7', '.eJxVi70OwiAQgN-F2TQHB1dxNPERnMlxQGjUmrRlMr5726SDrt_PRwVuSw1tzlMYkroo3avTL4wsjzzuhkXebVy6g3S3Fw_P-9Zcj-TvqzzXbcrIaBCiYW2ppAQOwHkDDILalrMHgB58iZGMsT5pDeIskSNCZBL1XQGunzMp:1q6lVh:pj2wu1nTCci1NLLm0MKY-EHr-ePuxMCsRbfnMXZv7gA', '2023-06-21 05:15:05.001130'),
('ubvhs91h2slgome183k5s5d7l33qdz5e', '.eJxVi0sKwjAQQO8yaylO_nEpeATXYTKTkKJWaJuVeHcrdKHb93lBor621Jcyp1HgBBjh8Asz8a1MX0PMzz6tw06Gy4PG-3Vrznvy9zVa2jZZIW8z-hKMZg7CupairBOvxCEGpWKkesRQ0ZB3JmbUujrMpMiJFXh_AOCeNKk:1q6qF3:eFrNoRO4GbBQWyBstimior-drS3blurxwOEVPi0Ygjs', '2023-06-21 10:18:13.637691'),
('udkyc1xntc7znrupq44ttbtzbavtf4ov', '.eJxVi70KwjAQgN8ls5S7tJc0joKP4BwulxwpagXbTOK7W6GDrt_Py0Rua41tKc84ZXM0aA6_LLFcy_wVLPJo89rtpDvfebpdtua0J39f5aVuU0H1MvpMmogdiSjo2IMNrEiKGUKgPPRWlaAAWl-gHxwwJnDEJOb9AcYbNGA:1q3Z6w:OSFBYwQOIbsQ9T3qE_TG3wtkWMsQgnB1fPWNvEJY11o', '2023-06-12 09:24:18.890706'),
('udmnsh9f3nhvkyvls0hmoe5o97s42ysf', '.eJxVi70KwjAQgN8ls5S7tJc0joKP4BwulxwpagXbTOK7W6GDrt_Py0Rua41tKc84ZXM0aA6_LLFcy_wVLPJo89rtpDvfebpdtua0J39f5aVuU0H1MvpMmogdiSjo2IMNrEiKGUKgPPRWlaAAWl-gHxwwJnDEJOb9AcYbNGA:1q63IV:Ynq5vGe0MLz3AMK44zZf6PutQb9MoGFzoVnhjcHyVF0', '2023-06-19 06:02:31.027390'),
('ue5vow8jbo1gygjwmaowoccfrrcvc7u5', '.eJxVi80KwjAMgN-lZxlN2JrFo-AjeC5pmtKhTnDrSXx3J-yg1-_n5aK0tca22DNO2R1d7w6_LIlebf4KUX20ee120p3vMt0uW3Pak7-vylK3CYdgGYFYPCYOPdlYFHvMpoSMYQymjAA8QPZkYJ4KlcRiAgQK7v0Bn_w0Gw:1q4yAS:GbtbgRddv9UUR6AjmUZWUa6nJSJhLjANGnz3slUOv98', '2023-06-16 06:21:44.754425'),
('ufwut8nw6610826sx4a12qj6kfw5clrq', '.eJxVi0sKwjAQQO-StZROJs3HpeARXIfpZEKKWsE2K-ndG6EL3b7PR0Wqa4l1kXeckjorrU6_bCS-y_wVxPyq89odpLs-aXrcWnM5kr-v0FLaBJqcNw6yMRRYCA0mzDha471GAQspOAkZ3UC-sT7zYG1GDQGZoFfbDpnwM48:1q6pDL:kWHnohgS1UB49KQJbICsgVYgd70FIl_YXBWzqoy_2_Q', '2023-06-21 09:12:23.987506'),
('ug2ki7sdls9128oy58mga0yqhm1bul0t', '.eJxVi8sKwjAQRf8laylpOnm5FPwE12FmkiFFrWCblfjvRuhC4a7OPeelEratpraWZ5qzOioT1OEXEvK1LN8HmR9t2YadDOc7zrdLd0678tdVXGuPKFqGkidBEyenIZggQRO57EocXQEkziLg0UfbF8ZMmixa0Cg2evX-AOpGNPA:1q6ja5:1o35SmIDE0VNEDhRGmUiZtNd7nxhbJ0GX5crdlUomHs', '2023-06-21 03:11:29.167089'),
('ugp0iqkzbx6zab9tdm1m2phpcnqe9aqd', '.eJxVi70KwjAQgN8ls5S7tJc0joKP4BwulxwpagXbTOK7W6GDrt_Py0Rua41tKc84ZXM0aA6_LLFcy_wVLPJo89rtpDvfebpdtua0J39f5aVuU0H1MvpMmogdiSjo2IMNrEiKGUKgPPRWlaAAWl-gHxwwJnDEJOb9AcYbNGA:1q3a8R:zyBWEj__KmSHLRRikJFG8b2fabGCJghnD4NU3p599zQ', '2023-06-12 10:29:55.692354'),
('up0pwc0umnnzrc1ro6d5ta2vi8y9as1r', '.eJxVi0sKwjAQQO-StZROJs3HpeARXIfpZEKKWsE2K-ndG6EL3b7PR0Wqa4l1kXeckjorrU6_bCS-y_wVxPyq89odpLs-aXrcWnM5kr-v0FLaBJqcNw6yMRRYCA0mzDha471GAQspOAkZ3UC-sT7zYG1GDQGZoFfbDpnwM48:1q6Ebd:b-GkHjLLOBfWDzaJOybwgyXjgcwnaBjiFzegX0Z4Jh0', '2023-06-19 18:07:01.323794'),
('ust43ul7kige9942ztr76ap93pub9lxy', '.eJxVi0sKwjAQQO-StZROJs3HpeARXIfpZEKKWsE2K-ndG6EL3b7PR0Wqa4l1kXeckjorrU6_bCS-y_wVxPyq89odpLs-aXrcWnM5kr-v0FLaBJqcNw6yMRRYCA0mzDha471GAQspOAkZ3UC-sT7zYG1GDQGZoFfbDpnwM48:1q6qNG:SjimSHAb6LDRi50_NNcONvxIEdfHUYqU27OvSdiojog', '2023-06-21 10:26:42.796579'),
('uvgmk9ugtzdwo59ls026y3322yjkgjrk', '.eJxVi70KwjAQgN8ls5S7tJc0joKP4BwulxwpagXbTOK7W6GDrt_Py0Rua41tKc84ZXM0aA6_LLFcy_wVLPJo89rtpDvfebpdtua0J39f5aVuU0H1MvpMmogdiSjo2IMNrEiKGUKgPPRWlaAAWl-gHxwwJnDEJOb9AcYbNGA:1q6lcX:fjGLjM7bqaSV1dV904HI9RxiMTt5iMHnb2VT-WkNS7M', '2023-06-21 05:22:09.577601'),
('v0vs0s4jcb09exwlshon3x62lvkerc88', '.eJxVi0sKwjAQQO-StZROJs3HpeARXIfpZEKKWsE2K-ndG6EL3b7PR0Wqa4l1kXeckjorrU6_bCS-y_wVxPyq89odpLs-aXrcWnM5kr-v0FLaBJqcNw6yMRRYCA0mzDha471GAQspOAkZ3UC-sT7zYG1GDQGZoFfbDpnwM48:1q3a9I:zR8dfHIGoTxCxMvsZu9LyuXgXLO-InQ9r9nkGeWPFiw', '2023-06-12 10:30:48.437743'),
('v1dy1o4hwsdydmy9shqdnq2fxzcj324l', '.eJxVi8sKwjAQRf8laymTVzN1KfgJXYd0MkOKWsE2q-K_G6EL3V3OPWdXMdWtxLryK85ZnZUBdfqFU6IbL98nET3rsnUH6a6PNN_H5lwO5a8raS0tygYYyJKAgAYMlskJtoE-EA5CoYfM7IQ5k_NZJmQ7oHXGa-pJq_cH5QI1EQ:1q3abd:I92U7U5aj0zwmrul91ED6jYFD1G8utHH76ODP-ogooc', '2023-06-12 11:00:05.464431'),
('v94mxf1bv5aoeuta3qo6rctrnjbn5q5p', '.eJxVi80KwjAMgN-lZxkr2drEo-AjeC5pk9ChTnDrSXx3J-yg1-_n5RK3taa26DNN4o5ucIdflrlcdf4KLuXR5rXbSXe-83S7bM1pT_6-ykvdJvQgvRgjBEHJijJYAFP1vrBRBAwDZQ5jVjIAQymgPSHGkTUSufcH2uU1NQ:1q6jbA:Q2m6Cp1vCQsvvnBHIWOhrA2J2K6wDM_uBFqc3ckZUYg', '2023-06-21 03:12:36.465499'),
('vdgvac9z7h4f92jj0tlzp8cuj69xmgg6', '.eJxVi70KwjAQgN8ls5S7tJc0joKP4BwulxwpagXbTOK7W6GDrt_Py0Rua41tKc84ZXM0aA6_LLFcy_wVLPJo89rtpDvfebpdtua0J39f5aVuU0H1MvpMmogdiSjo2IMNrEiKGUKgPPRWlaAAWl-gHxwwJnDEJOb9AcYbNGA:1q3aP4:IVREMktB-PaNhfezbtlBAxH5eVIBO5VxGP8VhQqM05o', '2023-06-12 10:47:06.564566'),
('vemjl9m74rx2w0iy8yvs4yh0tgj7i0xd', '.eJxVi0sKwjAQQO-StZROJs3HpeARXIfpZEKKWsE2K-ndG6EL3b7PR0Wqa4l1kXeckjorrU6_bCS-y_wVxPyq89odpLs-aXrcWnM5kr-v0FLaBJqcNw6yMRRYCA0mzDha471GAQspOAkZ3UC-sT7zYG1GDQGZoFfbDpnwM48:1q6oFN:R22MGgOwfBSKgC-BY8tncma8_XhCcVxeFDn44CxdkWI', '2023-06-21 08:10:25.650771'),
('vfbew3cffpzhy7e9ki9poojmxvtpjv8l', '.eJxVi70KwjAQgN8ls5S7tJc0joKP4BwulxwpagXbTOK7W6GDrt_Py0Rua41tKc84ZXM0aA6_LLFcy_wVLPJo89rtpDvfebpdtua0J39f5aVuU0H1MvpMmogdiSjo2IMNrEiKGUKgPPRWlaAAWl-gHxwwJnDEJOb9AcYbNGA:1q6cm5:c2NgwJpdh0rCV3ztm1sPcA7it-4Ih0Bkv8hhvJBIgGY', '2023-06-20 19:55:25.495595'),
('vnco969hrwzlvcjlh8d03vc8kxt2z9bg', '.eJxVi0sKwjAQQO-StZROJs3HpeARXIfpZEKKWsE2K-ndG6EL3b7PR0Wqa4l1kXeckjorrU6_bCS-y_wVxPyq89odpLs-aXrcWnM5kr-v0FLaBJqcNw6yMRRYCA0mzDha471GAQspOAkZ3UC-sT7zYG1GDQGZoFfbDpnwM48:1q4F2M:N9uO5DN6kZP_vjqhZoOu6TP6N3Drq6nEVAQ5rSaIbCE', '2023-06-14 06:10:22.004254'),
('vnjs34vlo658fx9nn2eldwnxi1h70959', '.eJxVi70OwiAQgN-F2TQHB1dxNPERnMlxQGjUmrRlMr5726SDrt_PRwVuSw1tzlMYkroo3avTL4wsjzzuhkXebVy6g3S3Fw_P-9Zcj-TvqzzXbcrIaBCiYW2ppAQOwHkDDILalrMHgB58iZGMsT5pDeIskSNCZBL1XQGunzMp:1q6Rsh:GkSYoBbLSI_7ZWkM7aQ9EG2jqvpIyKxSst7XNbIxWUk', '2023-06-20 08:17:31.405276'),
('vnr7md5jsy2etgc30v9tnqxpl8ksx0pd', '.eJxVi70KwjAQgN8ls5TcpTlyjoKP4ByuyYUUtYJtJvHdjdBB1-_nZaK0rca26jPO2RwNenP4hZOkqy5fIyk92rINOxnOd5lvl96c9uTvq7LWPtGkpIWZbUgcAChDKjlIQVVHXjOQG4msx2IDI6L1MHZYPATK1pn3B9XLM8Y:1q6Rzx:xqshYAzT-0T014OxJjitV0e6-f4WG4t_6CdZ_cvog-o', '2023-06-20 08:25:01.390899'),
('vpflqa2sgez43ixg8wg17r65k0tzioyi', '.eJxVi80KwjAMgN-lZxkr2drEo-AjeC5pk9ChTnDrSXx3J-yg1-_n5RK3taa26DNN4o5ucIdflrlcdf4KLuXR5rXbSXe-83S7bM1pT_6-ykvdJvQgvRgjBEHJijJYAFP1vrBRBAwDZQ5jVjIAQymgPSHGkTUSufcH2uU1NQ:1q6olh:3d2IuwdB1fITzBEFThjItMCuJJTPrWctEV-S5jpk2jA', '2023-06-21 08:43:49.951512'),
('vqgi14v3mzisn9p5744i3ztc4z6y6bf1', '.eJxVi70KwjAQgN8ls5S7tJc0joKP4BwulxwpagXbTOK7W6GDrt_Py0Rua41tKc84ZXM0aA6_LLFcy_wVLPJo89rtpDvfebpdtua0J39f5aVuU0H1MvpMmogdiSjo2IMNrEiKGUKgPPRWlaAAWl-gHxwwJnDEJOb9AcYbNGA:1q3YkM:WGprR7DOaI9Ja7Om1JgJb9J4alA4NUeiAaJ1Xlgn7hI', '2023-06-12 09:00:58.410369'),
('vs23tg2kn71rh68aaku7zo9dztbhajok', '.eJxVjDsOwjAQBe_iGkXx2jg2JRJHoLb245UjIEj5VIi7Y6QU0M6beS-TcVtr3pYy51HMyYAzh19IyLcyfRdkfm7T2u2kuzxwvF-bc96Vv67iUlvUJxYQK33wSUBLAW4_ybtEQxkSW1YUif4YIXpyoGRJiwZS9uJCMu8PAzc2AQ:1q6QSb:xcJ4aC6V9kjG3HvRu0tPuwq4C5_IVuoej9EzpWFUxSg', '2023-06-20 06:46:29.777725'),
('vstj907hmsnyu2zl0nbtzixye0q1gjp7', '.eJxVi0sKwjAQQO-StZROJs3HpeARXIfpZEKKWsE2K-ndG6EL3b7PR0Wqa4l1kXeckjorrU6_bCS-y_wVxPyq89odpLs-aXrcWnM5kr-v0FLaBJqcNw6yMRRYCA0mzDha471GAQspOAkZ3UC-sT7zYG1GDQGZoFfbDpnwM48:1q6clv:sbv8EXIY03ydveKrc6V4imz8XoETK1ctKGuMvyVotBI', '2023-06-20 19:55:15.393102'),
('vvuvjap7coitbgzgcaepc26y6pnzbitk', '.eJxVi0sKwjAQQO-StZROJs3HpeARXIfpZEKKWsE2K-ndG6EL3b7PR0Wqa4l1kXeckjorrU6_bCS-y_wVxPyq89odpLs-aXrcWnM5kr-v0FLaBJqcNw6yMRRYCA0mzDha471GAQspOAkZ3UC-sT7zYG1GDQGZoFfbDpnwM48:1q4b9G:DHmrsc8HYSqZsn66Z9YyB9h5Uz7OYr-2mNGt9vtug6Q', '2023-06-15 05:46:58.967977'),
('vwr4r8bntitesd7w7uk1oetqeleatn14', '.eJxVi70KwjAQgN8ls5S7tJc0joKP4BwulxwpagXbTOK7W6GDrt_Py0Rua41tKc84ZXM0aA6_LLFcy_wVLPJo89rtpDvfebpdtua0J39f5aVuU0H1MvpMmogdiSjo2IMNrEiKGUKgPPRWlaAAWl-gHxwwJnDEJOb9AcYbNGA:1q6oFu:wD937Ilj0ssaXf3msfGaF9gkc4ApIyBn7dXAIg-9E2c', '2023-06-21 08:10:58.129201'),
('vy62od8bo1arvmeej3oukpkk8u3lf9ha', '.eJxVi0sKwjAQQO-StZROJs3HpeARXIfpZEKKWsE2K-ndG6EL3b7PR0Wqa4l1kXeckjorrU6_bCS-y_wVxPyq89odpLs-aXrcWnM5kr-v0FLaBJqcNw6yMRRYCA0mzDha471GAQspOAkZ3UC-sT7zYG1GDQGZoFfbDpnwM48:1q6dSI:8-cilMmSlGOEFNHusNnFbKu4ftR0kmtq0c3bM9A99gI', '2023-06-20 20:39:02.802380'),
('w09v6y45apb74ay1c1rcnreifp27mwip', '.eJxVizkOwjAUBe_iGkV2vHybEokjUFt_ceQICFISV4i7E1AKeOW8mafK2Naa21LmPIo6KgPq8AsJ-Vqmz4PMjzat3U668x3H22VzTrvy11Vc6jfSUQq6KOSSLUmEgo9QLAlg6K0hBOLeuuC3JcCBB5fYExqwRmv1egP9VTUE:1q3w6Y:rTWGeY7w5COqowaFnJQrr0wEL9YdxLAyzPVDfSnzf0U', '2023-06-13 09:57:26.492011'),
('w1qc0gqrlxsznbeythtes0j2f41gs26k', '.eJxVi70KwjAQgN8ls5S7tJc0joKP4BwulxwpagXbTOK7W6GDrt_Py0Rua41tKc84ZXM0aA6_LLFcy_wVLPJo89rtpDvfebpdtua0J39f5aVuU0H1MvpMmogdiSjo2IMNrEiKGUKgPPRWlaAAWl-gHxwwJnDEJOb9AcYbNGA:1q6ofR:zKqdFOcyXypo3_3tKk5pDHO_ugrWCgVdQhEk20pbSpE', '2023-06-21 08:37:21.556625'),
('w45bqcm9k0dq3rlzu58qmmk4cegk0hnf', '.eJxVi0sKwjAQQO-StZROJs3HpeARXIfpZEKKWsE2K-ndG6EL3b7PR0Wqa4l1kXeckjorrU6_bCS-y_wVxPyq89odpLs-aXrcWnM5kr-v0FLaBJqcNw6yMRRYCA0mzDha471GAQspOAkZ3UC-sT7zYG1GDQGZoFfbDpnwM48:1q6ojU:6DjaF2N7OAIXubV7zaQ97ev5zWOqqzyTu6XX8VVJWrQ', '2023-06-21 08:41:32.272520'),
('w6b7it0qad05n4113hslb2mvswu5vtgz', '.eJxVi80KwjAMgN-lZxkr2drEo-AjeC5pk9ChTnDrSXx3J-yg1-_n5RK3taa26DNN4o5ucIdflrlcdf4KLuXR5rXbSXe-83S7bM1pT_6-ykvdJvQgvRgjBEHJijJYAFP1vrBRBAwDZQ5jVjIAQymgPSHGkTUSufcH2uU1NQ:1q6ngW:8v4CjTmnrhSgT_xjpLKcGFuiPsxXJNre47zV_FPsoQU', '2023-06-21 07:34:24.206328'),
('w8mhc9blhq9lrvmao6rua9fo86nsy1el', '.eJxVi70KwjAQgN8ls5S7tJc0joKP4BwulxwpagXbTOK7W6GDrt_Py0Rua41tKc84ZXM0aA6_LLFcy_wVLPJo89rtpDvfebpdtua0J39f5aVuU0H1MvpMmogdiSjo2IMNrEiKGUKgPPRWlaAAWl-gHxwwJnDEJOb9AcYbNGA:1q6qFj:3S5V7uJFZV4_pVWDa5orXNsT_rvnFs4nBluYx82gSYE', '2023-06-21 10:18:55.222231'),
('w9n4bgx04o3ezufxs9jemybf9sk2l052', '.eJxVi70KwjAQgN8ls5S7tJc0joKP4BwulxwpagXbTOK7W6GDrt_Py0Rua41tKc84ZXM0aA6_LLFcy_wVLPJo89rtpDvfebpdtua0J39f5aVuU0H1MvpMmogdiSjo2IMNrEiKGUKgPPRWlaAAWl-gHxwwJnDEJOb9AcYbNGA:1q5jVt:R4Tfvv1Rtu0LlZHKnC80yPU7al7TFlHpg96fEK3g2vs', '2023-06-18 08:55:01.040199'),
('wa5b6c9czn26y2ibqnjimtpptlsxgpun', '.eJxVi70KwjAQgN8ls5TcpTlyjoKP4ByuyYUUtYJtJvHdjdBB1-_nZaK0rca26jPO2RwNenP4hZOkqy5fIyk92rINOxnOd5lvl96c9uTvq7LWPtGkpIWZbUgcAChDKjlIQVVHXjOQG4msx2IDI6L1MHZYPATK1pn3B9XLM8Y:1q6Vzr:I3WIUzKGH_n1d4GFbkoZLRNH_FMiwcPAPCr8GJCtIY0', '2023-06-20 12:41:11.021107'),
('wj9whgp90ywgovgcpsg8cepf8yt0pqo0', '.eJxVi70KwjAQgN8ls5QzCZeco-AjdA6X3IUUtYJtJvHdrdBB1-_nZRL3taW-6DNNYk7Gojn8wszlqvPXcCmPPq_DTobLnafbuDXnPfn7Gi9tm5RiDJ4yQhXvINZjUCF0DJrReqoC4sCRuohVRTEHJLUFJFjR4s37A9W6NPc:1q6SwY:I38XFEqR9dk6fW4tWDvA_j3nrDRNghDXoR3c3dChas8', '2023-06-20 09:25:34.161461'),
('wo1oif6ob8f21pecj2wtlphapgkinnxx', '.eJxVi70OwiAQgN-F2TQHB1dxNPERnMlxQGjUmrRlMr5726SDrt_PRwVuSw1tzlMYkroo3avTL4wsjzzuhkXebVy6g3S3Fw_P-9Zcj-TvqzzXbcrIaBCiYW2ppAQOwHkDDILalrMHgB58iZGMsT5pDeIskSNCZBL1XQGunzMp:1q6T6W:m38hFcoKWOy0wNsEOsOg9nCtOigygiSDLGFR_9vHMzs', '2023-06-20 09:35:52.865266'),
('wql13na7j3od783f8ahs8zvs1l7armrb', '.eJxVi70KwjAQgN8ls5S7tJc0joKP4BwulxwpagXbTOK7W6GDrt_Py0Rua41tKc84ZXM0aA6_LLFcy_wVLPJo89rtpDvfebpdtua0J39f5aVuU0H1MvpMmogdiSjo2IMNrEiKGUKgPPRWlaAAWl-gHxwwJnDEJOb9AcYbNGA:1q6Rzh:FmenGrsX_Erx8m6opPa9zBz2kWtpVDGyoozXFauEvv4', '2023-06-20 08:24:45.467448'),
('wrrjllvfy37j9x7hae1vd3be0o1c6w6o', '.eJxVi70KwjAQgN8ls5S7tJc0joKP4BwulxwpagXbTOK7W6GDrt_Py0Rua41tKc84ZXM0aA6_LLFcy_wVLPJo89rtpDvfebpdtua0J39f5aVuU0H1MvpMmogdiSjo2IMNrEiKGUKgPPRWlaAAWl-gHxwwJnDEJOb9AcYbNGA:1q6QR9:ajDTC2wA114CWJKHTL64R_K7fBAGbb1mKAg3Q6yo2KA', '2023-06-20 06:44:59.886922'),
('wv5ijo8lmfmzgnwn9l7q8prg7vvuw0io', '.eJxVi0sKwjAQQO-StZROJs3HpeARXIfpZEKKWsE2K-ndG6EL3b7PR0Wqa4l1kXeckjorrU6_bCS-y_wVxPyq89odpLs-aXrcWnM5kr-v0FLaBJqcNw6yMRRYCA0mzDha471GAQspOAkZ3UC-sT7zYG1GDQGZoFfbDpnwM48:1q4KzQ:WuvuAa9NXlKCQot1szACZ23mTlDXDes5p_TSMG7UFPA', '2023-06-14 12:31:44.263181'),
('wxaq02a3est5w5e2lat1f2kkuwvhejm2', '.eJxVi0sKwjAQQO-StZROJs3HpeARXIfpZEKKWsE2K-ndG6EL3b7PR0Wqa4l1kXeckjorrU6_bCS-y_wVxPyq89odpLs-aXrcWnM5kr-v0FLaBJqcNw6yMRRYCA0mzDha471GAQspOAkZ3UC-sT7zYG1GDQGZoFfbDpnwM48:1q4gkY:AAn3t1eF7Zbk7QsvsfFUJiQnle3YornKR4ns4SzPB0Q', '2023-06-15 11:45:50.859484'),
('x1n2igt4trqaxelkdjfi10fc9onuews4', '.eJxVi0sKwjAQQO-StZROJs3HpeARXIfpZEKKWsE2K-ndG6EL3b7PR0Wqa4l1kXeckjorrU6_bCS-y_wVxPyq89odpLs-aXrcWnM5kr-v0FLaBJqcNw6yMRRYCA0mzDha471GAQspOAkZ3UC-sT7zYG1GDQGZoFfbDpnwM48:1q5hKn:_sndoxu9w9p9uVBoGU12ROaHmUj1G1P_dwnr2O02Zq0', '2023-06-18 06:35:25.580652'),
('x5jmzofg93bl90x1tp6qsq93oqdujj6u', '.eJxVi70KwjAQgN8ls5S7tJc0joKP4BwulxwpagXbTOK7W6GDrt_Py0Rua41tKc84ZXM0aA6_LLFcy_wVLPJo89rtpDvfebpdtua0J39f5aVuU0H1MvpMmogdiSjo2IMNrEiKGUKgPPRWlaAAWl-gHxwwJnDEJOb9AcYbNGA:1q6VYB:D1dwUJNzW3SzusSKX41tKz1yaEl1rU8-DnWjjrEfSuQ', '2023-06-20 12:12:35.491449'),
('x6lrdq45uj359rnsou3bdpt0mut9jxxg', '.eJxVi70OwiAQgN-F2TQHB1dxNPERnMlxQGjUmrRlMr5726SDrt_PRwVuSw1tzlMYkroo3avTL4wsjzzuhkXebVy6g3S3Fw_P-9Zcj-TvqzzXbcrIaBCiYW2ppAQOwHkDDILalrMHgB58iZGMsT5pDeIskSNCZBL1XQGunzMp:1q6q9R:iza4RVeLXRP-deJ6AIZFBM_I5cm1xD2ieuaAALpOGXQ', '2023-06-21 10:12:25.382335'),
('x77nxrts2gvnw29b0j32n0bxiyvwf8b3', '.eJxVi70KwjAQgN8ls5S7tJc0joKP4BwulxwpagXbTOK7W6GDrt_Py0Rua41tKc84ZXM0aA6_LLFcy_wVLPJo89rtpDvfebpdtua0J39f5aVuU0H1MvpMmogdiSjo2IMNrEiKGUKgPPRWlaAAWl-gHxwwJnDEJOb9AcYbNGA:1q6V0A:eHguu7JnOdrd_k8abF50iiLvdlzSsicemG-aqUlQ3PI', '2023-06-20 11:37:26.411110'),
('xjdwn8u72rmolrstpczyst49x5m9yp0l', '.eJxVi70KwjAQgN8ls5S7tJc0joKP4BwulxwpagXbTOK7W6GDrt_Py0Rua41tKc84ZXM0aA6_LLFcy_wVLPJo89rtpDvfebpdtua0J39f5aVuU0H1MvpMmogdiSjo2IMNrEiKGUKgPPRWlaAAWl-gHxwwJnDEJOb9AcYbNGA:1q3Zce:iGvASiyfrbtihsqg2kQUI-33qd3cxHKGB2hvF7puTiw', '2023-06-12 09:57:04.445725'),
('xolw2vltdqs72fi45a7p02ge9jb87517', '.eJxVi70KwjAQgN8ls5S7tJc0joKP4BwulxwpagXbTOK7W6GDrt_Py0Rua41tKc84ZXM0aA6_LLFcy_wVLPJo89rtpDvfebpdtua0J39f5aVuU0H1MvpMmogdiSjo2IMNrEiKGUKgPPRWlaAAWl-gHxwwJnDEJOb9AcYbNGA:1q5ijr:v4vCPss3tvrjQKbhijox-PoN2rzFXlYPg1QZX2ziO5Y', '2023-06-18 08:05:23.198806'),
('xv51ikptbl49nofwy8a3nscs5l3qoywo', '.eJxVi70KwjAQgN8ls5S7tJc0joKP4BwulxwpagXbTOK7W6GDrt_Py0Rua41tKc84ZXM0aA6_LLFcy_wVLPJo89rtpDvfebpdtua0J39f5aVuU0H1MvpMmogdiSjo2IMNrEiKGUKgPPRWlaAAWl-gHxwwJnDEJOb9AcYbNGA:1q6ozS:VHEq4kh6pxcTpsBMQfiB0rb9vyEyooQc44QUrzJTmgA', '2023-06-21 08:58:02.018756'),
('xvh8pcm7n05h992v02y2iw9fuwk5xn9y', '.eJxVi0sKwjAQQO-StZROJs3HpeARXIfpZEKKWsE2K-ndG6EL3b7PR0Wqa4l1kXeckjorrU6_bCS-y_wVxPyq89odpLs-aXrcWnM5kr-v0FLaBJqcNw6yMRRYCA0mzDha471GAQspOAkZ3UC-sT7zYG1GDQGZoFfbDpnwM48:1q4a50:qWSCOx_vNC6Q175u3EkD6imROUeO7GaGoRw2Jb3iCrg', '2023-06-15 04:38:30.520640'),
('xvm6d4tzbfjz4q1jxxt2mp1i0v7d0hm7', '.eJxVi0sKwjAQQO-StZROJs3HpeARXIfpZEKKWsE2K-ndG6EL3b7PR0Wqa4l1kXeckjorrU6_bCS-y_wVxPyq89odpLs-aXrcWnM5kr-v0FLaBJqcNw6yMRRYCA0mzDha471GAQspOAkZ3UC-sT7zYG1GDQGZoFfbDpnwM48:1q6qbo:iFjWzOMOHqhqW3WynPRgblyQUSol_rOmUNY1krAl6Rg', '2023-06-21 10:41:44.658437'),
('y2eplham0ar1555scz4r08k3hrrisny4', '.eJxVi70KwjAQgN8ls5S7tJc0joKP4BwulxwpagXbTOK7W6GDrt_Py0Rua41tKc84ZXM0aA6_LLFcy_wVLPJo89rtpDvfebpdtua0J39f5aVuU0H1MvpMmogdiSjo2IMNrEiKGUKgPPRWlaAAWl-gHxwwJnDEJOb9AcYbNGA:1q3ZaZ:urlWn03aOnu79RnymzlJh4t2LT--HNkxPRKx_g6BCys', '2023-06-12 09:54:55.827971'),
('y3y6nfk7wlvbe9wv1qt9smt3tp93k53r', '.eJxVi70KwjAQgN8ls5S7tJc0joKP4BwulxwpagXbTOK7W6GDrt_Py0Rua41tKc84ZXM0aA6_LLFcy_wVLPJo89rtpDvfebpdtua0J39f5aVuU0H1MvpMmogdiSjo2IMNrEiKGUKgPPRWlaAAWl-gHxwwJnDEJOb9AcYbNGA:1q6QQn:oaHbVtuRJfivCEuTpZK2x0QANG-D8_JP2Eg3yIrbljE', '2023-06-20 06:44:37.430998'),
('y51gpg4iu8ggqjlg695qrh3oy1vmi7xv', '.eJxVi70KwjAQgN8ls5T0cklzjoKP4BzuLikpagXbTOK7W6GDrt_PyyRua01tKc80ZXM04MzhFwrrtcxfw6qPNq_dTrrznafbZWtOe_L3VV7qNqFG8YNID-h5YIwWlUckAIo2aFYmzp6KdxqiuABIGUnG4PoYBax5fwDUmzRN:1q6QoX:trYaUIDdZAmfnseS0ZIBZ9JChQEWLdR4qIYpzUiApIc', '2023-06-20 07:09:09.244706'),
('y5839b7nevvye1mzidd1rhkbis89hpmt', '.eJxVi0sKwjAQQO-StZROJs3HpeARXIfpZEKKWsE2K-ndG6EL3b7PR0Wqa4l1kXeckjorrU6_bCS-y_wVxPyq89odpLs-aXrcWnM5kr-v0FLaBJqcNw6yMRRYCA0mzDha471GAQspOAkZ3UC-sT7zYG1GDQGZoFfbDpnwM48:1q6qI4:HeaItbfQI8oQBFvRlPduIeEdK-mjiCitvdAXzDzJ1W8', '2023-06-21 10:21:20.069057'),
('y6xjisrsi45i7xq5iizf5yj04w1muu6y', '.eJxVi0sKwjAQQO-StZROJs3HpeARXIfpZEKKWsE2K-ndG6EL3b7PR0Wqa4l1kXeckjorrU6_bCS-y_wVxPyq89odpLs-aXrcWnM5kr-v0FLaBJqcNw6yMRRYCA0mzDha471GAQspOAkZ3UC-sT7zYG1GDQGZoFfbDpnwM48:1q6oVF:b2C_H1J_EFJ2wBRpYOEBgUBPjyodKq7DN1ctUzjoFRk', '2023-06-21 08:26:49.309585'),
('yir5hchwzawls4ivw28br9lubv4hu5sc', '.eJxVi0sKwjAQQO-StZROJs3HpeARXIfpZEKKWsE2K-ndG6EL3b7PR0Wqa4l1kXeckjorrU6_bCS-y_wVxPyq89odpLs-aXrcWnM5kr-v0FLaBJqcNw6yMRRYCA0mzDha471GAQspOAkZ3UC-sT7zYG1GDQGZoFfbDpnwM48:1q6n2m:mgUSEPByUZko9u-m8Exx_SucyFItG6X-CfZge24HOfU', '2023-06-21 06:53:20.454043'),
('ym8op0j75z5k0pqg0copeahe7u6moxz1', '.eJxVi0kKwjAUQO-StZT6883gUvAIrsMfElLUCrZZiXc3Qhe6fcPLJGprTW3JzzSpORoAs_uFTHLN89eQyKPN67CR4Xyn6XbpzWlL_r5KS-3T6EVyGbGUHCyiPTAyqYpjzi46BfbAWUPBvY_ERXyAYmPsg5IimPcHEHM2NA:1q5j7H:jsWySb_JhP7DEN0-wEIwBXI-gXdYZCPbmSlAmICOJK8', '2023-06-18 08:29:35.944068'),
('yovlvkpmmyp0f9d5a6g35tm2r1n2164e', '.eJxVi70OwiAQgN-F2TQHB1dxNPERnMlxQGjUmrRlMr5726SDrt_PRwVuSw1tzlMYkroo3avTL4wsjzzuhkXebVy6g3S3Fw_P-9Zcj-TvqzzXbcrIaBCiYW2ppAQOwHkDDILalrMHgB58iZGMsT5pDeIskSNCZBL1XQGunzMp:1q6T4Z:gaX1LZcQiNFgh-_j1c3OOjg_9OIuPb70H88Kz3_C_UY', '2023-06-20 09:33:51.262501'),
('ypn1ncdp0qrox5iepd0j3t7oyrpenf0h', '.eJxVi8sKwjAQRf8layl5Ncm4FPwE12EmmZCiVrDNSvrvjdCFri6ce85HRGxrjW3hd5yyOAvtxekXEqY7z98HU3q1eR0OMlyfOD1u3bkcyl9Xcak9IgbI6ElJW6wqiSzovnLUxFyCM1DyaACM4pxRe-28cSGAL4ZYBhbbDuoQNMY:1q6Ser:ldo64kWP1JTzxTeJGYQD8Xl9_1nUR2i6_BeulLf42uA', '2023-06-20 09:07:17.656763'),
('yscazfy5uylgj8j3j0xos111gru6j1q3', '.eJxVjMEKwyAYg9_F8yi_WqvdcbBH2Fmiv2LZ1kFbT2PvPgs9bARyyJfkLTzqVnxd0-InFmchtTj9hgHxnuadIMZXnbfuSLrrE9Pj1jqXo_K3K1jLfpdt6G1kZOI8yOYjmgaoRA46NWQBRZl1IDuaXjrFjghstLHRiM8XAPg1Jw:1q4FaL:WQwxLSexrLNWC3iIMm9KRHXEYmgozPcZQ5YWbuMf9fs', '2023-06-14 06:45:29.382374'),
('yt1j20doydmgbescx6affoh7qy70weak', '.eJxVi8sKwjAQRf8layl5Ncm4FPwE12EmmZCiVrDNSvrvjdCFri6ce85HRGxrjW3hd5yyOAvtxekXEqY7z98HU3q1eR0OMlyfOD1u3bkcyl9Xcak9IgbI6ElJW6wqiSzovnLUxFyCM1DyaACM4pxRe-28cSGAL4ZYBhbbDuoQNMY:1q6Se2:WWoXFJwH6GEEnD7iPYK09bjRxQuUsD5yOFgqd1yVXhM', '2023-06-20 09:06:26.529692'),
('yuff7ovogshqwj9btv5j6h8p4enhzo43', '.eJxVi0sKwjAQQO-StZROJs3HpeARXIfpZEKKWsE2K-ndG6EL3b7PR0Wqa4l1kXeckjorrU6_bCS-y_wVxPyq89odpLs-aXrcWnM5kr-v0FLaBJqcNw6yMRRYCA0mzDha471GAQspOAkZ3UC-sT7zYG1GDQGZoFfbDpnwM48:1q6qv2:Mim-MdCjOG5Vm2l-OGg1QF_aHHOMup-OZYKkAzDBimE', '2023-06-21 11:01:36.818648'),
('ywkkcflkxpp7czfi3vcr5j5t9jmeneri', '.eJxVi0sKwjAQQO-StZROJs3HpeARXIfpZEKKWsE2K-ndG6EL3b7PR0Wqa4l1kXeckjorrU6_bCS-y_wVxPyq89odpLs-aXrcWnM5kr-v0FLaBJqcNw6yMRRYCA0mzDha471GAQspOAkZ3UC-sT7zYG1GDQGZoFfbDpnwM48:1q6VYy:CXTNO4n8-Jg6UzajQ2wQP9Ae0kcsgRZUkSjeMCA0bQk', '2023-06-20 12:13:24.762691'),
('ywqgdue3jw67hyqxg5fcikgjyrsyij8z', '.eJxVi70KwjAQgN8ls5S7tJc0joKP4BwulxwpagXbTOK7W6GDrt_Py0Rua41tKc84ZXM0aA6_LLFcy_wVLPJo89rtpDvfebpdtua0J39f5aVuU0H1MvpMmogdiSjo2IMNrEiKGUKgPPRWlaAAWl-gHxwwJnDEJOb9AcYbNGA:1q4Kdo:rKMrvZQrU2mBCtkDehxhPz5a325frYCaBhHcjmIBF_c', '2023-06-14 12:09:24.902779'),
('yyt5y4vst4d5e6pm0c30n9k9rwxixw15', '.eJxVi0kKwjAUQO-StZT6883gUvAIrsMfElLUCrZZiXc3Qhe6fcPLJGprTW3JzzSpORoAs_uFTHLN89eQyKPN67CR4Xyn6XbpzWlL_r5KS-3T6EVyGbGUHCyiPTAyqYpjzi46BfbAWUPBvY_ERXyAYmPsg5IimPcHEHM2NA:1q5jhK:scWRQY3X6urd5VF2Iq9aijXNcPboBJygQJxi2yBMe58', '2023-06-18 09:06:50.080159'),
('yzfsbpfkjltbhlpcofczf67cwsu8p66p', '.eJxVi0sKwjAQQO-StZROJs3HpeARXIfpZEKKWsE2K-ndG6EL3b7PR0Wqa4l1kXeckjorrU6_bCS-y_wVxPyq89odpLs-aXrcWnM5kr-v0FLaBJqcNw6yMRRYCA0mzDha471GAQspOAkZ3UC-sT7zYG1GDQGZoFfbDpnwM48:1q3Z8X:3Lth9WxlAsUSZDxd1z6-UEWSPfaFrbfOB6rMwFHcQvk', '2023-06-12 09:25:57.385851'),
('z0e9xrabu8m7rrwg8zscscqz4jzlj3rn', '.eJxVi0sKwjAQQO-StZROJs3HpeARXIfpZEKKWsE2K-ndG6EL3b7PR0Wqa4l1kXeckjorrU6_bCS-y_wVxPyq89odpLs-aXrcWnM5kr-v0FLaBJqcNw6yMRRYCA0mzDha471GAQspOAkZ3UC-sT7zYG1GDQGZoFfbDpnwM48:1q5jmR:Yhqur_YXl3QVdT2t4r4bF2t6kksngXbR0g2Oe5o_zh8', '2023-06-18 09:12:07.141483'),
('z0jxh9bmd6jg61xshoiaca5dy1tv2ka8', '.eJxVi0sKwjAQQO-StZROJs3HpeARXIfpZEKKWsE2K-ndG6EL3b7PR0Wqa4l1kXeckjorrU6_bCS-y_wVxPyq89odpLs-aXrcWnM5kr-v0FLaBJqcNw6yMRRYCA0mzDha471GAQspOAkZ3UC-sT7zYG1GDQGZoFfbDpnwM48:1q3b9b:teNqptQkNTcWJovlOIV-4r2T5Qg1XAsSgg2-lYK2adU', '2023-06-12 11:35:11.822147'),
('z1qhh2strchgbwpn3ukho5783024hzzn', '.eJxVjDEOwjAMRe-SGVUusaOUEYkjdI4c21UqoEi0mRB3h0od2vX99_7HJa5LSXW2dxrVXVxwpz3LLHeb1oFFXnVamo00tyePj_7vXDfl0BWey_rmMWbtiEigJUBlr0DEEXLwkAc6IzFKDkPLJgGgsyiIaqpkoOC-P6JnNIg:1q4xAr:zhtPSQVkoWtqaOePhzfOdITUyQZJ3Xn0PkseEFqIv8g', '2023-06-16 05:18:05.399414'),
('z3jvr3igdo23rjmhk0vctwafnyyau2ip', '.eJxVi70KwjAQgN8ls5S7tJc0joKP4BwulxwpagXbTOK7W6GDrt_Py0Rua41tKc84ZXM0aA6_LLFcy_wVLPJo89rtpDvfebpdtua0J39f5aVuU0H1MvpMmogdiSjo2IMNrEiKGUKgPPRWlaAAWl-gHxwwJnDEJOb9AcYbNGA:1q6di5:Rrk4ggNjx54lNGlUSeHDJbUZBcvLJe-tMkQnpBe_ngg', '2023-06-20 20:55:21.427171'),
('zb640mns1raika14t4vw2asf59xi8nck', '.eJxVi0sKwjAQQO-StZROJs3HpeARXIfpZEKKWsE2K-ndG6EL3b7PR0Wqa4l1kXeckjorrU6_bCS-y_wVxPyq89odpLs-aXrcWnM5kr-v0FLaBJqcNw6yMRRYCA0mzDha471GAQspOAkZ3UC-sT7zYG1GDQGZoFfbDpnwM48:1q6q98:VcdFYp_Gn3a58NZZtdI81Phd0kS6VX0ZulafLXx7MoY', '2023-06-21 10:12:06.657581'),
('zhej8o6v7gm4ue70bsxfe8xurskfx8j5', '.eJxVi80KwjAMgN-lZxkr2drEo-AjeC5pk9ChTnDrSXx3J-yg1-_n5RK3taa26DNN4o5ucIdflrlcdf4KLuXR5rXbSXe-83S7bM1pT_6-ykvdJvQgvRgjBEHJijJYAFP1vrBRBAwDZQ5jVjIAQymgPSHGkTUSufcH2uU1NQ:1q6msV:uVHBj3tB9WtMy-I7_Yr8YXefN5_3tWMQhqZp80fINNg', '2023-06-21 06:42:43.982573'),
('zizobvk05qeyr6nzfu7hikrjfrjakps6', '.eJxVi0sKwjAQQO-StZROJs3HpeARXIfpZEKKWsE2K-ndG6EL3b7PR0Wqa4l1kXeckjorrU6_bCS-y_wVxPyq89odpLs-aXrcWnM5kr-v0FLaBJqcNw6yMRRYCA0mzDha471GAQspOAkZ3UC-sT7zYG1GDQGZoFfbDpnwM48:1q6EbF:wbNBl9q1N2W3rCbVI351F3_BnBewxxyiqLLJs0uac4s', '2023-06-19 18:06:37.632047'),
('zjj7f290t6ei00wqmloyo4x05ic9xevd', '.eJxVi0sKwjAQQO-StZROJs3HpeARXIfpZEKKWsE2K-ndG6EL3b7PR0Wqa4l1kXeckjorrU6_bCS-y_wVxPyq89odpLs-aXrcWnM5kr-v0FLaBJqcNw6yMRRYCA0mzDha471GAQspOAkZ3UC-sT7zYG1GDQGZoFfbDpnwM48:1q5ji2:ntoPIM4d5napdGRA9UqHfpSusknropMwkFh4kU9iUfM', '2023-06-18 09:07:34.663748'),
('zl3et8z7figo2o6sq4yo8p1kcvsrzhac', '.eJxVizkOwjAUBe_iGkV2vHybEokjUFt_ceQICFISV4i7E1AKeOW8mafK2Naa21LmPIo6KgPq8AsJ-Vqmz4PMjzat3U668x3H22VzTrvy11Vc6jfSUQq6KOSSLUmEgo9QLAlg6K0hBOLeuuC3JcCBB5fYExqwRmv1egP9VTUE:1q3tyK:H-zbKtj7yy6gCNFnyCNw4I63iibn1cmzMWd7iWpKN0k', '2023-06-13 07:40:48.519925'),
('zm5rvyn791jewbjp0q6om02thi9861ke', '.eJxVi70KwjAQgN8ls5S7tJc0joKP4BwulxwpagXbTOK7W6GDrt_Py0Rua41tKc84ZXM0aA6_LLFcy_wVLPJo89rtpDvfebpdtua0J39f5aVuU0H1MvpMmogdiSjo2IMNrEiKGUKgPPRWlaAAWl-gHxwwJnDEJOb9AcYbNGA:1q3e38:ElUkyeeBvL6Y66__rRSVgzhPV7WANyO5S9ZKHoqLo3Q', '2023-06-12 14:40:42.786112'),
('zo9gwzyfycvka7w3u6xc5d2ndieiu0w8', '.eJxVi0sKwjAQQO-StZROJs3HpeARXIfpZEKKWsE2K-ndG6EL3b7PR0Wqa4l1kXeckjorrU6_bCS-y_wVxPyq89odpLs-aXrcWnM5kr-v0FLaBJqcNw6yMRRYCA0mzDha471GAQspOAkZ3UC-sT7zYG1GDQGZoFfbDpnwM48:1q3uqW:5qZTfNrapxqxw0x0yaOe-LynidK5T5wEzhFaP728LN8', '2023-06-13 08:36:48.093079'),
('zpxabg69cjjemq1djv02knyhlfg3k05g', '.eJxVi70KwjAQgN8ls5S7tJc0joKP4BwulxwpagXbTOK7W6GDrt_Py0Rua41tKc84ZXM0aA6_LLFcy_wVLPJo89rtpDvfebpdtua0J39f5aVuU0H1MvpMmogdiSjo2IMNrEiKGUKgPPRWlaAAWl-gHxwwJnDEJOb9AcYbNGA:1q5fyI:UpdnZsIbUQIsjtYkqV9bTM5lzC6nYiBqkwJ1KePXXR0', '2023-06-18 05:08:06.129962'),
('zqa3rf4xwszm6ekzz286dw3jd3y21rm0', '.eJxVi8sKwjAQRf8layl5Ncm4FPwE12EmmZCiVrDNSvrvjdCFri6ce85HRGxrjW3hd5yyOAvtxekXEqY7z98HU3q1eR0OMlyfOD1u3bkcyl9Xcak9IgbI6ElJW6wqiSzovnLUxFyCM1DyaACM4pxRe-28cSGAL4ZYBhbbDuoQNMY:1q6VOv:cSMvFbJNOiNrLud-Gh31enHrtO_HoFPHqYot9yxW8UI', '2023-06-20 12:03:01.000510'),
('zrieaknedxnut8kp77odxalhpe342i0f', '.eJxVi80KwjAMgN-lZxkr2drEo-AjeC5pk9ChTnDrSXx3J-yg1-_n5RK3taa26DNN4o5ucIdflrlcdf4KLuXR5rXbSXe-83S7bM1pT_6-ykvdJvQgvRgjBEHJijJYAFP1vrBRBAwDZQ5jVjIAQymgPSHGkTUSufcH2uU1NQ:1q6qqm:V9yLVwXzJHTGbW2hk57RXWzTbhU8aL91toOuFUXpNn8', '2023-06-21 10:57:12.712424'),
('zsqbhhn8l2xgx2j27uof70lpic44oolc', '.eJxVi70KwjAQgN8ls5S7tJc0joKP4BwulxwpagXbTOK7W6GDrt_Py0Rua41tKc84ZXM0aA6_LLFcy_wVLPJo89rtpDvfebpdtua0J39f5aVuU0H1MvpMmogdiSjo2IMNrEiKGUKgPPRWlaAAWl-gHxwwJnDEJOb9AcYbNGA:1q4d7Y:5FrNa-aPBFP_Qhq7zadmRg-AfE2YOGBkAFMJk0JKO6k', '2023-06-15 07:53:20.702687'),
('zwv55eluyikcviflhqhbixa76oehv1b4', '.eJxVi8sKwjAQRf8layl5Ncm4FPwE12EmmZCiVrDNSvrvjdCFri6ce85HRGxrjW3hd5yyOAvtxekXEqY7z98HU3q1eR0OMlyfOD1u3bkcyl9Xcak9IgbI6ElJW6wqiSzovnLUxFyCM1DyaACM4pxRe-28cSGAL4ZYBhbbDuoQNMY:1q6S6w:uLj__-boGATmOv3SLNaIVBGrLxyq_TMX-o677d-stE4', '2023-06-20 08:32:14.984400');

-- --------------------------------------------------------

--
-- Table structure for table `management_clientcategory`
--

CREATE TABLE `management_clientcategory` (
  `id` bigint(20) NOT NULL,
  `name` varchar(255) NOT NULL
) ENGINE=InnoDB DEFAULT CHARSET=utf8mb4;

--
-- Dumping data for table `management_clientcategory`
--

INSERT INTO `management_clientcategory` (`id`, `name`) VALUES
(4, 'asd'),
(6, 'asdasd'),
(2, 'daw'),
(8, 'dawj'),
(7, 'fdghjk'),
(1, 'industry'),
(3, 'teatae'),
(5, 'test');

-- --------------------------------------------------------

--
-- Table structure for table `management_commodity`
--

CREATE TABLE `management_commodity` (
  `id` bigint(20) NOT NULL,
  `name` varchar(255) NOT NULL,
  `test_duration` int(11) DEFAULT NULL,
  `units` varchar(255) DEFAULT NULL,
  `price` int(11) DEFAULT NULL,
  `category_id` bigint(20) DEFAULT NULL
) ENGINE=InnoDB DEFAULT CHARSET=utf8mb4;

--
-- Dumping data for table `management_commodity`
--

INSERT INTO `management_commodity` (`id`, `name`, `test_duration`, `units`, `price`, `category_id`) VALUES
(1, 'Ghee', NULL, '%', 12, 1),
(2, 'Mustard Oil', NULL, 'nan', 0, 1),
(3, 'Imported Rapeseed oil', NULL, 'nan', 0, 1),
(4, 'Rapeseed oil', NULL, 'nan', 0, 1),
(5, 'Soyabean Oil', NULL, '%', 0, 1),
(6, 'Palm oil ', NULL, 'nan', 0, 1),
(7, 'Palm kernel oil', NULL, 'nan', 0, 1),
(8, 'Palmolein ', NULL, 'nan', 0, 1),
(9, 'Groundnut Oil', NULL, 'nan', 0, 1),
(10, 'Coconut oil', NULL, 'nan', 0, 1),
(11, 'Sesame oil', NULL, 'nan', 0, 1),
(12, 'Corn oil / Maize oil ', NULL, 'nan', 0, 1),
(13, 'Sunflower oil ', NULL, 'nan', 0, 1),
(14, 'Olive oil ', NULL, 'nan', 0, 1),
(15, 'Safflower seed oil ', NULL, 'nan', 0, 1),
(16, 'Refined Vegetable oil ', NULL, 'nan', 0, 1),
(17, 'Hydrogenated Vegetable oil ', NULL, 'degree centigrade', 0, 1),
(18, 'Bakery Shortening ', NULL, 'nan', 0, 1),
(19, 'Testing', 10, 'ljhhj', 100, 130);

-- --------------------------------------------------------

--
-- Table structure for table `management_commoditycategory`
--

CREATE TABLE `management_commoditycategory` (
  `id` bigint(20) NOT NULL,
  `name` varchar(255) NOT NULL
) ENGINE=InnoDB DEFAULT CHARSET=utf8mb4;

--
-- Dumping data for table `management_commoditycategory`
--

INSERT INTO `management_commoditycategory` (`id`, `name`) VALUES
(1, 'Fats and Oils'),
(132, 'ok'),
(133, 'okx'),
(134, 'pop'),
(130, 'Test'),
(131, 'testing');

-- --------------------------------------------------------

--
-- Table structure for table `management_payment`
--

CREATE TABLE `management_payment` (
  `id` bigint(20) NOT NULL,
  `owner_email` varchar(100) DEFAULT NULL,
  `voucher_number` varchar(155) DEFAULT NULL,
  `register_date` varchar(155) DEFAULT NULL,
  `ammount` int(11) DEFAULT NULL,
  `payment_receipt` varchar(100) DEFAULT NULL,
  `created_date` datetime(6) NOT NULL,
  `updated_date` datetime(6) NOT NULL,
  `sample_form_id` bigint(20) NOT NULL
) ENGINE=InnoDB DEFAULT CHARSET=utf8mb4;

--
-- Dumping data for table `management_payment`
--

INSERT INTO `management_payment` (`id`, `owner_email`, `voucher_number`, `register_date`, `ammount`, `payment_receipt`, `created_date`, `updated_date`, `sample_form_id`) VALUES
(13, 'admin@gmail.com', '345345', 'Tue Jun 06 2023 00:00:00 GMT+0545 (Nepal Time)', NULL, 'uploads/receipt/fenfit-logo_sGeItd0.png', '2023-06-06 20:38:27.901114', '2023-06-06 20:38:27.901138', 19),
(14, 'admin@gmail.com', '234234', 'Thu Jun 15 2023 00:00:00 GMT+0545 (Nepal Time)', NULL, 'uploads/receipt/fenfit-logo_VKDSkp5.png', '2023-06-07 06:41:22.132581', '2023-06-07 06:41:22.132617', 21);

-- --------------------------------------------------------

--
-- Table structure for table `management_sampleform`
--

CREATE TABLE `management_sampleform` (
  `id` bigint(20) NOT NULL,
  `owner_user` varchar(100) NOT NULL,
  `name` varchar(255) DEFAULT NULL,
  `condition` varchar(255) NOT NULL,
  `mfd` date NOT NULL,
  `dfb` date NOT NULL,
  `batch` int(11) NOT NULL,
  `brand` varchar(255) NOT NULL,
  `purpose` varchar(255) NOT NULL,
  `report_date` date NOT NULL,
  `amendments` varchar(255) NOT NULL,
  `language` varchar(10) NOT NULL,
  `note` longtext NOT NULL,
  `status` varchar(155) DEFAULT NULL,
  `form_available` varchar(100) DEFAULT NULL,
  `created_date` datetime(6) NOT NULL,
  `updated_date` datetime(6) NOT NULL,
  `supervisor_user_id` bigint(20) DEFAULT NULL,
  `commodity_id` bigint(20) NOT NULL,
  `is_commodity_select` tinyint(1) NOT NULL,
  `is_analyst_test` tinyint(1) NOT NULL
) ENGINE=InnoDB DEFAULT CHARSET=utf8mb4;

--
-- Dumping data for table `management_sampleform`
--

INSERT INTO `management_sampleform` (`id`, `owner_user`, `name`, `condition`, `mfd`, `dfb`, `batch`, `brand`, `purpose`, `report_date`, `amendments`, `language`, `note`, `status`, `form_available`, `created_date`, `updated_date`, `supervisor_user_id`, `commodity_id`, `is_commodity_select`, `is_analyst_test`) VALUES
(19, 'admin@gmail.com', 'new sample form', 'new sample form', '2023-06-01', '2023-06-13', 123, '123123', '1123123', '2023-06-22', '123123', 'np', '123123', 'pending', 'supervisor', '2023-06-06 20:37:44.267841', '2023-06-06 20:37:44.267877', 2, 1, 0, 0),
(20, 'hari@gmail.com', 'Egg', 'Enim cumque nesciunt', '2023-06-07', '2023-06-08', 76, 'Provident consequun', 'Consectetur culpa', '2023-06-13', 'Recusandae Pariatur', 'np', 'Ad quia voluptas vol', 'not_verified', 'analyst', '2023-06-07 03:06:09.677637', '2023-06-07 03:06:09.677662', 29, 3, 0, 0),
(21, 'admin@gmail.com', 'alpha', 'alpha', '2023-06-01', '2023-06-21', 2234234, 'alpha', 'alpha', '2023-06-14', 'alpha', 'np', 'alpha', 'not_verified', 'analyst', '2023-06-07 06:40:54.088093', '2023-06-07 06:40:54.088120', 2, 1, 0, 0),
(22, 'admin@gmail.com', 'bita', 'bita', '2023-06-06', '2023-06-21', 234234, 'bita', 'bita', '2023-06-13', 'bita', 'np', 'bita', 'completed', 'verifier', '2023-06-07 06:52:57.177316', '2023-06-07 06:52:57.177337', 2, 1, 0, 0),
(23, 'user@gmail.com', 'Local Sample Test', 'asd', '2023-06-05', '2023-06-13', 435678, 'gcfhjk', 'fdghjk', '2023-06-28', 'gfhj', 'en', 'hgjk', 'completed', 'verifier', '2023-06-07 08:37:13.978052', '2023-06-07 08:37:13.978052', 2, 3, 0, 0),
(24, 'admin@gmail.com', 'local_sample_form', 'local_sample_form', '2023-06-06', '2023-06-13', 234234, 'local_sample_form', 'local_sample_form', '2023-06-20', 'local_sample_form', 'en', 'local_sample_form', 'not_verified', 'analyst', '2023-06-07 08:59:29.834927', '2023-06-07 08:59:29.834927', 2, 1, 0, 0),
(25, 'admin@gmail.com', 'final_samaple_form', 'final_samaple_form', '2023-06-06', '2023-06-13', 234234, 'final_samaple_form', 'final_samaple_form', '2023-06-22', 'final_samaple_form', 'np', 'final_samaple_form', 'not_verified', 'analyst', '2023-06-07 10:10:11.791426', '2023-06-07 10:10:11.791426', 2, 1, 0, 0),
(26, 'admin@gmail.com', 'final_report_1', 'final_report_1', '2023-06-06', '2023-06-20', 123123, 'final_report_1', 'final_report_1', '2023-06-14', 'final_report_1', 'en', '123', 'not_verified', 'analyst', '2023-06-07 10:20:56.698011', '2023-06-07 10:20:56.698011', 2, 1, 0, 0),
(27, 'user@gmail.com', 'manoj sir', 'asd', '2023-06-06', '2023-06-29', 2345, 'asd', 'asd', '2023-06-13', 'asd', 'en', 'asd', 'completed', 'verifier', '2023-06-07 10:40:27.074026', '2023-06-07 10:40:27.074026', 2, 4, 0, 0),
(28, 'user@gmail.com', 'Umesh', 'Umesh', '2023-06-05', '2023-06-14', 45678, 'asdasd', 'adwdw', '2023-06-08', 'daw', 'en', 'adw', 'completed', 'verifier', '2023-06-07 11:53:32.169809', '2023-06-07 11:53:32.169809', 2, 3, 0, 0);

-- --------------------------------------------------------

--
-- Table structure for table `management_sampleformhasparameter`
--

CREATE TABLE `management_sampleformhasparameter` (
  `id` bigint(20) NOT NULL,
  `analyst_user_id` bigint(20) NOT NULL,
  `status` varchar(155) DEFAULT NULL,
  `form_available` varchar(100) DEFAULT NULL,
  `created_date` datetime(6) NOT NULL,
  `updated_date` datetime(6) NOT NULL,
  `commodity_id` bigint(20) DEFAULT NULL,
  `sample_form_id` bigint(20) DEFAULT NULL,
  `is_supervisor_sent` tinyint(1) NOT NULL
) ENGINE=InnoDB DEFAULT CHARSET=utf8mb4;

--
-- Dumping data for table `management_sampleformhasparameter`
--

INSERT INTO `management_sampleformhasparameter` (`id`, `analyst_user_id`, `status`, `form_available`, `created_date`, `updated_date`, `commodity_id`, `sample_form_id`, `is_supervisor_sent`) VALUES
(34, 4, 'processing', 'analyst', '2023-06-06 20:39:26.301247', '2023-06-06 20:39:26.301281', NULL, 19, 0),
(35, 19, 'processing', 'analyst', '2023-06-06 20:40:14.816014', '2023-06-06 20:40:14.816052', NULL, 19, 0),
(36, 25, 'completed', 'analyst', '2023-06-07 03:10:55.267434', '2023-06-07 03:10:55.267461', NULL, 20, 0),
(37, 4, 'completed', 'analyst', '2023-06-07 03:13:59.736378', '2023-06-07 03:13:59.736397', NULL, 20, 0),
(38, 4, 'completed', 'analyst', '2023-06-07 06:42:15.639755', '2023-06-07 06:42:15.639787', NULL, 21, 0),
(39, 4, 'completed', 'analyst', '2023-06-07 06:53:36.048013', '2023-06-07 06:53:36.048044', NULL, 22, 0),
(40, 19, 'completed', 'analyst', '2023-06-07 06:53:52.867467', '2023-06-07 06:53:52.867505', NULL, 22, 0),
(41, 4, 'processing', 'analyst', '2023-06-07 08:38:48.289723', '2023-06-07 08:38:48.289723', NULL, 23, 0),
(42, 19, 'completed', 'analyst', '2023-06-07 08:39:12.123564', '2023-06-07 08:39:12.123564', NULL, 23, 0),
(43, 19, 'completed', 'analyst', '2023-06-07 09:00:36.973238', '2023-06-07 09:00:36.973238', NULL, 24, 0),
(44, 4, 'completed', 'analyst', '2023-06-07 09:09:57.509303', '2023-06-07 09:09:57.509303', NULL, 24, 1),
(45, 4, 'processing', 'analyst', '2023-06-07 10:10:59.892405', '2023-06-07 10:10:59.892405', NULL, 25, 1),
(46, 19, 'completed', 'analyst', '2023-06-07 10:11:56.720526', '2023-06-07 10:11:56.720526', NULL, 25, 1),
(47, 19, 'completed', 'analyst', '2023-06-07 10:21:37.883243', '2023-06-07 10:21:37.883243', NULL, 26, 1),
(48, 4, 'completed', 'analyst', '2023-06-07 10:21:50.396206', '2023-06-07 10:21:50.396206', NULL, 26, 1),
(49, 4, 'completed', 'analyst', '2023-06-07 10:41:21.789812', '2023-06-07 10:41:21.789812', NULL, 27, 1),
(50, 19, 'completed', 'analyst', '2023-06-07 10:41:35.083466', '2023-06-07 10:41:35.083466', NULL, 27, 1),
(51, 4, 'completed', 'analyst', '2023-06-07 11:54:29.784179', '2023-06-07 11:54:29.784179', NULL, 28, 1),
(52, 19, 'completed', 'analyst', '2023-06-07 11:54:41.276785', '2023-06-07 11:54:41.276785', NULL, 28, 1);

-- --------------------------------------------------------

--
-- Table structure for table `management_sampleformhasparameter_parameter`
--

CREATE TABLE `management_sampleformhasparameter_parameter` (
  `id` bigint(20) NOT NULL,
  `sampleformhasparameter_id` bigint(20) NOT NULL,
  `testresult_id` bigint(20) NOT NULL
) ENGINE=InnoDB DEFAULT CHARSET=utf8mb4;

--
-- Dumping data for table `management_sampleformhasparameter_parameter`
--

INSERT INTO `management_sampleformhasparameter_parameter` (`id`, `sampleformhasparameter_id`, `testresult_id`) VALUES
(62, 34, 1),
(63, 35, 2),
(64, 36, 6),
(65, 36, 7),
(66, 36, 8),
(67, 36, 9),
(68, 36, 10),
(69, 36, 11),
(70, 36, 12),
(71, 36, 13),
(72, 36, 14),
(73, 36, 15),
(74, 36, 16),
(75, 36, 17),
(76, 36, 18),
(77, 36, 19),
(78, 36, 20),
(79, 36, 21),
(80, 36, 22),
(81, 37, 23),
(82, 38, 1),
(83, 39, 1),
(84, 40, 2),
(85, 41, 16),
(86, 41, 17),
(87, 42, 18),
(88, 42, 19),
(89, 42, 20),
(90, 42, 21),
(91, 42, 22),
(92, 42, 23),
(93, 43, 1),
(94, 44, 2),
(95, 45, 1),
(96, 45, 2),
(97, 46, 3),
(98, 47, 1),
(99, 47, 2),
(100, 48, 3),
(101, 48, 4),
(102, 49, 24),
(103, 49, 25),
(104, 49, 26),
(105, 50, 27),
(106, 50, 28),
(107, 50, 29),
(108, 50, 30),
(109, 50, 31),
(110, 51, 16),
(111, 51, 17),
(112, 51, 18),
(113, 51, 19),
(114, 52, 20),
(115, 52, 21),
(116, 52, 22),
(117, 52, 23);

-- --------------------------------------------------------

--
-- Table structure for table `management_sampleformparameterformulacalculate`
--

CREATE TABLE `management_sampleformparameterformulacalculate` (
  `id` bigint(20) NOT NULL,
  `result` int(11) DEFAULT NULL,
  `remark` varchar(200) DEFAULT NULL,
  `auto_calculate_result` varchar(200) DEFAULT NULL,
  `commodity_id` bigint(20) DEFAULT NULL,
  `created_date` datetime(6) NOT NULL,
  `input_fields_value` varchar(2000) DEFAULT NULL,
  `parameter_id` bigint(20) DEFAULT NULL,
  `sample_form_id` bigint(20) DEFAULT NULL,
  `updated_date` datetime(6) NOT NULL,
  `is_verified` tinyint(1) NOT NULL,
  `status` varchar(155) NOT NULL
) ENGINE=InnoDB DEFAULT CHARSET=utf8mb4;

--
-- Dumping data for table `management_sampleformparameterformulacalculate`
--

INSERT INTO `management_sampleformparameterformulacalculate` (`id`, `result`, `remark`, `auto_calculate_result`, `commodity_id`, `created_date`, `input_fields_value`, `parameter_id`, `sample_form_id`, `updated_date`, `is_verified`, `status`) VALUES
(33, 50, NULL, NULL, 3, '2023-06-07 03:14:24.333682', '{\"nan\":50}', 23, 20, '2023-06-07 03:14:24.333703', 0, 'completed'),
(34, 10, NULL, NULL, 3, '2023-06-07 03:16:32.526027', '{\"nan\":10}', 6, 20, '2023-06-07 03:16:32.526044', 0, 'completed'),
(35, 2855, NULL, NULL, 3, '2023-06-07 03:16:52.045703', '{\"B\":100,\"S\":10,\"M\":5,\"w\":2}', 7, 20, '2023-06-07 03:16:52.045727', 0, 'completed'),
(36, 1122, NULL, NULL, 3, '2023-06-07 03:17:06.242438', '{\"B\":100,\"S\":20,\"W\":2}', 8, 20, '2023-06-07 03:17:06.242465', 0, 'completed'),
(37, 15, NULL, NULL, 3, '2023-06-07 03:17:18.003445', '{\"nan\":15}', 9, 20, '2023-06-07 03:17:18.003466', 0, 'completed'),
(38, 11220, NULL, NULL, 3, '2023-06-07 03:17:35.544615', '{\"V\":20,\"M\":100,\"W\":10}', 10, 20, '2023-06-07 03:17:35.544631', 0, 'completed'),
(39, 1, NULL, NULL, 3, '2023-06-07 03:17:57.346048', '{\"Titer\":1,\"M\":1,\"W\":1000}', 11, 20, '2023-06-07 03:17:57.346066', 0, 'completed'),
(40, 20, NULL, NULL, 3, '2023-06-07 03:18:09.459566', '{\"nan\":20}', 12, 20, '2023-06-07 03:18:09.459595', 0, 'completed'),
(41, 50, NULL, NULL, 3, '2023-06-07 03:18:20.006986', '{\"nan\":50}', 22, 20, '2023-06-07 03:18:20.007003', 0, 'completed'),
(42, 2, NULL, NULL, 3, '2023-06-07 03:18:36.573219', '{\"Titer\":2,\"M\":1,\"W\":1000}', 21, 20, '2023-06-07 03:18:36.573246', 0, 'completed'),
(43, 2, NULL, NULL, 3, '2023-06-07 03:18:53.156125', '{\"V\":1,\"M\":1,\"W\":25}', 20, 20, '2023-06-07 03:18:53.156148', 0, 'completed'),
(44, 66, NULL, NULL, 3, '2023-06-07 03:19:29.991803', '{\"nan\":66}', 19, 20, '2023-06-07 03:19:29.991821', 0, 'completed'),
(45, 1, NULL, NULL, 3, '2023-06-07 03:19:48.767777', '{\"B\":2,\"S\":1,\"W\":28}', 18, 20, '2023-06-07 03:19:48.767799', 0, 'completed'),
(46, 0, NULL, NULL, 3, '2023-06-07 03:20:12.720146', '{\"B\":100,\"S\":50,\"M\":0,\"w\":5}', 17, 20, '2023-06-07 03:20:12.720166', 0, 'completed'),
(47, 10, NULL, NULL, 3, '2023-06-07 03:20:29.520371', '{\"nan\":10.522}', 16, 20, '2023-06-07 03:20:29.520388', 0, 'completed'),
(48, 848, NULL, NULL, 3, '2023-06-07 03:20:39.181982', '{\"nan\":848}', 15, 20, '2023-06-07 03:20:39.181999', 0, 'completed'),
(49, 498894, NULL, NULL, 3, '2023-06-07 03:20:48.097654', '{\"nan\":498894}', 14, 20, '2023-06-07 03:20:48.097671', 0, 'completed'),
(50, 6516, NULL, NULL, 3, '2023-06-07 03:20:57.036007', '{\"nan\":6516}', 13, 20, '2023-06-07 03:20:57.036027', 0, 'completed'),
(51, 98, NULL, NULL, 1, '2023-06-07 06:42:59.193499', '{\"nan\":98}', 1, 21, '2023-06-07 06:42:59.193531', 0, 'completed'),
(52, 89, NULL, NULL, 1, '2023-06-07 07:02:50.346810', '{\"nan\":89}', 1, 22, '2023-06-07 07:02:50.346837', 0, 'completed'),
(53, 1088, NULL, NULL, 1, '2023-06-07 07:33:23.550945', '{\"a\":32,\"b\":34}', 2, 22, '2023-06-07 07:33:23.550967', 0, 'completed'),
(54, 43567, NULL, NULL, 3, '2023-06-07 08:40:29.513843', '{\"nan\":43567}', 16, 23, '2023-06-07 08:40:29.513843', 0, 'completed'),
(55, 0, NULL, NULL, 3, '2023-06-07 08:40:45.375251', '{\"B\":8,\"S\":8,\"M\":8,\"w\":8}', 17, 23, '2023-06-07 08:40:45.375251', 0, 'completed'),
(56, 234, NULL, NULL, 3, '2023-06-07 08:44:34.855007', '{\"nan\":234}', 19, 23, '2023-06-07 08:44:34.855007', 0, 'completed'),
(57, 1290, NULL, NULL, 3, '2023-06-07 08:44:43.493948', '{\"V\":34,\"M\":23,\"W\":34}', 20, 23, '2023-06-07 08:44:43.493948', 0, 'completed'),
(58, 15600, NULL, NULL, 3, '2023-06-07 08:44:53.406738', '{\"Titer\":234,\"M\":23,\"W\":345}', 21, 23, '2023-06-07 08:44:53.406738', 0, 'completed'),
(59, 234, NULL, NULL, 3, '2023-06-07 08:44:59.326154', '{\"nan\":234}', 22, 23, '2023-06-07 08:44:59.326154', 0, 'completed'),
(60, 234, NULL, NULL, 3, '2023-06-07 08:45:07.029880', '{\"nan\":234}', 23, 23, '2023-06-07 08:45:07.029880', 0, 'completed'),
(61, -24, NULL, NULL, 3, '2023-06-07 08:49:57.801440', '{\"B\":8,\"S\":67,\"W\":67}', 18, 23, '2023-06-07 08:49:57.801440', 0, 'completed'),
(62, 98, NULL, NULL, 1, '2023-06-07 09:11:42.444287', '{\"nan\":98}', 1, 24, '2023-06-07 09:11:42.444287', 0, 'completed'),
(63, 63, NULL, NULL, 1, '2023-06-07 09:16:40.524810', '{\"a\":7,\"b\":9}', 2, 24, '2023-06-07 09:16:40.524810', 0, 'completed'),
(64, 234, NULL, NULL, 1, '2023-06-07 10:12:52.194959', '{\"nan\":234}', 1, 25, '2023-06-07 10:12:52.194959', 0, 'completed'),
(65, 80730, NULL, NULL, 1, '2023-06-07 10:12:59.928109', '{\"a\":234,\"b\":345}', 2, 25, '2023-06-07 10:12:59.928109', 0, 'completed'),
(66, 10320, NULL, NULL, 1, '2023-06-07 10:13:52.513589', '{\"V\":342,\"M\":234,\"W\":435}', 3, 25, '2023-06-07 10:13:52.513589', 0, 'completed'),
(67, 98, NULL, NULL, 1, '2023-06-07 10:22:17.314166', '{\"nan\":98}', 1, 26, '2023-06-07 10:22:17.314166', 0, 'completed'),
(68, 5497, NULL, NULL, 1, '2023-06-07 10:23:56.559934', '{\"V\":98,\"M\":456,\"W\":456}', 3, 26, '2023-06-07 10:23:56.559934', 0, 'completed'),
(69, 656341, NULL, NULL, 1, '2023-06-07 10:24:05.418356', '{\"Titer\":234,\"M\":345,\"W\":123}', 4, 26, '2023-06-07 10:24:05.418356', 0, 'completed'),
(70, 5963, NULL, NULL, 1, '2023-06-07 10:26:12.524287', '{\"a\":89,\"b\":67}', 2, 26, '2023-06-07 10:26:12.524287', 0, 'completed'),
(71, 234, NULL, NULL, 4, '2023-06-07 10:42:04.383399', '{\"nan\":234}', 24, 27, '2023-06-07 10:42:04.383399', 0, 'completed'),
(72, -1725, NULL, NULL, 4, '2023-06-07 10:42:15.031660', '{\"B\":98,\"S\":234,\"M\":345,\"w\":345}', 25, 27, '2023-06-07 10:42:15.031660', 0, 'completed'),
(73, -2959, NULL, NULL, 4, '2023-06-07 10:57:44.616126', '{\"B\":23,\"S\":234,\"W\":2}', 26, 27, '2023-06-07 10:57:44.616126', 0, 'completed'),
(74, 123, NULL, NULL, 4, '2023-06-07 11:50:44.085569', '{\"nan\":123}', 27, 27, '2023-06-07 11:50:44.085569', 0, 'completed'),
(75, 13127, NULL, NULL, 4, '2023-06-07 11:50:54.686383', '{\"V\":234,\"M\":234,\"W\":234}', 28, 27, '2023-06-07 11:50:54.686383', 0, 'completed'),
(76, 32000, NULL, NULL, 4, '2023-06-07 11:51:02.505779', '{\"Titer\":12,\"M\":32,\"W\":12}', 29, 27, '2023-06-07 11:51:02.505779', 0, 'completed'),
(77, 123, NULL, NULL, 4, '2023-06-07 11:51:08.302798', '{\"nan\":123}', 30, 27, '2023-06-07 11:51:08.302798', 0, 'completed'),
(78, 12, NULL, NULL, 4, '2023-06-07 11:51:13.348355', '{\"nan\":12}', 31, 27, '2023-06-07 11:51:13.348355', 0, 'completed'),
(79, 12412, NULL, NULL, 3, '2023-06-07 11:55:20.187978', '{\"nan\":12412}', 16, 28, '2023-06-07 11:55:20.187978', 0, 'completed'),
(80, 509, NULL, NULL, 3, '2023-06-07 11:55:38.219399', '{\"B\":123,\"S\":87,\"M\":87,\"w\":78}', 17, 28, '2023-06-07 11:55:38.219399', 0, 'completed'),
(81, 320, NULL, NULL, 3, '2023-06-07 11:55:47.167705', '{\"B\":87,\"S\":7,\"W\":7}', 18, 28, '2023-06-07 11:55:47.167705', 0, 'completed'),
(82, 6789, NULL, NULL, 3, '2023-06-07 11:55:53.996379', '{\"nan\":6789}', 19, 28, '2023-06-07 11:55:53.996379', 0, 'completed'),
(83, 248279, NULL, NULL, 3, '2023-06-07 11:56:30.173421', '{\"V\":234,\"M\":435,\"W\":23}', 20, 28, '2023-06-07 11:56:30.173421', 0, 'completed'),
(84, 234083426, NULL, NULL, 3, '2023-06-07 11:56:45.334864', '{\"Titer\":234,\"M\":345123,\"W\":345}', 21, 28, '2023-06-07 11:56:45.334864', 0, 'completed'),
(85, 234, NULL, NULL, 3, '2023-06-07 11:56:51.764786', '{\"nan\":234}', 22, 28, '2023-06-07 11:56:51.764786', 0, 'completed'),
(86, 234, NULL, NULL, 3, '2023-06-07 11:56:57.237499', '{\"nan\":234}', 23, 28, '2023-06-07 11:56:57.237499', 0, 'completed');

-- --------------------------------------------------------

--
-- Table structure for table `management_sampleformverifier`
--

CREATE TABLE `management_sampleformverifier` (
  `id` bigint(20) NOT NULL,
  `is_verified` tinyint(1) NOT NULL,
  `is_sent` tinyint(1) NOT NULL,
  `sample_form_id` bigint(20) NOT NULL
) ENGINE=InnoDB DEFAULT CHARSET=latin1;

--
-- Dumping data for table `management_sampleformverifier`
--

INSERT INTO `management_sampleformverifier` (`id`, `is_verified`, `is_sent`, `sample_form_id`) VALUES
(17, 1, 1, 22),
(18, 1, 1, 23),
(19, 1, 1, 27),
(20, 1, 1, 28);

-- --------------------------------------------------------

--
-- Table structure for table `management_sampleform_parameters`
--

CREATE TABLE `management_sampleform_parameters` (
  `id` bigint(20) NOT NULL,
  `sampleform_id` bigint(20) NOT NULL,
  `testresult_id` bigint(20) NOT NULL
) ENGINE=InnoDB DEFAULT CHARSET=utf8mb4;

--
-- Dumping data for table `management_sampleform_parameters`
--

INSERT INTO `management_sampleform_parameters` (`id`, `sampleform_id`, `testresult_id`) VALUES
(81, 19, 1),
(82, 19, 2),
(83, 20, 6),
(84, 20, 7),
(85, 20, 8),
(86, 20, 9),
(87, 20, 10),
(88, 20, 11),
(89, 20, 12),
(90, 20, 13),
(91, 20, 14),
(92, 20, 15),
(93, 20, 16),
(94, 20, 17),
(95, 20, 18),
(96, 20, 19),
(97, 20, 20),
(98, 20, 21),
(99, 20, 22),
(100, 20, 23),
(101, 21, 1),
(102, 22, 1),
(103, 22, 2),
(104, 23, 16),
(105, 23, 17),
(106, 23, 18),
(107, 23, 19),
(108, 23, 20),
(109, 23, 21),
(110, 23, 22),
(111, 23, 23),
(112, 24, 1),
(113, 24, 2),
(114, 25, 1),
(115, 25, 2),
(116, 25, 3),
(117, 26, 1),
(118, 26, 2),
(119, 26, 3),
(120, 26, 4),
(121, 27, 24),
(122, 27, 25),
(123, 27, 26),
(124, 27, 27),
(125, 27, 28),
(126, 27, 29),
(127, 27, 30),
(128, 27, 31),
(129, 28, 16),
(130, 28, 17),
(131, 28, 18),
(132, 28, 19),
(133, 28, 20),
(134, 28, 21),
(135, 28, 22),
(136, 28, 23);

-- --------------------------------------------------------

--
-- Table structure for table `management_testresult`
--

CREATE TABLE `management_testresult` (
  `id` bigint(20) NOT NULL,
  `formula` varchar(255) DEFAULT NULL,
  `formula_notation` longtext DEFAULT NULL,
  `name` varchar(255) NOT NULL,
  `test_type` varchar(255) DEFAULT NULL,
  `ref_test_method` varchar(255) DEFAULT NULL,
  `units` varchar(100) DEFAULT NULL,
  `price` int(11) DEFAULT NULL,
  `results` varchar(100) DEFAULT NULL,
  `mandatory_standard` varchar(100) DEFAULT NULL,
  `remarks` longtext DEFAULT NULL,
  `commodity_id` bigint(20) DEFAULT NULL
) ENGINE=InnoDB DEFAULT CHARSET=utf8mb4;

--
-- Dumping data for table `management_testresult`
--

INSERT INTO `management_testresult` (`id`, `formula`, `formula_notation`, `name`, `test_type`, `ref_test_method`, `units`, `price`, `results`, `mandatory_standard`, `remarks`, `commodity_id`) VALUES
(1, 'nan', NULL, 'Refractive index', NULL, 'AOAC, 21st Edn, 2019, 921.08', 'nan', 0, NULL, '1.4538 to 1.4559', 'nan', 1),
(2, 'a*b', 'a=a, b=b', 'Reichert Meissl value', NULL, 'AOAC, 21st Edn, 2019, 925.41', 'nan', 12000, NULL, 'not less than 28.0', '.', 1),
(3, '(56.1*V*M)/W', NULL, 'Acid Value', NULL, 'AOAC, 21stEdn, 2019, 940.28', 'mg KOH/ g', 0, NULL, 'not more than 6 mg KOH/ g', 'nan', 1),
(4, '(Titer * M * 1000 )/W', NULL, 'Peroxide value', NULL, 'AOAC, 21stEdn, 2019, 940.28', 'meq O2/kg', 0, NULL, 'not more than 10.0 meq O2/kg', 'nan', 1),
(5, '(B-C/B-A) *100', NULL, 'Moisture', NULL, 'nan', '%', 0, NULL, 'not more than 0.5 %', 'nan', 1),
(6, 'nan', NULL, 'Refractive index', NULL, 'AOAC, 21st Edn, 2019, 921.08', 'nan', 0, NULL, '1.4646 to 1.4662', 'at 40 degree centigrade', 2),
(7, '[(B-S)*M*12.69]/w', NULL, 'Iodine Value', NULL, 'AOAC, 21stEdn, 2019, 993.20', 'nan', 0, NULL, '96 to 112', 'Wij\'s Method ', 2),
(8, '[28.05*(B-S)]/W', NULL, 'Saponification Value', NULL, 'AOAC, 21stEdn, 2019, 920.160', 'nan', 0, NULL, '168 to 177', '.', 2),
(9, 'nan', NULL, 'Unsaponifiable matter', NULL, 'nan', 'g/kg', 0, NULL, 'not more than 12 g/ kg', 'nan', 2),
(10, '(56.1*V*M)/W', NULL, 'Acid Value', NULL, 'AOAC, 21stEdn, 2019, 940.28', 'mg KOH/g', 0, NULL, 'not more than 6.0 mg KOH / g', 'nan', 2),
(11, '(Titer * M * 1000 )/W', NULL, 'Peroxide value', NULL, 'AOAC, 21stEdn, 2019, 965.33', 'meq O2/kg', 0, NULL, 'not more than 10.0 meq O2/kg', 'Turbidity temperature', 2),
(12, 'nan', NULL, 'Bellier test ', NULL, 'nan', 'degree centigrade', 0, NULL, 'not more than 27.5 degree centigrade', 'nan', 2),
(13, 'nan', NULL, 'Hexabromide test', NULL, 'nan', 'nan', 0, NULL, 'negative', 'nan', 2),
(14, 'nan', NULL, 'Color', NULL, 'nan', 'nan', 0, NULL, 'negative', 'Synthetic Oil soluble color', 2),
(15, 'nan', NULL, 'Argemone oil', NULL, 'nan', 'nan', 0, NULL, 'Absent ', 'nan', 2),
(16, 'nan', NULL, 'Refractive index', NULL, 'AOAC, 21st Edn, 2019, 921.08', 'nan', 0, NULL, '1.465 to 1.469', 'at 40 degree centigrade', 3),
(17, '[(B-S)*M*12.69]/w', NULL, 'Iodine Value', NULL, 'AOAC, 21stEdn, 2019, 993.20', 'nan', 0, NULL, '94 to 126', 'Wij\'s Method ', 3),
(18, '[28.05*(B-S) ]/W', NULL, 'Saponification Value', NULL, 'AOAC, 21stEdn, 2019, 920.160', 'nan', 0, NULL, '168 to 193', NULL, 3),
(19, 'nan', NULL, 'Unsaponifiable matter', NULL, 'nan', 'nan', 0, NULL, 'not more than 20 g/ kg', 'nan', 3),
(20, '(56.1*V*M)/W', NULL, 'Acid Value', NULL, 'AOAC, 21stEdn, 2019, 940.28', 'mg KOH/g', 0, NULL, 'not more than 0.5 mg KOH / g', 'nan', 3),
(21, '(Titer * M * 1000 )/W', NULL, 'Peroxide value', NULL, 'AOAC, 21stEdn, 2019, 965.33', 'meq O2/kg', 0, NULL, 'not more than 10.0 meq O2/kg', 'nan', 3),
(22, 'nan', NULL, 'Argemone oil', NULL, 'nan', 'nan', 0, NULL, 'Absent ', 'nan', 3),
(23, 'nan', NULL, 'Hexabromide test', NULL, 'nan', 'nan', 0, NULL, 'negative', 'With in 2 hours', 3),
(24, 'nan', NULL, 'Refractive index', NULL, 'AOAC, 21st Edn, 2019, 921.08', 'nan', 0, NULL, '1.465 to 1.469', 'at 40 degree centigrade', 4),
(25, '[(B-S)*M*12.69]/w', NULL, 'Iodine Value', NULL, 'AOAC, 21stEdn, 2019, 993.20', 'nan', 0, NULL, '94 to 126', 'Wij\'s Method ', 4),
(26, '[28.05*(B-S) ]/W', NULL, 'Saponification Value', NULL, 'AOAC, 21stEdn, 2019, 920.160', 'nan', 0, NULL, '168 to 193', '.', 4),
(27, 'nan', NULL, 'Unsaponifiable matter', NULL, 'nan', 'nan', 0, NULL, 'not more than 20 g/ kg', 'nan', 4),
(28, '(56.1*V*M)/W', NULL, 'Acid Value', NULL, 'AOAC, 21stEdn, 2019, 940.28', 'mg KOH/g', 0, NULL, 'not more than 6.0 mg KOH / g', '    ', 4),
(29, '(Titer * M * 1000 )/W', NULL, 'Peroxide value', NULL, 'AOAC, 21stEdn, 2019, 965.33', 'meq O2/kg', 0, NULL, 'not more than 10.0 meq O2/kg', 'nan', 4),
(30, 'nan', NULL, 'Hexabromide test', NULL, 'nan', 'nan', 0, NULL, 'negative', 'nan', 4),
(31, 'nan', NULL, 'Argemone oil', NULL, 'nan', 'nan', 0, NULL, 'Absent ', 'nan', 4),
(32, 'nan', NULL, 'Refractive index', NULL, 'AOAC, 21st Edn, 2019, 921.08', 'nan', 0, NULL, '1.4650 to 1.4710', 'nan', 5),
(33, '[28.05*(B-S) ]/W', NULL, 'Saponification Value', NULL, 'AOAC, 21stEdn, 2019, 920.160', 'nan', 0, NULL, '189 to 195', 'nan', 5),
(34, '[(B-S)*M*12.69]/w', NULL, 'Iodine Value', NULL, 'AOAC, 21stEdn, 2019, 993.20', 'nan', 0, NULL, '120 to 140', 'Wij\'s Method ', 5),
(35, '(56.1*V*M)/W', NULL, 'Acid Value', NULL, 'AOAC, 21stEdn, 2019, 940.28', 'mg KOH/g', 0, NULL, 'not more than 2.5 mg KOH / g', 'nan', 5),
(36, '(Titer * M * 1000 )/W', NULL, 'Peroxide value', NULL, 'AOAC, 21stEdn, 2019, 965.33', 'meq O2/kg', 0, NULL, 'not more than 0.5 meq O2/kg', 'nan', 5),
(37, 'nan', NULL, 'Unsaponifiable matter', NULL, 'nan', 'nan', 0, NULL, 'not more than 15 g/ kg', 'nan', 5),
(38, 'nan', NULL, 'Phosphorus content', NULL, 'nan', '%', 0, NULL, 'not moe than 0.02 %', 'nan', 5),
(39, 'nan', NULL, 'Refractive index', NULL, 'AOAC, 21st Edn, 2019, 921.08', 'nan', 0, NULL, '1.4491 to 1.4552', 'nan', 6),
(40, '[28.05*(B-S) ]/W', NULL, 'Saponification Value', NULL, 'nan', 'nan', 0, NULL, '195 to 205', 'nan', 6),
(41, '[(B-S)*M*12.69]/w', NULL, 'Iodine Value', NULL, 'nan', 'nan', 0, NULL, '45 to 56', 'Wij\'s Method ', 6),
(42, '(56.1*V*M)/W', NULL, 'Acid Value', NULL, 'AOAC, 21stEdn, 2019, 940.28', 'mg KOH/g', 0, NULL, 'not more than 0.5mg KOH / g', 'nan', 6),
(43, '(Titer * M * 1000 )/W', NULL, 'Peroxide value', NULL, 'AOAC, 21stEdn, 2019, 965.33', 'meq O2/kg', 0, NULL, 'not more than 10.0 Meq O2/kg', 'nan', 6),
(44, 'nan', NULL, 'Unsaponifiable matter', NULL, 'nan', 'nan', 0, NULL, 'not moe than 12 g/kg', 'nan', 6),
(45, 'nan', NULL, 'Melting point', NULL, 'nan', 'nan', 0, NULL, 'not more than 37 degree centigrade', 'nan', 6),
(46, 'nan', NULL, 'Refractive index', NULL, 'AOAC, 21st Edn, 2019, 921.08', 'nan', 0, NULL, '1.4490 to 1.4520', 'nan', 7),
(47, '[28.05*(B-S)]/W', NULL, 'Saponification Value', NULL, 'AOAC, 21stEdn, 2019, 920.160', 'nan', 0, NULL, '237 to 255', 'nan', 7),
(48, '[(B-S)*M*12.69]/w', NULL, 'Iodine Value', NULL, 'AOAC, 21stEdn, 2019, 993.20', 'nan', 0, NULL, '10 to 23', 'Wij\'s Method ', 7),
(49, '(56.1*V*M)/W', NULL, 'Acid Value', NULL, 'AOAC, 21stEdn, 2019, 940.28', 'mg KOH/g', 0, NULL, 'not more than 6.0 mg KOH / g', 'nan', 7),
(50, '(Titer * M * 1000 )/W', NULL, 'Peroxide value', NULL, 'AOAC, 21stEdn, 2019, 965.33', 'meq O2/kg', 0, NULL, 'not more than 10.0 meq O2/kg', 'nan', 7),
(51, 'nan', NULL, 'Unsaponifiable matter', NULL, 'nan', 'nan', 0, NULL, 'not moe than 12 g/kg', 'nan', 7),
(52, 'nan', NULL, 'Refractive index', NULL, 'AOAC, 21st Edn, 2019, 921.08', 'nan', 0, NULL, '1.4550 to 1.4610', 'nan', 8),
(53, '[28.05*(B-S) ]/W', NULL, 'Saponification Value', NULL, 'AOAC, 21stEdn, 2019, 920.160', 'nan', 0, NULL, '195 to 205', 'nan', 8),
(54, '[(B-S)*M*12.69]/w', NULL, 'Iodine Value', NULL, 'AOAC, 21stEdn, 2019, 993.20', 'nan', 0, NULL, '54 to 62', 'Wij\'s Method ', 8),
(55, '(56.1*V*M)/W', NULL, 'Acid Value', NULL, 'AOAC, 21stEdn, 2019, 940.28', 'mg KOH/g', 0, NULL, 'not more than 6.0 mg KOH / g', 'nan', 8),
(56, '(Titer * M * 1000 )/W', NULL, 'Peroxide value', NULL, 'AOAC, 21stEdn, 2019, 965.33', 'meq O2/kg', 0, NULL, 'not more than 10.0 meq O2/kg', 'nan', 8),
(57, 'nan', NULL, 'Unsaponifiable matter', NULL, 'nan', 'nan', 0, NULL, 'not moe than 12 g/kg', 'nan', 8),
(58, 'nan', NULL, 'Refractive index', NULL, 'AOAC, 21st Edn, 2019, 921.08', 'nan', 0, NULL, '1.4620 to 1.4640', 'nan', 9),
(59, '[28.05*(B-S)]/W', NULL, 'Saponification Value', NULL, 'AOAC, 21stEdn, 2019, 920.160', 'nan', 0, NULL, '188 to 196', '.', 9),
(60, '[(B-S)*M*12.69]/w', NULL, 'Iodine Value', NULL, 'AOAC, 21stEdn, 2019, 993.20', 'nan', 0, NULL, '85 to 99', 'Wij\'s Method ', 9),
(61, '(56.1*V*M)/W', NULL, 'Acid Value', NULL, 'AOAC, 21stEdn, 2019, 940.28', 'mg KOH/g', 0, NULL, 'not more than 4.0 mg KOH / g', 'nan', 9),
(62, '(Titer * M * 1000 )/W', NULL, 'Peroxide value', NULL, 'AOAC, 21stEdn, 2019, 965.33', 'meq O2/kg', 0, NULL, 'not more than 10.0 meq O2/kg', 'nan', 9),
(63, 'nan', NULL, 'Unsaponifiable matter', NULL, 'nan', 'nan', 0, NULL, 'not moe than 10 g/kg', 'nan', 9),
(64, 'nan', NULL, 'Bellier test ', NULL, 'nan', 'nan', 0, NULL, '39 to 41', 'Turbidity temperature, Acetic acid method', 9),
(65, 'nan', NULL, 'Refractive index', NULL, 'AOAC, 21st Edn, 2019, 921.08', 'nan', 0, NULL, '1.4480 to 1.4500', 'nan', 10),
(66, '[28.05*(B-S) ]/W', NULL, 'Saponification Value', NULL, 'AOAC, 21stEdn, 2019, 920.160', 'nan', 0, NULL, '148 to 265', 'nan', 10),
(67, '[(B-S)*M*12.69]/w', NULL, 'Iodine Value', NULL, 'AOAC, 21stEdn, 2019, 993.20', 'nan', 0, NULL, '6 to 11', 'Wij\'s Method ', 10),
(68, '(56.1*V*M)/W', NULL, 'Acid Value', NULL, 'AOAC, 21stEdn, 2019, 940.28', 'mg KOH/g', 0, NULL, 'not more than 6.0 mg KOH / g', 'nan', 10),
(69, '(Titer * M * 1000 )/W', NULL, 'Peroxide value', NULL, 'AOAC, 21stEdn, 2019, 965.33', 'meq O2/kg', 0, NULL, 'not more than 10.0 meq O2/kg', 'nan', 10),
(70, 'nan', NULL, 'Unsaponifiable matter', NULL, 'nan', 'nan', 0, NULL, 'not moe than 10 g/kg', 'nan', 10),
(71, 'nan', NULL, 'Refractive index', NULL, 'AOAC, 21st Edn, 2019, 921.08', 'nan', 0, NULL, '1.4650 to 1.4690', 'nan', 11),
(72, '[28.05*(B-S) ]/W', NULL, 'Saponification Value', NULL, 'AOAC, 21stEdn, 2019, 920.160', 'nan', 0, NULL, '187 to 195', 'nan', 11),
(73, '[(B-S)*M*12.69]/w', NULL, 'Iodine Value', NULL, 'AOAC, 21stEdn, 2019, 993.20', 'nan', 0, NULL, '104 to 120', 'Wij\'s Method ', 11),
(74, '(56.1*V*M)/W', NULL, 'Acid Value', NULL, 'AOAC, 21stEdn, 2019, 940.28', 'mg KOH/g', 0, NULL, 'not more than 6.0 mg KOH / g', 'nan', 11),
(75, '(Titer * M * 1000 )/W', NULL, 'Peroxide value', NULL, 'AOAC, 21stEdn, 2019, 965.33', 'meq O2/kg', 0, NULL, 'not more than 10.0 meq O2/kg', 'nan', 11),
(76, 'nan', NULL, 'Unsaponifiable matter', NULL, 'nan', 'nan', 0, NULL, 'Mandatory Standard', 'nan', 11),
(77, 'nan', NULL, 'Baudouin test ', NULL, 'nan', 'nan', 0, NULL, 'Positive', 'nan', 11),
(78, 'nan', NULL, 'Refractive index', NULL, 'AOAC, 21st Edn, 2019, 921.08', 'nan', 0, NULL, '1.4650 to 1.4680', 'nan', 12),
(79, '[28.05*(B-S) ]/W', NULL, 'Saponification Value', NULL, 'AOAC, 21stEdn, 2019, 920.160', 'nan', 0, NULL, '187 to 195', 'nan', 12),
(80, '[(B-S)*M*12.69]/w', NULL, 'Iodine Value', NULL, 'AOAC, 21stEdn, 2019, 993.20', 'nan', 0, NULL, '103 to 128', 'Wij\'s Method ', 12),
(81, '(56.1*V*M)/W', NULL, 'Acid Value', NULL, 'AOAC, 21stEdn, 2019, 940.28', 'mg KOH/g', 0, NULL, 'not more than 0.5 mg KOH / g', 'nan', 12),
(82, '(Titer * M * 1000 )/W', NULL, 'Peroxide value', NULL, 'AOAC, 21stEdn, 2019, 965.33', 'meq O2/kg', 0, NULL, 'not more than 10.0 meq O2/kg', 'nan', 12),
(83, 'nan', NULL, 'Unsaponifiable matter', NULL, 'nan', 'nan', 0, NULL, 'not moe than 20 g/kg', 'nan', 12),
(84, 'nan', NULL, 'Refractive index', NULL, 'AOAC, 21st Edn, 2019, 921.08', 'nan', 0, NULL, '1.4660 to 1.4690', 'nan', 13),
(85, '[28.05(B-S) ]/W', NULL, 'Saponification Value', NULL, 'AOAC, 21stEdn, 2019, 920.160', 'nan', 0, NULL, '188 to 194', 'nan', 13),
(86, '[(B-S)*M*12.69]/w', NULL, 'Iodine Value', NULL, 'AOAC, 21stEdn, 2019, 993.20', 'nan', 0, NULL, '110 to 143', 'Wij\'s Method ', 13),
(87, 'nan', NULL, 'Acid Value', NULL, 'AOAC, 21stEdn, 2019, 940.28', 'mg KOH/g', 0, NULL, 'not more than 4 mg KOH / g', 'nan', 13),
(88, '(Titer * M * 1000 )/W', NULL, 'Peroxide value', NULL, 'AOAC, 21stEdn, 2019, 965.33', 'meq O2/kg', 0, NULL, 'not more than 10.0 meq O2/kg', 'nan', 13),
(89, 'nan', NULL, 'Unsaponifiable matter', NULL, 'nan', 'nan', 0, NULL, 'not moe than 15 g/kg', 'nan', 13),
(90, 'nan', NULL, 'Refractive index', NULL, 'AOAC, 21st Edn, 2019, 921.08', 'nan', 0, NULL, '1.4601 to 1.4630', 'nan', 14),
(91, '[28.05(B-S) ]/W', NULL, 'Saponification Value', NULL, 'AOAC, 21stEdn, 2019, 920.160', 'nan', 0, NULL, '184 to 196', 'nan', 14),
(92, '[(B-S)*M*12.69]/w', NULL, 'Iodine Value', NULL, 'AOAC, 21stEdn, 2019, 993.20', 'nan', 0, NULL, '75 to 94', 'Wij\'s Method ', 14),
(93, '(56.1*V*M)/W', NULL, 'Acid Value', NULL, 'AOAC, 21stEdn, 2019, 940.28', 'mg KOH/g', 0, NULL, 'not more than 6.0 mg KOH / g', 'nan', 14),
(94, '(Titer * M * 1000 )/W', NULL, 'Peroxide value', NULL, 'AOAC, 21stEdn, 2019, 965.33', 'meq O2/kg', 0, NULL, 'not more than 20.0 meq O2/kg', 'nan', 14),
(95, 'nan', NULL, 'Unsaponifiable matter', NULL, 'nan', 'nan', 0, NULL, 'not moe than 10 g/kg', 'nan', 14),
(96, 'nan', NULL, 'Refractive index', NULL, 'AOAC, 21st Edn, 2019, 921.08', 'nan', 0, NULL, '1.467 to 1.470', 'nan', 15),
(97, '[28.05(B-S) ]/W', NULL, 'Saponification Value', NULL, 'AOAC, 21stEdn, 2019, 920.160', 'nan', 0, NULL, '186 to 198', 'nan', 15),
(98, '[(B-S)*M*12.69]/w', NULL, 'Iodine Value', NULL, 'AOAC, 21stEdn, 2019, 993.20', 'nan', 0, NULL, '135 to 150', 'Wij\'s Method ', 15),
(99, '(56.1*V*M)/W', NULL, 'Acid Value', NULL, 'AOAC, 21stEdn, 2019, 940.28', 'mg KOH/g', 0, NULL, 'not more than 0.6 mg KOH / g', 'nan', 15),
(100, '(Titer * M * 1000 )/W', NULL, 'Peroxide value', NULL, 'AOAC, 21stEdn, 2019, 965.33', 'meq O2/kg', 0, NULL, 'not more than 10.0 meq O2/kg', 'nan', 15),
(101, 'nan', NULL, 'Unsaponifiable matter', NULL, 'nan', 'nan', 0, NULL, 'not moe than 15 g/kg', 'nan', 15),
(102, '(56.1*V*M)/W', NULL, 'Acid Value', NULL, 'AOAC, 21stEdn, 2019, 940.28', 'mg KOH/g', 0, NULL, 'not more than 0.5 mg KOH / g', '            ', 16),
(103, 'nan', NULL, 'Peroxide value', NULL, 'AOAC, 21stEdn, 2019, 965.33', 'meq O2/kg', 0, NULL, 'not more than 10.0 meq O2/kg', 'nan', 16),
(104, '(B-C/B-A) *100', NULL, 'Moisture ', NULL, 'nan', 'nan', 0, NULL, 'not more than 0.1 %', 'nan', 16),
(105, 'nan', NULL, 'Flash point ', NULL, 'nan', 'nan', 0, NULL, 'not less than 250 degee centigrade', 'nan', 16),
(106, 'nan', NULL, 'Refractive index', NULL, 'AOAC, 21st Edn, 2019, 921.08', 'nan', 0, NULL, 'not less than 1.4580', 'nan', 17),
(107, 'nan', NULL, 'Unsaponifiable matter', NULL, 'nan', 'nan', 0, NULL, 'not more than 1.25%', 'nan', 17),
(108, '(56.1*V*M)/W', NULL, 'Acid Value', NULL, 'AOAC, 21stEdn, 2019, 940.28', 'mg KOH/g', 0, NULL, 'not more than 0.5 mg KOH / g', 'nan', 17),
(109, '(Titer * M * 1000 )/W', NULL, 'Peroxide value', NULL, 'AOAC, 21stEdn, 2019, 965.33', 'meq O2/kg', 0, NULL, 'not more than 10.0 meq O2/kg', 'nan', 17),
(110, '(B-C/B-A) *100', NULL, 'Moisture', NULL, 'nan', 'nan', 0, NULL, 'not more than 0.25 %', 'nan', 17),
(111, 'nan', NULL, 'Color', NULL, 'nan', 'nan', 0, NULL, 'not less than 2.0 red unit ', 'Color derived from Baudouin test, 1 cm cell of Lovibnd scale', 17),
(112, 'nan', NULL, 'Vitamin A', NULL, 'nan', 'nan', 0, NULL, 'not less than 25 IU /g', 'nan', 17),
(113, 'nan', NULL, 'Anitoxidant ', NULL, 'nan', 'nan', 0, NULL, 'Absent ', 'nan', 17),
(114, 'nan', NULL, 'Synergist ', NULL, 'nan', 'nan', 0, NULL, 'Absent ', 'nan', 17),
(115, 'nan', NULL, 'Emulisfier', NULL, 'nan', 'nan', 0, NULL, 'Absent ', 'nan', 17),
(116, 'nan', NULL, 'Nickel', NULL, 'nan', 'mg / kg', 0, NULL, 'Not more than 1.5 mg / kg', 'nan', 17),
(117, 'nan', NULL, 'Melting point', NULL, 'nan', 'degree centigrade', 0, NULL, '31 to 41 degree centigrade', 'Capillary slip method', 17),
(118, 'nan', NULL, 'Refractive index', NULL, 'AOAC, 21st Edn, 2019, 921.08', 'nan', 0, NULL, 'not less than 1.4580', 'nan', 18),
(119, 'nan', NULL, 'Unsaponifiable matter', NULL, 'nan', 'nan', 0, NULL, 'not more than 1.25%', 'nan', 18),
(120, '(56.1*V*M)/W', NULL, 'Acid Value', NULL, 'AOAC, 21stEdn, 2019, 940.28', 'mg KOH/g', 0, NULL, 'not more than 0.5 mg KOH / g', 'nan', 18),
(121, '(Titer * M * 1000 )/W', NULL, 'Peroxide value', NULL, 'AOAC, 21stEdn, 2019, 965.33', 'meq O2/kg', 0, NULL, 'not more than 10.0 meq O2/kg', 'nan', 18),
(122, '(B-C/B-A) *100', NULL, 'Moisture', NULL, 'nan', '%', 0, NULL, 'not more than 0.25 %', 'nan', 18),
(123, 'nan', NULL, 'Color', NULL, 'nan', 'nan', 0, NULL, 'not less than 2.0 red unit ', 'Color derived from Baudouin test, 1 cm cell of Lovibnd scale', 18),
(124, 'nan', NULL, 'Vitamin A', NULL, 'nan', 'IU /g', 0, NULL, 'not less than 25 IU /g', 'nan', 18),
(125, 'nan', NULL, 'Anitoxidant ', NULL, 'nan', 'nan', 0, NULL, 'Absent ', 'nan', 18),
(126, 'nan', NULL, 'Synergist ', NULL, 'nan', 'nan', 0, NULL, 'Absent ', 'nan', 18),
(127, 'nan', NULL, 'Nickel', NULL, 'nan', 'mg / kg', 0, NULL, 'Not more than 1.5 mg / kg', 'nan', 18),
(128, 'nan', NULL, 'Melting point', NULL, 'nan', 'degree centigrade', 0, NULL, 'not more than 41 degree centigrade', 'Capillary slip method', 18),
(129, 'nan', NULL, 'Inert gas ', NULL, 'nan', 'nan', 0, NULL, 'not more the 12% (v/v)', 'nan', 18);

-- --------------------------------------------------------

--
-- Table structure for table `websocket_notification`
--

CREATE TABLE `websocket_notification` (
  `id` bigint(20) NOT NULL,
  `model_name` varchar(200) DEFAULT NULL,
  `from_notification` varchar(200) DEFAULT NULL,
  `is_read` tinyint(1) NOT NULL,
  `group_notification` varchar(1000) DEFAULT NULL,
  `notification_message` varchar(200) DEFAULT NULL,
  `path` varchar(1000) DEFAULT NULL
) ENGINE=InnoDB DEFAULT CHARSET=utf8mb4;

-- --------------------------------------------------------

--
-- Table structure for table `websocket_notification_to_notification`
--

CREATE TABLE `websocket_notification_to_notification` (
  `id` bigint(20) NOT NULL,
  `notification_id` bigint(20) NOT NULL,
  `customuser_id` bigint(20) NOT NULL
) ENGINE=InnoDB DEFAULT CHARSET=utf8mb4;

--
-- Indexes for dumped tables
--

--
-- Indexes for table `account_customuser`
--
ALTER TABLE `account_customuser`
  ADD PRIMARY KEY (`id`),
  ADD UNIQUE KEY `email` (`email`),
  ADD UNIQUE KEY `account_customuser_username_724ae020_uniq` (`username`),
  ADD KEY `account_customuser_client_category_id_1d0ed652_fk_managemen` (`client_category_id`);

--
-- Indexes for table `account_customuser_groups`
--
ALTER TABLE `account_customuser_groups`
  ADD PRIMARY KEY (`id`),
  ADD UNIQUE KEY `account_customuser_groups_customuser_id_group_id_7e51db7b_uniq` (`customuser_id`,`group_id`),
  ADD KEY `account_customuser_groups_group_id_2be9f6d7_fk_auth_group_id` (`group_id`);

--
-- Indexes for table `account_customuser_user_permissions`
--
ALTER TABLE `account_customuser_user_permissions`
  ADD PRIMARY KEY (`id`),
  ADD UNIQUE KEY `account_customuser_user__customuser_id_permission_650e378f_uniq` (`customuser_id`,`permission_id`),
  ADD KEY `account_customuser_u_permission_id_f4aec423_fk_auth_perm` (`permission_id`);

--
-- Indexes for table `auth_group`
--
ALTER TABLE `auth_group`
  ADD PRIMARY KEY (`id`),
  ADD UNIQUE KEY `name` (`name`);

--
-- Indexes for table `auth_group_permissions`
--
ALTER TABLE `auth_group_permissions`
  ADD PRIMARY KEY (`id`),
  ADD UNIQUE KEY `auth_group_permissions_group_id_permission_id_0cd325b0_uniq` (`group_id`,`permission_id`),
  ADD KEY `auth_group_permissio_permission_id_84c5c92e_fk_auth_perm` (`permission_id`);

--
-- Indexes for table `auth_permission`
--
ALTER TABLE `auth_permission`
  ADD PRIMARY KEY (`id`),
  ADD UNIQUE KEY `auth_permission_content_type_id_codename_01ab375a_uniq` (`content_type_id`,`codename`);

--
-- Indexes for table `django_admin_log`
--
ALTER TABLE `django_admin_log`
  ADD PRIMARY KEY (`id`),
  ADD KEY `django_admin_log_content_type_id_c4bce8eb_fk_django_co` (`content_type_id`),
  ADD KEY `django_admin_log_user_id_c564eba6_fk_account_customuser_id` (`user_id`);

--
-- Indexes for table `django_content_type`
--
ALTER TABLE `django_content_type`
  ADD PRIMARY KEY (`id`),
  ADD UNIQUE KEY `django_content_type_app_label_model_76bd3d3b_uniq` (`app_label`,`model`);

--
-- Indexes for table `django_migrations`
--
ALTER TABLE `django_migrations`
  ADD PRIMARY KEY (`id`);

--
-- Indexes for table `django_session`
--
ALTER TABLE `django_session`
  ADD PRIMARY KEY (`session_key`),
  ADD KEY `django_session_expire_date_a5c62663` (`expire_date`);

--
-- Indexes for table `management_clientcategory`
--
ALTER TABLE `management_clientcategory`
  ADD PRIMARY KEY (`id`),
  ADD UNIQUE KEY `name` (`name`);

--
-- Indexes for table `management_commodity`
--
ALTER TABLE `management_commodity`
  ADD PRIMARY KEY (`id`),
  ADD UNIQUE KEY `name` (`name`),
  ADD KEY `management_commodity_category_id_d54203f2_fk_managemen` (`category_id`);

--
-- Indexes for table `management_commoditycategory`
--
ALTER TABLE `management_commoditycategory`
  ADD PRIMARY KEY (`id`),
  ADD UNIQUE KEY `name` (`name`);

--
-- Indexes for table `management_payment`
--
ALTER TABLE `management_payment`
  ADD PRIMARY KEY (`id`),
  ADD UNIQUE KEY `sample_form_id` (`sample_form_id`);

--
-- Indexes for table `management_sampleform`
--
ALTER TABLE `management_sampleform`
  ADD PRIMARY KEY (`id`),
  ADD KEY `management_samplefor_supervisor_user_id_28b91a5b_fk_account_c` (`supervisor_user_id`),
  ADD KEY `management_samplefor_commodity_id_id_3ba72bdb_fk_managemen` (`commodity_id`);

--
-- Indexes for table `management_sampleformhasparameter`
--
ALTER TABLE `management_sampleformhasparameter`
  ADD PRIMARY KEY (`id`),
  ADD KEY `management_samplefor_commodity_id_e9f2a1f0_fk_managemen` (`commodity_id`),
  ADD KEY `management_samplefor_sample_form_id_77482bab_fk_managemen` (`sample_form_id`),
  ADD KEY `management_sampleformhasparameter_analyst_user_id_b3876298` (`analyst_user_id`);

--
-- Indexes for table `management_sampleformhasparameter_parameter`
--
ALTER TABLE `management_sampleformhasparameter_parameter`
  ADD PRIMARY KEY (`id`),
  ADD UNIQUE KEY `management_sampleformhas_sampleformhasparameter_i_5e4387c0_uniq` (`sampleformhasparameter_id`,`testresult_id`),
  ADD KEY `management_samplefor_testresult_id_2d39a352_fk_managemen` (`testresult_id`);

--
-- Indexes for table `management_sampleformparameterformulacalculate`
--
ALTER TABLE `management_sampleformparameterformulacalculate`
  ADD PRIMARY KEY (`id`),
  ADD KEY `management_samplefor_commodity_id_50538d0b_fk_managemen` (`commodity_id`),
  ADD KEY `management_samplefor_sample_form_id_faa9f6c8_fk_managemen` (`sample_form_id`),
  ADD KEY `management_sampleformparame_parameter_id_1c937562` (`parameter_id`);

--
-- Indexes for table `management_sampleformverifier`
--
ALTER TABLE `management_sampleformverifier`
  ADD PRIMARY KEY (`id`),
  ADD UNIQUE KEY `management_sampleformverifier_sample_form_id_1659cc2f_uniq` (`sample_form_id`);

--
-- Indexes for table `management_sampleform_parameters`
--
ALTER TABLE `management_sampleform_parameters`
  ADD PRIMARY KEY (`id`),
  ADD UNIQUE KEY `management_sampleform_pa_sampleform_id_testresult_fa6e1b22_uniq` (`sampleform_id`,`testresult_id`),
  ADD KEY `management_samplefor_testresult_id_3dd0e9f4_fk_managemen` (`testresult_id`);

--
-- Indexes for table `management_testresult`
--
ALTER TABLE `management_testresult`
  ADD PRIMARY KEY (`id`),
  ADD KEY `management_testresul_commodity_id_34904075_fk_managemen` (`commodity_id`);

--
-- Indexes for table `websocket_notification`
--
ALTER TABLE `websocket_notification`
  ADD PRIMARY KEY (`id`);

--
-- Indexes for table `websocket_notification_to_notification`
--
ALTER TABLE `websocket_notification_to_notification`
  ADD PRIMARY KEY (`id`),
  ADD UNIQUE KEY `websocket_notification_t_notification_id_customus_ec0b8448_uniq` (`notification_id`,`customuser_id`),
  ADD KEY `websocket_notificati_customuser_id_caaf6c8f_fk_account_c` (`customuser_id`);

--
-- AUTO_INCREMENT for dumped tables
--

--
-- AUTO_INCREMENT for table `account_customuser`
--
ALTER TABLE `account_customuser`
  MODIFY `id` bigint(20) NOT NULL AUTO_INCREMENT, AUTO_INCREMENT=30;

--
-- AUTO_INCREMENT for table `account_customuser_groups`
--
ALTER TABLE `account_customuser_groups`
  MODIFY `id` bigint(20) NOT NULL AUTO_INCREMENT;

--
-- AUTO_INCREMENT for table `account_customuser_user_permissions`
--
ALTER TABLE `account_customuser_user_permissions`
  MODIFY `id` bigint(20) NOT NULL AUTO_INCREMENT;

--
-- AUTO_INCREMENT for table `auth_group`
--
ALTER TABLE `auth_group`
  MODIFY `id` int(11) NOT NULL AUTO_INCREMENT, AUTO_INCREMENT=7;

--
-- AUTO_INCREMENT for table `auth_group_permissions`
--
ALTER TABLE `auth_group_permissions`
  MODIFY `id` bigint(20) NOT NULL AUTO_INCREMENT, AUTO_INCREMENT=2;

--
-- AUTO_INCREMENT for table `auth_permission`
--
ALTER TABLE `auth_permission`
  MODIFY `id` int(11) NOT NULL AUTO_INCREMENT, AUTO_INCREMENT=65;

--
-- AUTO_INCREMENT for table `django_admin_log`
--
ALTER TABLE `django_admin_log`
  MODIFY `id` int(11) NOT NULL AUTO_INCREMENT;

--
-- AUTO_INCREMENT for table `django_content_type`
--
ALTER TABLE `django_content_type`
  MODIFY `id` int(11) NOT NULL AUTO_INCREMENT, AUTO_INCREMENT=17;

--
-- AUTO_INCREMENT for table `django_migrations`
--
ALTER TABLE `django_migrations`
  MODIFY `id` bigint(20) NOT NULL AUTO_INCREMENT, AUTO_INCREMENT=65;

--
-- AUTO_INCREMENT for table `management_clientcategory`
--
ALTER TABLE `management_clientcategory`
  MODIFY `id` bigint(20) NOT NULL AUTO_INCREMENT, AUTO_INCREMENT=9;

--
-- AUTO_INCREMENT for table `management_commodity`
--
ALTER TABLE `management_commodity`
  MODIFY `id` bigint(20) NOT NULL AUTO_INCREMENT, AUTO_INCREMENT=20;

--
-- AUTO_INCREMENT for table `management_commoditycategory`
--
ALTER TABLE `management_commoditycategory`
  MODIFY `id` bigint(20) NOT NULL AUTO_INCREMENT, AUTO_INCREMENT=135;

--
-- AUTO_INCREMENT for table `management_payment`
--
ALTER TABLE `management_payment`
  MODIFY `id` bigint(20) NOT NULL AUTO_INCREMENT, AUTO_INCREMENT=15;

--
-- AUTO_INCREMENT for table `management_sampleform`
--
ALTER TABLE `management_sampleform`
  MODIFY `id` bigint(20) NOT NULL AUTO_INCREMENT, AUTO_INCREMENT=29;

--
-- AUTO_INCREMENT for table `management_sampleformhasparameter`
--
ALTER TABLE `management_sampleformhasparameter`
  MODIFY `id` bigint(20) NOT NULL AUTO_INCREMENT, AUTO_INCREMENT=53;

--
-- AUTO_INCREMENT for table `management_sampleformhasparameter_parameter`
--
ALTER TABLE `management_sampleformhasparameter_parameter`
  MODIFY `id` bigint(20) NOT NULL AUTO_INCREMENT, AUTO_INCREMENT=118;

--
-- AUTO_INCREMENT for table `management_sampleformparameterformulacalculate`
--
ALTER TABLE `management_sampleformparameterformulacalculate`
  MODIFY `id` bigint(20) NOT NULL AUTO_INCREMENT, AUTO_INCREMENT=87;

--
-- AUTO_INCREMENT for table `management_sampleformverifier`
--
ALTER TABLE `management_sampleformverifier`
  MODIFY `id` bigint(20) NOT NULL AUTO_INCREMENT, AUTO_INCREMENT=21;

--
-- AUTO_INCREMENT for table `management_sampleform_parameters`
--
ALTER TABLE `management_sampleform_parameters`
  MODIFY `id` bigint(20) NOT NULL AUTO_INCREMENT, AUTO_INCREMENT=137;

--
-- AUTO_INCREMENT for table `management_testresult`
--
ALTER TABLE `management_testresult`
  MODIFY `id` bigint(20) NOT NULL AUTO_INCREMENT, AUTO_INCREMENT=130;

--
-- AUTO_INCREMENT for table `websocket_notification`
--
ALTER TABLE `websocket_notification`
  MODIFY `id` bigint(20) NOT NULL AUTO_INCREMENT;

--
-- AUTO_INCREMENT for table `websocket_notification_to_notification`
--
ALTER TABLE `websocket_notification_to_notification`
  MODIFY `id` bigint(20) NOT NULL AUTO_INCREMENT;

--
-- Constraints for dumped tables
--

--
-- Constraints for table `account_customuser`
--
ALTER TABLE `account_customuser`
  ADD CONSTRAINT `account_customuser_client_category_id_1d0ed652_fk_managemen` FOREIGN KEY (`client_category_id`) REFERENCES `management_clientcategory` (`id`);

--
-- Constraints for table `account_customuser_groups`
--
ALTER TABLE `account_customuser_groups`
  ADD CONSTRAINT `account_customuser_g_customuser_id_b6c60904_fk_account_c` FOREIGN KEY (`customuser_id`) REFERENCES `account_customuser` (`id`),
  ADD CONSTRAINT `account_customuser_groups_group_id_2be9f6d7_fk_auth_group_id` FOREIGN KEY (`group_id`) REFERENCES `auth_group` (`id`);

--
-- Constraints for table `account_customuser_user_permissions`
--
ALTER TABLE `account_customuser_user_permissions`
  ADD CONSTRAINT `account_customuser_u_customuser_id_03bcc114_fk_account_c` FOREIGN KEY (`customuser_id`) REFERENCES `account_customuser` (`id`),
  ADD CONSTRAINT `account_customuser_u_permission_id_f4aec423_fk_auth_perm` FOREIGN KEY (`permission_id`) REFERENCES `auth_permission` (`id`);

--
-- Constraints for table `auth_group_permissions`
--
ALTER TABLE `auth_group_permissions`
  ADD CONSTRAINT `auth_group_permissio_permission_id_84c5c92e_fk_auth_perm` FOREIGN KEY (`permission_id`) REFERENCES `auth_permission` (`id`),
  ADD CONSTRAINT `auth_group_permissions_group_id_b120cbf9_fk_auth_group_id` FOREIGN KEY (`group_id`) REFERENCES `auth_group` (`id`);

--
-- Constraints for table `auth_permission`
--
ALTER TABLE `auth_permission`
  ADD CONSTRAINT `auth_permission_content_type_id_2f476e4b_fk_django_co` FOREIGN KEY (`content_type_id`) REFERENCES `django_content_type` (`id`);

--
-- Constraints for table `django_admin_log`
--
ALTER TABLE `django_admin_log`
  ADD CONSTRAINT `django_admin_log_content_type_id_c4bce8eb_fk_django_co` FOREIGN KEY (`content_type_id`) REFERENCES `django_content_type` (`id`),
  ADD CONSTRAINT `django_admin_log_user_id_c564eba6_fk_account_customuser_id` FOREIGN KEY (`user_id`) REFERENCES `account_customuser` (`id`);

--
-- Constraints for table `management_commodity`
--
ALTER TABLE `management_commodity`
  ADD CONSTRAINT `management_commodity_category_id_d54203f2_fk_managemen` FOREIGN KEY (`category_id`) REFERENCES `management_commoditycategory` (`id`);

--
-- Constraints for table `management_payment`
--
ALTER TABLE `management_payment`
  ADD CONSTRAINT `management_payment_sample_form_id_16d71eb9_fk_managemen` FOREIGN KEY (`sample_form_id`) REFERENCES `management_sampleform` (`id`);

--
-- Constraints for table `management_sampleform`
--
ALTER TABLE `management_sampleform`
  ADD CONSTRAINT `management_samplefor_commodity_id_b75d7de2_fk_managemen` FOREIGN KEY (`commodity_id`) REFERENCES `management_commodity` (`id`),
  ADD CONSTRAINT `management_samplefor_supervisor_user_id_28b91a5b_fk_account_c` FOREIGN KEY (`supervisor_user_id`) REFERENCES `account_customuser` (`id`);

--
-- Constraints for table `management_sampleformhasparameter`
--
ALTER TABLE `management_sampleformhasparameter`
  ADD CONSTRAINT `management_samplefor_analyst_user_id_b3876298_fk_account_c` FOREIGN KEY (`analyst_user_id`) REFERENCES `account_customuser` (`id`),
  ADD CONSTRAINT `management_samplefor_commodity_id_e9f2a1f0_fk_managemen` FOREIGN KEY (`commodity_id`) REFERENCES `management_commodity` (`id`),
  ADD CONSTRAINT `management_samplefor_sample_form_id_77482bab_fk_managemen` FOREIGN KEY (`sample_form_id`) REFERENCES `management_sampleform` (`id`);

--
-- Constraints for table `management_sampleformhasparameter_parameter`
--
ALTER TABLE `management_sampleformhasparameter_parameter`
  ADD CONSTRAINT `management_samplefor_sampleformhasparamet_ef1aed87_fk_managemen` FOREIGN KEY (`sampleformhasparameter_id`) REFERENCES `management_sampleformhasparameter` (`id`),
  ADD CONSTRAINT `management_samplefor_testresult_id_2d39a352_fk_managemen` FOREIGN KEY (`testresult_id`) REFERENCES `management_testresult` (`id`);

--
-- Constraints for table `management_sampleformparameterformulacalculate`
--
ALTER TABLE `management_sampleformparameterformulacalculate`
  ADD CONSTRAINT `management_samplefor_commodity_id_50538d0b_fk_managemen` FOREIGN KEY (`commodity_id`) REFERENCES `management_commodity` (`id`),
  ADD CONSTRAINT `management_samplefor_parameter_id_1c937562_fk_managemen` FOREIGN KEY (`parameter_id`) REFERENCES `management_testresult` (`id`),
  ADD CONSTRAINT `management_samplefor_sample_form_id_faa9f6c8_fk_managemen` FOREIGN KEY (`sample_form_id`) REFERENCES `management_sampleform` (`id`);

--
-- Constraints for table `management_sampleformverifier`
--
ALTER TABLE `management_sampleformverifier`
  ADD CONSTRAINT `management_samplefor_sample_form_id_1659cc2f_fk_managemen` FOREIGN KEY (`sample_form_id`) REFERENCES `management_sampleform` (`id`);

--
-- Constraints for table `management_sampleform_parameters`
--
ALTER TABLE `management_sampleform_parameters`
  ADD CONSTRAINT `management_samplefor_sampleform_id_0244dd7d_fk_managemen` FOREIGN KEY (`sampleform_id`) REFERENCES `management_sampleform` (`id`),
  ADD CONSTRAINT `management_samplefor_testresult_id_3dd0e9f4_fk_managemen` FOREIGN KEY (`testresult_id`) REFERENCES `management_testresult` (`id`);

--
-- Constraints for table `management_testresult`
--
ALTER TABLE `management_testresult`
  ADD CONSTRAINT `management_testresul_commodity_id_34904075_fk_managemen` FOREIGN KEY (`commodity_id`) REFERENCES `management_commodity` (`id`);

--
-- Constraints for table `websocket_notification_to_notification`
--
ALTER TABLE `websocket_notification_to_notification`
  ADD CONSTRAINT `websocket_notificati_customuser_id_caaf6c8f_fk_account_c` FOREIGN KEY (`customuser_id`) REFERENCES `account_customuser` (`id`),
  ADD CONSTRAINT `websocket_notificati_notification_id_65884e2f_fk_websocket` FOREIGN KEY (`notification_id`) REFERENCES `websocket_notification` (`id`);
COMMIT;

/*!40101 SET CHARACTER_SET_CLIENT=@OLD_CHARACTER_SET_CLIENT */;
/*!40101 SET CHARACTER_SET_RESULTS=@OLD_CHARACTER_SET_RESULTS */;
/*!40101 SET COLLATION_CONNECTION=@OLD_COLLATION_CONNECTION */;
